{"textures":{"0":"modelengine:entity/jupiterarcher"},"elements":[{"from":[7.5000005,9.251337,14.513809],"to":[8.5,11.901337,15.813808],"faces":{"east":{"uv":[3.40625,9.1875,3.25,9.53125],"tintindex":0,"rotation":0,"texture":"#0"},"south":{"uv":[5.875,9.375,5.75,9.71875],"tintindex":0,"rotation":0,"texture":"#0"},"north":{"uv":[5.75,9.375,5.625,9.71875],"tintindex":0,"rotation":0,"texture":"#0"},"west":{"uv":[3.21875,9.1875,3.0625,9.53125],"tintindex":0,"rotation":0,"texture":"#0"},"up":{"uv":[9.75,0.59375,9.875,0.4375],"tintindex":0,"rotation":0,"texture":"#0"},"down":{"uv":[9.75,0.625,9.875,0.78125],"tintindex":0,"rotation":0,"texture":"#0"}},"rotation":{"origin":[8.0,11.284653,13.64159],"angle":45.0,"axis":"x"}},{"from":[7.5750003,12.4002495,18.51619],"to":[8.425,13.25025,21.166187],"faces":{"east":{"uv":[9.90625,7.0,9.5625,7.09375],"tintindex":0,"rotation":0,"texture":"#0"},"south":{"uv":[8.96875,9.75,8.875,9.84375],"tintindex":0,"rotation":0,"texture":"#0"},"north":{"uv":[8.46875,9.75,8.375,9.84375],"tintindex":0,"rotation":0,"texture":"#0"},"west":{"uv":[9.90625,6.3125,9.5625,6.40625],"tintindex":0,"rotation":0,"texture":"#0"},"up":{"uv":[9.5625,7.59375,9.65625,7.25],"tintindex":0,"rotation":0,"texture":"#0"},"down":{"uv":[9.5625,7.625,9.65625,7.96875],"tintindex":0,"rotation":0,"texture":"#0"}},"rotation":{"origin":[8.0,11.284653,13.64159],"angle":-22.5,"axis":"x"}},{"from":[7.425,6.719633,11.893141],"to":[8.575001,7.469633,14.393141],"faces":{"east":{"uv":[9.9375,1.8125,9.625,1.90625],"tintindex":0,"rotation":0,"texture":"#0"},"south":{"uv":[6.84375,9.75,6.6875,9.84375],"tintindex":0,"rotation":0,"texture":"#0"},"north":{"uv":[6.65625,9.75,6.5,9.84375],"tintindex":0,"rotation":0,"texture":"#0"},"west":{"uv":[9.9375,1.6875,9.625,1.78125],"tintindex":0,"rotation":0,"texture":"#0"},"up":{"uv":[6.1875,9.5625,6.34375,9.25],"tintindex":0,"rotation":0,"texture":"#0"},"down":{"uv":[9.25,6.375,9.40625,6.6875],"tintindex":0,"rotation":0,"texture":"#0"}},"rotation":{"origin":[8.0,11.284653,13.64159],"angle":22.5,"axis":"x"}},{"from":[7.2500005,7.488121,7.7534685],"to":[8.75,8.988121,9.2534685],"faces":{"east":{"uv":[7.0625,9.5,6.875,9.6875],"tintindex":0,"rotation":0,"texture":"#0"},"south":{"uv":[9.6875,5.6875,9.5,5.875],"tintindex":0,"rotation":0,"texture":"#0"},"north":{"uv":[9.6875,2.0,9.5,2.1875],"tintindex":0,"rotation":0,"texture":"#0"},"west":{"uv":[9.6875,2.6875,9.5,2.875],"tintindex":0,"rotation":0,"texture":"#0"},"up":{"uv":[9.25,9.6875,9.4375,9.5],"tintindex":0,"rotation":0,"texture":"#0"},"down":{"uv":[0.3125,9.5625,0.5,9.75],"tintindex":0,"rotation":0,"texture":"#0"}}},{"from":[7.4750004,8.299667,10.444324],"to":[8.525001,9.899668,12.594323],"faces":{"east":{"uv":[2.09375,9.25,1.8125,9.4375],"tintindex":0,"rotation":0,"texture":"#0"},"south":{"uv":[4.6875,9.6875,4.5625,9.875],"tintindex":0,"rotation":0,"texture":"#0"},"north":{"uv":[4.0625,9.6875,3.9375,9.875],"tintindex":0,"rotation":0,"texture":"#0"},"west":{"uv":[9.53125,1.1875,9.25,1.375],"tintindex":0,"rotation":0,"texture":"#0"},"up":{"uv":[0.5,9.84375,0.625,9.5625],"tintindex":0,"rotation":0,"texture":"#0"},"down":{"uv":[1.4375,9.5625,1.5625,9.84375],"tintindex":0,"rotation":0,"texture":"#0"}},"rotation":{"origin":[8.0,11.284653,13.64159],"angle":-22.5,"axis":"x"}},{"from":[7.55,10.335199,16.247334],"to":[8.450001,11.2352,18.897335],"faces":{"east":{"uv":[7.40625,6.5625,7.0625,6.6875],"tintindex":0,"rotation":0,"texture":"#0"},"south":{"uv":[3.4375,9.75,3.3125,9.875],"tintindex":0,"rotation":0,"texture":"#0"},"north":{"uv":[3.3125,9.75,3.1875,9.875],"tintindex":0,"rotation":0,"texture":"#0"},"west":{"uv":[6.84375,1.5,6.5,1.625],"tintindex":0,"rotation":0,"texture":"#0"},"up":{"uv":[7.0625,9.71875,7.1875,9.375],"tintindex":0,"rotation":0,"texture":"#0"},"down":{"uv":[7.1875,9.375,7.3125,9.71875],"tintindex":0,"rotation":0,"texture":"#0"}},"rotation":{"origin":[8.0,11.284653,13.64159],"angle":-45.0,"axis":"x"}},{"from":[7.5250006,11.023122,14.684453],"to":[8.475,13.673122,15.634453],"faces":{"east":{"uv":[6.875,9.375,6.75,9.71875],"tintindex":0,"rotation":0,"texture":"#0"},"south":{"uv":[6.75,9.375,6.625,9.71875],"tintindex":0,"rotation":0,"texture":"#0"},"north":{"uv":[6.0,9.375,5.875,9.71875],"tintindex":0,"rotation":0,"texture":"#0"},"west":{"uv":[6.625,9.375,6.5,9.71875],"tintindex":0,"rotation":0,"texture":"#0"},"up":{"uv":[9.375,2.875,9.5,2.75],"tintindex":0,"rotation":0,"texture":"#0"},"down":{"uv":[9.4375,5.1875,9.5625,5.3125],"tintindex":0,"rotation":0,"texture":"#0"}},"rotation":{"origin":[8.0,11.284653,13.64159],"angle":22.5,"axis":"x"}},{"from":[7.4000006,8.823366,7.2076235],"to":[8.6,9.823366,9.7076235],"faces":{"east":{"uv":[9.25,6.5625,8.9375,6.6875],"tintindex":0,"rotation":0,"texture":"#0"},"south":{"uv":[0.46875,9.75,0.3125,9.875],"tintindex":0,"rotation":0,"texture":"#0"},"north":{"uv":[9.90625,0.25,9.75,0.375],"tintindex":0,"rotation":0,"texture":"#0"},"west":{"uv":[7.5,4.1875,7.1875,4.3125],"tintindex":0,"rotation":0,"texture":"#0"},"up":{"uv":[5.3125,9.5625,5.46875,9.25],"tintindex":0,"rotation":0,"texture":"#0"},"down":{"uv":[9.25,6.0625,9.40625,6.375],"tintindex":0,"rotation":0,"texture":"#0"}},"rotation":{"origin":[8.0,11.284653,13.64159],"angle":-22.5,"axis":"x"}},{"from":[7.4500003,7.488121,9.2534685],"to":[8.55,8.988121,11.7534685],"faces":{"east":{"uv":[9.375,3.75,9.0625,3.9375],"tintindex":0,"rotation":0,"texture":"#0"},"south":{"uv":[9.4375,7.25,9.3125,7.4375],"tintindex":0,"rotation":0,"texture":"#0"},"north":{"uv":[8.75,4.3125,8.625,4.5],"tintindex":0,"rotation":0,"texture":"#0"},"west":{"uv":[9.25,1.1875,8.9375,1.375],"tintindex":0,"rotation":0,"texture":"#0"},"up":{"uv":[9.4375,7.125,9.5625,6.8125],"tintindex":0,"rotation":0,"texture":"#0"},"down":{"uv":[8.0625,9.4375,8.1875,9.75],"tintindex":0,"rotation":0,"texture":"#0"}}}],"display":{"gui":{"rotation":[30,225,0]}}}