{"textures":{"0":"modelengine:entity/neptune"},"elements":[{"from":[4.1173806,1.7399468,-0.4375801],"to":[11.677381,5.3811436,5.077532],"faces":{"east":{"uv":[11.1875,6.0,11.53125,6.21875],"tintindex":0,"rotation":0,"texture":"#0"},"south":{"uv":[10.75,6.625,11.21875,6.84375],"tintindex":0,"rotation":0,"texture":"#0"},"north":{"uv":[10.6875,1.1875,11.15625,1.40625],"tintindex":0,"rotation":0,"texture":"#0"},"west":{"uv":[11.1875,7.4375,11.53125,7.65625],"tintindex":0,"rotation":0,"texture":"#0"},"up":{"uv":[10.15625,6.28125,9.6875,5.9375],"tintindex":0,"rotation":0,"texture":"#0"},"down":{"uv":[10.15625,6.3125,9.6875,6.65625],"tintindex":0,"rotation":0,"texture":"#0"}}},{"from":[4.1173806,3.2399468,5.0970345],"to":[11.677381,6.2398257,5.977532],"faces":{"east":{"uv":[3.9375,1.1875,4.0,1.375],"tintindex":0,"rotation":0,"texture":"#0"},"south":{"uv":[11.0,0.8125,11.46875,1.0],"tintindex":0,"rotation":0,"texture":"#0"},"north":{"uv":[11.0,0.625,11.46875,0.8125],"tintindex":0,"rotation":0,"texture":"#0"},"west":{"uv":[4.5,4.9375,4.5625,5.125],"tintindex":0,"rotation":0,"texture":"#0"},"up":{"uv":[8.53125,2.5,8.0625,2.4375],"tintindex":0,"rotation":0,"texture":"#0"},"down":{"uv":[9.15625,1.1875,8.6875,1.25],"tintindex":0,"rotation":0,"texture":"#0"}}},{"from":[4.6173806,0.71204233,6.6733193],"to":[11.177381,6.2271543,9.314516],"faces":{"east":{"uv":[3.625,11.5625,3.78125,11.90625],"tintindex":0,"rotation":0,"texture":"#0"},"south":{"uv":[10.125,7.8125,10.53125,8.15625],"tintindex":0,"rotation":0,"texture":"#0"},"north":{"uv":[10.125,2.125,10.53125,2.46875],"tintindex":0,"rotation":0,"texture":"#0"},"west":{"uv":[4.0625,11.5625,4.21875,11.90625],"tintindex":0,"rotation":0,"texture":"#0"},"up":{"uv":[4.71875,11.59375,4.3125,11.4375],"tintindex":0,"rotation":0,"texture":"#0"},"down":{"uv":[11.84375,4.4375,11.4375,4.59375],"tintindex":0,"rotation":0,"texture":"#0"}},"rotation":{"origin":[8.737666,9.552043,8.40242],"angle":45.0,"axis":"x"}},{"from":[4.0373807,2.7241626,8.220245],"to":[11.7573805,6.888439,12.799024],"faces":{"east":{"uv":[10.1875,11.1875,10.46875,11.4375],"tintindex":0,"rotation":0,"texture":"#0"},"south":{"uv":[4.6875,10.4375,5.15625,10.6875],"tintindex":0,"rotation":0,"texture":"#0"},"north":{"uv":[10.4375,4.5,10.90625,4.75],"tintindex":0,"rotation":0,"texture":"#0"},"west":{"uv":[0.75,11.25,1.03125,11.5],"tintindex":0,"rotation":0,"texture":"#0"},"up":{"uv":[2.90625,10.46875,2.4375,10.1875],"tintindex":0,"rotation":0,"texture":"#0"},"down":{"uv":[10.65625,2.8125,10.1875,3.09375],"tintindex":0,"rotation":0,"texture":"#0"}},"rotation":{"origin":[6.907095,8.252043,10.90242],"angle":45.0,"axis":"x"}},{"from":[4.1173806,1.7399468,5.977532],"to":[11.677381,6.17115,11.045601],"faces":{"east":{"uv":[11.0,1.4375,11.3125,1.71875],"tintindex":0,"rotation":0,"texture":"#0"},"south":{"uv":[4.1875,10.1875,4.65625,10.46875],"tintindex":0,"rotation":0,"texture":"#0"},"north":{"uv":[3.6875,10.1875,4.15625,10.46875],"tintindex":0,"rotation":0,"texture":"#0"},"west":{"uv":[11.0,2.3125,11.3125,2.59375],"tintindex":0,"rotation":0,"texture":"#0"},"up":{"uv":[10.40625,7.8125,9.9375,7.5],"tintindex":0,"rotation":0,"texture":"#0"},"down":{"uv":[10.40625,8.75,9.9375,9.0625],"tintindex":0,"rotation":0,"texture":"#0"}}}],"display":{"gui":{"rotation":[30,225,0]}}}