{"textures":{"0":"modelengine:entity/neptune"},"elements":[{"from":[22.47749,17.660713,5.083569],"to":[27.144394,22.327618,11.46357],"faces":{"east":{"uv":[2.9375,10.5625,3.34375,10.84375],"tintindex":0,"rotation":0,"texture":"#0"},"south":{"uv":[6.875,11.0625,7.15625,11.34375],"tintindex":0,"rotation":0,"texture":"#0"},"north":{"uv":[5.0625,11.0625,5.34375,11.34375],"tintindex":0,"rotation":0,"texture":"#0"},"west":{"uv":[7.5625,10.5625,7.96875,10.84375],"tintindex":0,"rotation":0,"texture":"#0"},"up":{"uv":[4.65625,10.90625,4.375,10.5],"tintindex":0,"rotation":0,"texture":"#0"},"down":{"uv":[8.46875,10.5625,8.1875,10.96875],"tintindex":0,"rotation":0,"texture":"#0"}},"rotation":{"origin":[-0.38251114,32.90499,29.20357],"angle":-45.0,"axis":"z"}},{"from":[5.2026196,-8.639999,5.048457],"to":[11.402618,5.761198,11.56357],"faces":{"east":{"uv":[5.125,4.8125,5.53125,5.71875],"tintindex":0,"rotation":0,"texture":"#0"},"south":{"uv":[6.125,4.625,6.5,5.53125],"tintindex":0,"rotation":0,"texture":"#0"},"north":{"uv":[3.3125,5.8125,3.6875,6.71875],"tintindex":0,"rotation":0,"texture":"#0"},"west":{"uv":[4.5,5.1875,4.90625,6.09375],"tintindex":0,"rotation":0,"texture":"#0"},"up":{"uv":[3.375,5.71875,3.0,5.3125],"tintindex":0,"rotation":0,"texture":"#0"},"down":{"uv":[2.9375,9.75,2.5625,10.15625],"tintindex":0,"rotation":0,"texture":"#0"}}},{"from":[5.292619,-7.5514507,9.55791],"to":[11.31262,2.380331,13.716297],"faces":{"east":{"uv":[7.3125,9.6875,7.5625,10.3125],"tintindex":0,"rotation":0,"texture":"#0"},"south":{"uv":[2.4375,8.375,2.8125,9.0],"tintindex":0,"rotation":0,"texture":"#0"},"north":{"uv":[6.125,8.3125,6.5,8.9375],"tintindex":0,"rotation":0,"texture":"#0"},"west":{"uv":[8.0625,9.6875,8.3125,10.3125],"tintindex":0,"rotation":0,"texture":"#0"},"up":{"uv":[3.875,3.375,3.5,3.125],"tintindex":0,"rotation":0,"texture":"#0"},"down":{"uv":[11.1875,7.5,10.8125,7.75],"tintindex":0,"rotation":0,"texture":"#0"}},"rotation":{"origin":[20.056116,-0.75145054,18.22357],"angle":22.5,"axis":"x"}}],"display":{"gui":{"rotation":[30,225,0]}}}