{"textures":{"0":"modelengine:entity/neptune"},"elements":[{"from":[7.5,7.780964,25.0],"to":[8.5,9.114297,26.333334],"faces":{"east":{"uv":[11.6875,5.5,11.4375,5.75],"tintindex":0,"rotation":0,"texture":"#0"},"south":{"uv":[9.375,11.625,9.1875,11.875],"tintindex":0,"rotation":0,"texture":"#0"},"north":{"uv":[8.875,11.625,8.6875,11.875],"tintindex":0,"rotation":0,"texture":"#0"},"west":{"uv":[5.0,11.4375,4.75,11.6875],"tintindex":0,"rotation":0,"texture":"#0"},"up":{"uv":[9.375,11.875,9.5625,11.625],"tintindex":0,"rotation":0,"texture":"#0"},"down":{"uv":[9.5625,11.625,9.75,11.875],"tintindex":0,"rotation":0,"texture":"#0"}},"rotation":{"origin":[8.166667,7.780964,26.0],"angle":-45.0,"axis":"x"}},{"from":[7.6666665,7.683333,1.180543],"to":[8.333333,8.349999,25.480545],"faces":{"east":{"uv":[7.875,2.0625,3.3125,2.1875],"tintindex":0,"rotation":0,"texture":"#0"},"south":{"uv":[6.5,8.9375,6.375,9.0625],"tintindex":0,"rotation":0,"texture":"#0"},"north":{"uv":[7.875,4.1875,7.75,4.3125],"tintindex":0,"rotation":0,"texture":"#0"},"west":{"uv":[7.875,1.9375,3.3125,2.0625],"tintindex":0,"rotation":0,"texture":"#0"},"up":{"uv":[0.625,7.3125,0.75,2.75],"tintindex":0,"rotation":0,"texture":"#0"},"down":{"uv":[0.75,3.25,0.875,7.8125],"tintindex":0,"rotation":0,"texture":"#0"}}}],"display":{"gui":{"rotation":[30,225,0]}}}