{"credit":"MadebyPolygonMC","texture_size":[36,36],"textures":{"1":"tavern:items/sets/valor/wings","2":"tavern:items/sets/valor/animations/animation_1","particle":"tavern:items/sets/valor/animations/animation_1"},"elements":[{"from":[6.94197,-1.62759,7.575],"to":[8.44197,-0.12759,8.425],"rotation":{"angle":-45,"axis":"z","origin":[8,-1.18562,8]},"faces":{"north":{"uv":[9.77778,0,11.11111,1.33333],"texture":"#1","tintindex":0},"east":{"uv":[9.77778,5.33333,10.55556,6.66667],"texture":"#1","tintindex":0},"south":{"uv":[9.77778,1.33333,11.11111,2.66667],"texture":"#1","tintindex":0},"west":{"uv":[9.77778,6.66667,10.55556,8],"texture":"#1","tintindex":0},"up":{"uv":[11.11111,8.77778,9.77778,8],"texture":"#1","tintindex":0},"down":{"uv":[11.11111,8.88889,9.77778,9.66667],"texture":"#1","tintindex":0}}},{"from":[7.19197,-1.37759,7.4],"to":[8.19197,-0.37759,8.6],"rotation":{"angle":-45,"axis":"z","origin":[8,-1.18562,8]},"faces":{"north":{"uv":[0,11.11111,0.88889,12],"texture":"#1","tintindex":0},"east":{"uv":[9.77778,9.77778,10.88889,10.66667],"texture":"#1","tintindex":0},"south":{"uv":[11.11111,0,12,0.88889],"texture":"#1","tintindex":0},"west":{"uv":[10.66667,5.33333,11.77778,6.22222],"texture":"#1","tintindex":0},"up":{"uv":[11.55556,7.33333,10.66667,6.22222],"texture":"#1","tintindex":0},"down":{"uv":[10.66667,10.66667,9.77778,11.77778],"texture":"#1","tintindex":0}}},{"from":[8.6041,-2.15091,7.8775],"to":[8.9591,-0.65091,8.1225],"rotation":{"angle":0,"axis":"y","origin":[8,-1.18562,8]},"faces":{"north":{"uv":[6.22222,11.11111,6.55556,12.44444],"texture":"#1","tintindex":0},"east":{"uv":[10.66667,11.11111,10.88889,12.44444],"texture":"#1","tintindex":0},"south":{"uv":[6.66667,11.11111,7,12.44444],"texture":"#1","tintindex":0},"west":{"uv":[11.11111,11.11111,11.33333,12.44444],"texture":"#1","tintindex":0},"up":{"uv":[12.33333,6.44444,12,6.22222],"texture":"#1","tintindex":0},"down":{"uv":[12.33333,6.66667,12,6.88889],"texture":"#1","tintindex":0}}},{"from":[8.35708,-2.18614,7.88],"to":[8.98208,-1.68614,8.12],"rotation":{"angle":45,"axis":"z","origin":[8,-1.18562,8]},"faces":{"north":{"uv":[11.55556,7.11111,12.11111,7.55556],"texture":"#1","tintindex":0},"east":{"uv":[4,12,4.22222,12.44444],"texture":"#1","tintindex":0},"south":{"uv":[11.55556,8,12.11111,8.44444],"texture":"#1","tintindex":0},"west":{"uv":[4.44444,12,4.66667,12.44444],"texture":"#1","tintindex":0},"up":{"uv":[12.55556,1.55556,12,1.33333],"texture":"#1","tintindex":0},"down":{"uv":[12.55556,1.77778,12,2],"texture":"#1","tintindex":0}}},{"from":[8.83769,-0.66118,7.8825],"to":[9.30018,-0.03618,8.1175],"rotation":{"angle":-22.5,"axis":"z","origin":[8,-1.18562,8]},"faces":{"north":{"uv":[11.55556,8.44444,12,9],"texture":"#1","tintindex":0},"east":{"uv":[12,2.22222,12.22222,2.77778],"texture":"#1","tintindex":0},"south":{"uv":[11.55556,11.11111,12,11.66667],"texture":"#1","tintindex":0},"west":{"uv":[2.66667,12,2.88889,12.55556],"texture":"#1","tintindex":0},"up":{"uv":[12.44444,4.66667,12,4.44444],"texture":"#1","tintindex":0},"down":{"uv":[5.33333,12,4.88889,12.22222],"texture":"#1","tintindex":0}}},{"from":[9.21109,-0.62124,7.885],"to":[9.64109,0.00376,8.115],"rotation":{"angle":0,"axis":"y","origin":[8,-1.18562,8]},"faces":{"north":{"uv":[0,12,0.33333,12.55556],"texture":"#1","tintindex":0},"east":{"uv":[3.11111,12,3.33333,12.55556],"texture":"#1","tintindex":0},"south":{"uv":[12,0,12.33333,0.55556],"texture":"#1","tintindex":0},"west":{"uv":[3.55556,12,3.77778,12.55556],"texture":"#1","tintindex":0},"up":{"uv":[12.33333,8.66667,12,8.44444],"texture":"#1","tintindex":0},"down":{"uv":[12.33333,8.88889,12,9.11111],"texture":"#1","tintindex":0}}},{"from":[9.64109,-0.49624,7.885],"to":[10.39109,0.00376,8.115],"rotation":{"angle":0,"axis":"y","origin":[8,-1.18562,8]},"faces":{"north":{"uv":[4,11.55556,4.66667,12],"texture":"#1","tintindex":0},"east":{"uv":[12,4.88889,12.22222,5.33333],"texture":"#1","tintindex":0},"south":{"uv":[4.88889,11.55556,5.55556,12],"texture":"#1","tintindex":0},"west":{"uv":[5.33333,12,5.55556,12.44444],"texture":"#1","tintindex":0},"up":{"uv":[1.11111,12.22222,0.44444,12],"texture":"#1","tintindex":0},"down":{"uv":[12.66667,0.88889,12,1.11111],"texture":"#1","tintindex":0}}},{"from":[7.91425,-2.59986,7.675],"to":[9.41425,-1.09986,8.325],"rotation":{"angle":-45,"axis":"z","origin":[8,-1.18562,8]},"faces":{"north":{"uv":[9.77778,2.66667,11.11111,4],"texture":"#1","tintindex":0},"east":{"uv":[1.77778,11.11111,2.33333,12.44444],"texture":"#1","tintindex":0},"south":{"uv":[9.77778,2.66667,11.11111,4],"rotation":270,"texture":"#1","tintindex":0},"west":{"uv":[11.11111,1.77778,11.66667,3.11111],"texture":"#1","tintindex":0},"up":{"uv":[4,11.66667,2.66667,11.11111],"texture":"#1","tintindex":0},"down":{"uv":[12.44444,3.11111,11.11111,3.66667],"texture":"#1","tintindex":0}}},{"from":[8.75,-4.85,8.05],"to":[19.75,3.65,8.075],"rotation":{"angle":0,"axis":"y","origin":[8.75,-3.5,8]},"faces":{"north":{"uv":[0,0,9.77778,7.55556],"texture":"#1","tintindex":0},"south":{"uv":[9.77778,0,0,7.55556],"texture":"#1","tintindex":0}}},{"from":[9.1168,-7.67309,7.975],"to":[17.1168,-3.67309,8],"rotation":{"angle":-45,"axis":"z","origin":[12.7418,-5.17309,7.925]},"faces":{"north":{"uv":[0,7.55556,7.11111,11.11111],"texture":"#1","tintindex":0},"south":{"uv":[7.11111,7.55556,0,11.11111],"texture":"#1","tintindex":0}}},{"from":[-3.75,-4.85,8.05],"to":[7.25,3.65,8.075],"rotation":{"angle":0,"axis":"y","origin":[7.25,-3.5,8]},"faces":{"north":{"uv":[9.77778,0,0,7.55556],"texture":"#1","tintindex":0},"south":{"uv":[0,0,9.77778,7.55556],"texture":"#1","tintindex":0}}},{"from":[-1.11679,-7.67309,7.975],"to":[6.88321,-3.67309,8],"rotation":{"angle":45,"axis":"z","origin":[3.25821,-5.17309,7.925]},"faces":{"north":{"uv":[7.11111,7.55556,0,11.11111],"texture":"#1","tintindex":0},"south":{"uv":[0,7.55556,7.11111,11.11111],"texture":"#1","tintindex":0}}},{"from":[9.3974,-6.84431,8.17762],"to":[9.4224,1.65569,11.17762],"rotation":{"angle":22.5,"axis":"y","origin":[9.3974,-2.59431,9.67762]},"faces":{"east":{"uv":[9.77778,15.11111,7.11111,7.55556],"rotation":180,"texture":"#1","tintindex":0},"west":{"uv":[7.11111,15.11111,9.77778,7.55556],"rotation":180,"texture":"#1","tintindex":0}}},{"from":[6.57761,-6.84431,8.17762],"to":[6.60261,1.65569,11.17762],"rotation":{"angle":-22.5,"axis":"y","origin":[6.60261,-2.59431,9.67762]},"faces":{"east":{"uv":[9.77778,15.11111,7.11111,7.55556],"rotation":180,"texture":"#1","tintindex":0},"west":{"uv":[7.11111,15.11111,9.77778,7.55556],"rotation":180,"texture":"#1","tintindex":0}}},{"from":[10.4,0.125,7.875],"to":[12.9,0.625,8.125],"rotation":{"angle":22.5,"axis":"z","origin":[10.4,0.125,7.625]},"faces":{"north":{"uv":[10.66667,7.55556,12.88889,8],"texture":"#1","tintindex":0},"east":{"uv":[12,5.33333,12.22222,5.77778],"texture":"#1","tintindex":0},"south":{"uv":[12.88889,7.55556,10.66667,8],"texture":"#1","tintindex":0},"up":{"uv":[6.22222,11.33333,4,11.11111],"texture":"#1","tintindex":0},"down":{"uv":[13.33333,4,11.11111,4.22222],"texture":"#1","tintindex":0}}},{"from":[10.4,-0.375,7.875],"to":[11.4,0.125,8.125],"rotation":{"angle":22.5,"axis":"z","origin":[10.4,0.125,7.625]},"faces":{"north":{"uv":[11.11111,4.44444,12,4.88889],"texture":"#1","tintindex":0},"east":{"uv":[12,5.77778,12.22222,6.22222],"texture":"#1","tintindex":0},"south":{"uv":[12,4.44444,11.11111,4.88889],"texture":"#1","tintindex":0},"down":{"uv":[12.44444,9.33333,11.55556,9.55556],"texture":"#1","tintindex":0}}},{"from":[11.2256,0.10335,7.8775],"to":[11.7256,0.85335,8.1225],"rotation":{"angle":-22.5,"axis":"z","origin":[11.4756,0.60335,7.8775]},"faces":{"north":{"uv":[5.77778,11.55556,6.22222,12.22222],"texture":"#1","tintindex":0},"east":{"uv":[1.33333,12,1.55556,12.66667],"texture":"#1","tintindex":0},"south":{"uv":[6.22222,11.55556,5.77778,12.22222],"texture":"#1","tintindex":0}}},{"from":[9.9,-0.375,7.75],"to":[10.9,0.625,8.25],"rotation":{"angle":-45,"axis":"z","origin":[10.4,0.125,7.875]},"faces":{"north":{"uv":[0.88889,11.11111,1.77778,12],"texture":"#1","tintindex":0},"east":{"uv":[11.11111,8,11.55556,8.88889],"texture":"#1","tintindex":0},"south":{"uv":[0.88889,11.11111,1.77778,12],"rotation":270,"texture":"#1","tintindex":0},"west":{"uv":[11.11111,8.88889,11.55556,9.77778],"texture":"#1","tintindex":0},"up":{"uv":[12,10.22222,11.11111,9.77778],"texture":"#1","tintindex":0},"down":{"uv":[12,10.22222,11.11111,10.66667],"texture":"#1","tintindex":0}}},{"from":[7.01793,-2.18614,7.88],"to":[7.64293,-1.68614,8.12],"rotation":{"angle":-45,"axis":"z","origin":[8,-1.18562,8]},"faces":{"north":{"uv":[12.11111,7.11111,11.55556,7.55556],"texture":"#1","tintindex":0},"east":{"uv":[4.66667,12,4.44444,12.44444],"texture":"#1","tintindex":0},"south":{"uv":[12.11111,8,11.55556,8.44444],"texture":"#1","tintindex":0},"west":{"uv":[4.22222,12,4,12.44444],"texture":"#1","tintindex":0},"up":{"uv":[12,1.55556,12.55556,1.33333],"texture":"#1","tintindex":0},"down":{"uv":[12,1.77778,12.55556,2],"texture":"#1","tintindex":0}}},{"from":[6.69982,-0.66118,7.8825],"to":[7.16232,-0.03618,8.1175],"rotation":{"angle":22.5,"axis":"z","origin":[8,-1.18562,8]},"faces":{"north":{"uv":[12,8.44444,11.55556,9],"texture":"#1","tintindex":0},"east":{"uv":[2.88889,12,2.66667,12.55556],"texture":"#1","tintindex":0},"south":{"uv":[12,11.11111,11.55556,11.66667],"texture":"#1","tintindex":0},"west":{"uv":[12.22222,2.22222,12,2.77778],"texture":"#1","tintindex":0},"up":{"uv":[12,4.66667,12.44444,4.44444],"texture":"#1","tintindex":0},"down":{"uv":[4.88889,12,5.33333,12.22222],"texture":"#1","tintindex":0}}},{"from":[6.35892,-0.62124,7.885],"to":[6.78891,0.00376,8.115],"rotation":{"angle":0,"axis":"y","origin":[8,-1.18562,8]},"faces":{"north":{"uv":[0.33333,12,0,12.55556],"texture":"#1","tintindex":0},"east":{"uv":[3.77778,12,3.55556,12.55556],"texture":"#1","tintindex":0},"south":{"uv":[12.33333,0,12,0.55556],"texture":"#1","tintindex":0},"west":{"uv":[3.33333,12,3.11111,12.55556],"texture":"#1","tintindex":0},"up":{"uv":[12,8.66667,12.33333,8.44444],"texture":"#1","tintindex":0},"down":{"uv":[12,8.88889,12.33333,9.11111],"texture":"#1","tintindex":0}}},{"from":[5.60892,-0.49624,7.885],"to":[6.35892,0.00376,8.115],"rotation":{"angle":0,"axis":"y","origin":[8,-1.18562,8]},"faces":{"north":{"uv":[4.66667,11.55556,4,12],"texture":"#1","tintindex":0},"east":{"uv":[5.55556,12,5.33333,12.44444],"texture":"#1","tintindex":0},"south":{"uv":[5.55556,11.55556,4.88889,12],"texture":"#1","tintindex":0},"west":{"uv":[12.22222,4.88889,12,5.33333],"texture":"#1","tintindex":0},"up":{"uv":[0.44444,12.22222,1.11111,12],"texture":"#1","tintindex":0},"down":{"uv":[12,0.88889,12.66667,1.11111],"texture":"#1","tintindex":0}}},{"from":[3.1,0.125,7.875],"to":[5.6,0.625,8.125],"rotation":{"angle":-22.5,"axis":"z","origin":[5.6,0.125,7.625]},"faces":{"north":{"uv":[12.88889,7.55556,10.66667,8],"texture":"#1","tintindex":0},"south":{"uv":[10.66667,7.55556,12.88889,8],"texture":"#1","tintindex":0},"west":{"uv":[12.22222,5.33333,12,5.77778],"texture":"#1","tintindex":0},"up":{"uv":[4,11.33333,6.22222,11.11111],"texture":"#1","tintindex":0},"down":{"uv":[11.11111,4,13.33333,4.22222],"texture":"#1","tintindex":0}}},{"from":[4.6,-0.375,7.875],"to":[5.6,0.125,8.125],"rotation":{"angle":-22.5,"axis":"z","origin":[5.6,0.125,7.625]},"faces":{"north":{"uv":[12,4.44444,11.11111,4.88889],"texture":"#1","tintindex":0},"south":{"uv":[11.11111,4.44444,12,4.88889],"texture":"#1","tintindex":0},"west":{"uv":[12.22222,5.77778,12,6.22222],"texture":"#1","tintindex":0},"down":{"uv":[11.55556,9.33333,12.44444,9.55556],"texture":"#1","tintindex":0}}},{"from":[5.1,-0.375,7.75],"to":[6.1,0.625,8.25],"rotation":{"angle":45,"axis":"z","origin":[5.6,0.125,7.875]},"faces":{"north":{"uv":[1.77778,11.11111,0.88889,12],"texture":"#1","tintindex":0},"east":{"uv":[11.55556,8.88889,11.11111,9.77778],"texture":"#1","tintindex":0},"south":{"uv":[0.88889,12,1.77778,11.11111],"rotation":270,"texture":"#1","tintindex":0},"west":{"uv":[11.55556,8,11.11111,8.88889],"texture":"#1","tintindex":0},"up":{"uv":[11.11111,10.22222,12,9.77778],"texture":"#1","tintindex":0},"down":{"uv":[11.11111,10.22222,12,10.66667],"texture":"#1","tintindex":0}}},{"from":[4.27441,0.10335,7.8775],"to":[4.77441,0.85335,8.1225],"rotation":{"angle":22.5,"axis":"z","origin":[4.52441,0.60335,7.8775]},"faces":{"north":{"uv":[6.22222,11.55556,5.77778,12.22222],"texture":"#1","tintindex":0},"south":{"uv":[5.77778,11.55556,6.22222,12.22222],"texture":"#1","tintindex":0},"west":{"uv":[1.55556,12,1.33333,12.66667],"texture":"#1","tintindex":0}}},{"from":[7.0409,-2.15091,7.8775],"to":[7.3959,-0.65091,8.1225],"rotation":{"angle":0,"axis":"y","origin":[8,-1.18562,8]},"faces":{"north":{"uv":[6.55556,11.11111,6.22222,12.44444],"texture":"#1","tintindex":0},"east":{"uv":[11.33333,11.11111,11.11111,12.44444],"texture":"#1","tintindex":0},"south":{"uv":[7,11.11111,6.66667,12.44444],"texture":"#1","tintindex":0},"west":{"uv":[10.88889,11.11111,10.66667,12.44444],"texture":"#1","tintindex":0},"up":{"uv":[12,6.44444,12.33333,6.22222],"texture":"#1","tintindex":0},"down":{"uv":[12,6.66667,12.33333,6.88889],"texture":"#1","tintindex":0}}},{"from":[8.35708,-1.81386,7.88],"to":[8.98208,-1.31386,8.12],"rotation":{"angle":-45,"axis":"z","origin":[8,-2.31438,8]},"faces":{"north":{"uv":[11.55556,7.55556,12.11111,7.11111],"texture":"#1","tintindex":0},"east":{"uv":[4,12.44444,4.22222,12],"texture":"#1","tintindex":0},"south":{"uv":[11.55556,8.44444,12.11111,8],"texture":"#1","tintindex":0},"west":{"uv":[4.44444,12.44444,4.66667,12],"texture":"#1","tintindex":0},"up":{"uv":[12.55556,2,12,1.77778],"texture":"#1","tintindex":0},"down":{"uv":[12.55556,1.33333,12,1.55556],"texture":"#1","tintindex":0}}},{"from":[8.83769,-3.46382,7.8825],"to":[9.30018,-2.83882,8.1175],"rotation":{"angle":22.5,"axis":"z","origin":[8,-2.31438,8]},"faces":{"north":{"uv":[11.55556,9,12,8.44444],"texture":"#1","tintindex":0},"east":{"uv":[12,2.77778,12.22222,2.22222],"texture":"#1","tintindex":0},"south":{"uv":[11.55556,11.66667,12,11.11111],"texture":"#1","tintindex":0},"west":{"uv":[2.66667,12.55556,2.88889,12],"texture":"#1","tintindex":0},"up":{"uv":[5.33333,12.22222,4.88889,12],"texture":"#1","tintindex":0},"down":{"uv":[12.44444,4.44444,12,4.66667],"texture":"#1","tintindex":0}}},{"from":[9.21109,-3.50376,7.885],"to":[9.64109,-2.87876,8.115],"rotation":{"angle":0,"axis":"y","origin":[8,-2.31438,8]},"faces":{"north":{"uv":[0,12.55556,0.33333,12],"texture":"#1","tintindex":0},"east":{"uv":[3.11111,12.55556,3.33333,12],"texture":"#1","tintindex":0},"south":{"uv":[12,0.55556,12.33333,0],"texture":"#1","tintindex":0},"west":{"uv":[3.55556,12.55556,3.77778,12],"texture":"#1","tintindex":0},"up":{"uv":[12.33333,9.11111,12,8.88889],"texture":"#1","tintindex":0},"down":{"uv":[12.33333,8.44444,12,8.66667],"texture":"#1","tintindex":0}}},{"from":[9.64109,-3.50376,7.885],"to":[10.39109,-3.00376,8.115],"rotation":{"angle":0,"axis":"y","origin":[8,-2.31438,8]},"faces":{"north":{"uv":[4,12,4.66667,11.55556],"texture":"#1","tintindex":0},"east":{"uv":[12,5.33333,12.22222,4.88889],"texture":"#1","tintindex":0},"south":{"uv":[4.88889,12,5.55556,11.55556],"texture":"#1","tintindex":0},"west":{"uv":[5.33333,12.44444,5.55556,12],"texture":"#1","tintindex":0},"up":{"uv":[12.66667,1.11111,12,0.88889],"texture":"#1","tintindex":0},"down":{"uv":[1.11111,12,0.44444,12.22222],"texture":"#1","tintindex":0}}},{"from":[10.06846,-3.94782,7.75],"to":[11.06846,-2.94782,8.25],"rotation":{"angle":22.5,"axis":"z","origin":[10.56846,-3.44782,8]},"faces":{"north":{"uv":[0.88889,12,1.77778,11.11111],"rotation":180,"texture":"#1","tintindex":0},"east":{"uv":[11.11111,9.77778,11.55556,8.88889],"rotation":180,"texture":"#1","tintindex":0},"south":{"uv":[1.77778,11.11111,0.88889,12],"rotation":90,"texture":"#1","tintindex":0},"west":{"uv":[11.11111,8.88889,11.55556,8],"rotation":180,"texture":"#1","tintindex":0},"up":{"uv":[12,9.77778,11.11111,10.22222],"rotation":180,"texture":"#1","tintindex":0},"down":{"uv":[12,10.66667,11.11111,10.22222],"rotation":180,"texture":"#1","tintindex":0}}},{"from":[10.31217,-3.85315,7.875],"to":[11.31217,-3.35315,8.125],"rotation":{"angle":-45,"axis":"z","origin":[10.92959,-3.95985,8]},"faces":{"north":{"uv":[11.11111,4.88889,12,4.44444],"texture":"#1","tintindex":0},"east":{"uv":[12,6.22222,12.22222,5.77778],"texture":"#1","tintindex":0},"south":{"uv":[12,4.88889,11.11111,4.44444],"texture":"#1","tintindex":0},"up":{"uv":[12.44444,9.55556,11.55556,9.33333],"texture":"#1","tintindex":0}}},{"from":[10.31217,-4.35315,7.875],"to":[12.81217,-3.85315,8.125],"rotation":{"angle":-45,"axis":"z","origin":[10.92959,-3.95985,8]},"faces":{"north":{"uv":[10.66667,8,12.88889,7.55556],"texture":"#1","tintindex":0},"east":{"uv":[12,5.77778,12.22222,5.33333],"texture":"#1","tintindex":0},"south":{"uv":[12.88889,8,10.66667,7.55556],"texture":"#1","tintindex":0},"up":{"uv":[13.33333,4.22222,11.11111,4],"texture":"#1","tintindex":0},"down":{"uv":[6.22222,11.11111,4,11.33333],"texture":"#1","tintindex":0}}},{"from":[11.12911,-4.55137,7.8775],"to":[11.62911,-3.80137,8.1225],"rotation":{"angle":0,"axis":"z","origin":[10.92959,-3.95985,8]},"faces":{"north":{"uv":[5.77778,12.22222,6.22222,11.55556],"texture":"#1","tintindex":0},"east":{"uv":[1.33333,12.66667,1.55556,12],"texture":"#1","tintindex":0},"south":{"uv":[6.22222,12.22222,5.77778,11.55556],"texture":"#1","tintindex":0}}},{"from":[3.18783,-4.35315,7.875],"to":[5.68783,-3.85315,8.125],"rotation":{"angle":45,"axis":"z","origin":[5.07041,-3.95985,8]},"faces":{"north":{"uv":[12.88889,8,10.66667,7.55556],"texture":"#1","tintindex":0},"south":{"uv":[10.66667,8,12.88889,7.55556],"texture":"#1","tintindex":0},"west":{"uv":[12.22222,5.77778,12,5.33333],"texture":"#1","tintindex":0},"up":{"uv":[11.11111,4.22222,13.33333,4],"texture":"#1","tintindex":0},"down":{"uv":[4,11.11111,6.22222,11.33333],"texture":"#1","tintindex":0}}},{"from":[4.37088,-4.55137,7.8775],"to":[4.87088,-3.80137,8.1225],"rotation":{"angle":0,"axis":"z","origin":[5.07041,-3.95985,8]},"faces":{"north":{"uv":[6.22222,12.22222,5.77778,11.55556],"texture":"#1","tintindex":0},"south":{"uv":[5.77778,12.22222,6.22222,11.55556],"texture":"#1","tintindex":0},"west":{"uv":[1.55556,12.66667,1.33333,12],"texture":"#1","tintindex":0}}},{"from":[4.68783,-3.85315,7.875],"to":[5.68783,-3.35315,8.125],"rotation":{"angle":45,"axis":"z","origin":[5.07041,-3.95985,8]},"faces":{"north":{"uv":[12,4.88889,11.11111,4.44444],"texture":"#1","tintindex":0},"south":{"uv":[11.11111,4.88889,12,4.44444],"texture":"#1","tintindex":0},"west":{"uv":[12.22222,6.22222,12,5.77778],"texture":"#1","tintindex":0},"up":{"uv":[11.55556,9.55556,12.44444,9.33333],"texture":"#1","tintindex":0}}},{"from":[4.93155,-3.94782,7.75],"to":[5.93155,-2.94782,8.25],"rotation":{"angle":-22.5,"axis":"z","origin":[5.43155,-3.44782,8]},"faces":{"north":{"uv":[1.77778,12,0.88889,11.11111],"rotation":180,"texture":"#1","tintindex":0},"east":{"uv":[11.55556,8.88889,11.11111,8],"rotation":180,"texture":"#1","tintindex":0},"south":{"uv":[1.77778,12,0.88889,11.11111],"rotation":90,"texture":"#1","tintindex":0},"west":{"uv":[11.55556,9.77778,11.11111,8.88889],"rotation":180,"texture":"#1","tintindex":0},"up":{"uv":[11.11111,9.77778,12,10.22222],"rotation":180,"texture":"#1","tintindex":0},"down":{"uv":[11.11111,10.66667,12,10.22222],"rotation":180,"texture":"#1","tintindex":0}}},{"from":[7.01793,-1.81386,7.88],"to":[7.64293,-1.31386,8.12],"rotation":{"angle":45,"axis":"z","origin":[8,-2.31438,8]},"faces":{"north":{"uv":[12.11111,7.55556,11.55556,7.11111],"texture":"#1","tintindex":0},"east":{"uv":[4.66667,12.44444,4.44444,12],"texture":"#1","tintindex":0},"south":{"uv":[12.11111,8.44444,11.55556,8],"texture":"#1","tintindex":0},"west":{"uv":[4.22222,12.44444,4,12],"texture":"#1","tintindex":0},"up":{"uv":[12,2,12.55556,1.77778],"texture":"#1","tintindex":0},"down":{"uv":[12,1.33333,12.55556,1.55556],"texture":"#1","tintindex":0}}},{"from":[6.69982,-3.46382,7.8825],"to":[7.16232,-2.83882,8.1175],"rotation":{"angle":-22.5,"axis":"z","origin":[8,-2.31438,8]},"faces":{"north":{"uv":[12,9,11.55556,8.44444],"texture":"#1","tintindex":0},"east":{"uv":[2.88889,12.55556,2.66667,12],"texture":"#1","tintindex":0},"south":{"uv":[12,11.66667,11.55556,11.11111],"texture":"#1","tintindex":0},"west":{"uv":[12.22222,2.77778,12,2.22222],"texture":"#1","tintindex":0},"up":{"uv":[4.88889,12.22222,5.33333,12],"texture":"#1","tintindex":0},"down":{"uv":[12,4.44444,12.44444,4.66667],"texture":"#1","tintindex":0}}},{"from":[6.35892,-3.50376,7.885],"to":[6.78891,-2.87876,8.115],"rotation":{"angle":0,"axis":"y","origin":[8,-2.31438,8]},"faces":{"north":{"uv":[0.33333,12.55556,0,12],"texture":"#1","tintindex":0},"east":{"uv":[3.77778,12.55556,3.55556,12],"texture":"#1","tintindex":0},"south":{"uv":[12.33333,0.55556,12,0],"texture":"#1","tintindex":0},"west":{"uv":[3.33333,12.55556,3.11111,12],"texture":"#1","tintindex":0},"up":{"uv":[12,9.11111,12.33333,8.88889],"texture":"#1","tintindex":0},"down":{"uv":[12,8.44444,12.33333,8.66667],"texture":"#1","tintindex":0}}},{"from":[5.60892,-3.50376,7.885],"to":[6.35892,-3.00376,8.115],"rotation":{"angle":0,"axis":"y","origin":[8,-2.31438,8]},"faces":{"north":{"uv":[4.66667,12,4,11.55556],"texture":"#1","tintindex":0},"east":{"uv":[5.55556,12.44444,5.33333,12],"texture":"#1","tintindex":0},"south":{"uv":[5.55556,12,4.88889,11.55556],"texture":"#1","tintindex":0},"west":{"uv":[12.22222,5.33333,12,4.88889],"texture":"#1","tintindex":0},"up":{"uv":[12,1.11111,12.66667,0.88889],"texture":"#1","tintindex":0},"down":{"uv":[0.44444,12,1.11111,12.22222],"texture":"#1","tintindex":0}}},{"from":[6.3125,-1.325,8.55],"to":[9.6875,2.05,8.575],"rotation":{"angle":0,"axis":"y","origin":[8,0.3625,8.55]},"faces":{"north":{"uv":[0,0,16,16],"texture":"#2","tintindex":0},"south":{"uv":[16,0,0,16],"texture":"#2","tintindex":0}}}],"gui_light":"front","display":{"thirdperson_righthand":{"rotation":[-138.5,0,-180],"translation":[0,-0.25,-0.5],"scale":[0.82032,0.82032,0.82032]},"thirdperson_lefthand":{"rotation":[67.5,0,0],"translation":[-5.5,-7,8.5]},"firstperson_righthand":{"rotation":[-10,180,0],"translation":[0,2,1],"scale":[0.63867,0.63867,0.63867]},"firstperson_lefthand":{"rotation":[-10,180,0],"translation":[0,2,1],"scale":[0,0,0]},"ground":{"rotation":[-40,0,0],"translation":[0,10.5,0],"scale":[0.72852,0.72852,0.72852]},"gui":{"rotation":[0,180,0],"translation":[0,7,0],"scale":[0.55,0.55,0.55]},"head":{"translation":[0,-73.75,6.75],"scale":[3.43752,3.43752,3.43752]},"fixed":{"rotation":[0,180,0],"translation":[0,0.25,-2],"scale":[2,2,2]}}}