{"credit":"MadebyPolygonMC","texture_size":[36,36],"textures":{"1":"tavern:items/sets/valor/wings","2":"tavern:items/sets/valor/animations/animation_1","particle":"tavern:items/sets/valor/animations/animation_1"},"elements":[{"from":[5.88394,7.74482,7.15],"to":[8.88394,10.74482,8.85],"rotation":{"angle":-45,"axis":"z","origin":[8,8.62877,8]},"faces":{"north":{"uv":[9.77778,0,11.11111,1.33333],"texture":"#1","tintindex":0},"east":{"uv":[9.77778,5.33333,10.55556,6.66667],"texture":"#1","tintindex":0},"south":{"uv":[9.77778,1.33333,11.11111,2.66667],"texture":"#1","tintindex":0},"west":{"uv":[9.77778,6.66667,10.55556,8],"texture":"#1","tintindex":0},"up":{"uv":[11.11111,8.77778,9.77778,8],"texture":"#1","tintindex":0},"down":{"uv":[11.11111,8.88889,9.77778,9.66667],"texture":"#1","tintindex":0}}},{"from":[6.38394,8.24482,6.8],"to":[8.38394,10.24482,9.2],"rotation":{"angle":-45,"axis":"z","origin":[8,8.62877,8]},"faces":{"north":{"uv":[0,11.11111,0.88889,12],"texture":"#1","tintindex":0},"east":{"uv":[9.77778,9.77778,10.88889,10.66667],"texture":"#1","tintindex":0},"south":{"uv":[11.11111,0,12,0.88889],"texture":"#1","tintindex":0},"west":{"uv":[10.66667,5.33333,11.77778,6.22222],"texture":"#1","tintindex":0},"up":{"uv":[11.55556,7.33333,10.66667,6.22222],"texture":"#1","tintindex":0},"down":{"uv":[10.66667,10.66667,9.77778,11.77778],"texture":"#1","tintindex":0}}},{"from":[9.2082,6.69818,7.755],"to":[9.9182,9.69818,8.245],"rotation":{"angle":0,"axis":"y","origin":[8,8.62877,8]},"faces":{"north":{"uv":[6.22222,11.11111,6.55556,12.44444],"texture":"#1","tintindex":0},"east":{"uv":[10.66667,11.11111,10.88889,12.44444],"texture":"#1","tintindex":0},"south":{"uv":[6.66667,11.11111,7,12.44444],"texture":"#1","tintindex":0},"west":{"uv":[11.11111,11.11111,11.33333,12.44444],"texture":"#1","tintindex":0},"up":{"uv":[12.33333,6.44444,12,6.22222],"texture":"#1","tintindex":0},"down":{"uv":[12.33333,6.66667,12,6.88889],"texture":"#1","tintindex":0}}},{"from":[8.71415,6.62772,7.76],"to":[9.96415,7.62772,8.24],"rotation":{"angle":45,"axis":"z","origin":[8,8.62877,8]},"faces":{"north":{"uv":[11.55556,7.11111,12.11111,7.55556],"texture":"#1","tintindex":0},"east":{"uv":[4,12,4.22222,12.44444],"texture":"#1","tintindex":0},"south":{"uv":[11.55556,8,12.11111,8.44444],"texture":"#1","tintindex":0},"west":{"uv":[4.44444,12,4.66667,12.44444],"texture":"#1","tintindex":0},"up":{"uv":[12.55556,1.55556,12,1.33333],"texture":"#1","tintindex":0},"down":{"uv":[12.55556,1.77778,12,2],"texture":"#1","tintindex":0}}},{"from":[9.67537,9.67764,7.765],"to":[10.60037,10.92764,8.235],"rotation":{"angle":-22.5,"axis":"z","origin":[8,8.62877,8]},"faces":{"north":{"uv":[11.55556,8.44444,12,9],"texture":"#1","tintindex":0},"east":{"uv":[12,2.22222,12.22222,2.77778],"texture":"#1","tintindex":0},"south":{"uv":[11.55556,11.11111,12,11.66667],"texture":"#1","tintindex":0},"west":{"uv":[2.66667,12,2.88889,12.55556],"texture":"#1","tintindex":0},"up":{"uv":[12.44444,4.66667,12,4.44444],"texture":"#1","tintindex":0},"down":{"uv":[5.33333,12,4.88889,12.22222],"texture":"#1","tintindex":0}}},{"from":[10.42217,9.75753,7.77],"to":[11.28217,11.00753,8.23],"rotation":{"angle":0,"axis":"y","origin":[8,8.62877,8]},"faces":{"north":{"uv":[0,12,0.33333,12.55556],"texture":"#1","tintindex":0},"east":{"uv":[3.11111,12,3.33333,12.55556],"texture":"#1","tintindex":0},"south":{"uv":[12,0,12.33333,0.55556],"texture":"#1","tintindex":0},"west":{"uv":[3.55556,12,3.77778,12.55556],"texture":"#1","tintindex":0},"up":{"uv":[12.33333,8.66667,12,8.44444],"texture":"#1","tintindex":0},"down":{"uv":[12.33333,8.88889,12,9.11111],"texture":"#1","tintindex":0}}},{"from":[11.28217,10.00753,7.77],"to":[12.78217,11.00753,8.23],"rotation":{"angle":0,"axis":"y","origin":[8,8.62877,8]},"faces":{"north":{"uv":[4,11.55556,4.66667,12],"texture":"#1","tintindex":0},"east":{"uv":[12,4.88889,12.22222,5.33333],"texture":"#1","tintindex":0},"south":{"uv":[4.88889,11.55556,5.55556,12],"texture":"#1","tintindex":0},"west":{"uv":[5.33333,12,5.55556,12.44444],"texture":"#1","tintindex":0},"up":{"uv":[1.11111,12.22222,0.44444,12],"texture":"#1","tintindex":0},"down":{"uv":[12.66667,0.88889,12,1.11111],"texture":"#1","tintindex":0}}},{"from":[7.82849,5.80028,7.35],"to":[10.82849,8.80028,8.65],"rotation":{"angle":-45,"axis":"z","origin":[8,8.62877,8]},"faces":{"north":{"uv":[9.77778,2.66667,11.11111,4],"texture":"#1","tintindex":0},"east":{"uv":[1.77778,11.11111,2.33333,12.44444],"texture":"#1","tintindex":0},"south":{"uv":[9.77778,2.66667,11.11111,4],"rotation":270,"texture":"#1","tintindex":0},"west":{"uv":[11.11111,1.77778,11.66667,3.11111],"texture":"#1","tintindex":0},"up":{"uv":[4,11.66667,2.66667,11.11111],"texture":"#1","tintindex":0},"down":{"uv":[12.44444,3.11111,11.11111,3.66667],"texture":"#1","tintindex":0}}},{"from":[9.5,1.3,8.1],"to":[31.5,18.3,8.15],"rotation":{"angle":0,"axis":"y","origin":[9.5,4,8]},"faces":{"north":{"uv":[0,0,9.77778,7.55556],"texture":"#1","tintindex":0},"south":{"uv":[9.77778,0,0,7.55556],"texture":"#1","tintindex":0}}},{"from":[10.23359,-4.34619,7.95],"to":[26.23359,3.65381,8],"rotation":{"angle":-45,"axis":"z","origin":[17.48359,0.65381,7.85]},"faces":{"north":{"uv":[0,7.55556,7.11111,11.11111],"texture":"#1","tintindex":0},"south":{"uv":[7.11111,7.55556,0,11.11111],"texture":"#1","tintindex":0}}},{"from":[-15.5,1.3,8.1],"to":[6.5,18.3,8.15],"rotation":{"angle":0,"axis":"y","origin":[6.5,4,8]},"faces":{"north":{"uv":[9.77778,0,0,7.55556],"texture":"#1","tintindex":0},"south":{"uv":[0,0,9.77778,7.55556],"texture":"#1","tintindex":0}}},{"from":[-10.23359,-4.34619,7.95],"to":[5.76641,3.65381,8],"rotation":{"angle":45,"axis":"z","origin":[-1.48359,0.65381,7.85]},"faces":{"north":{"uv":[7.11111,7.55556,0,11.11111],"texture":"#1","tintindex":0},"south":{"uv":[0,7.55556,7.11111,11.11111],"texture":"#1","tintindex":0}}},{"from":[10.79479,-2.68862,8.35524],"to":[10.84479,14.31138,14.35524],"rotation":{"angle":22.5,"axis":"y","origin":[10.79479,5.81138,11.35524]},"faces":{"east":{"uv":[9.77778,15.11111,7.11111,7.55556],"rotation":180,"texture":"#1","tintindex":0},"west":{"uv":[7.11111,15.11111,9.77778,7.55556],"rotation":180,"texture":"#1","tintindex":0}}},{"from":[5.15521,-2.68862,8.35524],"to":[5.20521,14.31138,14.35524],"rotation":{"angle":-22.5,"axis":"y","origin":[5.20521,5.81138,11.35524]},"faces":{"east":{"uv":[9.77778,15.11111,7.11111,7.55556],"rotation":180,"texture":"#1","tintindex":0},"west":{"uv":[7.11111,15.11111,9.77778,7.55556],"rotation":180,"texture":"#1","tintindex":0}}},{"from":[12.8,11.25,7.75],"to":[17.8,12.25,8.25],"rotation":{"angle":22.5,"axis":"z","origin":[12.8,11.25,7.25]},"faces":{"north":{"uv":[10.66667,7.55556,12.88889,8],"texture":"#1","tintindex":0},"east":{"uv":[12,5.33333,12.22222,5.77778],"texture":"#1","tintindex":0},"south":{"uv":[12.88889,7.55556,10.66667,8],"texture":"#1","tintindex":0},"up":{"uv":[6.22222,11.33333,4,11.11111],"texture":"#1","tintindex":0},"down":{"uv":[13.33333,4,11.11111,4.22222],"texture":"#1","tintindex":0}}},{"from":[12.8,10.25,7.75],"to":[14.8,11.25,8.25],"rotation":{"angle":22.5,"axis":"z","origin":[12.8,11.25,7.25]},"faces":{"north":{"uv":[11.11111,4.44444,12,4.88889],"texture":"#1","tintindex":0},"east":{"uv":[12,5.77778,12.22222,6.22222],"texture":"#1","tintindex":0},"south":{"uv":[12,4.44444,11.11111,4.88889],"texture":"#1","tintindex":0},"down":{"uv":[12.44444,9.33333,11.55556,9.55556],"texture":"#1","tintindex":0}}},{"from":[14.45119,11.20671,7.755],"to":[15.45119,12.70671,8.245],"rotation":{"angle":-22.5,"axis":"z","origin":[14.95119,12.20671,7.755]},"faces":{"north":{"uv":[5.77778,11.55556,6.22222,12.22222],"texture":"#1","tintindex":0},"east":{"uv":[1.33333,12,1.55556,12.66667],"texture":"#1","tintindex":0},"south":{"uv":[6.22222,11.55556,5.77778,12.22222],"texture":"#1","tintindex":0}}},{"from":[11.8,10.25,7.5],"to":[13.8,12.25,8.5],"rotation":{"angle":-45,"axis":"z","origin":[12.8,11.25,7.75]},"faces":{"north":{"uv":[0.88889,11.11111,1.77778,12],"texture":"#1","tintindex":0},"east":{"uv":[11.11111,8,11.55556,8.88889],"texture":"#1","tintindex":0},"south":{"uv":[0.88889,11.11111,1.77778,12],"rotation":270,"texture":"#1","tintindex":0},"west":{"uv":[11.11111,8.88889,11.55556,9.77778],"texture":"#1","tintindex":0},"up":{"uv":[12,10.22222,11.11111,9.77778],"texture":"#1","tintindex":0},"down":{"uv":[12,10.22222,11.11111,10.66667],"texture":"#1","tintindex":0}}},{"from":[6.03585,6.62772,7.76],"to":[7.28585,7.62772,8.24],"rotation":{"angle":-45,"axis":"z","origin":[8,8.62877,8]},"faces":{"north":{"uv":[12.11111,7.11111,11.55556,7.55556],"texture":"#1","tintindex":0},"east":{"uv":[4.66667,12,4.44444,12.44444],"texture":"#1","tintindex":0},"south":{"uv":[12.11111,8,11.55556,8.44444],"texture":"#1","tintindex":0},"west":{"uv":[4.22222,12,4,12.44444],"texture":"#1","tintindex":0},"up":{"uv":[12,1.55556,12.55556,1.33333],"texture":"#1","tintindex":0},"down":{"uv":[12,1.77778,12.55556,2],"texture":"#1","tintindex":0}}},{"from":[5.39963,9.67764,7.765],"to":[6.32463,10.92764,8.235],"rotation":{"angle":22.5,"axis":"z","origin":[8,8.62877,8]},"faces":{"north":{"uv":[12,8.44444,11.55556,9],"texture":"#1","tintindex":0},"east":{"uv":[2.88889,12,2.66667,12.55556],"texture":"#1","tintindex":0},"south":{"uv":[12,11.11111,11.55556,11.66667],"texture":"#1","tintindex":0},"west":{"uv":[12.22222,2.22222,12,2.77778],"texture":"#1","tintindex":0},"up":{"uv":[12,4.66667,12.44444,4.44444],"texture":"#1","tintindex":0},"down":{"uv":[4.88889,12,5.33333,12.22222],"texture":"#1","tintindex":0}}},{"from":[4.71783,9.75753,7.77],"to":[5.57783,11.00753,8.23],"rotation":{"angle":0,"axis":"y","origin":[8,8.62877,8]},"faces":{"north":{"uv":[0.33333,12,0,12.55556],"texture":"#1","tintindex":0},"east":{"uv":[3.77778,12,3.55556,12.55556],"texture":"#1","tintindex":0},"south":{"uv":[12.33333,0,12,0.55556],"texture":"#1","tintindex":0},"west":{"uv":[3.33333,12,3.11111,12.55556],"texture":"#1","tintindex":0},"up":{"uv":[12,8.66667,12.33333,8.44444],"texture":"#1","tintindex":0},"down":{"uv":[12,8.88889,12.33333,9.11111],"texture":"#1","tintindex":0}}},{"from":[3.21783,10.00753,7.77],"to":[4.71783,11.00753,8.23],"rotation":{"angle":0,"axis":"y","origin":[8,8.62877,8]},"faces":{"north":{"uv":[4.66667,11.55556,4,12],"texture":"#1","tintindex":0},"east":{"uv":[5.55556,12,5.33333,12.44444],"texture":"#1","tintindex":0},"south":{"uv":[5.55556,11.55556,4.88889,12],"texture":"#1","tintindex":0},"west":{"uv":[12.22222,4.88889,12,5.33333],"texture":"#1","tintindex":0},"up":{"uv":[0.44444,12.22222,1.11111,12],"texture":"#1","tintindex":0},"down":{"uv":[12,0.88889,12.66667,1.11111],"texture":"#1","tintindex":0}}},{"from":[-1.8,11.25,7.75],"to":[3.2,12.25,8.25],"rotation":{"angle":-22.5,"axis":"z","origin":[3.2,11.25,7.25]},"faces":{"north":{"uv":[12.88889,7.55556,10.66667,8],"texture":"#1","tintindex":0},"south":{"uv":[10.66667,7.55556,12.88889,8],"texture":"#1","tintindex":0},"west":{"uv":[12.22222,5.33333,12,5.77778],"texture":"#1","tintindex":0},"up":{"uv":[4,11.33333,6.22222,11.11111],"texture":"#1","tintindex":0},"down":{"uv":[11.11111,4,13.33333,4.22222],"texture":"#1","tintindex":0}}},{"from":[1.2,10.25,7.75],"to":[3.2,11.25,8.25],"rotation":{"angle":-22.5,"axis":"z","origin":[3.2,11.25,7.25]},"faces":{"north":{"uv":[12,4.44444,11.11111,4.88889],"texture":"#1","tintindex":0},"south":{"uv":[11.11111,4.44444,12,4.88889],"texture":"#1","tintindex":0},"west":{"uv":[12.22222,5.77778,12,6.22222],"texture":"#1","tintindex":0},"down":{"uv":[11.55556,9.33333,12.44444,9.55556],"texture":"#1","tintindex":0}}},{"from":[2.2,10.25,7.5],"to":[4.2,12.25,8.5],"rotation":{"angle":45,"axis":"z","origin":[3.2,11.25,7.75]},"faces":{"north":{"uv":[1.77778,11.11111,0.88889,12],"texture":"#1","tintindex":0},"east":{"uv":[11.55556,8.88889,11.11111,9.77778],"texture":"#1","tintindex":0},"south":{"uv":[0.88889,12,1.77778,11.11111],"rotation":270,"texture":"#1","tintindex":0},"west":{"uv":[11.55556,8,11.11111,8.88889],"texture":"#1","tintindex":0},"up":{"uv":[11.11111,10.22222,12,9.77778],"texture":"#1","tintindex":0},"down":{"uv":[11.11111,10.22222,12,10.66667],"texture":"#1","tintindex":0}}},{"from":[0.54881,11.20671,7.755],"to":[1.54881,12.70671,8.245],"rotation":{"angle":22.5,"axis":"z","origin":[1.04881,12.20671,7.755]},"faces":{"north":{"uv":[6.22222,11.55556,5.77778,12.22222],"texture":"#1","tintindex":0},"south":{"uv":[5.77778,11.55556,6.22222,12.22222],"texture":"#1","tintindex":0},"west":{"uv":[1.55556,12,1.33333,12.66667],"texture":"#1","tintindex":0}}},{"from":[6.0818,6.69818,7.755],"to":[6.7918,9.69818,8.245],"rotation":{"angle":0,"axis":"y","origin":[8,8.62877,8]},"faces":{"north":{"uv":[6.55556,11.11111,6.22222,12.44444],"texture":"#1","tintindex":0},"east":{"uv":[11.33333,11.11111,11.11111,12.44444],"texture":"#1","tintindex":0},"south":{"uv":[7,11.11111,6.66667,12.44444],"texture":"#1","tintindex":0},"west":{"uv":[10.88889,11.11111,10.66667,12.44444],"texture":"#1","tintindex":0},"up":{"uv":[12,6.44444,12.33333,6.22222],"texture":"#1","tintindex":0},"down":{"uv":[12,6.66667,12.33333,6.88889],"texture":"#1","tintindex":0}}},{"from":[8.71415,7.37228,7.76],"to":[9.96415,8.37228,8.24],"rotation":{"angle":-45,"axis":"z","origin":[8,6.37124,8]},"faces":{"north":{"uv":[11.55556,7.55556,12.11111,7.11111],"texture":"#1","tintindex":0},"east":{"uv":[4,12.44444,4.22222,12],"texture":"#1","tintindex":0},"south":{"uv":[11.55556,8.44444,12.11111,8],"texture":"#1","tintindex":0},"west":{"uv":[4.44444,12.44444,4.66667,12],"texture":"#1","tintindex":0},"up":{"uv":[12.55556,2,12,1.77778],"texture":"#1","tintindex":0},"down":{"uv":[12.55556,1.33333,12,1.55556],"texture":"#1","tintindex":0}}},{"from":[9.67537,4.07236,7.765],"to":[10.60037,5.32236,8.235],"rotation":{"angle":22.5,"axis":"z","origin":[8,6.37124,8]},"faces":{"north":{"uv":[11.55556,9,12,8.44444],"texture":"#1","tintindex":0},"east":{"uv":[12,2.77778,12.22222,2.22222],"texture":"#1","tintindex":0},"south":{"uv":[11.55556,11.66667,12,11.11111],"texture":"#1","tintindex":0},"west":{"uv":[2.66667,12.55556,2.88889,12],"texture":"#1","tintindex":0},"up":{"uv":[5.33333,12.22222,4.88889,12],"texture":"#1","tintindex":0},"down":{"uv":[12.44444,4.44444,12,4.66667],"texture":"#1","tintindex":0}}},{"from":[10.42217,3.99247,7.77],"to":[11.28217,5.24247,8.23],"rotation":{"angle":0,"axis":"y","origin":[8,6.37124,8]},"faces":{"north":{"uv":[0,12.55556,0.33333,12],"texture":"#1","tintindex":0},"east":{"uv":[3.11111,12.55556,3.33333,12],"texture":"#1","tintindex":0},"south":{"uv":[12,0.55556,12.33333,0],"texture":"#1","tintindex":0},"west":{"uv":[3.55556,12.55556,3.77778,12],"texture":"#1","tintindex":0},"up":{"uv":[12.33333,9.11111,12,8.88889],"texture":"#1","tintindex":0},"down":{"uv":[12.33333,8.44444,12,8.66667],"texture":"#1","tintindex":0}}},{"from":[11.28217,3.99247,7.77],"to":[12.78217,4.99247,8.23],"rotation":{"angle":0,"axis":"y","origin":[8,6.37124,8]},"faces":{"north":{"uv":[4,12,4.66667,11.55556],"texture":"#1","tintindex":0},"east":{"uv":[12,5.33333,12.22222,4.88889],"texture":"#1","tintindex":0},"south":{"uv":[4.88889,12,5.55556,11.55556],"texture":"#1","tintindex":0},"west":{"uv":[5.33333,12.44444,5.55556,12],"texture":"#1","tintindex":0},"up":{"uv":[12.66667,1.11111,12,0.88889],"texture":"#1","tintindex":0},"down":{"uv":[1.11111,12,0.44444,12.22222],"texture":"#1","tintindex":0}}},{"from":[12.13691,3.10435,7.5],"to":[14.13691,5.10435,8.5],"rotation":{"angle":22.5,"axis":"z","origin":[13.13691,4.10435,8]},"faces":{"north":{"uv":[0.88889,12,1.77778,11.11111],"rotation":180,"texture":"#1","tintindex":0},"east":{"uv":[11.11111,9.77778,11.55556,8.88889],"rotation":180,"texture":"#1","tintindex":0},"south":{"uv":[1.77778,11.11111,0.88889,12],"rotation":90,"texture":"#1","tintindex":0},"west":{"uv":[11.11111,8.88889,11.55556,8],"rotation":180,"texture":"#1","tintindex":0},"up":{"uv":[12,9.77778,11.11111,10.22222],"rotation":180,"texture":"#1","tintindex":0},"down":{"uv":[12,10.66667,11.11111,10.22222],"rotation":180,"texture":"#1","tintindex":0}}},{"from":[12.62434,3.29369,7.75],"to":[14.62434,4.29369,8.25],"rotation":{"angle":-45,"axis":"z","origin":[13.85918,3.0803,8]},"faces":{"north":{"uv":[11.11111,4.88889,12,4.44444],"texture":"#1","tintindex":0},"east":{"uv":[12,6.22222,12.22222,5.77778],"texture":"#1","tintindex":0},"south":{"uv":[12,4.88889,11.11111,4.44444],"texture":"#1","tintindex":0},"up":{"uv":[12.44444,9.55556,11.55556,9.33333],"texture":"#1","tintindex":0}}},{"from":[12.62434,2.29369,7.75],"to":[17.62434,3.29369,8.25],"rotation":{"angle":-45,"axis":"z","origin":[13.85918,3.0803,8]},"faces":{"north":{"uv":[10.66667,8,12.88889,7.55556],"texture":"#1","tintindex":0},"east":{"uv":[12,5.77778,12.22222,5.33333],"texture":"#1","tintindex":0},"south":{"uv":[12.88889,8,10.66667,7.55556],"texture":"#1","tintindex":0},"up":{"uv":[13.33333,4.22222,11.11111,4],"texture":"#1","tintindex":0},"down":{"uv":[6.22222,11.11111,4,11.33333],"texture":"#1","tintindex":0}}},{"from":[14.25823,1.89725,7.755],"to":[15.25823,3.39725,8.245],"rotation":{"angle":0,"axis":"z","origin":[13.85918,3.0803,8]},"faces":{"north":{"uv":[5.77778,12.22222,6.22222,11.55556],"texture":"#1","tintindex":0},"east":{"uv":[1.33333,12.66667,1.55556,12],"texture":"#1","tintindex":0},"south":{"uv":[6.22222,12.22222,5.77778,11.55556],"texture":"#1","tintindex":0}}},{"from":[-1.62434,2.29369,7.75],"to":[3.37566,3.29369,8.25],"rotation":{"angle":45,"axis":"z","origin":[2.14082,3.0803,8]},"faces":{"north":{"uv":[12.88889,8,10.66667,7.55556],"texture":"#1","tintindex":0},"south":{"uv":[10.66667,8,12.88889,7.55556],"texture":"#1","tintindex":0},"west":{"uv":[12.22222,5.77778,12,5.33333],"texture":"#1","tintindex":0},"up":{"uv":[11.11111,4.22222,13.33333,4],"texture":"#1","tintindex":0},"down":{"uv":[4,11.11111,6.22222,11.33333],"texture":"#1","tintindex":0}}},{"from":[0.74177,1.89725,7.755],"to":[1.74177,3.39725,8.245],"rotation":{"angle":0,"axis":"z","origin":[2.14082,3.0803,8]},"faces":{"north":{"uv":[6.22222,12.22222,5.77778,11.55556],"texture":"#1","tintindex":0},"south":{"uv":[5.77778,12.22222,6.22222,11.55556],"texture":"#1","tintindex":0},"west":{"uv":[1.55556,12.66667,1.33333,12],"texture":"#1","tintindex":0}}},{"from":[1.37566,3.29369,7.75],"to":[3.37566,4.29369,8.25],"rotation":{"angle":45,"axis":"z","origin":[2.14082,3.0803,8]},"faces":{"north":{"uv":[12,4.88889,11.11111,4.44444],"texture":"#1","tintindex":0},"south":{"uv":[11.11111,4.88889,12,4.44444],"texture":"#1","tintindex":0},"west":{"uv":[12.22222,6.22222,12,5.77778],"texture":"#1","tintindex":0},"up":{"uv":[11.55556,9.55556,12.44444,9.33333],"texture":"#1","tintindex":0}}},{"from":[1.86309,3.10435,7.5],"to":[3.86309,5.10435,8.5],"rotation":{"angle":-22.5,"axis":"z","origin":[2.86309,4.10435,8]},"faces":{"north":{"uv":[1.77778,12,0.88889,11.11111],"rotation":180,"texture":"#1","tintindex":0},"east":{"uv":[11.55556,8.88889,11.11111,8],"rotation":180,"texture":"#1","tintindex":0},"south":{"uv":[1.77778,12,0.88889,11.11111],"rotation":90,"texture":"#1","tintindex":0},"west":{"uv":[11.55556,9.77778,11.11111,8.88889],"rotation":180,"texture":"#1","tintindex":0},"up":{"uv":[11.11111,9.77778,12,10.22222],"rotation":180,"texture":"#1","tintindex":0},"down":{"uv":[11.11111,10.66667,12,10.22222],"rotation":180,"texture":"#1","tintindex":0}}},{"from":[6.03585,7.37228,7.76],"to":[7.28585,8.37228,8.24],"rotation":{"angle":45,"axis":"z","origin":[8,6.37124,8]},"faces":{"north":{"uv":[12.11111,7.55556,11.55556,7.11111],"texture":"#1","tintindex":0},"east":{"uv":[4.66667,12.44444,4.44444,12],"texture":"#1","tintindex":0},"south":{"uv":[12.11111,8.44444,11.55556,8],"texture":"#1","tintindex":0},"west":{"uv":[4.22222,12.44444,4,12],"texture":"#1","tintindex":0},"up":{"uv":[12,2,12.55556,1.77778],"texture":"#1","tintindex":0},"down":{"uv":[12,1.33333,12.55556,1.55556],"texture":"#1","tintindex":0}}},{"from":[5.39963,4.07236,7.765],"to":[6.32463,5.32236,8.235],"rotation":{"angle":-22.5,"axis":"z","origin":[8,6.37124,8]},"faces":{"north":{"uv":[12,9,11.55556,8.44444],"texture":"#1","tintindex":0},"east":{"uv":[2.88889,12.55556,2.66667,12],"texture":"#1","tintindex":0},"south":{"uv":[12,11.66667,11.55556,11.11111],"texture":"#1","tintindex":0},"west":{"uv":[12.22222,2.77778,12,2.22222],"texture":"#1","tintindex":0},"up":{"uv":[4.88889,12.22222,5.33333,12],"texture":"#1","tintindex":0},"down":{"uv":[12,4.44444,12.44444,4.66667],"texture":"#1","tintindex":0}}},{"from":[4.71783,3.99247,7.77],"to":[5.57783,5.24247,8.23],"rotation":{"angle":0,"axis":"y","origin":[8,6.37124,8]},"faces":{"north":{"uv":[0.33333,12.55556,0,12],"texture":"#1","tintindex":0},"east":{"uv":[3.77778,12.55556,3.55556,12],"texture":"#1","tintindex":0},"south":{"uv":[12.33333,0.55556,12,0],"texture":"#1","tintindex":0},"west":{"uv":[3.33333,12.55556,3.11111,12],"texture":"#1","tintindex":0},"up":{"uv":[12,9.11111,12.33333,8.88889],"texture":"#1","tintindex":0},"down":{"uv":[12,8.44444,12.33333,8.66667],"texture":"#1","tintindex":0}}},{"from":[3.21783,3.99247,7.77],"to":[4.71783,4.99247,8.23],"rotation":{"angle":0,"axis":"y","origin":[8,6.37124,8]},"faces":{"north":{"uv":[4.66667,12,4,11.55556],"texture":"#1","tintindex":0},"east":{"uv":[5.55556,12.44444,5.33333,12],"texture":"#1","tintindex":0},"south":{"uv":[5.55556,12,4.88889,11.55556],"texture":"#1","tintindex":0},"west":{"uv":[12.22222,5.33333,12,4.88889],"texture":"#1","tintindex":0},"up":{"uv":[12,1.11111,12.66667,0.88889],"texture":"#1","tintindex":0},"down":{"uv":[0.44444,12,1.11111,12.22222],"texture":"#1","tintindex":0}}},{"from":[4.625,8.35,9.1],"to":[11.375,15.1,9.15],"rotation":{"angle":0,"axis":"y","origin":[8,11.725,9.1]},"faces":{"north":{"uv":[0,0,16,16],"texture":"#2","tintindex":0},"south":{"uv":[16,0,0,16],"texture":"#2","tintindex":0}}}],"gui_light":"front","display":{"thirdperson_righthand":{"rotation":[-138.5,0,-180],"translation":[0,-0.25,-0.5],"scale":[0.41016,0.41016,0.41016]},"thirdperson_lefthand":{"rotation":[67.5,0,0],"translation":[-5.5,-7,8.5]},"firstperson_righthand":{"rotation":[-10,180,0],"translation":[0,2,1],"scale":[0.63867,0.63867,0.63867]},"firstperson_lefthand":{"rotation":[-10,180,0],"translation":[0,2,1],"scale":[0,0,0]},"ground":{"rotation":[-40,0,0],"translation":[0,10.5,0],"scale":[0.72852,0.72852,0.72852]},"gui":{"rotation":[0,180,0],"translation":[0,1,0],"scale":[0.38282,0.38282,0.38282]},"head":{"translation":[0,-50,6.75],"scale":[1.71876,1.71876,1.71876]},"fixed":{"rotation":[0,180,0],"translation":[0,0.25,-2],"scale":[2,2,2]}}}