{"textures":{"1":"modelengine:entity/time_warp"},"elements":[{"from":[7.0,7.0,7.0],"to":[9.0,9.0,9.0],"faces":{"east":{"uv":[6.375,2.375,6.625,2.625],"tintindex":0,"rotation":0,"texture":"#1"},"south":{"uv":[6.375,2.625,6.625,2.875],"tintindex":0,"rotation":0,"texture":"#1"},"north":{"uv":[6.375,2.125,6.625,2.375],"tintindex":0,"rotation":0,"texture":"#1"},"west":{"uv":[6.375,2.875,6.625,3.125],"tintindex":0,"rotation":0,"texture":"#1"},"up":{"uv":[6.625,3.375,6.375,3.125],"tintindex":0,"rotation":0,"texture":"#1"},"down":{"uv":[6.625,3.375,6.375,3.625],"tintindex":0,"rotation":0,"texture":"#1"}}}],"display":{"gui":{"rotation":[30,225,0]}}}