{"textures":{"1":"modelengine:entity/time_warp"},"elements":[{"from":[7.0,7.0,7.0],"to":[9.0,9.0,9.0],"faces":{"east":{"uv":[5.875,4.375,6.125,4.625],"tintindex":0,"rotation":0,"texture":"#1"},"south":{"uv":[5.875,4.625,6.125,4.875],"tintindex":0,"rotation":0,"texture":"#1"},"north":{"uv":[5.875,4.125,6.125,4.375],"tintindex":0,"rotation":0,"texture":"#1"},"west":{"uv":[5.875,4.875,6.125,5.125],"tintindex":0,"rotation":0,"texture":"#1"},"up":{"uv":[6.125,5.375,5.875,5.125],"tintindex":0,"rotation":0,"texture":"#1"},"down":{"uv":[6.125,5.375,5.875,5.625],"tintindex":0,"rotation":0,"texture":"#1"}}}],"display":{"gui":{"rotation":[30,225,0]}}}