{"textures":{"0":"modelengine:entity/crocodile"},"elements":[{"from":[3.906229,8.119157,-10.764591],"to":[3.906229,9.899157,-3.6385918],"faces":{"east":{"uv":[1.625,14.125,0.25,14.375],"tintindex":0,"rotation":0,"texture":"#0"},"west":{"uv":[0.25,14.125,1.625,14.375],"tintindex":0,"rotation":0,"texture":"#0"}},"rotation":{"origin":[6.886983,13.257769,28.956038],"angle":22.5,"axis":"z"}},{"from":[11.347736,8.019157,-10.764591],"to":[11.347736,9.799157,-3.6385918],"faces":{"east":{"uv":[1.625,14.125,0.25,14.375],"tintindex":0,"rotation":0,"texture":"#0"},"west":{"uv":[0.25,14.125,1.625,14.375],"tintindex":0,"rotation":0,"texture":"#0"}},"rotation":{"origin":[8.666983,13.257769,28.956038],"angle":-22.5,"axis":"z"}},{"from":[12.147737,8.419157,-3.464592],"to":[12.147737,10.199157,3.2614098],"faces":{"east":{"uv":[1.625,14.125,0.25,14.375],"tintindex":0,"rotation":0,"texture":"#0"},"west":{"uv":[0.25,14.125,1.625,14.375],"tintindex":0,"rotation":0,"texture":"#0"}},"rotation":{"origin":[8.666983,13.257769,28.956038],"angle":-22.5,"axis":"z"}},{"from":[4.686,4.6600003,-3.5621986],"to":[10.7558,7.775,3.0238],"faces":{"east":{"uv":[13.375,6.25,14.125,6.625],"tintindex":0,"rotation":0,"texture":"#0"},"south":{"uv":[10.875,6.875,12.125,7.25],"tintindex":0,"rotation":0,"texture":"#0"},"north":{"uv":[12.125,6.25,13.375,6.625],"tintindex":0,"rotation":0,"texture":"#0"},"west":{"uv":[13.375,6.25,14.125,6.625],"tintindex":0,"rotation":0,"texture":"#0"},"up":{"uv":[10.875,6.625,12.125,7.5],"tintindex":0,"rotation":0,"texture":"#0"},"down":{"uv":[12.125,6.625,13.375,7.5],"tintindex":0,"rotation":0,"texture":"#0"}}},{"from":[5.665,4.6600003,-11.0382],"to":[9.5988,7.775,-3.5621986],"faces":{"east":{"uv":[13.375,6.25,14.125,6.625],"tintindex":0,"rotation":0,"texture":"#0"},"south":{"uv":[12.125,6.25,13.375,6.625],"tintindex":0,"rotation":0,"texture":"#0"},"north":{"uv":[12.125,6.25,13.375,6.625],"tintindex":0,"rotation":0,"texture":"#0"},"west":{"uv":[13.375,6.25,14.125,6.625],"tintindex":0,"rotation":0,"texture":"#0"},"up":{"uv":[10.875,6.625,12.125,7.5],"tintindex":0,"rotation":0,"texture":"#0"},"down":{"uv":[12.125,6.625,13.375,7.5],"tintindex":0,"rotation":0,"texture":"#0"}}},{"from":[3.9028,4.393,3.0238],"to":[11.539,7.241,10.3218],"faces":{"east":{"uv":[5.75,4.0,7.25,5.125],"tintindex":0,"rotation":0,"texture":"#0"},"south":{"uv":[0.0,0.0,1.2125,1.0125],"tintindex":0,"rotation":0,"texture":"#0"},"north":{"uv":[5.875,4.625,6.875,5.125],"tintindex":0,"rotation":0,"texture":"#0"},"west":{"uv":[5.875,4.625,6.875,5.125],"tintindex":0,"rotation":0,"texture":"#0"},"up":{"uv":[3.0,8.75,4.125,9.75],"tintindex":0,"rotation":0,"texture":"#0"},"down":{"uv":[10.375,9.625,11.875,10.625],"tintindex":0,"rotation":0,"texture":"#0"}}},{"from":[3.1062293,8.519157,-3.464592],"to":[3.1062293,10.299157,3.2614098],"faces":{"east":{"uv":[1.625,14.125,0.25,14.375],"tintindex":0,"rotation":0,"texture":"#0"},"west":{"uv":[0.25,14.125,1.625,14.375],"tintindex":0,"rotation":0,"texture":"#0"}},"rotation":{"origin":[6.886983,13.257769,28.956038],"angle":22.5,"axis":"z"}}],"display":{"gui":{"rotation":[30,225,0]}}}