{"credit":"Made with Blockbench","texture_size":[128,128],"textures":{"0":"custom/elitecreatures/ninetailfox/devastation","particle":"custom/elitecreatures/ninetailfox/devastation"},"elements":[{"from":[0.29511,-7.40678,-5.75768],"to":[17.70742,10.00553,21.57965],"rotation":{"angle":0,"axis":"y","origin":[9.00779,1.12525,7.81126]},"faces":{"north":{"uv":[5.75,6.75,8,9],"texture":"#0"},"east":{"uv":[0,0,3.5,2.25],"texture":"#0"},"south":{"uv":[5.75,6.75,8,9],"texture":"#0"},"west":{"uv":[0,2.25,3.5,4.5],"texture":"#0"},"up":{"uv":[5.75,3.5,3.5,0],"texture":"#0"},"down":{"uv":[5.75,3.5,3.5,7],"texture":"#0"}}},{"from":[0.32994,-2.19031,-8.08765],"to":[17.6726,4.70496,-1.19238],"rotation":{"angle":45,"axis":"x","origin":[9.00779,1.12525,7.81126]},"faces":{"north":{"uv":[12.5,7.875,10.25,7],"texture":"#0"},"east":{"uv":[12.5,7.875,10.25,7],"texture":"#0"},"south":{"uv":[9.25,0.875,11.5,1.75],"texture":"#0"},"west":{"uv":[4.5,7.875,5.375,8.75],"texture":"#0"},"up":{"uv":[11.5,2.625,9.25,1.75],"texture":"#0"},"down":{"uv":[4.5,9.25,2.25,10.125],"texture":"#0"}}},{"from":[0.32994,-2.19031,16.63782],"to":[17.6726,4.70496,23.53309],"rotation":{"angle":45,"axis":"x","origin":[9.00779,1.12525,7.81126]},"faces":{"north":{"uv":[9.25,2.625,11.5,3.5],"texture":"#0"},"east":{"uv":[14.125,0.875,15,1.75],"texture":"#0"},"south":{"uv":[9.25,3.5,11.5,4.375],"texture":"#0"},"west":{"uv":[1.75,14.125,2.625,15],"texture":"#0"},"up":{"uv":[11.5,5.25,9.25,4.375],"texture":"#0"},"down":{"uv":[11.5,5.25,9.25,6.125],"texture":"#0"}}},{"from":[0.32994,10.17243,4.27508],"to":[17.6726,17.0677,11.17036],"rotation":{"angle":45,"axis":"x","origin":[9.00779,1.12525,7.81126]},"faces":{"north":{"uv":[2.25,10.125,4.5,11],"texture":"#0"},"east":{"uv":[14.125,1.75,15,2.625],"texture":"#0"},"south":{"uv":[10.25,6.125,12.5,7],"texture":"#0"},"west":{"uv":[2.625,14.125,3.5,15],"texture":"#0"},"up":{"uv":[12.5,7.875,10.25,7],"texture":"#0"},"down":{"uv":[12.5,7.875,10.25,8.75],"texture":"#0"}}},{"from":[0.32994,-14.71113,4.27508],"to":[17.6726,-7.8319,11.17036],"rotation":{"angle":45,"axis":"x","origin":[9.00779,1.12525,7.81126]},"faces":{"north":{"uv":[2.25,11,4.5,11.875],"texture":"#0"},"east":{"uv":[12.5,14.125,13.375,15],"texture":"#0"},"south":{"uv":[0,11.25,2.25,12.125],"texture":"#0"},"west":{"uv":[13.375,14.125,14.25,15],"texture":"#0"},"up":{"uv":[6.75,12.125,4.5,11.25],"texture":"#0"},"down":{"uv":[12.5,7.875,10.25,7],"texture":"#0"}}},{"from":[-6.89371,-7.42086,4.31549],"to":[0.00156,9.9218,11.21076],"rotation":{"angle":45,"axis":"y","origin":[9.00779,1.12525,7.81126]},"faces":{"north":{"uv":[11.25,8.75,12.125,11],"texture":"#0"},"east":{"uv":[9,11.25,9.875,13.5],"texture":"#0"},"south":{"uv":[9.875,11.25,10.75,13.5],"texture":"#0"},"west":{"uv":[10.75,11.25,11.625,13.5],"texture":"#0"},"up":{"uv":[15.125,11.375,14.25,10.5],"texture":"#0"},"down":{"uv":[15.125,11.375,14.25,12.25],"texture":"#0"}}},{"from":[5.55554,-7.42086,16.85235],"to":[12.45081,9.9218,23.74762],"rotation":{"angle":45,"axis":"y","origin":[9.00779,1.12525,7.81126]},"faces":{"north":{"uv":[11.5,0,12.375,2.25],"texture":"#0"},"east":{"uv":[11.5,2.25,12.375,4.5],"texture":"#0"},"south":{"uv":[11.625,11,12.5,13.25],"texture":"#0"},"west":{"uv":[2.25,11.875,3.125,14.125],"texture":"#0"},"up":{"uv":[15.125,15,14.25,14.125],"texture":"#0"},"down":{"uv":[0.875,14.375,0,15.25],"texture":"#0"}}},{"from":[5.55554,-7.42086,-8.04725],"to":[12.45081,9.9218,-1.15198],"rotation":{"angle":45,"axis":"y","origin":[9.00779,1.12525,7.81126]},"faces":{"north":{"uv":[11.625,11,12.5,13.25],"texture":"#0"},"east":{"uv":[0,12.125,0.875,14.375],"texture":"#0"},"south":{"uv":[0.875,12.125,1.75,14.375],"texture":"#0"},"west":{"uv":[4,12.125,4.875,14.375],"texture":"#0"},"up":{"uv":[1.75,15.25,0.875,14.375],"texture":"#0"},"down":{"uv":[4.375,14.375,3.5,15.25],"texture":"#0"}}},{"from":[17.91828,-7.42086,4.31549],"to":[24.81355,9.9218,11.21076],"rotation":{"angle":45,"axis":"y","origin":[9.00779,1.12525,7.81126]},"faces":{"north":{"uv":[4.875,12.125,5.75,14.375],"texture":"#0"},"east":{"uv":[11.625,11,12.5,13.25],"texture":"#0"},"south":{"uv":[6.625,12.125,7.5,14.375],"texture":"#0"},"west":{"uv":[7.5,12.125,8.375,14.375],"texture":"#0"},"up":{"uv":[5.25,15.25,4.375,14.375],"texture":"#0"},"down":{"uv":[6.125,14.375,5.25,15.25],"texture":"#0"}}},{"from":[-4.58033,-7.40678,-0.88223],"to":[22.58287,10.00553,16.53008],"rotation":{"angle":0,"axis":"y","origin":[9.00779,1.12525,7.81126]},"faces":{"north":{"uv":[0,4.5,3.5,6.75],"texture":"#0"},"east":{"uv":[5.75,6.75,8,9],"texture":"#0"},"south":{"uv":[5.75,0,9.25,2.25],"texture":"#0"},"west":{"uv":[5.75,6.75,8,9],"texture":"#0"},"up":{"uv":[9.25,4.5,5.75,2.25],"texture":"#0"},"down":{"uv":[9.25,4.5,5.75,6.75],"texture":"#0"}}},{"from":[18.01577,-2.19465,-0.84741],"to":[24.91105,4.70062,16.49525],"rotation":{"angle":45,"axis":"z","origin":[9.00779,1.12525,7.81126]},"faces":{"north":{"uv":[6.125,14.375,7,15.25],"texture":"#0"},"east":{"uv":[12.5,7.875,10.25,7],"texture":"#0"},"south":{"uv":[7,14.375,7.875,15.25],"texture":"#0"},"west":{"uv":[12.125,8.75,14.375,9.625],"texture":"#0"},"up":{"uv":[13.25,2.25,12.375,0],"texture":"#0"},"down":{"uv":[13.25,2.25,12.375,4.5],"texture":"#0"}}},{"from":[5.65304,-14.71113,-0.84741],"to":[12.54831,-7.83624,16.49525],"rotation":{"angle":45,"axis":"z","origin":[9.00779,1.12525,7.81126]},"faces":{"north":{"uv":[14.375,8.625,15.25,9.5],"texture":"#0"},"east":{"uv":[12.125,9.625,14.375,10.5],"texture":"#0"},"south":{"uv":[14.375,9.5,15.25,10.375],"texture":"#0"},"west":{"uv":[12.5,5.375,14.75,6.25],"texture":"#0"},"up":{"uv":[13.375,8.5,12.5,6.25],"texture":"#0"},"down":{"uv":[12.5,7.875,10.25,7],"rotation":90,"texture":"#0"}}},{"from":[5.65304,10.16809,-0.84741],"to":[12.54831,17.06336,16.49525],"rotation":{"angle":45,"axis":"z","origin":[9.00779,1.12525,7.81126]},"faces":{"north":{"uv":[9.25,14.5,10.125,15.375],"texture":"#0"},"east":{"uv":[12.5,7.875,10.25,7],"texture":"#0"},"south":{"uv":[10.125,14.5,11,15.375],"texture":"#0"},"west":{"uv":[13.25,0,15.5,0.875],"texture":"#0"},"up":{"uv":[12.5,7.875,10.25,7],"rotation":90,"texture":"#0"},"down":{"uv":[12.5,13.25,11.625,15.5],"texture":"#0"}}},{"from":[-6.79612,-2.19465,-0.84741],"to":[0.09916,4.70062,16.49525],"rotation":{"angle":45,"axis":"z","origin":[9.00779,1.12525,7.81126]},"faces":{"north":{"uv":[14.75,5,15.625,5.875],"texture":"#0"},"east":{"uv":[13.25,3.125,15.5,4],"texture":"#0"},"south":{"uv":[14.75,12.25,15.625,13.125],"texture":"#0"},"west":{"uv":[12.5,7.875,10.25,7],"texture":"#0"},"up":{"uv":[14.25,12.75,13.375,10.5],"texture":"#0"},"down":{"uv":[9.25,13.5,8.375,15.75],"texture":"#0"}}},{"from":[0.29511,11.39851,-0.88223],"to":[17.70742,14.88097,16.53008],"rotation":{"angle":0,"axis":"y","origin":[9.00779,1.12525,7.81126]},"faces":{"north":{"uv":[13.25,4,15.5,4.4375],"texture":"#0"},"east":{"uv":[13.375,7.125,15.625,7.5625],"texture":"#0"},"south":{"uv":[13.375,7.625,15.625,8.0625],"texture":"#0"},"west":{"uv":[13.375,8.125,15.625,8.5625],"texture":"#0"},"up":{"uv":[5.75,6.75,8,9],"texture":"#0"},"down":{"uv":[6.75,9,4.5,11.25],"texture":"#0"}}},{"from":[0.29511,-12.63047,-0.88223],"to":[17.70742,-9.14801,16.53008],"rotation":{"angle":0,"axis":"y","origin":[9.00779,1.12525,7.81126]},"faces":{"north":{"uv":[9.25,13.5,11.5,13.9375],"texture":"#0"},"east":{"uv":[12.5,13.625,14.75,14.0625],"texture":"#0"},"south":{"uv":[13.75,4.5,16,4.9375],"texture":"#0"},"west":{"uv":[9.25,14,11.5,14.4375],"texture":"#0"},"up":{"uv":[9,11.25,6.75,9],"texture":"#0"},"down":{"uv":[5.75,6.75,8,9],"texture":"#0"}}}],"display":{"thirdperson_righthand":{"translation":[-8.5,9,10.5],"scale":[2.5,2.5,2.5]},"thirdperson_lefthand":{"translation":[0,-31,1],"scale":[4,4,4]},"ground":{"translation":[0.75,5.25,-0.75],"scale":[1.5,1.5,1.5]},"gui":{"translation":[0,3,0]},"head":{"translation":[5.25,-11.75,-13],"scale":[4,4,4]},"fixed":{"translation":[0,0,-5.75]}},"groups":[{"name":"bone5","origin":[-9.99873,22.57651,0.89964],"color":0,"boneType":"","children":[0,1,2,3,4,5,6,7,8,9,10,11,12,13,14,15]}]}