{
	"credit": "Made with Blockbench",
	"texture_size": [64, 64],
	"textures": {
		"0": "custom/elitecreatures/ninetailfox/sakura",
		"1": "custom/elitecreatures/ninetailfox/sakuracrownpink",
		"particle": "custom/elitecreatures/ninetailfox/sakura"
	},
	"elements": [
		{
			"from": [9.59655, 0.14826, 4.219],
			"to": [13.37755, 8.02534, 8],
			"rotation": {"angle": -22.5, "axis": "z", "origin": [8.55093, 11.24673, 5.87408]},
			"faces": {
				"north": {"uv": [10, 6, 12, 12], "texture": "#0"},
				"east": {"uv": [10, 6, 12, 12], "texture": "#0"},
				"south": {"uv": [10, 6, 12, 12], "texture": "#0"},
				"west": {"uv": [10, 6, 12, 12], "texture": "#0"},
				"up": {"uv": [14, 2, 12, 0], "texture": "#0"},
				"down": {"uv": [14, 2, 12, 0], "texture": "#0"}
			}
		},
		{
			"from": [7.67743, 6.63349, 4.65527],
			"to": [10.58589, 12.69278, 7.56373],
			"rotation": {"angle": 22.5, "axis": "z", "origin": [8.55093, 11.24673, 5.87408]},
			"faces": {
				"north": {"uv": [10, 6, 12, 12], "texture": "#0"},
				"east": {"uv": [10, 6, 12, 12], "texture": "#0"},
				"south": {"uv": [10, 6, 12, 12], "texture": "#0"},
				"west": {"uv": [10, 6, 12, 12], "texture": "#0"},
				"up": {"uv": [14, 2, 12, 0], "texture": "#0"},
				"down": {"uv": [14, 2, 12, 0], "texture": "#0"}
			}
		},
		{
			"from": [8.82048, 10.02971, 7.44195],
			"to": [10.84024, 12.04947, 12.54228],
			"rotation": {"angle": -22.5, "axis": "x", "origin": [8.55093, 11.24673, 5.87408]},
			"faces": {
				"north": {"uv": [14, 2, 12, 0], "rotation": 180, "texture": "#0"},
				"east": {"uv": [10, 6, 12, 12], "rotation": 270, "texture": "#0"},
				"south": {"uv": [14, 2, 12, 0], "texture": "#0"},
				"west": {"uv": [10, 6, 12, 12], "rotation": 90, "texture": "#0"},
				"up": {"uv": [10, 6, 12, 12], "rotation": 180, "texture": "#0"},
				"down": {"uv": [10, 6, 12, 12], "texture": "#0"}
			}
		},
		{
			"from": [8.82048, 12.8146, 5.07134],
			"to": [10.84024, 16.85413, 7.09111],
			"rotation": {"angle": 45, "axis": "z", "origin": [8.55093, 11.24673, 5.87408]},
			"faces": {
				"north": {"uv": [10, 6, 12, 12], "texture": "#0"},
				"east": {"uv": [10, 6, 12, 12], "texture": "#0"},
				"south": {"uv": [10, 6, 12, 12], "texture": "#0"},
				"west": {"uv": [10, 6, 12, 12], "texture": "#0"},
				"up": {"uv": [14, 2, 12, 0], "texture": "#0"},
				"down": {"uv": [14, 2, 12, 0], "texture": "#0"}
			}
		},
		{
			"from": [4.62581, 15.29765, 5.32678],
			"to": [6.11093, 20.39798, 6.8119],
			"rotation": {"angle": 0, "axis": "z", "origin": [8.55093, 11.24673, 5.87408]},
			"faces": {
				"north": {"uv": [10, 6, 12, 12], "texture": "#0"},
				"east": {"uv": [10, 6, 12, 12], "texture": "#0"},
				"south": {"uv": [10, 6, 12, 12], "texture": "#0"},
				"west": {"uv": [10, 6, 12, 12], "texture": "#0"},
				"up": {"uv": [14, 2, 12, 0], "texture": "#0"},
				"down": {"uv": [14, 2, 12, 0], "texture": "#0"}
			}
		},
		{
			"from": [10.56629, 13.81253, 5.32678],
			"to": [12.05141, 18.91286, 6.8119],
			"rotation": {"angle": -22.5, "axis": "z", "origin": [11.68043, 13.42947, 5.96326]},
			"faces": {
				"north": {"uv": [10, 6, 12, 12], "texture": "#0"},
				"east": {"uv": [10, 6, 12, 12], "texture": "#0"},
				"south": {"uv": [10, 6, 12, 12], "texture": "#0"},
				"west": {"uv": [10, 6, 12, 12], "texture": "#0"},
				"up": {"uv": [14, 2, 12, 0], "texture": "#0"},
				"down": {"uv": [14, 2, 12, 0], "texture": "#0"}
			}
		},
		{
			"from": [8.55633, 18.11208, 5.56016],
			"to": [9.61713, 22.67352, 6.62096],
			"rotation": {"angle": -45, "axis": "z", "origin": [11.68043, 13.42947, 5.96326]},
			"faces": {
				"north": {"uv": [10, 6, 12, 12], "texture": "#0"},
				"east": {"uv": [10, 6, 12, 12], "texture": "#0"},
				"south": {"uv": [10, 6, 12, 12], "texture": "#0"},
				"west": {"uv": [10, 6, 12, 12], "texture": "#0"},
				"up": {"uv": [14, 2, 12, 0], "texture": "#0"},
				"down": {"uv": [14, 2, 12, 0], "texture": "#0"}
			}
		},
		{
			"from": [4.71167, 19.30656, 5.56016],
			"to": [5.77247, 23.868, 6.62096],
			"rotation": {"angle": 22.5, "axis": "z", "origin": [4.71152, 20.36736, 5.85718]},
			"faces": {
				"north": {"uv": [10, 6, 12, 12], "texture": "#0"},
				"east": {"uv": [10, 6, 12, 12], "texture": "#0"},
				"south": {"uv": [10, 6, 12, 12], "texture": "#0"},
				"west": {"uv": [10, 6, 12, 12], "texture": "#0"},
				"up": {"uv": [14, 2, 12, 0], "texture": "#0"},
				"down": {"uv": [14, 2, 12, 0], "texture": "#0"}
			}
		},
		{
			"from": [9.16688, 17.18496, 15.4256],
			"to": [10.22768, 21.7464, 16.4864],
			"rotation": {"angle": 0, "axis": "z", "origin": [4.71152, 20.36736, 5.85718]},
			"faces": {
				"north": {"uv": [10, 6, 12, 12], "texture": "#0"},
				"east": {"uv": [10, 6, 12, 12], "texture": "#0"},
				"south": {"uv": [10, 6, 12, 12], "texture": "#0"},
				"west": {"uv": [10, 6, 12, 12], "texture": "#0"},
				"up": {"uv": [14, 2, 12, 0], "texture": "#0"},
				"down": {"uv": [14, 2, 12, 0], "texture": "#0"}
			}
		},
		{
			"from": [9.0608, 13.81253, 11.69158],
			"to": [10.54592, 18.91286, 13.1767],
			"rotation": {"angle": 45, "axis": "x", "origin": [11.30885, 14.24109, 12.43414]},
			"faces": {
				"north": {"uv": [10, 6, 12, 12], "texture": "#0"},
				"east": {"uv": [10, 6, 12, 12], "texture": "#0"},
				"south": {"uv": [10, 6, 12, 12], "texture": "#0"},
				"west": {"uv": [10, 6, 12, 12], "texture": "#0"},
				"up": {"uv": [14, 2, 12, 0], "texture": "#0"},
				"down": {"uv": [14, 2, 12, 0], "texture": "#0"}
			}
		},
		{
			"from": [7.07474, 11.11711, 5.07134],
			"to": [9.0945, 15.15663, 7.09111],
			"rotation": {"angle": -45, "axis": "z", "origin": [8.55093, 11.24673, 5.87408]},
			"faces": {
				"north": {"uv": [10, 6, 12, 12], "texture": "#0"},
				"east": {"uv": [10, 6, 12, 12], "texture": "#0"},
				"south": {"uv": [10, 6, 12, 12], "texture": "#0"},
				"west": {"uv": [10, 6, 12, 12], "texture": "#0"},
				"up": {"uv": [14, 2, 12, 0], "texture": "#0"},
				"down": {"uv": [14, 2, 12, 0], "texture": "#0"}
			}
		},
		{
			"from": [8, 23.3376, 3.7568],
			"to": [18.608, 29.7024, 13.304],
			"rotation": {"angle": 0, "axis": "y", "origin": [-0.4864, 0, -0.4864]},
			"faces": {
				"north": {"uv": [6.5, 2.5, 9, 4], "texture": "#1"},
				"east": {"uv": [6.5, 7, 8.75, 8.5], "texture": "#1"},
				"south": {"uv": [6.5, 2.5, 9, 4], "texture": "#1"},
				"west": {"uv": [6.5, 7, 8.75, 8.5], "texture": "#1"},
				"up": {"uv": [6.5, 2.25, 4, 0], "texture": "#1"},
				"down": {"uv": [6.5, 2.25, 4, 0], "texture": "#1"}
			}
		},
		{
			"from": [1.6352, 25.4592, 13.304],
			"to": [9.0608, 29.7024, 19.6688],
			"rotation": {"angle": 0, "axis": "y", "origin": [-0.4864, 0, -0.4864]},
			"faces": {
				"north": {"uv": [9.75, 4.5, 11.5, 5.5], "texture": "#1"},
				"east": {"uv": [0, 10.5, 1.5, 11.5], "texture": "#1"},
				"south": {"uv": [9.75, 4.5, 11.5, 5.5], "texture": "#1"},
				"west": {"uv": [0, 10.5, 1.5, 11.5], "texture": "#1"},
				"up": {"uv": [7.5, 10, 5.75, 8.5], "texture": "#1"},
				"down": {"uv": [7.5, 10, 5.75, 8.5], "texture": "#1"}
			}
		},
		{
			"from": [-1.5472, 18.0336, 6.9392],
			"to": [5.8784, 22.2768, 13.304],
			"rotation": {"angle": 0, "axis": "y", "origin": [-0.4864, 0, -0.4864]},
			"faces": {
				"north": {"uv": [9.75, 4.5, 11.5, 5.5], "texture": "#1"},
				"east": {"uv": [0, 10.5, 1.5, 11.5], "texture": "#1"},
				"south": {"uv": [9.75, 4.5, 11.5, 5.5], "texture": "#1"},
				"west": {"uv": [0, 10.5, 1.5, 11.5], "texture": "#1"},
				"up": {"uv": [7.5, 10, 5.75, 8.5], "texture": "#1"},
				"down": {"uv": [7.5, 10, 5.75, 8.5], "texture": "#1"}
			}
		},
		{
			"from": [-1.5472, 20.1552, -1.5472],
			"to": [5.8784, 24.3984, 4.8176],
			"rotation": {"angle": 0, "axis": "y", "origin": [-0.4864, 0, -0.4864]},
			"faces": {
				"north": {"uv": [9.75, 4.5, 11.5, 5.5], "texture": "#1"},
				"east": {"uv": [0, 10.5, 1.5, 11.5], "texture": "#1"},
				"south": {"uv": [9.75, 4.5, 11.5, 5.5], "texture": "#1"},
				"west": {"uv": [0, 10.5, 1.5, 11.5], "texture": "#1"},
				"up": {"uv": [7.5, 10, 5.75, 8.5], "texture": "#1"},
				"down": {"uv": [7.5, 10, 5.75, 8.5], "texture": "#1"}
			}
		},
		{
			"from": [12.2432, 20.1552, 5.8784],
			"to": [19.6688, 24.3984, 12.2432],
			"rotation": {"angle": 0, "axis": "y", "origin": [-0.4864, 0, -0.4864]},
			"faces": {
				"north": {"uv": [9.75, 4.5, 11.5, 5.5], "texture": "#1"},
				"east": {"uv": [0, 10.5, 1.5, 11.5], "texture": "#1"},
				"south": {"uv": [9.75, 4.5, 11.5, 5.5], "texture": "#1"},
				"west": {"uv": [0, 10.5, 1.5, 11.5], "texture": "#1"},
				"up": {"uv": [7.5, 10, 5.75, 8.5], "texture": "#1"},
				"down": {"uv": [7.5, 10, 5.75, 8.5], "texture": "#1"}
			}
		},
		{
			"from": [13.304, 24.3984, -0.4864],
			"to": [20.7296, 28.6416, 5.8784],
			"rotation": {"angle": 0, "axis": "y", "origin": [-0.4864, 0, -0.4864]},
			"faces": {
				"north": {"uv": [9.75, 4.5, 11.5, 5.5], "texture": "#1"},
				"east": {"uv": [0, 10.5, 1.5, 11.5], "texture": "#1"},
				"south": {"uv": [9.75, 4.5, 11.5, 5.5], "texture": "#1"},
				"west": {"uv": [0, 10.5, 1.5, 11.5], "texture": "#1"},
				"up": {"uv": [7.5, 10, 5.75, 8.5], "texture": "#1"},
				"down": {"uv": [7.5, 10, 5.75, 8.5], "texture": "#1"}
			}
		},
		{
			"from": [14.3648, 27.5808, 4.8176],
			"to": [21.7904, 31.824, 11.1824],
			"rotation": {"angle": 0, "axis": "y", "origin": [-0.4864, 0, -0.4864]},
			"faces": {
				"north": {"uv": [9.75, 4.5, 11.5, 5.5], "texture": "#1"},
				"east": {"uv": [0, 10.5, 1.5, 11.5], "texture": "#1"},
				"south": {"uv": [9.75, 4.5, 11.5, 5.5], "texture": "#1"},
				"west": {"uv": [0, 10.5, 1.5, 11.5], "texture": "#1"},
				"up": {"uv": [7.5, 10, 5.75, 8.5], "texture": "#1"},
				"down": {"uv": [7.5, 10, 5.75, 8.5], "texture": "#1"}
			}
		},
		{
			"from": [0.5744, 21.216, 0.57],
			"to": [17.5472, 26.52, 16.482],
			"rotation": {"angle": 0, "axis": "z", "origin": [9.0608, 25.9896, 8.5304]},
			"faces": {
				"north": {"uv": [4, 7, 8, 5.75], "texture": "#1"},
				"east": {"uv": [4, 7, 8, 5.75], "texture": "#1"},
				"south": {"uv": [4, 7, 8, 5.75], "texture": "#1"},
				"west": {"uv": [4, 7, 8, 5.75], "texture": "#1"},
				"up": {"uv": [4, 3.75, 0, 0], "texture": "#1"},
				"down": {"uv": [4, 3.75, 0, 0], "texture": "#1"}
			}
		}
	],
	"display": {
		"thirdperson_righthand": {
			"translation": [0, 7.5, 1.25]
		},
		"thirdperson_lefthand": {
			"translation": [0, 7.5, 1.25]
		},
		"firstperson_righthand": {
			"translation": [0, 7, 0]
		},
		"firstperson_lefthand": {
			"translation": [0, 7, 0]
		},
		"ground": {
			"translation": [0, 5.25, 0]
		},
		"gui": {
			"translation": [-0.75, 8.25, 0],
			"scale": [2.01, 2.01, 1.99]
		},
		"head": {
			"rotation": [0, 31, 0],
			"translation": [-2, -13.25, 1.25],
			"scale": [4, 4, 4]
		},
		"fixed": {
			"rotation": [-90, 0, 0],
			"translation": [-2.25, 2.25, -31.75],
			"scale": [4, 4, 4]
		}
	}
}