{
	"credit": "Made with Blockbench",
	"texture_size": [64, 64],
	"textures": {
		"0": "custom/elitecreatures/ninetailfox/sakura",
		"1": "custom/elitecreatures/ninetailfox/sakuracrown",
		"particle": "custom/elitecreatures/ninetailfox/sakura"
	},
	"elements": [
		{
			"from": [9.53515, 0.14256, 4.36443],
			"to": [13.17072, 7.71667, 8],
			"rotation": {"angle": -22.5, "axis": "z", "origin": [8.52974, 10.81416, 5.95585]},
			"faces": {
				"north": {"uv": [10, 6, 12, 12], "texture": "#0"},
				"east": {"uv": [10, 6, 12, 12], "texture": "#0"},
				"south": {"uv": [10, 6, 12, 12], "texture": "#0"},
				"west": {"uv": [10, 6, 12, 12], "texture": "#0"},
				"up": {"uv": [14, 2, 12, 0], "texture": "#0"},
				"down": {"uv": [14, 2, 12, 0], "texture": "#0"}
			}
		},
		{
			"from": [7.68984, 6.37836, 4.78392],
			"to": [10.48643, 12.2046, 7.58051],
			"rotation": {"angle": 22.5, "axis": "z", "origin": [8.52974, 10.81416, 5.95585]},
			"faces": {
				"north": {"uv": [10, 6, 12, 12], "texture": "#0"},
				"east": {"uv": [10, 6, 12, 12], "texture": "#0"},
				"south": {"uv": [10, 6, 12, 12], "texture": "#0"},
				"west": {"uv": [10, 6, 12, 12], "texture": "#0"},
				"up": {"uv": [14, 2, 12, 0], "texture": "#0"},
				"down": {"uv": [14, 2, 12, 0], "texture": "#0"}
			}
		},
		{
			"from": [8.78892, 9.64395, 7.46342],
			"to": [10.731, 11.58603, 12.36758],
			"rotation": {"angle": -22.5, "axis": "x", "origin": [8.52974, 10.81416, 5.95585]},
			"faces": {
				"north": {"uv": [14, 2, 12, 0], "rotation": 180, "texture": "#0"},
				"east": {"uv": [10, 6, 12, 12], "rotation": 270, "texture": "#0"},
				"south": {"uv": [14, 2, 12, 0], "texture": "#0"},
				"west": {"uv": [10, 6, 12, 12], "rotation": 90, "texture": "#0"},
				"up": {"uv": [10, 6, 12, 12], "rotation": 180, "texture": "#0"},
				"down": {"uv": [10, 6, 12, 12], "texture": "#0"}
			}
		},
		{
			"from": [8.78892, 12.32173, 5.18398],
			"to": [10.731, 16.20589, 7.12606],
			"rotation": {"angle": 45, "axis": "z", "origin": [8.52974, 10.81416, 5.95585]},
			"faces": {
				"north": {"uv": [10, 6, 12, 12], "texture": "#0"},
				"east": {"uv": [10, 6, 12, 12], "texture": "#0"},
				"south": {"uv": [10, 6, 12, 12], "texture": "#0"},
				"west": {"uv": [10, 6, 12, 12], "texture": "#0"},
				"up": {"uv": [14, 2, 12, 0], "texture": "#0"},
				"down": {"uv": [14, 2, 12, 0], "texture": "#0"}
			}
		},
		{
			"from": [4.75558, 14.70928, 5.4296],
			"to": [6.18358, 19.61344, 6.8576],
			"rotation": {"angle": 0, "axis": "z", "origin": [8.52974, 10.81416, 5.95585]},
			"faces": {
				"north": {"uv": [10, 6, 12, 12], "texture": "#0"},
				"east": {"uv": [10, 6, 12, 12], "texture": "#0"},
				"south": {"uv": [10, 6, 12, 12], "texture": "#0"},
				"west": {"uv": [10, 6, 12, 12], "texture": "#0"},
				"up": {"uv": [14, 2, 12, 0], "texture": "#0"},
				"down": {"uv": [14, 2, 12, 0], "texture": "#0"}
			}
		},
		{
			"from": [10.46758, 13.28128, 5.4296],
			"to": [11.89558, 18.18544, 6.8576],
			"rotation": {"angle": -22.5, "axis": "z", "origin": [11.53888, 12.91295, 6.0416]},
			"faces": {
				"north": {"uv": [10, 6, 12, 12], "texture": "#0"},
				"east": {"uv": [10, 6, 12, 12], "texture": "#0"},
				"south": {"uv": [10, 6, 12, 12], "texture": "#0"},
				"west": {"uv": [10, 6, 12, 12], "texture": "#0"},
				"up": {"uv": [14, 2, 12, 0], "texture": "#0"},
				"down": {"uv": [14, 2, 12, 0], "texture": "#0"}
			}
		},
		{
			"from": [8.53493, 17.41546, 5.654],
			"to": [9.55493, 21.80146, 6.674],
			"rotation": {"angle": -45, "axis": "z", "origin": [11.53888, 12.91295, 6.0416]},
			"faces": {
				"north": {"uv": [10, 6, 12, 12], "texture": "#0"},
				"east": {"uv": [10, 6, 12, 12], "texture": "#0"},
				"south": {"uv": [10, 6, 12, 12], "texture": "#0"},
				"west": {"uv": [10, 6, 12, 12], "texture": "#0"},
				"up": {"uv": [14, 2, 12, 0], "texture": "#0"},
				"down": {"uv": [14, 2, 12, 0], "texture": "#0"}
			}
		},
		{
			"from": [4.83814, 18.564, 5.654],
			"to": [5.85814, 22.95, 6.674],
			"rotation": {"angle": 22.5, "axis": "z", "origin": [4.838, 19.584, 5.9396]},
			"faces": {
				"north": {"uv": [10, 6, 12, 12], "texture": "#0"},
				"east": {"uv": [10, 6, 12, 12], "texture": "#0"},
				"south": {"uv": [10, 6, 12, 12], "texture": "#0"},
				"west": {"uv": [10, 6, 12, 12], "texture": "#0"},
				"up": {"uv": [14, 2, 12, 0], "texture": "#0"},
				"down": {"uv": [14, 2, 12, 0], "texture": "#0"}
			}
		},
		{
			"from": [9.122, 16.524, 15.14],
			"to": [10.142, 20.91, 16.16],
			"rotation": {"angle": 0, "axis": "z", "origin": [4.838, 19.584, 5.9396]},
			"faces": {
				"north": {"uv": [10, 6, 12, 12], "texture": "#0"},
				"east": {"uv": [10, 6, 12, 12], "texture": "#0"},
				"south": {"uv": [10, 6, 12, 12], "texture": "#0"},
				"west": {"uv": [10, 6, 12, 12], "texture": "#0"},
				"up": {"uv": [14, 2, 12, 0], "texture": "#0"},
				"down": {"uv": [14, 2, 12, 0], "texture": "#0"}
			}
		},
		{
			"from": [9.02, 13.28128, 11.5496],
			"to": [10.448, 18.18544, 12.9776],
			"rotation": {"angle": 45, "axis": "x", "origin": [11.18158, 13.69336, 12.2636]},
			"faces": {
				"north": {"uv": [10, 6, 12, 12], "texture": "#0"},
				"east": {"uv": [10, 6, 12, 12], "texture": "#0"},
				"south": {"uv": [10, 6, 12, 12], "texture": "#0"},
				"west": {"uv": [10, 6, 12, 12], "texture": "#0"},
				"up": {"uv": [14, 2, 12, 0], "texture": "#0"},
				"down": {"uv": [14, 2, 12, 0], "texture": "#0"}
			}
		},
		{
			"from": [7.11033, 10.68953, 5.18398],
			"to": [9.05241, 14.57369, 7.12606],
			"rotation": {"angle": -45, "axis": "z", "origin": [8.52974, 10.81416, 5.95585]},
			"faces": {
				"north": {"uv": [10, 6, 12, 12], "texture": "#0"},
				"east": {"uv": [10, 6, 12, 12], "texture": "#0"},
				"south": {"uv": [10, 6, 12, 12], "texture": "#0"},
				"west": {"uv": [10, 6, 12, 12], "texture": "#0"},
				"up": {"uv": [14, 2, 12, 0], "texture": "#0"},
				"down": {"uv": [14, 2, 12, 0], "texture": "#0"}
			}
		},
		{
			"from": [8, 22.44, 3.92],
			"to": [18.2, 28.56, 13.1],
			"rotation": {"angle": 0, "axis": "y", "origin": [-0.16, 0, -0.16]},
			"faces": {
				"north": {"uv": [6.5, 2.5, 9, 4], "texture": "#1"},
				"east": {"uv": [6.5, 7, 8.75, 8.5], "texture": "#1"},
				"south": {"uv": [6.5, 2.5, 9, 4], "texture": "#1"},
				"west": {"uv": [6.5, 7, 8.75, 8.5], "texture": "#1"},
				"up": {"uv": [6.5, 2.25, 4, 0], "texture": "#1"},
				"down": {"uv": [6.5, 2.25, 4, 0], "texture": "#1"}
			}
		},
		{
			"from": [1.88, 24.48, 13.1],
			"to": [9.02, 28.56, 19.22],
			"rotation": {"angle": 0, "axis": "y", "origin": [-0.16, 0, -0.16]},
			"faces": {
				"north": {"uv": [9.75, 4.5, 11.5, 5.5], "texture": "#1"},
				"east": {"uv": [0, 10.5, 1.5, 11.5], "texture": "#1"},
				"south": {"uv": [9.75, 4.5, 11.5, 5.5], "texture": "#1"},
				"west": {"uv": [0, 10.5, 1.5, 11.5], "texture": "#1"},
				"up": {"uv": [7.5, 10, 5.75, 8.5], "texture": "#1"},
				"down": {"uv": [7.5, 10, 5.75, 8.5], "texture": "#1"}
			}
		},
		{
			"from": [-1.18, 17.34, 6.98],
			"to": [5.96, 21.42, 13.1],
			"rotation": {"angle": 0, "axis": "y", "origin": [-0.16, 0, -0.16]},
			"faces": {
				"north": {"uv": [9.75, 4.5, 11.5, 5.5], "texture": "#1"},
				"east": {"uv": [0, 10.5, 1.5, 11.5], "texture": "#1"},
				"south": {"uv": [9.75, 4.5, 11.5, 5.5], "texture": "#1"},
				"west": {"uv": [0, 10.5, 1.5, 11.5], "texture": "#1"},
				"up": {"uv": [7.5, 10, 5.75, 8.5], "texture": "#1"},
				"down": {"uv": [7.5, 10, 5.75, 8.5], "texture": "#1"}
			}
		},
		{
			"from": [-1.18, 19.38, -1.18],
			"to": [5.96, 23.46, 4.94],
			"rotation": {"angle": 0, "axis": "y", "origin": [-0.16, 0, -0.16]},
			"faces": {
				"north": {"uv": [9.75, 4.5, 11.5, 5.5], "texture": "#1"},
				"east": {"uv": [0, 10.5, 1.5, 11.5], "texture": "#1"},
				"south": {"uv": [9.75, 4.5, 11.5, 5.5], "texture": "#1"},
				"west": {"uv": [0, 10.5, 1.5, 11.5], "texture": "#1"},
				"up": {"uv": [7.5, 10, 5.75, 8.5], "texture": "#1"},
				"down": {"uv": [7.5, 10, 5.75, 8.5], "texture": "#1"}
			}
		},
		{
			"from": [12.08, 19.38, 5.96],
			"to": [19.22, 23.46, 12.08],
			"rotation": {"angle": 0, "axis": "y", "origin": [-0.16, 0, -0.16]},
			"faces": {
				"north": {"uv": [9.75, 4.5, 11.5, 5.5], "texture": "#1"},
				"east": {"uv": [0, 10.5, 1.5, 11.5], "texture": "#1"},
				"south": {"uv": [9.75, 4.5, 11.5, 5.5], "texture": "#1"},
				"west": {"uv": [0, 10.5, 1.5, 11.5], "texture": "#1"},
				"up": {"uv": [7.5, 10, 5.75, 8.5], "texture": "#1"},
				"down": {"uv": [7.5, 10, 5.75, 8.5], "texture": "#1"}
			}
		},
		{
			"from": [13.1, 23.46, -0.16],
			"to": [20.24, 27.54, 5.96],
			"rotation": {"angle": 0, "axis": "y", "origin": [-0.16, 0, -0.16]},
			"faces": {
				"north": {"uv": [9.75, 4.5, 11.5, 5.5], "texture": "#1"},
				"east": {"uv": [0, 10.5, 1.5, 11.5], "texture": "#1"},
				"south": {"uv": [9.75, 4.5, 11.5, 5.5], "texture": "#1"},
				"west": {"uv": [0, 10.5, 1.5, 11.5], "texture": "#1"},
				"up": {"uv": [7.5, 10, 5.75, 8.5], "texture": "#1"},
				"down": {"uv": [7.5, 10, 5.75, 8.5], "texture": "#1"}
			}
		},
		{
			"from": [14.12, 26.52, 4.94],
			"to": [21.26, 30.6, 11.06],
			"rotation": {"angle": 0, "axis": "y", "origin": [-0.16, 0, -0.16]},
			"faces": {
				"north": {"uv": [9.75, 4.5, 11.5, 5.5], "texture": "#1"},
				"east": {"uv": [0, 10.5, 1.5, 11.5], "texture": "#1"},
				"south": {"uv": [9.75, 4.5, 11.5, 5.5], "texture": "#1"},
				"west": {"uv": [0, 10.5, 1.5, 11.5], "texture": "#1"},
				"up": {"uv": [7.5, 10, 5.75, 8.5], "texture": "#1"},
				"down": {"uv": [7.5, 10, 5.75, 8.5], "texture": "#1"}
			}
		},
		{
			"from": [0.86, 20.4, 0.86],
			"to": [17.18, 25.5, 16.16],
			"rotation": {"angle": 0, "axis": "z", "origin": [9.02, 24.99, 8.51]},
			"faces": {
				"north": {"uv": [4, 7, 8, 5.75], "texture": "#1"},
				"east": {"uv": [4, 7, 8, 5.75], "texture": "#1"},
				"south": {"uv": [4, 7, 8, 5.75], "texture": "#1"},
				"west": {"uv": [4, 7, 8, 5.75], "texture": "#1"},
				"up": {"uv": [4, 3.75, 0, 0], "texture": "#1"},
				"down": {"uv": [4, 3.75, 0, 0], "texture": "#1"}
			}
		}
	],
	"display": {
		"thirdperson_righthand": {
			"translation": [0, 7.5, 1.25]
		},
		"thirdperson_lefthand": {
			"translation": [0, 7.5, 1.25]
		},
		"firstperson_righthand": {
			"translation": [0, 7, 0]
		},
		"firstperson_lefthand": {
			"translation": [0, 7, 0]
		},
		"ground": {
			"translation": [0, 5.25, 0]
		},
		"gui": {
			"translation": [-0.75, 8.25, 0],
			"scale": [2.01, 2.01, 1.99]
		},
		"head": {
			"translation": [-2, -13.25, 1.25],
			"scale": [4, 4, 4]
		},
		"fixed": {
			"rotation": [-90, 0, 0],
			"translation": [-2.25, 2.25, -31.75],
			"scale": [4, 4, 4]
		}
	}
}