{
	"credit": "Made with Blockbench",
	"texture_size": [8, 8],
	"textures": {
		"0": "custom/elitecreatures/ninetailfox/sakura",
		"particle": "custom/elitecreatures/ninetailfox/sakura"
	},
	"elements": [
		{
			"from": [7.90534, -0.15501, 5.45408],
			"to": [10.45126, 5.14899, 8],
			"rotation": {"angle": -22.5, "axis": "z", "origin": [8.42671, 4.5053, 6.72704]},
			"faces": {
				"north": {"uv": [10, 6, 12, 12], "texture": "#0"},
				"east": {"uv": [10, 6, 12, 12], "texture": "#0"},
				"south": {"uv": [10, 6, 12, 12], "texture": "#0"},
				"west": {"uv": [10, 6, 12, 12], "texture": "#0"},
				"up": {"uv": [14, 2, 12, 0], "texture": "#0"},
				"down": {"uv": [14, 2, 12, 0], "texture": "#0"}
			}
		},
		{
			"from": [8.96098, 4.25446, 5.74784],
			"to": [10.91938, 8.33446, 7.70624],
			"rotation": {"angle": 22.5, "axis": "z", "origin": [8.42671, 4.5053, 6.72704]},
			"faces": {
				"north": {"uv": [10, 6, 12, 12], "texture": "#0"},
				"east": {"uv": [10, 6, 12, 12], "texture": "#0"},
				"south": {"uv": [10, 6, 12, 12], "texture": "#0"},
				"west": {"uv": [10, 6, 12, 12], "texture": "#0"},
				"up": {"uv": [14, 2, 12, 0], "texture": "#0"},
				"down": {"uv": [14, 2, 12, 0], "texture": "#0"}
			}
		},
		{
			"from": [7.728, 8.30062, 6.028],
			"to": [9.088, 11.02062, 7.388],
			"rotation": {"angle": 45, "axis": "z", "origin": [7.56274, 8.40414, 6.42784]},
			"faces": {
				"north": {"uv": [10, 6, 12, 12], "texture": "#0"},
				"east": {"uv": [10, 6, 12, 12], "texture": "#0"},
				"south": {"uv": [10, 6, 12, 12], "texture": "#0"},
				"west": {"uv": [10, 6, 12, 12], "texture": "#0"},
				"up": {"uv": [14, 2, 12, 0], "texture": "#0"},
				"down": {"uv": [14, 2, 12, 0], "texture": "#0"}
			}
		},
		{
			"from": [5.728, 10.30062, 6.2],
			"to": [6.728, 13.02062, 7.2],
			"rotation": {"angle": 0, "axis": "z", "origin": [7.56274, 8.40414, 6.42784]},
			"faces": {
				"north": {"uv": [10, 6, 12, 12], "texture": "#0"},
				"east": {"uv": [10, 6, 12, 12], "texture": "#0"},
				"south": {"uv": [10, 6, 12, 12], "texture": "#0"},
				"west": {"uv": [10, 6, 12, 12], "texture": "#0"},
				"up": {"uv": [14, 2, 12, 0], "texture": "#0"},
				"down": {"uv": [14, 2, 12, 0], "texture": "#0"}
			}
		},
		{
			"from": [9.728, 9.30062, 6.2],
			"to": [10.728, 12.02062, 7.2],
			"rotation": {"angle": 0, "axis": "z", "origin": [7.56274, 8.40414, 6.42784]},
			"faces": {
				"north": {"uv": [10, 6, 12, 12], "texture": "#0"},
				"east": {"uv": [10, 6, 12, 12], "texture": "#0"},
				"south": {"uv": [10, 6, 12, 12], "texture": "#0"},
				"west": {"uv": [10, 6, 12, 12], "texture": "#0"},
				"up": {"uv": [14, 2, 12, 0], "texture": "#0"},
				"down": {"uv": [14, 2, 12, 0], "texture": "#0"}
			}
		},
		{
			"from": [7.728, 8.30062, 6.028],
			"to": [9.088, 11.02062, 7.388],
			"rotation": {"angle": -45, "axis": "z", "origin": [7.56274, 8.40414, 6.42784]},
			"faces": {
				"north": {"uv": [10, 6, 12, 12], "texture": "#0"},
				"east": {"uv": [10, 6, 12, 12], "texture": "#0"},
				"south": {"uv": [10, 6, 12, 12], "texture": "#0"},
				"west": {"uv": [10, 6, 12, 12], "texture": "#0"},
				"up": {"uv": [14, 2, 12, 0], "texture": "#0"},
				"down": {"uv": [14, 2, 12, 0], "texture": "#0"}
			}
		},
		{
			"from": [4.15394, 11.01365, 6.41],
			"to": [8.87394, 14.55365, 6.41],
			"rotation": {"angle": 0, "axis": "z", "origin": [5.51394, 13.78365, 7.41]},
			"faces": {
				"north": {"uv": [8, 6, 0, 12], "texture": "#0"},
				"east": {"uv": [0, 0, 0, 6], "texture": "#0"},
				"south": {"uv": [0, 6, 8, 12], "texture": "#0"},
				"west": {"uv": [0, 0, 0, 6], "texture": "#0"},
				"up": {"uv": [8, 0, 0, 0], "texture": "#0"},
				"down": {"uv": [8, 0, 0, 0], "texture": "#0"}
			}
		},
		{
			"from": [8.15394, 11.01365, 6.41],
			"to": [12.87394, 14.55365, 6.41],
			"rotation": {"angle": -22.5, "axis": "z", "origin": [10.51394, 12.78365, 6.41]},
			"faces": {
				"north": {"uv": [8, 6, 0, 12], "texture": "#0"},
				"east": {"uv": [0, 0, 0, 6], "texture": "#0"},
				"south": {"uv": [0, 6, 8, 12], "texture": "#0"},
				"west": {"uv": [0, 0, 0, 6], "texture": "#0"},
				"up": {"uv": [8, 0, 0, 0], "texture": "#0"},
				"down": {"uv": [8, 0, 0, 0], "texture": "#0"}
			}
		}
	],
	"display": {
		"thirdperson_righthand": {
			"translation": [0, 7.5, 1.25]
		},
		"thirdperson_lefthand": {
			"translation": [0, 7.5, 1.25]
		},
		"firstperson_righthand": {
			"translation": [0, 7, 0]
		},
		"firstperson_lefthand": {
			"translation": [0, 7, 0]
		},
		"ground": {
			"translation": [0, 5.25, 0]
		},
		"gui": {
			"translation": [-0.75, 8.25, 0],
			"scale": [2.01, 2.01, 1.99]
		},
		"head": {
			"translation": [-2, -13.25, 1.25],
			"scale": [4, 4, 4]
		},
		"fixed": {
			"rotation": [-90, 0, 0],
			"translation": [-2.25, 2.25, -31.75],
			"scale": [4, 4, 4]
		}
	}
}