{"textures":{"0":"modelengine:entity/octanaexploder"},"elements":[{"from":[9.430946,12.499309,11.739388],"to":[13.69426,16.101646,15.581337],"faces":{"east":{"uv":[5.6875,6.5625,6.992724,7.5849376],"tintindex":0,"rotation":0,"texture":"#0"},"south":{"uv":[5.6875,6.5625,6.992724,7.5849376],"tintindex":0,"rotation":0,"texture":"#0"},"north":{"uv":[5.6875,6.5625,6.992724,7.5849376],"tintindex":0,"rotation":0,"texture":"#0"},"west":{"uv":[5.6875,6.5625,6.992724,7.5849376],"tintindex":0,"rotation":0,"texture":"#0"},"up":{"uv":[5.6875,6.5625,6.992724,7.5849376],"tintindex":0,"rotation":0,"texture":"#0"},"down":{"uv":[5.6875,6.5625,6.992724,7.5849376],"tintindex":0,"rotation":0,"texture":"#0"}},"rotation":{"origin":[6.3930354,14.479308,11.873802],"angle":-22.5,"axis":"z"}},{"from":[3.9697366,5.8439,11.162421],"to":[12.472983,11.537314,13.187004],"faces":{"east":{"uv":[7.78125,8.875,8.28125,10.71875],"tintindex":0,"rotation":0,"texture":"#0"},"south":{"uv":[5.25,4.28125,7.28125,6.125],"tintindex":0,"rotation":0,"texture":"#0"},"north":{"uv":[5.25,4.28125,7.28125,6.125],"tintindex":0,"rotation":0,"texture":"#0"},"west":{"uv":[8.28125,8.875,7.78125,10.71875],"tintindex":0,"rotation":0,"texture":"#0"},"up":{"uv":[10.40625,3.4375,8.375,2.9375],"tintindex":0,"rotation":0,"texture":"#0"},"down":{"uv":[10.5625,6.78125,8.53125,7.28125],"tintindex":0,"rotation":0,"texture":"#0"}}},{"from":[3.739078,7.736525,11.663256],"to":[7.1226587,10.595524,14.712421],"faces":{"east":{"uv":[5.6875,6.5625,6.992724,7.5849376],"tintindex":0,"rotation":0,"texture":"#0"},"south":{"uv":[5.6875,6.5625,6.992724,7.5849376],"tintindex":0,"rotation":0,"texture":"#0"},"north":{"uv":[5.6875,6.5625,6.992724,7.5849376],"tintindex":0,"rotation":0,"texture":"#0"},"west":{"uv":[5.6875,6.5625,6.992724,7.5849376],"tintindex":0,"rotation":0,"texture":"#0"},"up":{"uv":[5.6875,6.5625,6.992724,7.5849376],"tintindex":0,"rotation":0,"texture":"#0"},"down":{"uv":[5.6875,6.5625,6.992724,7.5849376],"tintindex":0,"rotation":0,"texture":"#0"}},"rotation":{"origin":[6.8280373,11.736526,11.269933],"angle":-45.0,"axis":"z"}},{"from":[3.2549868,6.046358,11.237003],"to":[13.187733,12.169271,18.430418],"faces":{"east":{"uv":[1.84375,4.875,0.0,7.3125],"tintindex":0,"rotation":0,"texture":"#0"},"south":{"uv":[0.0,2.4375,2.625,4.875],"tintindex":0,"rotation":0,"texture":"#0"},"north":{"uv":[0.0,0.0,2.625,2.4375],"tintindex":0,"rotation":0,"texture":"#0"},"west":{"uv":[0.0,4.875,1.84375,7.3125],"tintindex":0,"rotation":0,"texture":"#0"},"up":{"uv":[5.25,6.34375,2.625,4.5],"tintindex":0,"rotation":0,"texture":"#0"},"down":{"uv":[7.40625,0.0,4.78125,1.84375],"tintindex":0,"rotation":0,"texture":"#0"}}},{"from":[6.1967773,6.236525,22.479582],"to":[10.245943,10.000441,23.694332],"faces":{"east":{"uv":[12.25,7.21875,11.96875,8.46875],"tintindex":0,"rotation":0,"texture":"#0"},"south":{"uv":[3.59375,7.5,4.5625,8.75],"tintindex":0,"rotation":0,"texture":"#0"},"north":{"uv":[7.40625,0.0,8.375,1.25],"tintindex":0,"rotation":0,"texture":"#0"},"west":{"uv":[11.96875,7.21875,12.25,8.46875],"tintindex":0,"rotation":0,"texture":"#0"},"up":{"uv":[11.65625,6.28125,10.6875,6.0],"tintindex":0,"rotation":0,"texture":"#0"},"down":{"uv":[12.125,1.5625,11.15625,1.84375],"tintindex":0,"rotation":0,"texture":"#0"}}},{"from":[3.9697366,5.8439,9.212421],"to":[12.472983,11.537314,11.237003],"faces":{"east":{"uv":[8.28125,8.875,7.78125,10.71875],"tintindex":0,"rotation":0,"texture":"#0"},"south":{"uv":[5.25,6.125,7.28125,7.96875],"tintindex":0,"rotation":0,"texture":"#0"},"north":{"uv":[5.25,4.28125,7.28125,6.125],"tintindex":0,"rotation":0,"texture":"#0"},"west":{"uv":[7.78125,8.875,8.28125,10.71875],"tintindex":0,"rotation":0,"texture":"#0"},"up":{"uv":[10.40625,3.4375,8.375,2.9375],"tintindex":0,"rotation":0,"texture":"#0"},"down":{"uv":[10.5625,6.78125,8.53125,7.28125],"tintindex":0,"rotation":0,"texture":"#0"}}},{"from":[3.7672782,6.046358,18.430418],"to":[12.675442,11.359439,20.455002],"faces":{"east":{"uv":[6.3125,7.96875,5.8125,10.21875],"tintindex":0,"rotation":0,"texture":"#0"},"south":{"uv":[2.625,2.25,4.78125,4.5],"tintindex":0,"rotation":0,"texture":"#0"},"north":{"uv":[2.625,0.0,4.78125,2.25],"tintindex":0,"rotation":0,"texture":"#0"},"west":{"uv":[5.8125,7.96875,6.3125,10.21875],"tintindex":0,"rotation":0,"texture":"#0"},"up":{"uv":[10.53125,2.4375,8.375,1.9375],"tintindex":0,"rotation":0,"texture":"#0"},"down":{"uv":[10.53125,2.4375,8.375,2.9375],"tintindex":0,"rotation":0,"texture":"#0"}}},{"from":[4.5771112,6.3439,20.454998],"to":[11.865608,11.037314,22.479582],"faces":{"east":{"uv":[9.4375,3.4375,8.9375,5.28125],"tintindex":0,"rotation":0,"texture":"#0"},"south":{"uv":[6.625,1.84375,8.375,3.6875],"tintindex":0,"rotation":0,"texture":"#0"},"north":{"uv":[1.84375,6.34375,3.59375,8.1875],"tintindex":0,"rotation":0,"texture":"#0"},"west":{"uv":[8.9375,3.4375,9.4375,5.28125],"tintindex":0,"rotation":0,"texture":"#0"},"up":{"uv":[10.6875,5.78125,8.9375,5.28125],"tintindex":0,"rotation":0,"texture":"#0"},"down":{"uv":[10.6875,5.78125,8.9375,6.28125],"tintindex":0,"rotation":0,"texture":"#0"}}},{"from":[4.239078,11.736526,15.163256],"to":[7.6226587,14.595524,18.212421],"faces":{"east":{"uv":[5.6875,6.5625,6.992724,7.5849376],"tintindex":0,"rotation":0,"texture":"#0"},"south":{"uv":[5.6875,6.5625,6.992724,7.5849376],"tintindex":0,"rotation":0,"texture":"#0"},"north":{"uv":[5.6875,6.5625,6.992724,7.5849376],"tintindex":0,"rotation":0,"texture":"#0"},"west":{"uv":[5.6875,6.5625,6.992724,7.5849376],"tintindex":0,"rotation":0,"texture":"#0"},"up":{"uv":[5.6875,6.5625,6.992724,7.5849376],"tintindex":0,"rotation":0,"texture":"#0"},"down":{"uv":[5.6875,6.5625,6.992724,7.5849376],"tintindex":0,"rotation":0,"texture":"#0"}},"rotation":{"origin":[6.8280373,11.736526,11.269933],"angle":22.5,"axis":"z"}},{"from":[9.239078,11.736526,18.663256],"to":[12.62266,14.595524,21.712421],"faces":{"east":{"uv":[5.6875,6.5625,6.992724,7.5849376],"tintindex":0,"rotation":0,"texture":"#0"},"south":{"uv":[5.6875,6.5625,6.992724,7.5849376],"tintindex":0,"rotation":0,"texture":"#0"},"north":{"uv":[5.6875,6.5625,6.992724,7.5849376],"tintindex":0,"rotation":0,"texture":"#0"},"west":{"uv":[5.6875,6.5625,6.992724,7.5849376],"tintindex":0,"rotation":0,"texture":"#0"},"up":{"uv":[5.6875,6.5625,6.992724,7.5849376],"tintindex":0,"rotation":0,"texture":"#0"},"down":{"uv":[5.6875,6.5625,6.992724,7.5849376],"tintindex":0,"rotation":0,"texture":"#0"}},"rotation":{"origin":[6.8280373,11.736526,11.269933],"angle":-22.5,"axis":"z"}}],"display":{"gui":{"rotation":[30,225,0]}}}