{"textures":{"1":"modelengine:entity/horse"},"elements":[{"from":[6.3199997,0.5799999,6.74],"to":[12.08,6.34,12.5],"faces":{"east":{"uv":[11.1875,5.5,11.5625,5.875],"tintindex":0,"rotation":0,"texture":"#1"},"south":{"uv":[11.1875,6.5,11.5625,6.875],"tintindex":0,"rotation":0,"texture":"#1"},"north":{"uv":[5.25,11.1875,5.625,11.5625],"tintindex":0,"rotation":0,"texture":"#1"},"west":{"uv":[11.1875,8.3125,11.5625,8.6875],"tintindex":0,"rotation":0,"texture":"#1"},"up":{"uv":[9.625,11.5625,9.25,11.1875],"tintindex":0,"rotation":0,"texture":"#1"},"down":{"uv":[11.5625,9.625,11.1875,10.0],"tintindex":0,"rotation":0,"texture":"#1"}}},{"from":[6.6800003,0.5799999,3.8600006],"to":[11.54,5.26,7.2800007],"faces":{"east":{"uv":[7.75,11.875,7.9375,12.1875],"tintindex":0,"rotation":0,"texture":"#1"},"south":{"uv":[11.5625,6.4375,11.875,6.75],"tintindex":0,"rotation":0,"texture":"#1"},"north":{"uv":[11.5625,6.125,11.875,6.4375],"tintindex":0,"rotation":0,"texture":"#1"},"west":{"uv":[11.875,8.25,12.0625,8.5625],"tintindex":0,"rotation":0,"texture":"#1"},"up":{"uv":[12.1875,9.1875,11.875,9.0],"tintindex":0,"rotation":0,"texture":"#1"},"down":{"uv":[9.4375,11.875,9.125,12.0625],"tintindex":0,"rotation":0,"texture":"#1"}},"rotation":{"origin":[20.0,-0.85999966,6.74],"angle":22.5,"axis":"x"}},{"from":[7.3999996,6.34,8.18],"to":[11.0,8.860001,9.26],"faces":{"east":{"uv":[4.5,1.125,4.5625,1.3125],"tintindex":0,"rotation":0,"texture":"#1"},"south":{"uv":[10.0,11.9375,10.25,12.125],"tintindex":0,"rotation":0,"texture":"#1"},"north":{"uv":[11.9375,0.6875,12.1875,0.875],"tintindex":0,"rotation":0,"texture":"#1"},"west":{"uv":[6.4375,2.6875,6.5,2.875],"tintindex":0,"rotation":0,"texture":"#1"},"up":{"uv":[3.6875,2.25,3.4375,2.1875],"tintindex":0,"rotation":0,"texture":"#1"},"down":{"uv":[7.0625,1.625,6.8125,1.6875],"tintindex":0,"rotation":0,"texture":"#1"}}},{"from":[7.3999996,6.34,10.52],"to":[11.0,8.860001,11.6],"faces":{"east":{"uv":[8.9375,9.625,9.0,9.8125],"tintindex":0,"rotation":0,"texture":"#1"},"south":{"uv":[2.3125,12.0,2.5625,12.1875],"tintindex":0,"rotation":0,"texture":"#1"},"north":{"uv":[2.0625,12.0,2.3125,12.1875],"tintindex":0,"rotation":0,"texture":"#1"},"west":{"uv":[2.75,9.8125,2.8125,10.0],"tintindex":0,"rotation":0,"texture":"#1"},"up":{"uv":[7.3125,1.6875,7.0625,1.625],"tintindex":0,"rotation":0,"texture":"#1"},"down":{"uv":[7.5625,1.625,7.3125,1.6875],"tintindex":0,"rotation":0,"texture":"#1"}}},{"from":[5.6000004,0.5799999,6.0200005],"to":[12.62,3.46,12.860001],"faces":{"east":{"uv":[11.625,4.75,12.0625,4.9375],"tintindex":0,"rotation":0,"texture":"#1"},"south":{"uv":[11.625,4.9375,12.0625,5.125],"tintindex":0,"rotation":0,"texture":"#1"},"north":{"uv":[11.625,4.5625,12.0625,4.75],"tintindex":0,"rotation":0,"texture":"#1"},"west":{"uv":[11.625,7.5,12.0625,7.6875],"tintindex":0,"rotation":0,"texture":"#1"},"up":{"uv":[10.625,8.0625,10.1875,7.625],"tintindex":0,"rotation":0,"texture":"#1"},"down":{"uv":[10.625,9.4375,10.1875,9.875],"tintindex":0,"rotation":0,"texture":"#1"}}},{"from":[8.12,6.34,7.6399994],"to":[10.28,8.860001,11.959999],"faces":{"east":{"uv":[11.0625,11.9375,11.3125,12.125],"tintindex":0,"rotation":0,"texture":"#1"},"south":{"uv":[12.0625,9.9375,12.1875,10.125],"tintindex":0,"rotation":0,"texture":"#1"},"north":{"uv":[12.0625,9.75,12.1875,9.9375],"tintindex":0,"rotation":0,"texture":"#1"},"west":{"uv":[1.4375,12.0,1.6875,12.1875],"tintindex":0,"rotation":0,"texture":"#1"},"up":{"uv":[3.6875,11.625,3.5625,11.375],"tintindex":0,"rotation":0,"texture":"#1"},"down":{"uv":[11.1875,11.375,11.0625,11.625],"tintindex":0,"rotation":0,"texture":"#1"}}}],"display":{"gui":{"rotation":[30,225,0]}}}