{"textures":{"1":"modelengine:entity/shadow_merge"},"elements":[{"from":[12.0,1.815567,4.84099],"to":[16.0,13.815567,8.84099],"faces":{"east":{"uv":[7.0,0.0,6.0,3.0],"tintindex":0,"rotation":0,"texture":"#1"},"south":{"uv":[6.0,6.0,5.0,9.0],"tintindex":0,"rotation":0,"texture":"#1"},"north":{"uv":[7.0,3.0,6.0,6.0],"tintindex":0,"rotation":0,"texture":"#1"},"west":{"uv":[5.0,6.0,4.0,9.0],"tintindex":0,"rotation":0,"texture":"#1"},"up":{"uv":[5.0,10.0,6.0,9.0],"tintindex":0,"rotation":90,"texture":"#1"},"down":{"uv":[9.0,5.0,10.0,6.0],"tintindex":0,"rotation":270,"texture":"#1"}},"rotation":{"origin":[14.0,8.565567,9.59099],"angle":45.0,"axis":"x"}},{"from":[8.75,-9.934433,3.09099],"to":[12.75,2.065567,7.09099],"faces":{"east":{"uv":[4.0,8.0,3.0,11.0],"tintindex":0,"rotation":0,"texture":"#1"},"south":{"uv":[10.0,0.0,9.0,3.0],"tintindex":0,"rotation":0,"texture":"#1"},"north":{"uv":[9.0,3.0,8.0,6.0],"tintindex":0,"rotation":0,"texture":"#1"},"west":{"uv":[9.0,6.0,8.0,9.0],"tintindex":0,"rotation":0,"texture":"#1"},"up":{"uv":[8.0,10.0,9.0,9.0],"tintindex":0,"rotation":90,"texture":"#1"},"down":{"uv":[9.0,8.0,10.0,9.0],"tintindex":0,"rotation":270,"texture":"#1"}},"rotation":{"origin":[10.0,-3.434433,9.59099],"angle":45.0,"axis":"x"}},{"from":[4.0,2.565567,7.59099],"to":[12.0,14.565567,11.59099],"faces":{"east":{"uv":[3.0,5.0,2.0,8.0],"tintindex":0,"rotation":0,"texture":"#1"},"south":{"uv":[4.0,0.0,2.0,3.0],"tintindex":0,"rotation":0,"texture":"#1"},"north":{"uv":[2.0,0.0,0.0,3.0],"tintindex":0,"rotation":0,"texture":"#1"},"west":{"uv":[4.0,5.0,3.0,8.0],"tintindex":0,"rotation":0,"texture":"#1"},"up":{"uv":[9.0,5.0,10.0,3.0],"tintindex":0,"rotation":90,"texture":"#1"},"down":{"uv":[4.0,9.0,5.0,11.0],"tintindex":0,"rotation":270,"texture":"#1"}}},{"from":[3.25,-5.1917925,9.34099],"to":[7.25,6.8082085,13.34099],"faces":{"east":{"uv":[8.0,3.0,7.0,6.0],"tintindex":0,"rotation":0,"texture":"#1"},"south":{"uv":[3.0,8.0,2.0,11.0],"tintindex":0,"rotation":0,"texture":"#1"},"north":{"uv":[8.0,6.0,7.0,9.0],"tintindex":0,"rotation":0,"texture":"#1"},"west":{"uv":[9.0,0.0,8.0,3.0],"tintindex":0,"rotation":0,"texture":"#1"},"up":{"uv":[7.0,10.0,8.0,9.0],"tintindex":0,"rotation":90,"texture":"#1"},"down":{"uv":[9.0,7.0,10.0,8.0],"tintindex":0,"rotation":270,"texture":"#1"}},"rotation":{"origin":[6.0,0.8082075,9.59099],"angle":22.5,"axis":"x"}},{"from":[4.0,14.565567,5.59099],"to":[12.0,22.565567,13.59099],"faces":{"east":{"uv":[2.0,3.0,0.0,5.0],"tintindex":0,"rotation":0,"texture":"#1"},"south":{"uv":[6.0,2.0,4.0,4.0],"tintindex":0,"rotation":0,"texture":"#1"},"north":{"uv":[4.0,3.0,2.0,5.0],"tintindex":0,"rotation":0,"texture":"#1"},"west":{"uv":[6.0,0.0,4.0,2.0],"tintindex":0,"rotation":0,"texture":"#1"},"up":{"uv":[4.0,6.0,6.0,4.0],"tintindex":0,"rotation":90,"texture":"#1"},"down":{"uv":[0.0,5.0,2.0,7.0],"tintindex":0,"rotation":270,"texture":"#1"}},"rotation":{"origin":[8.0,18.565567,9.59099],"angle":-22.5,"axis":"x"}},{"from":[0.0,1.565567,3.59099],"to":[4.0,13.565567,7.59099],"faces":{"east":{"uv":[7.0,6.0,6.0,9.0],"tintindex":0,"rotation":0,"texture":"#1"},"south":{"uv":[2.0,7.0,1.0,10.0],"tintindex":0,"rotation":0,"texture":"#1"},"north":{"uv":[1.0,7.0,0.0,10.0],"tintindex":0,"rotation":0,"texture":"#1"},"west":{"uv":[8.0,0.0,7.0,3.0],"tintindex":0,"rotation":0,"texture":"#1"},"up":{"uv":[6.0,10.0,7.0,9.0],"tintindex":0,"rotation":90,"texture":"#1"},"down":{"uv":[9.0,6.0,10.0,7.0],"tintindex":0,"rotation":270,"texture":"#1"}},"rotation":{"origin":[2.0,8.565567,9.59099],"angle":45.0,"axis":"x"}}],"display":{"gui":{"rotation":[30,225,0]}}}