{"credit":"MythicMMC Team","textures":{"0":"tavern:items/skills/skill3_destruction_orb_ef/skill3_destruction_orb_ef_3","particle":"tavern:items/skills/skill3_destruction_orb_ef/skill3_destruction_orb_ef_3"},"elements":[{"from":[-8,-1,8],"to":[24,21,8],"rotation":{"angle":-45,"axis":"y","origin":[8,11.5,8]},"faces":{"north":{"uv":[0,1.875,16,13.75],"texture":"#0"},"east":{"uv":[0,0,0,16],"texture":"#missing"},"south":{"uv":[16,1.875,0,13.75],"texture":"#0"},"west":{"uv":[0,0,0,16],"texture":"#missing"},"up":{"uv":[0,0,16,0],"texture":"#missing"},"down":{"uv":[0,0,16,0],"texture":"#missing"}}},{"from":[8,-1,-8],"to":[8,21,24],"rotation":{"angle":0,"axis":"y","origin":[8,11.5,8]},"faces":{"north":{"uv":[0,0,0,16],"texture":"#missing"},"east":{"uv":[16,1.875,0,13.75],"texture":"#0"},"south":{"uv":[0,0,0,16],"texture":"#missing"},"west":{"uv":[0,1.875,16,13.75],"texture":"#0"},"up":{"uv":[0,0,16,0],"rotation":270,"texture":"#missing"},"down":{"uv":[0,0,16,0],"rotation":90,"texture":"#missing"}}},{"from":[-8,-1,8],"to":[24,21,8],"rotation":{"angle":0,"axis":"y","origin":[8,11.5,8]},"faces":{"north":{"uv":[0,1.875,16,13.75],"texture":"#0"},"east":{"uv":[0,0,0,16],"texture":"#missing"},"south":{"uv":[16,1.875,0,13.75],"texture":"#0"},"west":{"uv":[0,0,0,16],"texture":"#missing"},"up":{"uv":[0,0,16,0],"texture":"#missing"},"down":{"uv":[0,0,16,0],"texture":"#missing"}}},{"from":[8,-1,-8],"to":[8,21,24],"rotation":{"angle":-45,"axis":"y","origin":[8,11.5,8]},"faces":{"north":{"uv":[0,0,0,16],"texture":"#missing"},"east":{"uv":[16,1.875,0,13.75],"texture":"#0"},"south":{"uv":[0,0,0,16],"texture":"#missing"},"west":{"uv":[0,1.875,16,13.75],"texture":"#0"},"up":{"uv":[0,0,16,0],"rotation":270,"texture":"#missing"},"down":{"uv":[0,0,16,0],"rotation":90,"texture":"#missing"}}}],"gui_light":"front","display":{"thirdperson_righthand":{"rotation":[90,0,0],"translation":[-6,-2,22.25],"scale":[4,4,4]},"gui":{"scale":[0.44,0.44,0.44]},"head":{"translation":[0,-10.25,0],"scale":[4,4,4]}}}