{"textures":{"0":"modelengine:entity/electric_zap"},"elements":[{"from":[5.333333,8.0,8.0],"to":[10.666667,26.0,8.0],"faces":{"south":{"uv":[2.0,0.0,0.0,6.75],"tintindex":0,"rotation":0,"texture":"#0"},"north":{"uv":[0.0,0.0,2.0,6.75],"tintindex":0,"rotation":0,"texture":"#0"}},"rotation":{"origin":[8.0,17.0,8.0],"angle":22.5,"axis":"y"}},{"from":[5.333333,8.0,8.0],"to":[10.666667,26.0,8.0],"faces":{"south":{"uv":[2.0,0.0,0.0,6.75],"tintindex":0,"rotation":0,"texture":"#0"},"north":{"uv":[0.0,0.0,2.0,6.75],"tintindex":0,"rotation":0,"texture":"#0"}},"rotation":{"origin":[8.0,17.0,8.0],"angle":-22.5,"axis":"y"}}],"display":{"gui":{"rotation":[30,225,0]}}}