{"textures":{"0":"modelengine:entity/manta_ray"},"elements":[{"from":[-4.0,6.0,8.0],"to":[8.0,10.0,19.0],"faces":{"east":{"uv":[5.75,10.125,7.125,10.625],"tintindex":0,"rotation":0,"texture":"#0"},"south":{"uv":[2.0,9.75,3.5,10.25],"tintindex":0,"rotation":0,"texture":"#0"},"north":{"uv":[4.5,8.125,6.0,8.625],"tintindex":0,"rotation":0,"texture":"#0"},"west":{"uv":[7.125,10.125,8.5,10.625],"tintindex":0,"rotation":0,"texture":"#0"},"up":{"uv":[6.0,8.125,4.5,6.75],"tintindex":0,"rotation":0,"texture":"#0"},"down":{"uv":[1.5,7.5,0.0,8.875],"tintindex":0,"rotation":0,"texture":"#0"}}}],"display":{"gui":{"rotation":[30,225,0]}}}