{"textures":{"0":"modelengine:entity/manta_ray"},"elements":[{"from":[8.0,6.0,8.0],"to":[24.0,10.0,27.0],"faces":{"east":{"uv":[8.625,9.625,6.25,10.125],"tintindex":0,"rotation":0,"texture":"#0"},"south":{"uv":[10.625,9.625,8.625,10.125],"tintindex":0,"rotation":0,"texture":"#0"},"north":{"uv":[2.0,9.625,0.0,10.125],"tintindex":0,"rotation":0,"texture":"#0"},"west":{"uv":[10.875,1.5,8.5,2.0],"tintindex":0,"rotation":0,"texture":"#0"},"up":{"uv":[6.0,8.625,8.0,6.25],"tintindex":0,"rotation":0,"texture":"#0"},"down":{"uv":[2.5,6.75,4.5,9.125],"tintindex":0,"rotation":0,"texture":"#0"}}}],"display":{"gui":{"rotation":[30,225,0]}}}