{"textures":{"0":"modelengine:entity/vampiredragon"},"elements":[{"from":[7.5618095,7.625,7.605792],"to":[13.06181,8.375,8.330792],"faces":{"east":{"uv":[12.3125,5.4375,12.40625,5.53125],"tintindex":0,"rotation":0,"texture":"#0"},"south":{"uv":[11.71875,6.40625,12.40625,6.5],"tintindex":0,"rotation":0,"texture":"#0"},"north":{"uv":[11.71875,6.3125,12.40625,6.40625],"tintindex":0,"rotation":0,"texture":"#0"},"west":{"uv":[5.875,12.3125,5.96875,12.40625],"tintindex":0,"rotation":0,"texture":"#0"},"up":{"uv":[12.40625,6.59375,11.71875,6.5],"tintindex":0,"rotation":0,"texture":"#0"},"down":{"uv":[12.40625,6.59375,11.71875,6.6875],"tintindex":0,"rotation":0,"texture":"#0"}},"rotation":{"origin":[7.640358,8.0,7.96171],"angle":-22.5,"axis":"y"}},{"from":[20.265251,7.62875,21.593527],"to":[20.815254,8.37125,28.718527],"faces":{"east":{"uv":[11.34375,5.09375,12.234375,5.1875],"tintindex":0,"rotation":0,"texture":"#0"},"south":{"uv":[0.25,10.90625,0.3125,11.0],"tintindex":0,"rotation":0,"texture":"#0"},"north":{"uv":[9.75,10.84375,9.8125,10.9375],"tintindex":0,"rotation":0,"texture":"#0"},"west":{"uv":[11.34375,5.1875,12.234375,5.28125],"tintindex":0,"rotation":0,"texture":"#0"},"up":{"uv":[3.09375,12.703125,3.03125,11.8125],"tintindex":0,"rotation":0,"texture":"#0"},"down":{"uv":[6.875,11.8125,6.8125,12.703125],"tintindex":0,"rotation":0,"texture":"#0"}}},{"from":[12.512924,7.6262503,5.5581846],"to":[20.012924,8.37375,6.233185],"faces":{"east":{"uv":[0.8125,12.34375,0.890625,12.4375],"tintindex":0,"rotation":0,"texture":"#0"},"south":{"uv":[11.25,6.9375,12.1875,7.03125],"tintindex":0,"rotation":0,"texture":"#0"},"north":{"uv":[11.25,1.84375,12.1875,1.9375],"tintindex":0,"rotation":0,"texture":"#0"},"west":{"uv":[1.9375,12.34375,2.015625,12.4375],"tintindex":0,"rotation":0,"texture":"#0"},"up":{"uv":[12.40625,8.953125,11.46875,8.875],"tintindex":0,"rotation":0,"texture":"#0"},"down":{"uv":[12.4375,0.375,11.5,0.453125],"tintindex":0,"rotation":0,"texture":"#0"}},"rotation":{"origin":[7.640358,8.0,7.96171],"angle":-45.0,"axis":"y"}},{"from":[5.920578,8.0,8.183308],"to":[20.295578,8.0,31.683308],"faces":{"up":{"uv":[7.234375,2.9375,5.4375,0.0],"tintindex":0,"rotation":0,"texture":"#0"},"down":{"uv":[7.234375,0.0,5.4375,2.9375],"tintindex":0,"rotation":0,"texture":"#0"}}},{"from":[13.995701,7.6274996,18.47268],"to":[14.595703,8.3725,25.59768],"faces":{"east":{"uv":[11.34375,5.28125,12.234375,5.375],"tintindex":0,"rotation":0,"texture":"#0"},"south":{"uv":[12.3125,12.0,12.390625,12.09375],"tintindex":0,"rotation":0,"texture":"#0"},"north":{"uv":[12.3125,11.90625,12.390625,12.0],"tintindex":0,"rotation":0,"texture":"#0"},"west":{"uv":[11.34375,7.03125,12.234375,7.125],"tintindex":0,"rotation":0,"texture":"#0"},"up":{"uv":[10.640625,12.421875,10.5625,11.53125],"tintindex":0,"rotation":0,"texture":"#0"},"down":{"uv":[10.734375,11.53125,10.65625,12.421875],"tintindex":0,"rotation":0,"texture":"#0"}},"rotation":{"origin":[7.640358,8.0,7.96171],"angle":22.5,"axis":"y"}}],"display":{"gui":{"rotation":[30,225,0]}}}