{"textures":{"0":"modelengine:entity/vampiredragon"},"elements":[{"from":[8.165028,7.625,7.871215],"to":[13.665028,8.375,8.596214],"faces":{"east":{"uv":[5.125,12.3125,5.21875,12.40625],"tintindex":0,"rotation":0,"texture":"#0"},"south":{"uv":[11.6875,3.90625,12.375,4.0],"tintindex":0,"rotation":0,"texture":"#0"},"north":{"uv":[11.65625,10.3125,12.34375,10.40625],"tintindex":0,"rotation":0,"texture":"#0"},"west":{"uv":[12.3125,5.34375,12.40625,5.4375],"tintindex":0,"rotation":0,"texture":"#0"},"up":{"uv":[12.375,4.09375,11.6875,4.0],"tintindex":0,"rotation":0,"texture":"#0"},"down":{"uv":[3.125,11.71875,2.4375,11.8125],"tintindex":0,"rotation":0,"texture":"#0"}},"rotation":{"origin":[8.243574,8.0,8.227133],"angle":-22.5,"axis":"y"}},{"from":[6.523794,8.0,8.44873],"to":[20.898796,8.0,31.94873],"faces":{"up":{"uv":[5.421875,2.9375,3.625,0.0],"tintindex":0,"rotation":0,"texture":"#0"},"down":{"uv":[5.421875,0.0,3.625,2.9375],"tintindex":0,"rotation":0,"texture":"#0"}}},{"from":[14.598919,7.6274996,18.7381],"to":[15.198917,8.3725,25.8631],"faces":{"east":{"uv":[11.34375,4.90625,12.234375,5.0],"tintindex":0,"rotation":0,"texture":"#0"},"south":{"uv":[12.3125,11.625,12.390625,11.71875],"tintindex":0,"rotation":0,"texture":"#0"},"north":{"uv":[12.3125,11.53125,12.390625,11.625],"tintindex":0,"rotation":0,"texture":"#0"},"west":{"uv":[11.34375,5.0,12.234375,5.09375],"tintindex":0,"rotation":0,"texture":"#0"},"up":{"uv":[4.765625,12.421875,4.6875,11.53125],"tintindex":0,"rotation":0,"texture":"#0"},"down":{"uv":[8.265625,11.53125,8.1875,12.421875],"tintindex":0,"rotation":0,"texture":"#0"}},"rotation":{"origin":[8.243574,8.0,8.227133],"angle":22.5,"axis":"y"}},{"from":[13.116138,7.6262503,5.8236074],"to":[20.616138,8.37375,6.4986076],"faces":{"east":{"uv":[12.3125,11.71875,12.390625,11.8125],"tintindex":0,"rotation":0,"texture":"#0"},"south":{"uv":[11.25,1.75,12.1875,1.84375],"tintindex":0,"rotation":0,"texture":"#0"},"north":{"uv":[11.25,1.65625,12.1875,1.75],"tintindex":0,"rotation":0,"texture":"#0"},"west":{"uv":[12.3125,11.8125,12.390625,11.90625],"tintindex":0,"rotation":0,"texture":"#0"},"up":{"uv":[12.40625,6.296875,11.46875,6.21875],"tintindex":0,"rotation":0,"texture":"#0"},"down":{"uv":[12.40625,8.78125,11.46875,8.859375],"tintindex":0,"rotation":0,"texture":"#0"}},"rotation":{"origin":[8.243574,8.0,8.227133],"angle":-45.0,"axis":"y"}},{"from":[20.86847,7.62875,21.85895],"to":[21.418468,8.37125,28.98395],"faces":{"east":{"uv":[11.3125,2.40625,12.203125,2.5],"tintindex":0,"rotation":0,"texture":"#0"},"south":{"uv":[5.375,10.84375,5.4375,10.9375],"tintindex":0,"rotation":0,"texture":"#0"},"north":{"uv":[9.75,10.75,9.8125,10.84375],"tintindex":0,"rotation":0,"texture":"#0"},"west":{"uv":[11.3125,2.5,12.203125,2.59375],"tintindex":0,"rotation":0,"texture":"#0"},"up":{"uv":[2.96875,12.703125,2.90625,11.8125],"tintindex":0,"rotation":0,"texture":"#0"},"down":{"uv":[3.03125,11.8125,2.96875,12.703125],"tintindex":0,"rotation":0,"texture":"#0"}}}],"display":{"gui":{"rotation":[30,225,0]}}}