{"textures":{"1":"modelengine:entity/vampirelord23"},"elements":[{"from":[2.5,12.038349,3.6493402],"to":[13.5,20.03835,12.64934],"faces":{"east":{"uv":[7.5,2.875,8.625,3.875],"tintindex":0,"rotation":0,"texture":"#1"},"south":{"uv":[2.75,7.5,4.125,8.5],"tintindex":0,"rotation":0,"texture":"#1"},"north":{"uv":[6.625,1.125,8.0,2.125],"tintindex":0,"rotation":0,"texture":"#1"},"west":{"uv":[7.5,3.875,8.625,4.875],"tintindex":0,"rotation":0,"texture":"#1"},"up":{"uv":[7.5,4.0,6.125,2.875],"tintindex":0,"rotation":0,"texture":"#1"},"down":{"uv":[7.5,4.0,6.125,5.125],"tintindex":0,"rotation":0,"texture":"#1"}}},{"from":[2.505,19.045483,3.51097],"to":[13.495,21.489635,11.82589],"faces":{"east":{"uv":[12.5,11.25,13.5625,11.5625],"tintindex":0,"rotation":0,"texture":"#1"},"south":{"uv":[11.375,3.25,12.75,3.5625],"tintindex":0,"rotation":0,"texture":"#1"},"north":{"uv":[11.125,11.25,12.5,11.5625],"tintindex":0,"rotation":0,"texture":"#1"},"west":{"uv":[12.625,5.5,13.6875,5.8125],"tintindex":0,"rotation":0,"texture":"#1"},"up":{"uv":[8.25,8.4375,6.875,7.375],"tintindex":0,"rotation":0,"texture":"#1"},"down":{"uv":[2.75,7.5,1.375,8.5625],"tintindex":0,"rotation":0,"texture":"#1"}},"rotation":{"origin":[8.005,21.360432,9.69188],"angle":-22.5,"axis":"x"}},{"from":[2.5,9.038349,3.6493402],"to":[13.5,12.038349,12.64934],"faces":{"east":{"uv":[11.375,3.625,12.5,4.0],"tintindex":0,"rotation":0,"texture":"#1"},"south":{"uv":[10.875,4.625,12.25,5.0],"tintindex":0,"rotation":0,"texture":"#1"},"north":{"uv":[10.875,4.25,12.25,4.625],"tintindex":0,"rotation":0,"texture":"#1"},"west":{"uv":[6.625,11.375,7.75,11.75],"tintindex":0,"rotation":0,"texture":"#1"},"up":{"uv":[8.0,1.125,6.625,0.0],"tintindex":0,"rotation":0,"texture":"#1"},"down":{"uv":[8.125,5.125,6.75,6.25],"tintindex":0,"rotation":0,"texture":"#1"}}},{"from":[2.505,19.045483,4.37279],"to":[13.495,21.489635,12.68771],"faces":{"east":{"uv":[12.375,8.125,13.4375,8.4375],"tintindex":0,"rotation":0,"texture":"#1"},"south":{"uv":[11.25,10.875,12.625,11.1875],"tintindex":0,"rotation":0,"texture":"#1"},"north":{"uv":[11.25,10.5,12.625,10.8125],"tintindex":0,"rotation":0,"texture":"#1"},"west":{"uv":[12.5,3.625,13.5625,3.9375],"tintindex":0,"rotation":0,"texture":"#1"},"up":{"uv":[1.375,8.4375,0.0,7.375],"tintindex":0,"rotation":0,"texture":"#1"},"down":{"uv":[6.875,7.375,5.5,8.4375],"tintindex":0,"rotation":0,"texture":"#1"}},"rotation":{"origin":[8.005,21.360432,6.5067997],"angle":22.5,"axis":"x"}},{"from":[2.495,18.316273,2.5918803],"to":[13.505,21.760426,12.306801],"faces":{"east":{"uv":[10.75,6.5,11.9375,6.9375],"tintindex":0,"rotation":0,"texture":"#1"},"south":{"uv":[10.0,7.375,11.375,7.8125],"tintindex":0,"rotation":0,"texture":"#1"},"north":{"uv":[9.75,5.5,11.125,5.9375],"tintindex":0,"rotation":0,"texture":"#1"},"west":{"uv":[10.875,2.25,12.0625,2.6875],"tintindex":0,"rotation":0,"texture":"#1"},"up":{"uv":[6.75,6.8125,5.375,5.625],"tintindex":0,"rotation":0,"texture":"#1"},"down":{"uv":[1.375,6.125,0.0,7.3125],"tintindex":0,"rotation":0,"texture":"#1"}},"rotation":{"origin":[7.495,20.03835,8.14934],"angle":-22.5,"axis":"x"}}],"display":{"gui":{"rotation":[30,225,0]}}}