{"textures":{"0":"modelengine:entity/vampiredragon"},"elements":[{"from":[4.95,0.8778496,6.077732],"to":[11.049999,8.00078,20.859802],"faces":{"east":{"uv":[11.03125,0.40625,11.5,0.625],"tintindex":0,"rotation":0,"texture":"#0"},"south":{"uv":[9.96875,11.90625,10.15625,12.125],"tintindex":0,"rotation":0,"texture":"#0"},"north":{"uv":[8.8125,11.84375,9.0,12.0625],"tintindex":0,"rotation":0,"texture":"#0"},"west":{"uv":[11.03125,0.625,11.5,0.84375],"tintindex":0,"rotation":0,"texture":"#0"},"up":{"uv":[8.5625,11.59375,8.375,11.125],"tintindex":0,"rotation":0,"texture":"#0"},"down":{"uv":[6.0,11.1875,5.8125,11.65625],"tintindex":0,"rotation":0,"texture":"#0"}}},{"from":[4.9449997,5.1676693,6.6168213],"to":[11.055,10.82453,22.57367],"faces":{"east":{"uv":[11.28125,4.625,11.78125,4.796875],"tintindex":0,"rotation":0,"texture":"#0"},"south":{"uv":[12.125,2.71875,12.3125,2.890625],"tintindex":0,"rotation":0,"texture":"#0"},"north":{"uv":[1.53125,12.125,1.71875,12.296875],"tintindex":0,"rotation":0,"texture":"#0"},"west":{"uv":[11.28125,9.21875,11.78125,9.390625],"tintindex":0,"rotation":0,"texture":"#0"},"up":{"uv":[7.90625,11.59375,7.71875,11.09375],"tintindex":0,"rotation":0,"texture":"#0"},"down":{"uv":[11.28125,10.6875,11.09375,11.1875],"tintindex":0,"rotation":0,"texture":"#0"}},"rotation":{"origin":[8.004999,7.93931,13.468773],"angle":22.5,"axis":"x"}}],"display":{"gui":{"rotation":[30,225,0]}}}