{"textures":{"0":"modelengine:entity/christmas_wings"},"elements":[{"from":[-1.51,3.49,7.49],"to":[12.51,8.51,7.51],"faces":{"south":{"uv":[0.0,2.5,3.5,3.75],"tintindex":0,"rotation":0,"texture":"#0"},"north":{"uv":[3.5,2.5,0.0,3.75],"tintindex":0,"rotation":0,"texture":"#0"}}},{"from":[2.49,4.49,7.74],"to":[13.51,8.51,7.76],"faces":{"south":{"uv":[4.25,2.0625,7.0,3.0625],"tintindex":0,"rotation":0,"texture":"#0"},"north":{"uv":[7.0,2.0625,4.25,3.0625],"tintindex":0,"rotation":0,"texture":"#0"}}},{"from":[2.49,4.49,7.24],"to":[13.51,8.51,7.26],"faces":{"south":{"uv":[4.25,2.0625,7.0,3.0625],"tintindex":0,"rotation":0,"texture":"#0"},"north":{"uv":[7.0,2.0625,4.25,3.0625],"tintindex":0,"rotation":0,"texture":"#0"}}}],"display":{"gui":{"rotation":[30,225,0]}}}