{"textures":{"0":"modelengine:entity/christmas_wings"},"elements":[{"from":[8.0,6.0,6.5],"to":[10.0,7.0,9.5],"faces":{"east":{"uv":[2.25,9.25,1.5,9.5],"tintindex":0,"rotation":0,"texture":"#0"},"south":{"uv":[2.75,9.25,2.25,9.5],"tintindex":0,"rotation":0,"texture":"#0"},"north":{"uv":[2.25,9.25,2.75,9.5],"tintindex":0,"rotation":0,"texture":"#0"},"west":{"uv":[1.0,9.25,0.25,9.5],"tintindex":0,"rotation":0,"texture":"#0"},"up":{"uv":[1.0,9.25,1.5,8.5],"tintindex":0,"rotation":0,"texture":"#0"},"down":{"uv":[1.5,8.5,2.0,9.25],"tintindex":0,"rotation":0,"texture":"#0"}}},{"from":[8.99,5.99,6.49],"to":[10.01,9.51,9.51],"faces":{"east":{"uv":[15.5,0.75,14.75,1.625],"tintindex":0,"rotation":0,"texture":"#0"},"south":{"uv":[15.75,0.75,15.5,1.625],"tintindex":0,"rotation":0,"texture":"#0"},"north":{"uv":[15.5,0.75,15.75,1.625],"tintindex":0,"rotation":0,"texture":"#0"},"west":{"uv":[14.5,0.75,13.75,1.625],"tintindex":0,"rotation":0,"texture":"#0"},"up":{"uv":[14.5,0.75,14.75,0.0],"tintindex":0,"rotation":0,"texture":"#0"},"down":{"uv":[14.75,0.0,15.0,0.75],"tintindex":0,"rotation":0,"texture":"#0"}},"rotation":{"origin":[10.0,6.0,8.5],"angle":-22.5,"axis":"z"}},{"from":[7.0,6.0,6.5],"to":[8.0,9.5,9.5],"faces":{"east":{"uv":[15.375,2.75,14.625,3.625],"tintindex":0,"rotation":0,"texture":"#0"},"south":{"uv":[15.625,2.75,15.375,3.625],"tintindex":0,"rotation":0,"texture":"#0"},"north":{"uv":[15.375,2.75,15.625,3.625],"tintindex":0,"rotation":0,"texture":"#0"},"west":{"uv":[14.375,2.75,13.625,3.625],"tintindex":0,"rotation":0,"texture":"#0"},"up":{"uv":[14.375,2.75,14.625,2.0],"tintindex":0,"rotation":0,"texture":"#0"},"down":{"uv":[14.625,2.0,14.875,2.75],"tintindex":0,"rotation":0,"texture":"#0"}}},{"from":[7.75,7.0,7.0],"to":[10.25,9.0,9.0],"faces":{"east":{"uv":[8.0,9.875,7.5,10.375],"tintindex":0,"rotation":0,"texture":"#0"},"south":{"uv":[8.625,9.875,8.0,10.375],"tintindex":0,"rotation":0,"texture":"#0"},"north":{"uv":[8.0,9.875,8.625,10.375],"tintindex":0,"rotation":0,"texture":"#0"},"west":{"uv":[6.875,9.875,6.375,10.375],"tintindex":0,"rotation":0,"texture":"#0"},"up":{"uv":[6.875,9.875,7.5,9.375],"tintindex":0,"rotation":0,"texture":"#0"},"down":{"uv":[7.5,9.375,8.125,9.875],"tintindex":0,"rotation":0,"texture":"#0"}}}],"display":{"gui":{"rotation":[30,225,0]}}}