{"textures":{"0":"modelengine:entity/spiderboss"},"elements":[{"from":[1.9558859,6.4917026,6.334772],"to":[5.070629,27.516216,9.449514],"faces":{"east":{"uv":[3.09375,8.1875,3.46875,10.8125],"tintindex":0,"rotation":0,"texture":"#0"},"south":{"uv":[2.71875,8.1875,3.09375,10.8125],"tintindex":0,"rotation":0,"texture":"#0"},"north":{"uv":[2.71875,8.1875,3.09375,10.8125],"tintindex":0,"rotation":0,"texture":"#0"},"west":{"uv":[0.375,8.4375,0.75,11.0625],"tintindex":0,"rotation":0,"texture":"#0"},"up":{"uv":[13.3125,11.9375,12.9375,11.5625],"tintindex":0,"rotation":0,"texture":"#0"},"down":{"uv":[12.46875,12.9375,12.09375,13.3125],"tintindex":0,"rotation":0,"texture":"#0"}},"rotation":{"origin":[0.58609486,6.0755963,12.041705],"angle":22.5,"axis":"z"}},{"from":[1.69238,6.984225,6.490509],"to":[7.921865,9.709624,9.215909],"faces":{"east":{"uv":[13.65625,4.65625,13.3125,5.0],"tintindex":0,"rotation":0,"texture":"#0"},"south":{"uv":[12.40625,3.375,11.625,3.71875],"tintindex":0,"rotation":0,"texture":"#0"},"north":{"uv":[11.625,3.375,12.40625,3.71875],"tintindex":0,"rotation":0,"texture":"#0"},"west":{"uv":[7.5,13.21875,7.84375,13.5625],"tintindex":0,"rotation":0,"texture":"#0"},"up":{"uv":[0.78125,12.34375,0.0,12.0],"tintindex":0,"rotation":0,"texture":"#0"},"down":{"uv":[1.84375,12.0,1.0625,12.34375],"tintindex":0,"rotation":0,"texture":"#0"}}}],"display":{"gui":{"rotation":[30,225,0]}}}