{"textures":{"0":"modelengine:entity/spiderboss"},"elements":[{"from":[0.34127283,6.046427,5.9330173],"to":[4.4942636,26.811378,10.086008],"faces":{"east":{"uv":[3.09375,8.1875,3.46875,10.8125],"tintindex":0,"rotation":0,"texture":"#0"},"south":{"uv":[2.71875,8.1875,3.09375,10.8125],"tintindex":0,"rotation":0,"texture":"#0"},"north":{"uv":[2.71875,8.1875,3.09375,10.8125],"tintindex":0,"rotation":0,"texture":"#0"},"west":{"uv":[0.375,8.4375,0.75,11.0625],"tintindex":0,"rotation":0,"texture":"#0"},"up":{"uv":[13.3125,11.9375,12.9375,11.5625],"tintindex":0,"rotation":0,"texture":"#0"},"down":{"uv":[12.46875,12.9375,12.09375,13.3125],"tintindex":0,"rotation":0,"texture":"#0"}},"rotation":{"origin":[-1.485115,5.4921327,13.542262],"angle":22.5,"axis":"z"}},{"from":[-0.010068893,6.703637,6.140667],"to":[8.295912,10.337503,9.774533],"faces":{"east":{"uv":[13.65625,4.65625,13.3125,5.0],"tintindex":0,"rotation":0,"texture":"#0"},"south":{"uv":[12.40625,3.375,11.625,3.71875],"tintindex":0,"rotation":0,"texture":"#0"},"north":{"uv":[11.625,3.375,12.40625,3.71875],"tintindex":0,"rotation":0,"texture":"#0"},"west":{"uv":[10.09375,13.25,10.4375,13.59375],"tintindex":0,"rotation":0,"texture":"#0"},"up":{"uv":[0.78125,12.34375,0.0,12.0],"tintindex":0,"rotation":0,"texture":"#0"},"down":{"uv":[1.84375,12.0,1.0625,12.34375],"tintindex":0,"rotation":0,"texture":"#0"}}}],"display":{"gui":{"rotation":[30,225,0]}}}