{"textures":{"0":"modelengine:entity/spiderboss"},"elements":[{"from":[0.3105049,5.6040106,6.0208864],"to":[4.4634943,31.560202,10.173877],"faces":{"east":{"uv":[3.09375,8.1875,3.46875,10.8125],"tintindex":0,"rotation":0,"texture":"#0"},"south":{"uv":[2.71875,8.1875,3.09375,10.8125],"tintindex":0,"rotation":0,"texture":"#0"},"north":{"uv":[2.71875,8.1875,3.09375,10.8125],"tintindex":0,"rotation":0,"texture":"#0"},"west":{"uv":[0.375,8.4375,0.75,11.0625],"tintindex":0,"rotation":0,"texture":"#0"},"up":{"uv":[13.3125,11.9375,12.9375,11.5625],"tintindex":0,"rotation":0,"texture":"#0"},"down":{"uv":[12.46875,12.9375,12.09375,13.3125],"tintindex":0,"rotation":0,"texture":"#0"}},"rotation":{"origin":[-1.5158844,5.0492024,13.630131],"angle":22.5,"axis":"z"}},{"from":[-0.04083824,6.260707,6.2285357],"to":[8.265143,9.894573,9.862403],"faces":{"east":{"uv":[13.65625,4.65625,13.3125,5.0],"tintindex":0,"rotation":0,"texture":"#0"},"south":{"uv":[12.40625,3.375,11.625,3.71875],"tintindex":0,"rotation":0,"texture":"#0"},"north":{"uv":[11.625,3.375,12.40625,3.71875],"tintindex":0,"rotation":0,"texture":"#0"},"west":{"uv":[9.3125,13.3125,9.65625,13.65625],"tintindex":0,"rotation":0,"texture":"#0"},"up":{"uv":[0.78125,12.34375,0.0,12.0],"tintindex":0,"rotation":0,"texture":"#0"},"down":{"uv":[1.84375,12.0,1.0625,12.34375],"tintindex":0,"rotation":0,"texture":"#0"}}}],"display":{"gui":{"rotation":[30,225,0]}}}