{"credit":"Made with Blockbench","texture_size":[20,20],"textures":{"2":"tavern:items/sets/yang/animations/animation_1","4":"tavern:items/sets/yang/pickaxe","particle":"tavern:items/sets/yang/animations/animation_1"},"elements":[{"from":[7.425,-0.325,7.175],"to":[8.575,1.325,8.825],"rotation":{"angle":-45,"axis":"x","origin":[8,0.5,8]},"faces":{"north":{"uv":[1.6,9.6,2.6,11],"texture":"#4"},"east":{"uv":[8.8,0,10.2,1.4],"texture":"#4"},"south":{"uv":[9.6,1.6,10.6,3],"texture":"#4"},"west":{"uv":[8.8,5.6,10.2,7],"texture":"#4"},"up":{"uv":[4.2,11,3.2,9.6],"texture":"#4"},"down":{"uv":[10.6,3.2,9.6,4.6],"texture":"#4"}}},{"from":[7.175,-0.075,7.425],"to":[8.825,1.075,8.575],"rotation":{"angle":-45,"axis":"x","origin":[8,0.5,8]},"faces":{"north":{"uv":[9.6,8.8,11,9.8],"texture":"#4"},"east":{"uv":[11.2,8.8,12.2,9.8],"texture":"#4"},"south":{"uv":[10.4,0,11.8,1],"texture":"#4"},"west":{"uv":[11.2,10.4,12.2,11.4],"texture":"#4"},"up":{"uv":[11.8,5.8,10.4,4.8],"texture":"#4"},"down":{"uv":[7.8,10.4,6.4,11.4],"texture":"#4"}}},{"from":[7.5,5.75,7.5],"to":[8.5,6.75,8.5],"rotation":{"angle":45,"axis":"y","origin":[8,2,8]},"faces":{"north":{"uv":[14.6,0,15.4,0.8],"texture":"#4"},"east":{"uv":[6.4,8,7.2,8.8],"texture":"#4"},"south":{"uv":[8.8,1.6,9.6,2.4],"texture":"#4"},"west":{"uv":[9.6,4.8,10.4,5.6],"texture":"#4"},"down":{"uv":[11.2,8,10.4,8.8],"texture":"#4"}}},{"from":[7.5,2.25,7.5],"to":[8.5,3.25,8.5],"rotation":{"angle":45,"axis":"y","origin":[8,-1.5,8]},"faces":{"north":{"uv":[11.2,4,12,4.8],"texture":"#4"},"east":{"uv":[11.2,12.8,12,13.6],"texture":"#4"},"south":{"uv":[12.8,11.2,13.6,12],"texture":"#4"},"west":{"uv":[12,12.8,12.8,13.6],"texture":"#4"},"up":{"uv":[13.6,12.8,12.8,12],"texture":"#4"}}},{"from":[7.6,3.25,7.6],"to":[8.4,5.75,8.4],"rotation":{"angle":45,"axis":"y","origin":[8,-0.5,8]},"faces":{"north":{"uv":[1.6,11.2,2.2,13.2],"texture":"#4"},"east":{"uv":[11.2,1.6,11.8,3.6],"texture":"#4"},"south":{"uv":[2.4,11.2,3,13.2],"texture":"#4"},"west":{"uv":[3.2,11.2,3.8,13.2],"texture":"#4"}}},{"from":[7.35,6.75,7.35],"to":[8.65,7.75,8.65],"rotation":{"angle":45,"axis":"y","origin":[8,2,8]},"faces":{"north":{"uv":[12,8,13,8.8],"texture":"#4"},"east":{"uv":[9.6,12,10.6,12.8],"texture":"#4"},"south":{"uv":[11.2,12,12.2,12.8],"texture":"#4"},"west":{"uv":[0,12.8,1,13.6],"texture":"#4"},"up":{"uv":[13,1,12,0],"texture":"#4"},"down":{"uv":[13,1.6,12,2.6],"texture":"#4"}}},{"from":[7.35,1.25,7.35],"to":[8.65,2.25,8.65],"rotation":{"angle":45,"axis":"y","origin":[8,-4,8]},"faces":{"north":{"uv":[12.8,8.8,13.8,9.6],"texture":"#4"},"east":{"uv":[9.6,12.8,10.6,13.6],"texture":"#4"},"south":{"uv":[12.8,9.6,13.8,10.4],"texture":"#4"},"west":{"uv":[12.8,10.4,13.8,11.2],"texture":"#4"},"up":{"uv":[13,4.2,12,3.2],"texture":"#4"},"down":{"uv":[13,4.8,12,5.8],"texture":"#4"}}},{"from":[7.25,1.5,7.25],"to":[8.75,2,8.75],"rotation":{"angle":45,"axis":"y","origin":[8,1.375,8]},"faces":{"north":{"uv":[13.6,2.4,14.8,2.8],"texture":"#4"},"east":{"uv":[3.2,13.6,4.4,14],"texture":"#4"},"south":{"uv":[13.6,3.2,14.8,3.6],"texture":"#4"},"west":{"uv":[13.6,4,14.8,4.4],"texture":"#4"},"up":{"uv":[7.6,10,6.4,8.8],"texture":"#4"},"down":{"uv":[10,7.2,8.8,8.4],"texture":"#4"}}},{"from":[7.25,7,7.25],"to":[8.75,7.5,8.75],"rotation":{"angle":45,"axis":"y","origin":[8,6.875,8]},"faces":{"north":{"uv":[4.8,13.6,6,14],"texture":"#4"},"east":{"uv":[13.6,4.8,14.8,5.2],"texture":"#4"},"south":{"uv":[13.6,5.6,14.8,6],"texture":"#4"},"west":{"uv":[6.4,13.6,7.6,14],"texture":"#4"},"up":{"uv":[9.2,10,8,8.8],"texture":"#4"},"down":{"uv":[1.2,9.6,0,10.8],"texture":"#4"}}},{"from":[7.35,11.75,7.35],"to":[8.65,13.25,8.65],"rotation":{"angle":45,"axis":"y","origin":[8,7,8]},"faces":{"north":{"uv":[12,8,13,8.8],"texture":"#4"},"east":{"uv":[9.6,12,10.6,12.8],"texture":"#4"},"south":{"uv":[11.2,12,12.2,12.8],"texture":"#4"},"west":{"uv":[0,12.8,1,13.6],"texture":"#4"},"up":{"uv":[13,1,12,0],"texture":"#4"},"down":{"uv":[13,1.6,12,2.6],"texture":"#4"}}},{"from":[7.25,12,7.25],"to":[8.75,12.5,8.75],"rotation":{"angle":45,"axis":"y","origin":[8,11.875,8]},"faces":{"north":{"uv":[4.8,13.6,6,14],"texture":"#4"},"east":{"uv":[13.6,4.8,14.8,5.2],"texture":"#4"},"south":{"uv":[13.6,5.6,14.8,6],"texture":"#4"},"west":{"uv":[6.4,13.6,7.6,14],"texture":"#4"},"up":{"uv":[9.2,10,8,8.8],"texture":"#4"},"down":{"uv":[1.2,9.6,0,10.8],"texture":"#4"}}},{"from":[6.75,12.25,7.75],"to":[9.25,14.75,10.25],"rotation":{"angle":-45,"axis":"x","origin":[7.5,12.5,8]},"faces":{"north":{"uv":[2.8,3.6,4.8,5.6],"texture":"#4"},"east":{"uv":[4.8,3.6,6.8,5.6],"texture":"#4"},"south":{"uv":[2.8,5.6,4.8,7.6],"texture":"#4"},"west":{"uv":[4.8,5.6,6.8,7.6],"texture":"#4"},"up":{"uv":[8.6,2,6.6,0],"texture":"#4"},"down":{"uv":[2.4,7.6,0.4,9.6],"texture":"#4"}}},{"from":[7.5,12.59099,5.03769],"to":[8.5,14.59099,7.03769],"rotation":{"angle":-45,"axis":"x","origin":[8.25,14.09099,5.78769]},"faces":{"north":{"uv":[4.8,9.6,5.6,11.2],"texture":"#4"},"east":{"uv":[7.2,5.6,8.8,7.2],"texture":"#4"},"south":{"uv":[10.4,6.4,11.2,8],"texture":"#4"},"west":{"uv":[7.2,7.2,8.8,8.8],"texture":"#4"},"up":{"uv":[8.8,12,8,10.4],"texture":"#4"},"down":{"uv":[9.6,10.4,8.8,12],"texture":"#4"}}},{"from":[7.5,12.59099,8.96231],"to":[8.5,14.59099,10.96231],"rotation":{"angle":45,"axis":"x","origin":[8.25,14.09099,10.21231]},"faces":{"north":{"uv":[9.6,10.4,10.4,12],"texture":"#4"},"east":{"uv":[2.4,8,4,9.6],"texture":"#4"},"south":{"uv":[10.4,10.4,11.2,12],"texture":"#4"},"west":{"uv":[4,8,5.6,9.6],"texture":"#4"},"up":{"uv":[0.8,12.8,0,11.2],"texture":"#4"},"down":{"uv":[1.6,11.2,0.8,12.8],"texture":"#4"}}},{"from":[8,14.95459,7.54038],"to":[8.65,17.50459,8.19038],"rotation":{"angle":-45,"axis":"y","origin":[8,17.95459,7.54038]},"faces":{"north":{"uv":[4,11.2,4.6,13.2],"texture":"#4"},"east":{"uv":[4.8,11.2,5.4,13.2],"texture":"#4"},"south":{"uv":[5.6,11.2,6.2,13.2],"texture":"#4"},"west":{"uv":[11.2,6.4,11.8,8.4],"texture":"#4"},"up":{"uv":[14.2,8.6,13.6,8],"texture":"#4"},"down":{"uv":[14.2,11.2,13.6,11.8],"texture":"#4"}}},{"from":[7.5,16.7117,7.29289],"to":[8.5,17.7117,8.29289],"rotation":{"angle":-45,"axis":"x","origin":[7.5,17.7117,7.29289]},"faces":{"north":{"uv":[12.8,12.8,13.6,13.6],"texture":"#4"},"east":{"uv":[0,13.6,0.8,14.4],"texture":"#4"},"south":{"uv":[13.6,0,14.4,0.8],"texture":"#4"},"west":{"uv":[0.8,13.6,1.6,14.4],"texture":"#4"},"up":{"uv":[14.4,1.6,13.6,0.8],"texture":"#4"},"down":{"uv":[2.4,13.6,1.6,14.4],"texture":"#4"}}},{"from":[7.985,14.9954,6.5],"to":[8.015,19.9954,9.5],"rotation":{"angle":0,"axis":"y","origin":[7.985,20.50459,9.5]},"faces":{"east":{"uv":[2.4,3.4,0,7.4],"texture":"#4"},"west":{"uv":[0,3.4,2.4,7.4],"texture":"#4"}}},{"from":[6.85,11.41421,5.5],"to":[6.85,16.41421,10.5],"rotation":{"angle":45,"axis":"x","origin":[6.85,13.91421,8]},"faces":{"north":{"uv":[0,0,0,10],"rotation":180,"texture":"#2"},"south":{"uv":[0,0,0,10],"rotation":180,"texture":"#2"},"west":{"uv":[0,0,10,10],"rotation":180,"texture":"#2"},"up":{"uv":[0,0,0,10],"texture":"#2"},"down":{"uv":[0,10,0,0],"texture":"#2"}}},{"from":[9.15,11.41421,5.5],"to":[9.15,16.41421,10.5],"rotation":{"angle":-45,"axis":"x","origin":[9.15,13.91421,8]},"faces":{"north":{"uv":[0,10,0,0],"rotation":180,"texture":"#2"},"east":{"uv":[0,10,10,0],"rotation":270,"texture":"#2"},"south":{"uv":[0,0,0,10],"texture":"#2"},"up":{"uv":[0,0,0,10],"texture":"#2"},"down":{"uv":[0,0,0,10],"rotation":180,"texture":"#2"}}},{"from":[7.29289,7.75,8],"to":[8.29289,11.75,9],"rotation":{"angle":45,"axis":"y","origin":[7.29289,7.75,8]},"faces":{"north":{"uv":[5.6,8,6.4,11.2],"texture":"#4"},"east":{"uv":[5.6,8,6.4,11.2],"texture":"#4"},"south":{"uv":[5.6,8,6.4,11.2],"texture":"#4"},"west":{"uv":[5.6,8,6.4,11.2],"texture":"#4"},"up":{"uv":[14.4,2.4,13.6,1.6],"texture":"#4"},"down":{"uv":[3.2,13.6,2.4,14.4],"texture":"#4"}}},{"from":[7.985,11.32843,-1.18198],"to":[8.015,15.32843,6.81802],"rotation":{"angle":0,"axis":"y","origin":[7.985,11.32843,-0.18198]},"faces":{"east":{"uv":[6.4,0,0,3.2],"texture":"#4"},"west":{"uv":[0,0,6.4,3.2],"texture":"#4"}}},{"from":[7.75,13.16421,2.76992],"to":[8.25,14.66421,5.76992],"rotation":{"angle":0,"axis":"y","origin":[7.75,13.16421,0.76992]},"faces":{"east":{"uv":[7.2,2.4,9.6,3.6],"texture":"#4"},"west":{"uv":[7.2,4,9.6,5.2],"texture":"#4"},"up":{"uv":[8.4,14.4,8,12],"texture":"#4"},"down":{"uv":[9.2,12,8.8,14.4],"texture":"#4"}}},{"from":[7.7475,12.5,2.98959],"to":[8.2525,13.75,4.23959],"rotation":{"angle":-45,"axis":"x","origin":[7.4975,12.5,2.23959]},"faces":{"north":{"uv":[13.6,6.4,14,7.4],"texture":"#4"},"east":{"uv":[6.4,12,7.4,13],"texture":"#4"},"south":{"uv":[9.6,13.6,10,14.6],"texture":"#4"},"west":{"uv":[12,6.4,13,7.4],"texture":"#4"},"up":{"uv":[10.8,14.6,10.4,13.6],"texture":"#4"},"down":{"uv":[11.6,13.6,11.2,14.6],"texture":"#4"}}},{"from":[7.985,11.32843,9.18198],"to":[8.015,15.32843,17.18198],"rotation":{"angle":0,"axis":"y","origin":[7.985,11.32843,16.18198]},"faces":{"east":{"uv":[0,0,6.4,3.2],"texture":"#4"},"west":{"uv":[6.4,0,0,3.2],"texture":"#4"}}},{"from":[7.75,13.16421,10.23008],"to":[8.25,14.66421,13.23008],"rotation":{"angle":0,"axis":"y","origin":[7.75,13.16421,15.23008]},"faces":{"east":{"uv":[9.6,2.4,7.2,3.6],"texture":"#4"},"west":{"uv":[9.6,4,7.2,5.2],"texture":"#4"},"up":{"uv":[8.4,12,8,14.4],"texture":"#4"},"down":{"uv":[9.2,14.4,8.8,12],"texture":"#4"}}},{"from":[7.7475,12.5,11.76041],"to":[8.2525,13.75,13.01041],"rotation":{"angle":45,"axis":"x","origin":[7.4975,12.5,13.76041]},"faces":{"north":{"uv":[10,13.6,9.6,14.6],"texture":"#4"},"east":{"uv":[7.4,12,6.4,13],"texture":"#4"},"south":{"uv":[14,6.4,13.6,7.4],"texture":"#4"},"west":{"uv":[13,6.4,12,7.4],"texture":"#4"},"up":{"uv":[10.8,13.6,10.4,14.6],"texture":"#4"},"down":{"uv":[11.6,14.6,11.2,13.6],"texture":"#4"}}}],"gui_light":"front","display":{"thirdperson_righthand":{"translation":[0,1.25,1]},"thirdperson_lefthand":{"translation":[0,1.25,1]},"firstperson_righthand":{"rotation":[6.25,0,0],"translation":[1.5,0.75,0]},"firstperson_lefthand":{"rotation":[6.25,0,0],"translation":[1.5,0.75,0]},"ground":{"rotation":[-45,0,0],"translation":[0,5,0],"scale":[0.7,0.7,0.7]},"gui":{"rotation":[-90,-45,-90],"translation":[-1.75,-1.75,0]},"head":{"rotation":[0,-90,0]},"fixed":{"rotation":[0,-90,0],"translation":[0,0,-1],"scale":[2,2,2]}}}