{"textures":{"0":"chaos_skills:mobs/skill5_blossom_of_greed_long"},"elements":[{"from":[-6.3573847,3.2875,7.7720995],"to":[1.2824402,27.2125,7.7720995],"faces":{"south":{"uv":[16.0,0.0,13.0,16.0],"tintindex":0,"rotation":0,"texture":"#0"},"north":{"uv":[13.0,0.0,16.0,16.0],"tintindex":0,"rotation":0,"texture":"#0"}},"rotation":{"origin":[-2.5374727,15.25,7.7720995],"angle":22.5,"axis":"y"}},{"from":[-0.45833397,1.1125002,7.216532],"to":[16.941666,29.3875,7.216532],"faces":{"south":{"uv":[13.0,0.0,3.0,16.0],"tintindex":0,"rotation":0,"texture":"#0"},"north":{"uv":[3.0,0.0,13.0,16.0],"tintindex":0,"rotation":0,"texture":"#0"}}},{"from":[14.3768425,3.2875,9.001707],"to":[22.016666,27.2125,9.001707],"faces":{"south":{"uv":[3.0,0.0,0.0,16.0],"tintindex":0,"rotation":0,"texture":"#0"},"north":{"uv":[0.0,0.0,3.0,16.0],"tintindex":0,"rotation":0,"texture":"#0"}},"rotation":{"origin":[18.18309,17.0625,9.001707],"angle":-45.0,"axis":"y"}},{"from":[13.467899,1.1125002,7.4219503],"to":[21.107723,29.3875,7.4219503],"faces":{"south":{"uv":[3.0,0.0,0.0,16.0],"tintindex":0,"rotation":0,"texture":"#0"},"north":{"uv":[0.0,0.0,3.0,16.0],"tintindex":0,"rotation":0,"texture":"#0"}},"rotation":{"origin":[17.274149,14.8875,11.9532],"angle":-22.5,"axis":"y"}},{"from":[0.9916668,3.2875,6.310282],"to":[15.491667,27.2125,6.310282],"faces":{"south":{"uv":[13.0,0.0,3.0,16.0],"tintindex":0,"rotation":0,"texture":"#0"},"north":{"uv":[3.0,0.0,13.0,16.0],"tintindex":0,"rotation":0,"texture":"#0"}}},{"from":[-6.9833336,1.1125002,9.907957],"to":[0.65649176,29.3875,9.907957],"faces":{"south":{"uv":[16.0,0.0,13.0,16.0],"tintindex":0,"rotation":0,"texture":"#0"},"north":{"uv":[13.0,0.0,16.0,16.0],"tintindex":0,"rotation":0,"texture":"#0"}},"rotation":{"origin":[-3.1497593,17.0625,9.907957],"angle":45.0,"axis":"y"}}],"display":{"gui":{"rotation":[30,225,0]}}}