{"textures":{"1":"modelengine:entity/xiddri_rock_break"},"elements":[{"from":[13.474998,-5.7340775,3.9874344],"to":[19.775002,5.290924,10.287434],"faces":{"east":{"uv":[12.046875,2.9375,12.140625,3.109375],"tintindex":0,"rotation":0,"texture":"#1"},"south":{"uv":[12.046875,3.109375,12.140625,3.28125],"tintindex":0,"rotation":0,"texture":"#1"},"north":{"uv":[2.6875,12.046875,2.78125,12.21875],"tintindex":0,"rotation":0,"texture":"#1"},"west":{"uv":[12.046875,3.65625,12.140625,3.828125],"tintindex":0,"rotation":0,"texture":"#1"},"up":{"uv":[12.21875,3.921875,12.125,3.828125],"tintindex":0,"rotation":0,"texture":"#1"},"down":{"uv":[12.21875,3.921875,12.125,4.015625],"tintindex":0,"rotation":0,"texture":"#1"}},"rotation":{"origin":[15.049999,-2.0590744,7.137432],"angle":22.5,"axis":"z"}},{"from":[8.75,-4.6840744,-1.7875671],"to":[15.049999,3.7159195,4.512432],"faces":{"east":{"uv":[12.09375,5.0625,12.1875,5.1875],"tintindex":0,"rotation":0,"texture":"#1"},"south":{"uv":[12.09375,5.515625,12.1875,5.640625],"tintindex":0,"rotation":0,"texture":"#1"},"north":{"uv":[12.09375,4.9375,12.1875,5.0625],"tintindex":0,"rotation":0,"texture":"#1"},"west":{"uv":[12.09375,5.640625,12.1875,5.765625],"tintindex":0,"rotation":0,"texture":"#1"},"up":{"uv":[4.484375,12.21875,4.390625,12.125],"tintindex":0,"rotation":0,"texture":"#1"},"down":{"uv":[12.21875,5.890625,12.125,5.984375],"tintindex":0,"rotation":0,"texture":"#1"}},"rotation":{"origin":[11.900002,-2.0590744,2.9374313],"angle":22.5,"axis":"x"}},{"from":[7.700001,2.1409225,-0.21257019],"to":[16.099998,10.540924,14.487434],"faces":{"east":{"uv":[10.546875,0.5,10.78125,0.625],"tintindex":0,"rotation":0,"texture":"#1"},"south":{"uv":[12.0625,1.8125,12.1875,1.9375],"tintindex":0,"rotation":0,"texture":"#1"},"north":{"uv":[1.75,12.0625,1.875,12.1875],"tintindex":0,"rotation":0,"texture":"#1"},"west":{"uv":[11.78125,0.171875,12.015625,0.296875],"tintindex":0,"rotation":0,"texture":"#1"},"up":{"uv":[11.953125,6.25,11.828125,6.015625],"tintindex":0,"rotation":0,"texture":"#1"},"down":{"uv":[7.65625,11.828125,7.53125,12.0625],"tintindex":0,"rotation":0,"texture":"#1"}}},{"from":[5.5999985,0.040924072,2.4124298],"to":[11.900002,12.640923,11.862434],"faces":{"east":{"uv":[11.203125,11.828125,11.34375,12.03125],"tintindex":0,"rotation":0,"texture":"#1"},"south":{"uv":[12.0,5.03125,12.09375,5.234375],"tintindex":0,"rotation":0,"texture":"#1"},"north":{"uv":[12.0,4.828125,12.09375,5.03125],"tintindex":0,"rotation":0,"texture":"#1"},"west":{"uv":[11.828125,11.21875,11.96875,11.421875],"tintindex":0,"rotation":0,"texture":"#1"},"up":{"uv":[12.15625,11.078125,12.0625,10.9375],"tintindex":0,"rotation":0,"texture":"#1"},"down":{"uv":[12.15625,11.078125,12.0625,11.21875],"tintindex":0,"rotation":0,"texture":"#1"}},"rotation":{"origin":[12.950001,2.1409225,7.137432],"angle":22.5,"axis":"z"}},{"from":[8.75,-5.209076,10.287434],"to":[15.049999,3.1909256,16.587433],"faces":{"east":{"uv":[12.09375,7.53125,12.1875,7.65625],"tintindex":0,"rotation":0,"texture":"#1"},"south":{"uv":[7.640625,12.09375,7.734375,12.21875],"tintindex":0,"rotation":0,"texture":"#1"},"north":{"uv":[7.296875,12.09375,7.390625,12.21875],"tintindex":0,"rotation":0,"texture":"#1"},"west":{"uv":[8.34375,12.09375,8.4375,12.21875],"tintindex":0,"rotation":0,"texture":"#1"},"up":{"uv":[12.21875,9.921875,12.125,9.828125],"tintindex":0,"rotation":0,"texture":"#1"},"down":{"uv":[9.96875,12.125,9.875,12.21875],"tintindex":0,"rotation":0,"texture":"#1"}},"rotation":{"origin":[11.900002,-2.0590744,2.9374313],"angle":-22.5,"axis":"x"}}],"display":{"gui":{"rotation":[30,225,0]}}}