{"providers":[{"file":"char/black.png","chars":[""],"height":1,"ascent":-5000,"type":"bitmap"},{"file":"char/black.png","chars":[""],"height":2,"ascent":-5000,"type":"bitmap"},{"file":"char/black.png","chars":[""],"height":3,"ascent":-5000,"type":"bitmap"},{"file":"char/black.png","chars":[""],"height":4,"ascent":-5000,"type":"bitmap"},{"file":"char/black.png","chars":[""],"height":5,"ascent":-5000,"type":"bitmap"},{"file":"char/black.png","chars":[""],"height":6,"ascent":-5000,"type":"bitmap"},{"file":"char/black.png","chars":[""],"height":7,"ascent":-5000,"type":"bitmap"},{"file":"char/black.png","chars":[""],"height":15,"ascent":-5000,"type":"bitmap"},{"file":"char/black.png","chars":[""],"height":31,"ascent":-5000,"type":"bitmap"},{"file":"char/black.png","chars":[""],"height":63,"ascent":-5000,"type":"bitmap"},{"file":"char/black.png","chars":[""],"height":127,"ascent":-5000,"type":"bitmap"},{"file":"char/black.png","chars":[""],"height":256,"ascent":-5000,"type":"bitmap"},{"file":"char/black.png","chars":[""],"height":512,"ascent":-5000,"type":"bitmap"},{"file":"char/black.png","chars":[""],"height":1024,"ascent":-5000,"type":"bitmap"},{"file":"char/black.png","chars":[""],"height":-3,"ascent":-5000,"type":"bitmap"},{"file":"char/black.png","chars":[""],"height":-4,"ascent":-5000,"type":"bitmap"},{"file":"char/black.png","chars":[""],"height":-5,"ascent":-5000,"type":"bitmap"},{"file":"char/black.png","chars":[""],"height":-6,"ascent":-5000,"type":"bitmap"},{"file":"char/black.png","chars":[""],"height":-7,"ascent":-5000,"type":"bitmap"},{"file":"char/black.png","chars":[""],"height":-8,"ascent":-5000,"type":"bitmap"},{"file":"char/black.png","chars":[""],"height":-9,"ascent":-5000,"type":"bitmap"},{"file":"char/black.png","chars":[""],"height":-10,"ascent":-5000,"type":"bitmap"},{"file":"char/black.png","chars":[""],"height":-18,"ascent":-5000,"type":"bitmap"},{"file":"char/black.png","chars":[""],"height":-34,"ascent":-5000,"type":"bitmap"},{"file":"char/black.png","chars":[""],"height":-66,"ascent":-5000,"type":"bitmap"},{"file":"char/black.png","chars":[""],"height":-130,"ascent":-5000,"type":"bitmap"},{"file":"char/black.png","chars":[""],"height":-259,"ascent":-5000,"type":"bitmap"},{"file":"char/black.png","chars":[""],"height":-515,"ascent":-5000,"type":"bitmap"},{"file":"char/black.png","chars":[""],"height":-1027,"ascent":-5000,"type":"bitmap"},{"file":"tavern:gui/battlepass/portal.png","chars":[""],"height":170,"ascent":47,"type":"bitmap"},{"file":"tavern:gui/battlepass/daily_quests.png","chars":[""],"height":170,"ascent":47,"type":"bitmap"},{"file":"tavern:gui/battlepass/week.png","chars":[""],"height":170,"ascent":47,"type":"bitmap"},{"file":"tavern:gui/battlepass/quest_overview.png","chars":[""],"height":170,"ascent":47,"type":"bitmap"},{"file":"tavern:gui/battlepass/rewards.png","chars":[""],"height":170,"ascent":47,"type":"bitmap"},{"file":"tavern:gui/battlepass/progress_bar.png","chars":[""],"height":9,"ascent":8,"type":"bitmap"},{"file":"tavern:gui/battlepass/bp.png","chars":[""],"height":9,"ascent":8,"type":"bitmap"},{"file":"tavern:emoji/8ball.png","chars":[""],"height":8,"ascent":8,"type":"bitmap"},{"file":"tavern:emoji/alarm.png","chars":[""],"height":8,"ascent":8,"type":"bitmap"},{"file":"tavern:emoji/alert.png","chars":[""],"height":8,"ascent":8,"type":"bitmap"},{"file":"tavern:emoji/alien.png","chars":[""],"height":8,"ascent":8,"type":"bitmap"},{"file":"tavern:emoji/angry.png","chars":[""],"height":8,"ascent":8,"type":"bitmap"},{"file":"tavern:emoji/anguish.png","chars":[""],"height":8,"ascent":8,"type":"bitmap"},{"file":"tavern:emoji/anxious.png","chars":[""],"height":8,"ascent":8,"type":"bitmap"},{"file":"tavern:emoji/banana.png","chars":[""],"height":8,"ascent":8,"type":"bitmap"},{"file":"tavern:emoji/bang.png","chars":[""],"height":8,"ascent":8,"type":"bitmap"},{"file":"tavern:emoji/baseball.png","chars":[""],"height":8,"ascent":8,"type":"bitmap"},{"file":"tavern:emoji/basketball.png","chars":[""],"height":8,"ascent":8,"type":"bitmap"},{"file":"tavern:emoji/battery.png","chars":[""],"height":8,"ascent":8,"type":"bitmap"},{"file":"tavern:emoji/beam.png","chars":[""],"height":8,"ascent":8,"type":"bitmap"},{"file":"tavern:emoji/bear.png","chars":[""],"height":8,"ascent":8,"type":"bitmap"},{"file":"tavern:emoji/blowkiss.png","chars":[""],"height":8,"ascent":8,"type":"bitmap"},{"file":"tavern:emoji/blush.png","chars":[""],"height":8,"ascent":8,"type":"bitmap"},{"file":"tavern:emoji/blushkiss.png","chars":[""],"height":8,"ascent":8,"type":"bitmap"},{"file":"tavern:emoji/bolt.png","chars":[""],"height":8,"ascent":8,"type":"bitmap"},{"file":"tavern:emoji/bomb.png","chars":[""],"height":8,"ascent":8,"type":"bitmap"},{"file":"tavern:emoji/box.png","chars":[""],"height":8,"ascent":8,"type":"bitmap"},{"file":"tavern:emoji/brokenheart.png","chars":[""],"height":8,"ascent":8,"type":"bitmap"},{"file":"tavern:emoji/bulb.png","chars":[""],"height":8,"ascent":8,"type":"bitmap"},{"file":"tavern:emoji/burger.png","chars":[""],"height":8,"ascent":8,"type":"bitmap"},{"file":"tavern:emoji/cake.png","chars":[""],"height":8,"ascent":8,"type":"bitmap"},{"file":"tavern:emoji/card.png","chars":[""],"height":8,"ascent":8,"type":"bitmap"},{"file":"tavern:emoji/cat.png","chars":[""],"height":8,"ascent":8,"type":"bitmap"},{"file":"tavern:emoji/check.png","chars":[""],"height":8,"ascent":8,"type":"bitmap"},{"file":"tavern:emoji/chick.png","chars":[""],"height":8,"ascent":8,"type":"bitmap"},{"file":"tavern:emoji/chickinegg.png","chars":[""],"height":8,"ascent":8,"type":"bitmap"},{"file":"tavern:emoji/chocolate.png","chars":[""],"height":8,"ascent":8,"type":"bitmap"},{"file":"tavern:emoji/cloud.png","chars":[""],"height":8,"ascent":8,"type":"bitmap"},{"file":"tavern:emoji/cloudy.png","chars":[""],"height":8,"ascent":8,"type":"bitmap"},{"file":"tavern:emoji/cone.png","chars":[""],"height":8,"ascent":8,"type":"bitmap"},{"file":"tavern:emoji/confounded.png","chars":[""],"height":8,"ascent":8,"type":"bitmap"},{"file":"tavern:emoji/cookie.png","chars":[""],"height":8,"ascent":8,"type":"bitmap"},{"file":"tavern:emoji/cross.png","chars":[""],"height":8,"ascent":8,"type":"bitmap"},{"file":"tavern:emoji/crown.png","chars":[""],"height":8,"ascent":8,"type":"bitmap"},{"file":"tavern:emoji/cry.png","chars":[""],"height":8,"ascent":8,"type":"bitmap"},{"file":"tavern:emoji/dead.png","chars":[""],"height":8,"ascent":8,"type":"bitmap"},{"file":"tavern:emoji/deny.png","chars":[""],"height":8,"ascent":8,"type":"bitmap"},{"file":"tavern:emoji/dice.png","chars":[""],"height":8,"ascent":8,"type":"bitmap"},{"file":"tavern:emoji/disappointed.png","chars":[""],"height":8,"ascent":8,"type":"bitmap"},{"file":"tavern:emoji/dog.png","chars":[""],"height":8,"ascent":8,"type":"bitmap"},{"file":"tavern:emoji/donut.png","chars":[""],"height":8,"ascent":8,"type":"bitmap"},{"file":"tavern:emoji/downcast.png","chars":[""],"height":8,"ascent":8,"type":"bitmap"},{"file":"tavern:emoji/droplet.png","chars":[""],"height":8,"ascent":8,"type":"bitmap"},{"file":"tavern:emoji/earth.png","chars":[""],"height":8,"ascent":8,"type":"bitmap"},{"file":"tavern:emoji/envelope.png","chars":[""],"height":8,"ascent":8,"type":"bitmap"},{"file":"tavern:emoji/expressionless.png","chars":[""],"height":8,"ascent":8,"type":"bitmap"},{"file":"tavern:emoji/eyes.png","chars":[""],"height":8,"ascent":8,"type":"bitmap"},{"file":"tavern:emoji/ez.png","chars":[""],"height":8,"ascent":8,"type":"bitmap"},{"file":"tavern:emoji/faceless.png","chars":[""],"height":8,"ascent":8,"type":"bitmap"},{"file":"tavern:emoji/fearful.png","chars":[""],"height":8,"ascent":8,"type":"bitmap"},{"file":"tavern:emoji/finish.png","chars":[""],"height":8,"ascent":8,"type":"bitmap"},{"file":"tavern:emoji/fish.png","chars":[""],"height":8,"ascent":8,"type":"bitmap"},{"file":"tavern:emoji/fist.png","chars":[""],"height":8,"ascent":8,"type":"bitmap"},{"file":"tavern:emoji/flame.png","chars":[""],"height":8,"ascent":8,"type":"bitmap"},{"file":"tavern:emoji/flex.png","chars":[""],"height":8,"ascent":8,"type":"bitmap"},{"file":"tavern:emoji/flower.png","chars":[""],"height":8,"ascent":8,"type":"bitmap"},{"file":"tavern:emoji/football.png","chars":[""],"height":8,"ascent":8,"type":"bitmap"},{"file":"tavern:emoji/fries.png","chars":[""],"height":8,"ascent":8,"type":"bitmap"},{"file":"tavern:emoji/frown.png","chars":[""],"height":8,"ascent":8,"type":"bitmap"},{"file":"tavern:emoji/gg.png","chars":[""],"height":8,"ascent":8,"type":"bitmap"},{"file":"tavern:emoji/glasses.png","chars":[""],"height":8,"ascent":8,"type":"bitmap"},{"file":"tavern:emoji/goblin.png","chars":[""],"height":8,"ascent":8,"type":"bitmap"},{"file":"tavern:emoji/grimace.png","chars":[""],"height":8,"ascent":8,"type":"bitmap"},{"file":"tavern:emoji/grin.png","chars":[""],"height":8,"ascent":8,"type":"bitmap"},{"file":"tavern:emoji/happyhorns.png","chars":[""],"height":8,"ascent":8,"type":"bitmap"},{"file":"tavern:emoji/happysun.png","chars":[""],"height":8,"ascent":8,"type":"bitmap"},{"file":"tavern:emoji/heart.png","chars":[""],"height":8,"ascent":8,"type":"bitmap"},{"file":"tavern:emoji/hearteyes.png","chars":[""],"height":8,"ascent":8,"type":"bitmap"},{"file":"tavern:emoji/hibiscus.png","chars":[""],"height":8,"ascent":8,"type":"bitmap"},{"file":"tavern:emoji/horse.png","chars":[""],"height":8,"ascent":8,"type":"bitmap"},{"file":"tavern:emoji/hushed.png","chars":[""],"height":8,"ascent":8,"type":"bitmap"},{"file":"tavern:emoji/indexup.png","chars":[""],"height":8,"ascent":8,"type":"bitmap"},{"file":"tavern:emoji/kiss.png","chars":[""],"height":8,"ascent":8,"type":"bitmap"},{"file":"tavern:emoji/ladybug.png","chars":[""],"height":8,"ascent":8,"type":"bitmap"},{"file":"tavern:emoji/lion.png","chars":[""],"height":8,"ascent":8,"type":"bitmap"},{"file":"tavern:emoji/lips.png","chars":[""],"height":8,"ascent":8,"type":"bitmap"},{"file":"tavern:emoji/lock.png","chars":[""],"height":8,"ascent":8,"type":"bitmap"},{"file":"tavern:emoji/lol.png","chars":[""],"height":8,"ascent":8,"type":"bitmap"},{"file":"tavern:emoji/lollipop.png","chars":[""],"height":8,"ascent":8,"type":"bitmap"},{"file":"tavern:emoji/lovenote.png","chars":[""],"height":8,"ascent":8,"type":"bitmap"},{"file":"tavern:emoji/mail.png","chars":[""],"height":8,"ascent":8,"type":"bitmap"},{"file":"tavern:emoji/mailclosed.png","chars":[""],"height":8,"ascent":8,"type":"bitmap"},{"file":"tavern:emoji/mask.png","chars":[""],"height":8,"ascent":8,"type":"bitmap"},{"file":"tavern:emoji/masks.png","chars":[""],"height":8,"ascent":8,"type":"bitmap"},{"file":"tavern:emoji/meat.png","chars":[""],"height":8,"ascent":8,"type":"bitmap"},{"file":"tavern:emoji/money.png","chars":[""],"height":8,"ascent":8,"type":"bitmap"},{"file":"tavern:emoji/monkey.png","chars":[""],"height":8,"ascent":8,"type":"bitmap"},{"file":"tavern:emoji/moon.png","chars":[""],"height":8,"ascent":8,"type":"bitmap"},{"file":"tavern:emoji/moonbright.png","chars":[""],"height":8,"ascent":8,"type":"bitmap"},{"file":"tavern:emoji/moondark.png","chars":[""],"height":8,"ascent":8,"type":"bitmap"},{"file":"tavern:emoji/mouse.png","chars":[""],"height":8,"ascent":8,"type":"bitmap"},{"file":"tavern:emoji/mushroom.png","chars":[""],"height":8,"ascent":8,"type":"bitmap"},{"file":"tavern:emoji/neutral.png","chars":[""],"height":8,"ascent":8,"type":"bitmap"},{"file":"tavern:emoji/newspaper.png","chars":[""],"height":8,"ascent":8,"type":"bitmap"},{"file":"tavern:emoji/blocked.png","chars":[""],"height":8,"ascent":8,"type":"bitmap"},{"file":"tavern:emoji/nomail.png","chars":[""],"height":8,"ascent":8,"type":"bitmap"},{"file":"tavern:emoji/notstonks.png","chars":[""],"height":8,"ascent":8,"type":"bitmap"},{"file":"tavern:emoji/ok.png","chars":[""],"height":8,"ascent":8,"type":"bitmap"},{"file":"tavern:emoji/openmouth.png","chars":[""],"height":8,"ascent":8,"type":"bitmap"},{"file":"tavern:emoji/palette.png","chars":[""],"height":8,"ascent":8,"type":"bitmap"},{"file":"tavern:emoji/panda.png","chars":[""],"height":8,"ascent":8,"type":"bitmap"},{"file":"tavern:emoji/peace.png","chars":[""],"height":8,"ascent":8,"type":"bitmap"},{"file":"tavern:emoji/peach.png","chars":[""],"height":8,"ascent":8,"type":"bitmap"},{"file":"tavern:emoji/pencil.png","chars":[""],"height":8,"ascent":8,"type":"bitmap"},{"file":"tavern:emoji/penguin.png","chars":[""],"height":8,"ascent":8,"type":"bitmap"},{"file":"tavern:emoji/pensive.png","chars":[""],"height":8,"ascent":8,"type":"bitmap"},{"file":"tavern:emoji/perservere.png","chars":[""],"height":8,"ascent":8,"type":"bitmap"},{"file":"tavern:emoji/phone.png","chars":[""],"height":8,"ascent":8,"type":"bitmap"},{"file":"tavern:emoji/pig.png","chars":[""],"height":8,"ascent":8,"type":"bitmap"},{"file":"tavern:emoji/pigsnout.png","chars":[""],"height":8,"ascent":8,"type":"bitmap"},{"file":"tavern:emoji/pineapple.png","chars":[""],"height":8,"ascent":8,"type":"bitmap"},{"file":"tavern:emoji/pizza.png","chars":[""],"height":8,"ascent":8,"type":"bitmap"},{"file":"tavern:emoji/poop.png","chars":[""],"height":8,"ascent":8,"type":"bitmap"},{"file":"tavern:emoji/pout.png","chars":[""],"height":8,"ascent":8,"type":"bitmap"},{"file":"tavern:emoji/relieved.png","chars":[""],"height":8,"ascent":8,"type":"bitmap"},{"file":"tavern:emoji/rocket.png","chars":[""],"height":8,"ascent":8,"type":"bitmap"},{"file":"tavern:emoji/sadhorns.png","chars":[""],"height":8,"ascent":8,"type":"bitmap"},{"file":"tavern:emoji/sadworry.png","chars":[""],"height":8,"ascent":8,"type":"bitmap"},{"file":"tavern:emoji/screaming.png","chars":[""],"height":8,"ascent":8,"type":"bitmap"},{"file":"tavern:emoji/shimmer.png","chars":[""],"height":8,"ascent":8,"type":"bitmap"},{"file":"tavern:emoji/shimmeryheart.png","chars":[""],"height":8,"ascent":8,"type":"bitmap"},{"file":"tavern:emoji/shocked.png","chars":[""],"height":8,"ascent":8,"type":"bitmap"},{"file":"tavern:emoji/sidetongue.png","chars":[""],"height":8,"ascent":8,"type":"bitmap"},{"file":"tavern:emoji/silverware.png","chars":[""],"height":8,"ascent":8,"type":"bitmap"},{"file":"tavern:emoji/skull.png","chars":[""],"height":8,"ascent":8,"type":"bitmap"},{"file":"tavern:emoji/sleeping.png","chars":[""],"height":8,"ascent":8,"type":"bitmap"},{"file":"tavern:emoji/sleepy.png","chars":[""],"height":8,"ascent":8,"type":"bitmap"},{"file":"tavern:emoji/smile.png","chars":[""],"height":8,"ascent":8,"type":"bitmap"},{"file":"tavern:emoji/smirk.png","chars":[""],"height":8,"ascent":8,"type":"bitmap"},{"file":"tavern:emoji/snail.png","chars":[""],"height":8,"ascent":8,"type":"bitmap"},{"file":"tavern:emoji/snowman.png","chars":[""],"height":8,"ascent":8,"type":"bitmap"},{"file":"tavern:emoji/sob.png","chars":[""],"height":8,"ascent":8,"type":"bitmap"},{"file":"tavern:emoji/soccer.png","chars":[""],"height":8,"ascent":8,"type":"bitmap"},{"file":"tavern:emoji/spooky.png","chars":[""],"height":8,"ascent":8,"type":"bitmap"},{"file":"tavern:emoji/squid.png","chars":[""],"height":8,"ascent":8,"type":"bitmap"},{"file":"tavern:emoji/squint.png","chars":[""],"height":8,"ascent":8,"type":"bitmap"},{"file":"tavern:emoji/squintkiss.png","chars":[""],"height":8,"ascent":8,"type":"bitmap"},{"file":"tavern:emoji/squinttongue.png","chars":[""],"height":8,"ascent":8,"type":"bitmap"},{"file":"tavern:emoji/star.png","chars":[""],"height":8,"ascent":8,"type":"bitmap"},{"file":"tavern:emoji/steam.png","chars":[""],"height":8,"ascent":8,"type":"bitmap"},{"file":"tavern:emoji/stonks.png","chars":[""],"height":8,"ascent":8,"type":"bitmap"},{"file":"tavern:emoji/sun.png","chars":[""],"height":8,"ascent":8,"type":"bitmap"},{"file":"tavern:emoji/sweat.png","chars":[""],"height":8,"ascent":8,"type":"bitmap"},{"file":"tavern:emoji/tag.png","chars":[""],"height":8,"ascent":8,"type":"bitmap"},{"file":"tavern:emoji/target.png","chars":[""],"height":8,"ascent":8,"type":"bitmap"},{"file":"tavern:emoji/thumbsdown.png","chars":[""],"height":8,"ascent":8,"type":"bitmap"},{"file":"tavern:emoji/thumbsup.png","chars":[""],"height":8,"ascent":8,"type":"bitmap"},{"file":"tavern:emoji/tired.png","chars":[""],"height":8,"ascent":8,"type":"bitmap"},{"file":"tavern:emoji/toilet.png","chars":[""],"height":8,"ascent":8,"type":"bitmap"},{"file":"tavern:emoji/tongue.png","chars":[""],"height":8,"ascent":8,"type":"bitmap"},{"file":"tavern:emoji/tophat.png","chars":[""],"height":8,"ascent":8,"type":"bitmap"},{"file":"tavern:emoji/trafficlight.png","chars":[""],"height":8,"ascent":8,"type":"bitmap"},{"file":"tavern:emoji/trophy.png","chars":[""],"height":8,"ascent":8,"type":"bitmap"},{"file":"tavern:emoji/unamused.png","chars":[""],"height":8,"ascent":8,"type":"bitmap"},{"file":"tavern:emoji/unlock.png","chars":[""],"height":8,"ascent":8,"type":"bitmap"},{"file":"tavern:emoji/weary.png","chars":[""],"height":8,"ascent":8,"type":"bitmap"},{"file":"tavern:emoji/wink.png","chars":[""],"height":8,"ascent":8,"type":"bitmap"},{"file":"tavern:emoji/winktongue.png","chars":[""],"height":8,"ascent":8,"type":"bitmap"},{"file":"tavern:emoji/worry.png","chars":[""],"height":8,"ascent":8,"type":"bitmap"},{"file":"tavern:emoji/confirm.png","chars":[""],"height":8,"ascent":8,"type":"bitmap"},{"file":"tavern:emoji/coins.png","chars":[""],"height":9,"ascent":9,"type":"bitmap"},{"file":"tavern:emoji/combat.png","chars":[""],"height":9,"ascent":9,"type":"bitmap"},{"file":"tavern:emoji/gem.png","chars":[""],"height":9,"ascent":9,"type":"bitmap"},{"file":"tavern:emoji/mining.png","chars":[""],"height":9,"ascent":9,"type":"bitmap"},{"file":"tavern:emoji/stadium.png","chars":[""],"height":9,"ascent":9,"type":"bitmap"},{"file":"tavern:emoji/lands.png","chars":[""],"height":9,"ascent":9,"type":"bitmap"},{"file":"tavern:emoji/clover.png","chars":[""],"height":8,"ascent":8,"type":"bitmap"},{"file":"tavern:emoji/duck.png","chars":[""],"height":8,"ascent":8,"type":"bitmap"},{"file":"tavern:emoji/crocodile.png","chars":[""],"height":8,"ascent":8,"type":"bitmap"},{"file":"tavern:emoji/redalert.png","chars":[""],"height":8,"ascent":8,"type":"bitmap"},{"file":"tavern:emoji/bluealert.png","chars":[""],"height":8,"ascent":8,"type":"bitmap"},{"file":"tavern:emoji/greenalert.png","chars":[""],"height":8,"ascent":8,"type":"bitmap"},{"file":"tavern:emoji/yellowalert.png","chars":[""],"height":8,"ascent":8,"type":"bitmap"},{"file":"tavern:emoji/yin_dark_icon.png","chars":[""],"height":8,"ascent":8,"type":"bitmap"},{"file":"tavern:emoji/yang_light_icon.png","chars":[""],"height":8,"ascent":8,"type":"bitmap"},{"file":"tavern:emoji/yin_yang_icon.png","chars":[""],"height":8,"ascent":8,"type":"bitmap"},{"file":"tavern:emoji/sbicons/xp.png","chars":[""],"height":9,"ascent":8,"type":"bitmap"},{"file":"tavern:emoji/sbicons/wingorb.png","chars":[""],"height":9,"ascent":8,"type":"bitmap"},{"file":"tavern:emoji/sbicons/watch.png","chars":[""],"height":8,"ascent":7,"type":"bitmap"},{"file":"tavern:emoji/sbicons/tv.png","chars":[""],"height":9,"ascent":8,"type":"bitmap"},{"file":"tavern:emoji/sbicons/swaplobby.png","chars":[""],"height":9,"ascent":8,"type":"bitmap"},{"file":"tavern:emoji/sbicons/stoneore.png","chars":[""],"height":9,"ascent":8,"type":"bitmap"},{"file":"tavern:emoji/sbicons/slucky.png","chars":[""],"height":9,"ascent":8,"type":"bitmap"},{"file":"tavern:emoji/sbicons/rr_currency.png","chars":[""],"height":8,"ascent":7,"type":"bitmap"},{"file":"tavern:emoji/sbicons/quest_icon-speech.png","chars":[""],"height":9,"ascent":8,"type":"bitmap"},{"file":"tavern:emoji/sbicons/quest_icon-question.png","chars":[""],"height":9,"ascent":8,"type":"bitmap"},{"file":"tavern:emoji/sbicons/quest_icon-checkmark.png","chars":[""],"height":9,"ascent":8,"type":"bitmap"},{"file":"tavern:emoji/sbicons/qubit.png","chars":[""],"height":9,"ascent":8,"type":"bitmap"},{"file":"tavern:emoji/sbicons/postmaster.png","chars":[""],"height":9,"ascent":8,"type":"bitmap"},{"file":"tavern:emoji/sbicons/party-leader.png","chars":[""],"height":9,"ascent":8,"type":"bitmap"},{"file":"tavern:emoji/sbicons/paint.png","chars":[""],"height":9,"ascent":8,"type":"bitmap"},{"file":"tavern:emoji/sbicons/nexus_shard-static.png","chars":[""],"height":9,"ascent":8,"type":"bitmap"},{"file":"tavern:emoji/sbicons/newplayer.png","chars":[""],"height":9,"ascent":8,"type":"bitmap"},{"file":"tavern:emoji/sbicons/launch_totem.png","chars":[""],"height":9,"ascent":8,"type":"bitmap"},{"file":"tavern:emoji/sbicons/knockout_orb.png","chars":[""],"height":9,"ascent":8,"type":"bitmap"},{"file":"tavern:emoji/sbicons/icon-shop.png","chars":[""],"height":9,"ascent":8,"type":"bitmap"},{"file":"tavern:emoji/sbicons/icon-hub.png","chars":[""],"height":9,"ascent":8,"type":"bitmap"},{"file":"tavern:emoji/sbicons/icon-crafting.png","chars":[""],"height":9,"ascent":8,"type":"bitmap"},{"file":"tavern:emoji/sbicons/health_orb.png","chars":[""],"height":9,"ascent":8,"type":"bitmap"},{"file":"tavern:emoji/sbicons/healing_totem.png","chars":[""],"height":9,"ascent":8,"type":"bitmap"},{"file":"tavern:emoji/sbicons/hat.png","chars":[""],"height":9,"ascent":8,"type":"bitmap"},{"file":"tavern:emoji/sbicons/hammer.png","chars":[""],"height":9,"ascent":8,"type":"bitmap"},{"file":"tavern:emoji/sbicons/grappling_orb.png","chars":[""],"height":9,"ascent":8,"type":"bitmap"},{"file":"tavern:emoji/sbicons/float.png","chars":[""],"height":9,"ascent":8,"type":"bitmap"},{"file":"tavern:emoji/sbicons/first.png","chars":[""],"height":9,"ascent":8,"type":"bitmap"},{"file":"tavern:emoji/sbicons/facility_icon-launch_pad.png","chars":[""],"height":9,"ascent":8,"type":"bitmap"},{"file":"tavern:emoji/sbicons/explosive_orb.png","chars":[""],"height":9,"ascent":8,"type":"bitmap"},{"file":"tavern:emoji/sbicons/dyebutton.png","chars":[""],"height":9,"ascent":8,"type":"bitmap"},{"file":"tavern:emoji/sbicons/directors_cone.png","chars":[""],"height":9,"ascent":8,"type":"bitmap"},{"file":"tavern:emoji/sbicons/defense_totem.png","chars":[""],"height":9,"ascent":8,"type":"bitmap"},{"file":"tavern:emoji/sbicons/credit.png","chars":[""],"height":9,"ascent":8,"type":"bitmap"},{"file":"tavern:emoji/sbicons/boost_orb.png","chars":[""],"height":9,"ascent":8,"type":"bitmap"},{"file":"tavern:emoji/sbicons/badge-star.png","chars":[""],"height":9,"ascent":8,"type":"bitmap"},{"file":"tavern:emoji/sbicons/badge-owner.png","chars":[""],"height":9,"ascent":8,"type":"bitmap"},{"file":"tavern:emoji/sbicons/badge-npc.png","chars":[""],"height":9,"ascent":8,"type":"bitmap"},{"file":"tavern:emoji/sbicons/antiair_totem.png","chars":[""],"height":9,"ascent":8,"type":"bitmap"},{"file":"tavern:emoji/sbicons/amethyst.png","chars":[""],"height":10,"ascent":9,"type":"bitmap"},{"file":"tavern:emoji/crates/goku.png","chars":[""],"height":10,"ascent":9,"type":"bitmap"},{"file":"tavern:emoji/crates/vegeta.png","chars":[""],"height":10,"ascent":9,"type":"bitmap"},{"file":"tavern:emoji/crates/palm_tree.png","chars":[""],"height":10,"ascent":9,"type":"bitmap"},{"file":"tavern:emoji/crates/beach.png","chars":[""],"height":10,"ascent":9,"type":"bitmap"},{"file":"tavern:emoji/masks/mask-1.png","chars":[""],"height":10,"ascent":9,"type":"bitmap"},{"file":"tavern:emoji/masks/mask-2.png","chars":[""],"height":10,"ascent":9,"type":"bitmap"},{"file":"tavern:emoji/masks/mask-3.png","chars":[""],"height":10,"ascent":9,"type":"bitmap"},{"file":"tavern:emoji/masks/mask-4.png","chars":[""],"height":10,"ascent":9,"type":"bitmap"},{"file":"tavern:emoji/masks/mask-5.png","chars":[""],"height":10,"ascent":9,"type":"bitmap"},{"file":"tavern:emoji/masks/mask-6.png","chars":[""],"height":10,"ascent":9,"type":"bitmap"},{"file":"tavern:emoji/masks/mask-7.png","chars":[""],"height":10,"ascent":9,"type":"bitmap"},{"file":"tavern:emoji/bubbles/bubble-1.png","chars":[""],"height":10,"ascent":9,"type":"bitmap"},{"file":"tavern:emoji/bubbles/bubble-2.png","chars":[""],"height":10,"ascent":9,"type":"bitmap"},{"file":"tavern:emoji/bubbles/bubble-3.png","chars":[""],"height":10,"ascent":9,"type":"bitmap"},{"file":"tavern:emoji/bubbles/bubble-4.png","chars":[""],"height":10,"ascent":9,"type":"bitmap"},{"file":"tavern:emoji/bubbles/bubble-5.png","chars":[""],"height":10,"ascent":9,"type":"bitmap"},{"file":"tavern:emoji/bubbles/bubble-6.png","chars":[""],"height":10,"ascent":9,"type":"bitmap"},{"file":"tavern:emoji/bubbles/bubble-7.png","chars":[""],"height":10,"ascent":9,"type":"bitmap"},{"file":"tavern:emoji/bubbles/bubble-8.png","chars":[""],"height":10,"ascent":9,"type":"bitmap"},{"file":"tavern:emoji/common/anvil.png","chars":[""],"height":10,"ascent":9,"type":"bitmap"},{"file":"tavern:emoji/common/book.png","chars":[""],"height":10,"ascent":9,"type":"bitmap"},{"file":"tavern:emoji/common/candy.png","chars":[""],"height":10,"ascent":9,"type":"bitmap"},{"file":"tavern:emoji/common/chest.png","chars":[""],"height":10,"ascent":9,"type":"bitmap"},{"file":"tavern:emoji/common/cloud.png","chars":[""],"height":10,"ascent":9,"type":"bitmap"},{"file":"tavern:emoji/common/flame.png","chars":[""],"height":10,"ascent":9,"type":"bitmap"},{"file":"tavern:emoji/common/hammer.png","chars":[""],"height":10,"ascent":9,"type":"bitmap"},{"file":"tavern:emoji/common/medal.png","chars":[""],"height":10,"ascent":9,"type":"bitmap"},{"file":"tavern:emoji/common/sleeping.png","chars":[""],"height":10,"ascent":9,"type":"bitmap"},{"file":"tavern:emoji/common/small-star.png","chars":[""],"height":10,"ascent":9,"type":"bitmap"},{"file":"tavern:emoji/common/spell.png","chars":[""],"height":10,"ascent":9,"type":"bitmap"},{"file":"tavern:emoji/common/spider.png","chars":[""],"height":10,"ascent":9,"type":"bitmap"},{"file":"tavern:emoji/common/star.png","chars":[""],"height":10,"ascent":9,"type":"bitmap"},{"file":"tavern:emoji/common/sword.png","chars":[""],"height":10,"ascent":9,"type":"bitmap"},{"file":"tavern:emoji/common/thunder.png","chars":[""],"height":10,"ascent":9,"type":"bitmap"},{"file":"tavern:emoji/common/hat.png","chars":[""],"height":10,"ascent":9,"type":"bitmap"},{"file":"tavern:emoji/common/treasure.png","chars":[""],"height":10,"ascent":9,"type":"bitmap"},{"file":"tavern:emoji/common/trophy.png","chars":[""],"height":10,"ascent":9,"type":"bitmap"},{"file":"tavern:emoji/common/heart.png","chars":[""],"height":10,"ascent":9,"type":"bitmap"},{"file":"tavern:emoji/common/coin.png","chars":[""],"height":10,"ascent":9,"type":"bitmap"},{"file":"tavern:emoji/common/gem.png","chars":[""],"height":10,"ascent":9,"type":"bitmap"},{"file":"tavern:emoji/common/cup.png","chars":[""],"height":10,"ascent":9,"type":"bitmap"},{"file":"tavern:emoji/common/small-shield.png","chars":[""],"height":10,"ascent":9,"type":"bitmap"},{"file":"tavern:emoji/common/shield-1.png","chars":[""],"height":10,"ascent":9,"type":"bitmap"},{"file":"tavern:emoji/common/shield-2.png","chars":[""],"height":10,"ascent":9,"type":"bitmap"},{"file":"tavern:emoji/common/shield-3.png","chars":[""],"height":10,"ascent":9,"type":"bitmap"},{"file":"tavern:emoji/common/wing.png","chars":[""],"height":10,"ascent":9,"type":"bitmap"},{"file":"tavern:emoji/common/small-candy.png","chars":[""],"height":10,"ascent":9,"type":"bitmap"},{"file":"tavern:emoji/common/blue-gem.png","chars":[""],"height":10,"ascent":9,"type":"bitmap"},{"file":"tavern:emoji/crystals/crystal-1.png","chars":[""],"height":10,"ascent":9,"type":"bitmap"},{"file":"tavern:emoji/crystals/crystal-2.png","chars":[""],"height":10,"ascent":9,"type":"bitmap"},{"file":"tavern:emoji/crystals/crystal-3.png","chars":[""],"height":10,"ascent":9,"type":"bitmap"},{"file":"tavern:emoji/crystals/crystal-4.png","chars":[""],"height":10,"ascent":9,"type":"bitmap"},{"file":"tavern:emoji/crystals/crystal-5.png","chars":[""],"height":10,"ascent":9,"type":"bitmap"},{"file":"tavern:emoji/crystals/crystal-6.png","chars":[""],"height":10,"ascent":9,"type":"bitmap"},{"file":"tavern:emoji/crystals/crystal-7.png","chars":[""],"height":10,"ascent":9,"type":"bitmap"},{"file":"tavern:emoji/crystals/crystal-8.png","chars":[""],"height":10,"ascent":9,"type":"bitmap"},{"file":"tavern:emoji/crystals/crystal-9.png","chars":[""],"height":10,"ascent":9,"type":"bitmap"},{"file":"tavern:emoji/crystals/crystal-10.png","chars":[""],"height":10,"ascent":9,"type":"bitmap"},{"file":"tavern:emoji/ruby/ruby-1.png","chars":[""],"height":10,"ascent":9,"type":"bitmap"},{"file":"tavern:emoji/ruby/ruby-2.png","chars":[""],"height":10,"ascent":9,"type":"bitmap"},{"file":"tavern:emoji/ruby/ruby-3.png","chars":[""],"height":10,"ascent":9,"type":"bitmap"},{"file":"tavern:emoji/ruby/ruby-4.png","chars":[""],"height":10,"ascent":9,"type":"bitmap"},{"file":"tavern:emoji/ruby/ruby-5.png","chars":[""],"height":10,"ascent":9,"type":"bitmap"},{"file":"tavern:emoji/ruby/ruby-6.png","chars":[""],"height":10,"ascent":9,"type":"bitmap"},{"file":"tavern:emoji/ruby/ruby-7.png","chars":[""],"height":10,"ascent":9,"type":"bitmap"},{"file":"tavern:emoji/ruby/ruby-8.png","chars":[""],"height":10,"ascent":9,"type":"bitmap"},{"file":"tavern:emoji/updates/update-1.png","chars":[""],"height":10,"ascent":9,"type":"bitmap"},{"file":"tavern:emoji/updates/update-2.png","chars":[""],"height":10,"ascent":9,"type":"bitmap"},{"file":"tavern:emoji/updates/update-3.png","chars":[""],"height":10,"ascent":9,"type":"bitmap"},{"file":"tavern:emoji/updates/update-4.png","chars":[""],"height":10,"ascent":9,"type":"bitmap"},{"file":"tavern:emoji/updates/update-5.png","chars":[""],"height":10,"ascent":9,"type":"bitmap"},{"file":"tavern:emoji/updates/update-6.png","chars":[""],"height":10,"ascent":9,"type":"bitmap"},{"file":"tavern:emoji/updates/update-7.png","chars":[""],"height":10,"ascent":9,"type":"bitmap"},{"file":"tavern:emoji/updates/update-8.png","chars":[""],"height":10,"ascent":9,"type":"bitmap"},{"file":"tavern:emoji/updates/update-9.png","chars":[""],"height":10,"ascent":9,"type":"bitmap"},{"file":"tavern:emoji/updates/update-10.png","chars":[""],"height":10,"ascent":9,"type":"bitmap"},{"file":"tavern:emoji/updates/update-11.png","chars":[""],"height":10,"ascent":9,"type":"bitmap"},{"file":"tavern:emoji/updates/update-12.png","chars":[""],"height":10,"ascent":9,"type":"bitmap"},{"file":"tavern:emoji/updates/update-13.png","chars":[""],"height":10,"ascent":9,"type":"bitmap"},{"file":"tavern:emoji/updates/update-14.png","chars":[""],"height":10,"ascent":9,"type":"bitmap"},{"file":"tavern:emoji/discord.png","chars":[""],"height":16,"ascent":9,"type":"bitmap"},{"file":"tavern:emoji/ores/green_crystal.png","chars":[""],"height":12,"ascent":9,"type":"bitmap"},{"file":"tavern:emoji/ores/red_crystal.png","chars":[""],"height":12,"ascent":9,"type":"bitmap"},{"file":"tavern:emoji/ores/yellow_crystal.png","chars":[""],"height":12,"ascent":9,"type":"bitmap"},{"chars":[""],"file":"tavern:ranks/elite.png","ascent":7,"height":7,"type":"bitmap"},{"chars":[""],"file":"tavern:ranks/developer.png","ascent":7,"height":7,"type":"bitmap"},{"chars":[""],"file":"tavern:ranks/veteran.png","ascent":7,"height":7,"type":"bitmap"},{"chars":[""],"file":"tavern:ranks/media.png","ascent":7,"height":7,"type":"bitmap"},{"chars":[""],"file":"tavern:ranks/epic.png","ascent":7,"height":7,"type":"bitmap"},{"chars":[""],"file":"tavern:ranks/helper.png","ascent":7,"height":7,"type":"bitmap"},{"chars":[""],"file":"tavern:ranks/legend.png","ascent":7,"height":7,"type":"bitmap"},{"chars":[""],"file":"tavern:ranks/legendary.png","ascent":7,"height":7,"type":"bitmap"},{"chars":[""],"file":"tavern:ranks/admin.png","ascent":7,"height":7,"type":"bitmap"},{"chars":[""],"file":"tavern:ranks/jr_admin.png","ascent":7,"height":7,"type":"bitmap"},{"chars":[""],"file":"tavern:ranks/jr_mod.png","ascent":7,"height":7,"type":"bitmap"},{"chars":[""],"file":"tavern:ranks/mythical.png","ascent":7,"height":7,"type":"bitmap"},{"chars":[""],"file":"tavern:ranks/sr_admin.png","ascent":7,"height":7,"type":"bitmap"},{"chars":[""],"file":"tavern:ranks/manager.png","ascent":7,"height":7,"type":"bitmap"},{"chars":[""],"file":"tavern:ranks/member.png","ascent":7,"height":7,"type":"bitmap"},{"chars":[""],"file":"tavern:ranks/builder.png","ascent":7,"height":7,"type":"bitmap"},{"chars":[""],"file":"tavern:ranks/mod.png","ascent":7,"height":7,"type":"bitmap"},{"chars":[""],"file":"tavern:ranks/immortal.png","ascent":7,"height":7,"type":"bitmap"},{"chars":[""],"file":"tavern:ranks/nitro.png","ascent":7,"height":7,"type":"bitmap"},{"chars":[""],"file":"tavern:ranks/owner.png","ascent":7,"height":7,"type":"bitmap"},{"chars":[""],"file":"tavern:ranks/premium.png","ascent":7,"height":7,"type":"bitmap"},{"chars":[""],"file":"tavern:ranks/rare.png","ascent":7,"height":7,"type":"bitmap"},{"chars":[""],"file":"tavern:ranks/sr_mod.png","ascent":7,"height":7,"type":"bitmap"},{"chars":[""],"file":"tavern:ranks/mythic.png","ascent":7,"height":7,"type":"bitmap"},{"chars":[""],"file":"tavern:ranks/uncommon.png","ascent":7,"height":7,"type":"bitmap"},{"chars":[""],"file":"tavern:ranks/common.png","ascent":7,"height":7,"type":"bitmap"},{"chars":[""],"file":"tavern:ranks/vip.png","ascent":7,"height":7,"type":"bitmap"},{"chars":[""],"file":"tavern:gui/pixel.png","ascent":-2000,"height":-3,"type":"bitmap"},{"chars":[""],"file":"tavern:gui/negspace.png","ascent":-32768,"height":-4,"type":"bitmap"},{"chars":[""],"file":"tavern:gui/negspace.png","ascent":-32768,"height":-119,"type":"bitmap"},{"chars":[""],"file":"tavern:gui/tab1.png","ascent":50,"height":50,"type":"bitmap"},{"chars":[""],"file":"tavern:gui/tab2.png","ascent":50,"height":50,"type":"bitmap"},{"chars":[""],"file":"tavern:gui/tab3.png","ascent":0,"height":50,"type":"bitmap"},{"chars":[""],"file":"tavern:gui/tab4.png","ascent":0,"height":50,"type":"bitmap"},{"chars":[""],"file":"tavern:emoji/survival.png","ascent":18,"height":18,"type":"bitmap"},{"chars":[""],"file":"tavern:emoji/lifesteal.png","ascent":18,"height":18,"type":"bitmap"}]}