{"textures":{"0":"modelengine:entity/tusoteuthis"},"elements":[{"from":[6.8900003,6.9824996,-15.125],"to":[9.11,9.0175,7.815],"faces":{"east":{"uv":[10.84375,1.65625,7.96875,1.90625],"tintindex":0,"rotation":0,"texture":"#0"},"south":{"uv":[6.4375,10.75,6.15625,11.0],"tintindex":0,"rotation":0,"texture":"#0"},"north":{"uv":[5.625,10.6875,5.34375,10.9375],"tintindex":0,"rotation":0,"texture":"#0"},"west":{"uv":[10.84375,1.40625,7.96875,1.65625],"tintindex":0,"rotation":0,"texture":"#0"},"up":{"uv":[4.59375,10.25,4.875,7.375],"tintindex":0,"rotation":0,"texture":"#0"},"down":{"uv":[4.875,7.8125,5.15625,10.6875],"tintindex":0,"rotation":0,"texture":"#0"}}}],"display":{"gui":{"rotation":[30,225,0]}}}