{"textures":{"0":"modelengine:entity/tusoteuthis"},"elements":[{"from":[6.1499996,6.304166,-11.425001],"to":[9.85,9.695834,7.6916666],"faces":{"east":{"uv":[9.53125,2.5625,10.96875,2.8125],"tintindex":0,"rotation":0,"texture":"#0"},"south":{"uv":[5.0625,10.6875,5.34375,10.9375],"tintindex":0,"rotation":0,"texture":"#0"},"north":{"uv":[4.78125,10.6875,5.0625,10.9375],"tintindex":0,"rotation":0,"texture":"#0"},"west":{"uv":[9.53125,2.8125,10.96875,3.0625],"tintindex":0,"rotation":0,"texture":"#0"},"up":{"uv":[4.5625,10.4375,4.28125,9.0],"tintindex":0,"rotation":0,"texture":"#0"},"down":{"uv":[1.8125,9.46875,1.53125,10.90625],"tintindex":0,"rotation":0,"texture":"#0"}}}],"display":{"gui":{"rotation":[30,225,0]}}}