{
    "model": {
        "type": "range_dispatch",
        "property": "custom_model_data",
        "fallback": {
            "type": "model",
            "model": "minecraft:item/diamond_axe"
        },
        "entries": [
            {
                "threshold": 10000,
                "model": {
                    "type": "model",
                    "model": "tavern:items/sets/cyber/orange/axe"
                }
            },
            {
                "threshold": 10002,
                "model": {
                    "type": "model",
                    "model": "tavern:items/sets/cyber/pink/axe"
                }
            },
            {
                "threshold": 10003,
                "model": {
                    "type": "model",
                    "model": "tavern:items/sets/cyber/blue/axe"
                }
            },
            {
                "threshold": 10004,
                "model": {
                    "type": "model",
                    "model": "tavern:items/sets/cyber/purple/axe"
                }
            },
            {
                "threshold": 10005,
                "model": {
                    "type": "model",
                    "model": "tavern:items/sets/cyber/red/axe"
                }
            },
            {
                "threshold": 10006,
                "model": {
                    "type": "model",
                    "model": "tavern:items/sets/cyber/green/axe"
                }
            },
            {
                "threshold": 10008,
                "model": {
                    "type": "model",
                    "model": "tavern:items/sets/warden/axe"
                }
            },
            {
                "threshold": 10009,
                "model": {
                    "type": "model",
                    "model": "tavern:items/sets/warden/hammer"
                }
            },
            {
                "threshold": 10012,
                "model": {
                    "type": "model",
                    "model": "tavern:items/sets/asura/axe"
                }
            },
            {
                "threshold": 10013,
                "model": {
                    "type": "model",
                    "model": "tavern:items/sets/asura/battle_axe"
                }
            },
            {
                "threshold": 10022,
                "model": {
                    "type": "model",
                    "model": "tavern:items/sets/darkworldpack/normal/axe"
                }
            },
            {
                "threshold": 10023,
                "model": {
                    "type": "model",
                    "model": "tavern:items/sets/yggdrasil/axe"
                }
            },
            {
                "threshold": 10024,
                "model": {
                    "type": "model",
                    "model": "item/diamond_axe"
                }
            }
        ]
    }
}