{
    "model": {
        "type": "range_dispatch",
        "property": "custom_model_data",
        "fallback": {
            "type": "model",
            "model": "minecraft:item/netherite_shovel"
        },
        "entries": [
            {
                "threshold": 10008,
                "model": {
                    "type": "model",
                    "model": "tavern:items/sets/merry_christmas/shovel"
                }
            },
            {
                "threshold": 10009,
                "model": {
                    "type": "model",
                    "model": "tavern:items/sets/christmas_2023/shovel"
                }
            },
            {
                "threshold": 10010,
                "model": {
                    "type": "model",
                    "model": "tavern:items/sets/fairy/shovel"
                }
            },
            {
                "threshold": 10011,
                "model": {
                    "type": "model",
                    "model": "tavern:items/sets/nexus/shovel"
                }
            },
            {
                "threshold": 10012,
                "model": {
                    "type": "model",
                    "model": "tavern:items/sets/thunderbolt/shovel"
                }
            },
            {
                "threshold": 10013,
                "model": {
                    "type": "model",
                    "model": "tavern:items/sets/lunar/shovel"
                }
            },
            {
                "threshold": 10014,
                "model": {
                    "type": "model",
                    "model": "tavern:items/sets/sweetheart/shovel"
                }
            },
            {
                "threshold": 10015,
                "model": {
                    "type": "model",
                    "model": "tavern:items/sets/valentine/shovel"
                }
            },
            {
                "threshold": 10017,
                "model": {
                    "type": "model",
                    "model": "tavern:items/sets/queenbee/shovel"
                }
            },
            {
                "threshold": 10018,
                "model": {
                    "type": "model",
                    "model": "tavern:items/sets/valor/shovel"
                }
            },
            {
                "threshold": 10019,
                "model": {
                    "type": "model",
                    "model": "tavern:items/sets/saintpatrick/shovel"
                }
            },
            {
                "threshold": 10020,
                "model": {
                    "type": "model",
                    "model": "tavern:items/sets/levian/shovel"
                }
            },
            {
                "threshold": 10021,
                "model": {
                    "type": "model",
                    "model": "tavern:items/sets/valkyrie/shovel"
                }
            },
            {
                "threshold": 10022,
                "model": {
                    "type": "model",
                    "model": "tavern:items/sets/minotaur/shovel"
                }
            },
            {
                "threshold": 10024,
                "model": {
                    "type": "model",
                    "model": "tavern:items/sets/serpent/shovel"
                }
            },
            {
                "threshold": 10025,
                "model": {
                    "type": "model",
                    "model": "tavern:items/sets/easter2024/shovel"
                }
            },
            {
                "threshold": 10026,
                "model": {
                    "type": "model",
                    "model": "tavern:items/sets/azalea/shovel"
                }
            },
            {
                "threshold": 10027,
                "model": {
                    "type": "model",
                    "model": "tavern:items/sets/fuchsia/shovel"
                }
            },
            {
                "threshold": 10029,
                "model": {
                    "type": "model",
                    "model": "tavern:items/sets/yang/shovel"
                }
            },
            {
                "threshold": 10030,
                "model": {
                    "type": "model",
                    "model": "tavern:items/sets/yin/shovel"
                }
            },
            {
                "threshold": 10031,
                "model": {
                    "type": "model",
                    "model": "tavern:items/sets/goku/shovel"
                }
            },
            {
                "threshold": 10032,
                "model": {
                    "type": "model",
                    "model": "tavern:items/sets/vegeta/shovel"
                }
            },
            {
                "threshold": 10033,
                "model": {
                    "type": "model",
                    "model": "tavern:items/sets/summer/shovel"
                }
            },
            {
                "threshold": 10034,
                "model": {
                    "type": "model",
                    "model": "tavern:items/sets/wild/shovel"
                }
            },
            {
                "threshold": 10035,
                "model": {
                    "type": "model",
                    "model": "tavern:items/sets/spartan/shovel"
                }
            },
            {
                "threshold": 10036,
                "model": {
                    "type": "model",
                    "model": "tavern:items/sets/demon_edge/shovel"
                }
            },
            {
                "threshold": 10037,
                "model": {
                    "type": "model",
                    "model": "tavern:items/sets/halloween1/shovel"
                }
            },
            {
                "threshold": 10038,
                "model": {
                    "type": "model",
                    "model": "tavern:items/sets/fiendskull/shovel"
                }
            },
            {
                "threshold": 10039,
                "model": {
                    "type": "model",
                    "model": "tavern:items/sets/nanoedge/shovel"
                }
            },
            {
                "threshold": 10040,
                "model": {
                    "type": "model",
                    "model": "tavern:items/sets/mysticcyan/shovel"
                }
            },
            {
                "threshold": 10041,
                "model": {
                    "type": "model",
                    "model": "tavern:items/sets/arcanist/shovel"
                }
            },
            {
                "threshold": 10042,
                "model": {
                    "type": "model",
                    "model": "tavern:items/sets/merry_christmas_2024/shovel"
                }
            },
            {
                "threshold": 10043,
                "model": {
                    "type": "model",
                    "model": "tavern:items/sets/frostbiteset/shovel"
                }
            },
            {
                "threshold": 10044,
                "model": {
                    "type": "model",
                    "model": "tavern:items/sets/fireworkset/shovel"
                }
            },
            {
                "threshold": 151013,
                "model": {
                    "type": "model",
                    "model": "tavern:items/sets/discordnitro/shovel"
                }
            },
            {
                "threshold": 151014,
                "model": {
                    "type": "model",
                    "model": "item/netherite_shovel"
                }
            }
        ]
    }
}