{
    "model": {
        "type": "range_dispatch",
        "property": "custom_model_data",
        "fallback": {
            "type": "model",
            "model": "minecraft:item/potion",
            "tints": [
                {
                    "type": "minecraft:potion",
                    "default": -13083194
                }
            ]
        },
        "entries": [
            {
                "threshold": 151007,
                "model": {
                    "type": "model",
                    "model": "tavern:items/sets/discordnitro/helmet"
                }
            },
            {
                "threshold": 151008,
                "model": {
                    "type": "model",
                    "model": "tavern:items/sets/frostbiteset/helmet"
                }
            },
            {
                "threshold": 151009,
                "model": {
                    "type": "model",
                    "model": "tavern:items/sets/frostbiteset/wings_cosmetic"
                }
            },
            {
                "threshold": 151010,
                "model": {
                    "type": "model",
                    "model": "tavern:items/sets/frostbiteset/wings_cosmetic_self"
                }
            },
            {
                "threshold": 151011,
                "model": {
                    "type": "model",
                    "model": "tavern:items/sets/frostbiteset/wings_cosmetic_self_2"
                }
            },
            {
                "threshold": 151012,
                "model": {
                    "type": "model",
                    "model": "tavern:items/sets/frostbiteset/wings_cosmetic_normal_2"
                }
            },
            {
                "threshold": 151013,
                "model": {
                    "type": "model",
                    "model": "tavern:items/sets/fireworkset/helmet"
                }
            },
            {
                "threshold": 151014,
                "model": {
                    "type": "model",
                    "model": "tavern:items/sets/fireworkset/wings_cosmetic"
                }
            },
            {
                "threshold": 151015,
                "model": {
                    "type": "model",
                    "model": "tavern:items/sets/fireworkset/wings_cosmetic_self"
                }
            },
            {
                "threshold": 151016,
                "model": {
                    "type": "model",
                    "model": "tavern:items/sets/fireworkset/wings_cosmetic_self_2"
                }
            },
            {
                "threshold": 151017,
                "model": {
                    "type": "model",
                    "model": "tavern:items/sets/fireworkset/wings_cosmetic_normal_2"
                }
            },
            {
                "threshold": 151020,
                "model": {
                    "type": "model",
                    "model": "tavern:items/sets/discordnitro/wings"
                }
            },
            {
                "threshold": 151021,
                "model": {
                    "type": "model",
                    "model": "tavern:items/sets/discordnitro/wings_self"
                }
            },
            {
                "threshold": 543000,
                "model": {
                    "type": "model",
                    "model": "tavern:items/sets/lunar/helmet"
                }
            },
            {
                "threshold": 543001,
                "model": {
                    "type": "model",
                    "model": "tavern:items/sets/lunar/tail_cosmetics"
                }
            },
            {
                "threshold": 543002,
                "model": {
                    "type": "model",
                    "model": "tavern:items/sets/lunar/tail_cosmetics_self"
                }
            },
            {
                "threshold": 543003,
                "model": {
                    "type": "model",
                    "model": "tavern:items/sets/lunar/tail_cosmetics_self_2"
                }
            },
            {
                "threshold": 543004,
                "model": {
                    "type": "model",
                    "model": "tavern:items/sets/lunar/tail_cosmetics_normal_2"
                }
            },
            {
                "threshold": 563000,
                "model": {
                    "type": "model",
                    "model": "tavern:items/sets/thunderbolt/helmet"
                }
            },
            {
                "threshold": 563001,
                "model": {
                    "type": "model",
                    "model": "tavern:items/sets/thunderbolt/wings_cosmetics"
                }
            },
            {
                "threshold": 563002,
                "model": {
                    "type": "model",
                    "model": "tavern:items/sets/thunderbolt/wings_cosmetics_self"
                }
            },
            {
                "threshold": 563003,
                "model": {
                    "type": "model",
                    "model": "tavern:items/sets/thunderbolt/wings_cosmetics_self_2"
                }
            },
            {
                "threshold": 563004,
                "model": {
                    "type": "model",
                    "model": "tavern:items/sets/thunderbolt/wings_cosmetics_normal_2"
                }
            },
            {
                "threshold": 643000,
                "model": {
                    "type": "model",
                    "model": "tavern:items/sets/valor/wings_cosmetics"
                }
            },
            {
                "threshold": 643001,
                "model": {
                    "type": "model",
                    "model": "tavern:items/sets/valor/wings_cosmetics_self"
                }
            },
            {
                "threshold": 643002,
                "model": {
                    "type": "model",
                    "model": "tavern:items/sets/valor/wings_cosmetics_self_2"
                }
            },
            {
                "threshold": 643003,
                "model": {
                    "type": "model",
                    "model": "tavern:items/sets/valor/wings_cosmetics_normal_2"
                }
            },
            {
                "threshold": 1600001,
                "model": {
                    "type": "model",
                    "model": "tavern:items/sets/saintpatrick/wings_cosmeticscore"
                }
            },
            {
                "threshold": 1600002,
                "model": {
                    "type": "model",
                    "model": "tavern:items/sets/saintpatrick/wings_cosmeticscore_self"
                }
            },
            {
                "threshold": 1600003,
                "model": {
                    "type": "model",
                    "model": "tavern:items/sets/saintpatrick/helmet"
                }
            },
            {
                "threshold": 1600004,
                "model": {
                    "type": "model",
                    "model": "tavern:items/sets/saintpatrick/wings_cosmeticscore_self_2"
                }
            },
            {
                "threshold": 1600005,
                "model": {
                    "type": "model",
                    "model": "tavern:items/sets/saintpatrick/wings_cosmeticscore_normal_2"
                }
            },
            {
                "threshold": 1700001,
                "model": {
                    "type": "model",
                    "model": "tavern:items/sets/nexus/wings_cosmeticscore"
                }
            },
            {
                "threshold": 1700002,
                "model": {
                    "type": "model",
                    "model": "tavern:items/sets/nexus/wings_cosmeticscore_self"
                }
            },
            {
                "threshold": 1700003,
                "model": {
                    "type": "model",
                    "model": "tavern:items/sets/nexus/helmet"
                }
            },
            {
                "threshold": 1700004,
                "model": {
                    "type": "model",
                    "model": "tavern:items/sets/nexus/wings_cosmeticscore_self_2"
                }
            },
            {
                "threshold": 1700005,
                "model": {
                    "type": "model",
                    "model": "tavern:items/sets/nexus/wings_cosmeticscore_normal_2"
                }
            },
            {
                "threshold": 1900001,
                "model": {
                    "type": "model",
                    "model": "tavern:items/sets/littlepanda/backpack_cosmeticscore"
                }
            },
            {
                "threshold": 1900002,
                "model": {
                    "type": "model",
                    "model": "tavern:items/sets/littlepanda/backpack_cosmeticscore_self"
                }
            },
            {
                "threshold": 1900003,
                "model": {
                    "type": "model",
                    "model": "tavern:items/sets/littlepanda/bamboo_backpack_cosmeticscore"
                }
            },
            {
                "threshold": 1900004,
                "model": {
                    "type": "model",
                    "model": "tavern:items/sets/littlepanda/bamboo_backpack_cosmeticscore_self"
                }
            },
            {
                "threshold": 1900005,
                "model": {
                    "type": "model",
                    "model": "tavern:items/sets/littlepanda/panda_head"
                }
            },
            {
                "threshold": 1900006,
                "model": {
                    "type": "model",
                    "model": "tavern:items/sets/littlepanda/panda_hood"
                }
            },
            {
                "threshold": 2000001,
                "model": {
                    "type": "model",
                    "model": "tavern:items/sets/fairy/wings_cosmeticscore"
                }
            },
            {
                "threshold": 2000002,
                "model": {
                    "type": "model",
                    "model": "tavern:items/sets/fairy/wings_cosmeticscore_self"
                }
            },
            {
                "threshold": 2000003,
                "model": {
                    "type": "model",
                    "model": "tavern:items/sets/fairy/helmet"
                }
            },
            {
                "threshold": 2000004,
                "model": {
                    "type": "model",
                    "model": "tavern:items/sets/fairy/wings_cosmeticscore_self_2"
                }
            },
            {
                "threshold": 2000005,
                "model": {
                    "type": "model",
                    "model": "tavern:items/sets/fairy/wings_cosmeticscore_normal_2"
                }
            },
            {
                "threshold": 2100001,
                "model": {
                    "type": "model",
                    "model": "tavern:items/sets/azure/wings_cosmeticscore"
                }
            },
            {
                "threshold": 2100002,
                "model": {
                    "type": "model",
                    "model": "tavern:items/sets/azure/wings_cosmeticscore_self"
                }
            },
            {
                "threshold": 2100003,
                "model": {
                    "type": "model",
                    "model": "tavern:items/sets/azure/helmet"
                }
            },
            {
                "threshold": 2500001,
                "model": {
                    "type": "model",
                    "model": "tavern:items/sets/bonita/wings_cosmeticscore"
                }
            },
            {
                "threshold": 2500002,
                "model": {
                    "type": "model",
                    "model": "tavern:items/sets/bonita/wings_cosmeticscore_self"
                }
            },
            {
                "threshold": 2500003,
                "model": {
                    "type": "model",
                    "model": "tavern:items/sets/bonita/helmet"
                }
            },
            {
                "threshold": 2500004,
                "model": {
                    "type": "model",
                    "model": "tavern:items/sets/bonita/backpack_cosmeticscore"
                }
            },
            {
                "threshold": 2500005,
                "model": {
                    "type": "model",
                    "model": "tavern:items/sets/bonita/backpack_cosmeticscore_self"
                }
            },
            {
                "threshold": 3200001,
                "model": {
                    "type": "model",
                    "model": "tavern:items/sets/fiendskull/cape_cosmeticscore"
                }
            },
            {
                "threshold": 3200002,
                "model": {
                    "type": "model",
                    "model": "tavern:items/sets/fiendskull/cape_cosmeticscore_self"
                }
            },
            {
                "threshold": 3200003,
                "model": {
                    "type": "model",
                    "model": "tavern:items/sets/fiendskull/helmet"
                }
            },
            {
                "threshold": 3200004,
                "model": {
                    "type": "model",
                    "model": "tavern:items/sets/fiendskull/backpack_cosmeticscore"
                }
            },
            {
                "threshold": 3200005,
                "model": {
                    "type": "model",
                    "model": "tavern:items/sets/fiendskull/backpack_cosmeticscore_self"
                }
            },
            {
                "threshold": 3400001,
                "model": {
                    "type": "model",
                    "model": "tavern:items/sets/halloween2/wings_cosmetics"
                }
            },
            {
                "threshold": 3400002,
                "model": {
                    "type": "model",
                    "model": "tavern:items/sets/halloween2/wings_cosmetics_self"
                }
            },
            {
                "threshold": 3400003,
                "model": {
                    "type": "model",
                    "model": "tavern:items/sets/halloween2/helmet"
                }
            },
            {
                "threshold": 3400004,
                "model": {
                    "type": "model",
                    "model": "tavern:items/sets/halloween2/backpack_cosmetics"
                }
            },
            {
                "threshold": 3400005,
                "model": {
                    "type": "model",
                    "model": "tavern:items/sets/halloween2/backpack_cosmetics_self"
                }
            },
            {
                "threshold": 3400006,
                "model": {
                    "type": "model",
                    "model": "tavern:items/sets/halloween2/wings_cosmetics_self_2"
                }
            },
            {
                "threshold": 3400007,
                "model": {
                    "type": "model",
                    "model": "tavern:items/sets/halloween2/wings_cosmetics_normal_2"
                }
            },
            {
                "threshold": 3400008,
                "model": {
                    "type": "model",
                    "model": "tavern:items/sets/halloween2/backpack_cosmetics_self_2"
                }
            },
            {
                "threshold": 3400009,
                "model": {
                    "type": "model",
                    "model": "tavern:items/sets/halloween2/backpack_cosmetics_normal_2"
                }
            },
            {
                "threshold": 6830000,
                "model": {
                    "type": "model",
                    "model": "tavern:items/sets/winter/helmet"
                }
            },
            {
                "threshold": 6830001,
                "model": {
                    "type": "model",
                    "model": "tavern:items/sets/winter/backpack_cosmetics"
                }
            },
            {
                "threshold": 6830002,
                "model": {
                    "type": "model",
                    "model": "tavern:items/sets/winter/backpack_cosmetics_self"
                }
            },
            {
                "threshold": 6830003,
                "model": {
                    "type": "model",
                    "model": "tavern:items/sets/winter/backpack_cosmetics_self_2"
                }
            },
            {
                "threshold": 6830004,
                "model": {
                    "type": "model",
                    "model": "tavern:items/sets/winter/wings_cosmetics"
                }
            },
            {
                "threshold": 6830005,
                "model": {
                    "type": "model",
                    "model": "tavern:items/sets/winter/wings_cosmetics_self"
                }
            },
            {
                "threshold": 6830006,
                "model": {
                    "type": "model",
                    "model": "tavern:items/sets/winter/wings_cosmetics_self_2"
                }
            },
            {
                "threshold": 6830007,
                "model": {
                    "type": "model",
                    "model": "tavern:items/sets/winter/wings_cosmetics_normal_2"
                }
            },
            {
                "threshold": 6830008,
                "model": {
                    "type": "model",
                    "model": "tavern:items/sets/winter/backpack_cosmetics_normal_2"
                }
            },
            {
                "threshold": 7030000,
                "model": {
                    "type": "model",
                    "model": "tavern:items/sets/fuchsia/helmet"
                }
            },
            {
                "threshold": 7030001,
                "model": {
                    "type": "model",
                    "model": "tavern:items/sets/fuchsia/wings_cosmetics"
                }
            },
            {
                "threshold": 7030002,
                "model": {
                    "type": "model",
                    "model": "tavern:items/sets/fuchsia/wings_cosmetics_self"
                }
            },
            {
                "threshold": 7030003,
                "model": {
                    "type": "model",
                    "model": "tavern:items/sets/fuchsia/wings_cosmetics_self_2"
                }
            },
            {
                "threshold": 7030004,
                "model": {
                    "type": "model",
                    "model": "tavern:items/sets/fuchsia/wings_cosmetics_normal_2"
                }
            },
            {
                "threshold": 7530000,
                "model": {
                    "type": "model",
                    "model": "tavern:items/sets/sweetheart/helmet"
                }
            },
            {
                "threshold": 7530001,
                "model": {
                    "type": "model",
                    "model": "tavern:items/sets/sweetheart/wings_cosmetics"
                }
            },
            {
                "threshold": 7530002,
                "model": {
                    "type": "model",
                    "model": "tavern:items/sets/sweetheart/wings_cosmetics_self"
                }
            },
            {
                "threshold": 7530003,
                "model": {
                    "type": "model",
                    "model": "tavern:items/sets/sweetheart/wings_cosmetics_self_2"
                }
            },
            {
                "threshold": 7530004,
                "model": {
                    "type": "model",
                    "model": "tavern:items/sets/sweetheart/wings_cosmetics_normal_2"
                }
            },
            {
                "threshold": 7630000,
                "model": {
                    "type": "model",
                    "model": "tavern:items/sets/merry_christmas/helmet"
                }
            },
            {
                "threshold": 7630001,
                "model": {
                    "type": "model",
                    "model": "tavern:items/sets/merry_christmas/backpack_cosmetics"
                }
            },
            {
                "threshold": 7630002,
                "model": {
                    "type": "model",
                    "model": "tavern:items/sets/merry_christmas/backpack_cosmetics_self"
                }
            },
            {
                "threshold": 7630003,
                "model": {
                    "type": "model",
                    "model": "tavern:items/sets/merry_christmas/backpack_cosmetics_self_2"
                }
            },
            {
                "threshold": 7630004,
                "model": {
                    "type": "model",
                    "model": "tavern:items/sets/merry_christmas/wings_cosmetics"
                }
            },
            {
                "threshold": 7630005,
                "model": {
                    "type": "model",
                    "model": "tavern:items/sets/merry_christmas/wings_cosmetics_self"
                }
            },
            {
                "threshold": 7630006,
                "model": {
                    "type": "model",
                    "model": "tavern:items/sets/merry_christmas/wings_cosmetics_self_2"
                }
            },
            {
                "threshold": 7630007,
                "model": {
                    "type": "model",
                    "model": "tavern:items/sets/merry_christmas/backpack_cosmetics_normal_2"
                }
            },
            {
                "threshold": 7630008,
                "model": {
                    "type": "model",
                    "model": "tavern:items/sets/merry_christmas/wings_cosmetics_normal_2"
                }
            },
            {
                "threshold": 7740000,
                "model": {
                    "type": "model",
                    "model": "tavern:items/sets/valentine/helmet"
                }
            },
            {
                "threshold": 7740001,
                "model": {
                    "type": "model",
                    "model": "tavern:items/sets/valentine/bouquet_cosmetics"
                }
            },
            {
                "threshold": 7740002,
                "model": {
                    "type": "model",
                    "model": "tavern:items/sets/valentine/bouquet_cosmetics_self"
                }
            },
            {
                "threshold": 7740003,
                "model": {
                    "type": "model",
                    "model": "tavern:items/sets/valentine/bouquet_cosmetics_self_2"
                }
            },
            {
                "threshold": 7740004,
                "model": {
                    "type": "model",
                    "model": "tavern:items/sets/valentine/wings_cosmetics"
                }
            },
            {
                "threshold": 7740005,
                "model": {
                    "type": "model",
                    "model": "tavern:items/sets/valentine/wings_cosmetics_self"
                }
            },
            {
                "threshold": 7740006,
                "model": {
                    "type": "model",
                    "model": "tavern:items/sets/valentine/wings_cosmetics_self_2"
                }
            },
            {
                "threshold": 7740007,
                "model": {
                    "type": "model",
                    "model": "tavern:items/sets/valentine/wings_cosmetics_normal_2"
                }
            },
            {
                "threshold": 7740008,
                "model": {
                    "type": "model",
                    "model": "tavern:items/sets/valentine/bouquet_cosmetics_normal_2"
                }
            },
            {
                "threshold": 7880000,
                "model": {
                    "type": "model",
                    "model": "tavern:items/sets/easter2024/backpack_cosmetic"
                }
            },
            {
                "threshold": 7880001,
                "model": {
                    "type": "model",
                    "model": "tavern:items/sets/easter2024/backpack_cosmetic_self"
                }
            },
            {
                "threshold": 7880002,
                "model": {
                    "type": "model",
                    "model": "tavern:items/sets/easter2024/backpack_cosmetic_self_2"
                }
            },
            {
                "threshold": 7880003,
                "model": {
                    "type": "model",
                    "model": "tavern:items/sets/easter2024/backpack_cosmetic_normal_2"
                }
            },
            {
                "threshold": 7880004,
                "model": {
                    "type": "model",
                    "model": "tavern:items/sets/easter2024/wings_cosmetic"
                }
            },
            {
                "threshold": 7880005,
                "model": {
                    "type": "model",
                    "model": "tavern:items/sets/easter2024/wings_cosmetic_self"
                }
            },
            {
                "threshold": 7880006,
                "model": {
                    "type": "model",
                    "model": "tavern:items/sets/easter2024/wings_cosmetic_self_2"
                }
            },
            {
                "threshold": 7880007,
                "model": {
                    "type": "model",
                    "model": "tavern:items/sets/easter2024/wings_cosmetic_normal_2"
                }
            },
            {
                "threshold": 7880008,
                "model": {
                    "type": "model",
                    "model": "tavern:items/sets/easter2024/easter_helmet"
                }
            },
            {
                "threshold": 7990000,
                "model": {
                    "type": "model",
                    "model": "tavern:items/sets/littlecrocodile/backpack_cosmetic"
                }
            },
            {
                "threshold": 7990001,
                "model": {
                    "type": "model",
                    "model": "tavern:items/sets/littlecrocodile/backpack_cosmetic_self"
                }
            },
            {
                "threshold": 7990002,
                "model": {
                    "type": "model",
                    "model": "tavern:items/sets/littlecrocodile/backpack_cosmetic_self_2"
                }
            },
            {
                "threshold": 7990003,
                "model": {
                    "type": "model",
                    "model": "tavern:items/sets/littlecrocodile/backpack_cosmetic_normal_2"
                }
            },
            {
                "threshold": 7990004,
                "model": {
                    "type": "model",
                    "model": "tavern:items/sets/littlecrocodile/crocodile_hat"
                }
            },
            {
                "threshold": 8400001,
                "model": {
                    "type": "model",
                    "model": "tavern:items/sets/demon_edge/backpack_cosmetic"
                }
            },
            {
                "threshold": 8400002,
                "model": {
                    "type": "model",
                    "model": "tavern:items/sets/demon_edge/backpack_cosmetic_self"
                }
            },
            {
                "threshold": 8400003,
                "model": {
                    "type": "model",
                    "model": "tavern:items/sets/demon_edge/backpack_cosmetic_self_2"
                }
            },
            {
                "threshold": 8400004,
                "model": {
                    "type": "model",
                    "model": "tavern:items/sets/demon_edge/backpack_cosmetic_normal_2"
                }
            },
            {
                "threshold": 8400005,
                "model": {
                    "type": "model",
                    "model": "tavern:items/sets/demon_edge/helmet"
                }
            },
            {
                "threshold": 8400006,
                "model": {
                    "type": "model",
                    "model": "tavern:items/sets/demon_edge/wings_cosmetic"
                }
            },
            {
                "threshold": 8400007,
                "model": {
                    "type": "model",
                    "model": "tavern:items/sets/demon_edge/wings_cosmetic_self"
                }
            },
            {
                "threshold": 8400008,
                "model": {
                    "type": "model",
                    "model": "tavern:items/sets/demon_edge/wings_cosmetic_self_2"
                }
            },
            {
                "threshold": 8400009,
                "model": {
                    "type": "model",
                    "model": "tavern:items/sets/demon_edge/wings_cosmetic_normal_2"
                }
            },
            {
                "threshold": 9723000,
                "model": {
                    "type": "model",
                    "model": "tavern:items/sets/ender_dragon/helmet"
                }
            },
            {
                "threshold": 9723001,
                "model": {
                    "type": "model",
                    "model": "tavern:items/sets/ender_dragon/wings_cosmetic"
                }
            },
            {
                "threshold": 9723002,
                "model": {
                    "type": "model",
                    "model": "tavern:items/sets/ender_dragon/wings_cosmetic_self"
                }
            },
            {
                "threshold": 9723003,
                "model": {
                    "type": "model",
                    "model": "tavern:items/sets/ender_dragon/wings_cosmetic_self_2"
                }
            },
            {
                "threshold": 9723004,
                "model": {
                    "type": "model",
                    "model": "tavern:items/sets/ender_dragon/wings_cosmetic_normal_2"
                }
            },
            {
                "threshold": 9923000,
                "model": {
                    "type": "model",
                    "model": "tavern:items/sets/spartan/cape_cosmetic"
                }
            },
            {
                "threshold": 9923001,
                "model": {
                    "type": "model",
                    "model": "tavern:items/sets/spartan/cape_cosmetic_self"
                }
            },
            {
                "threshold": 9923002,
                "model": {
                    "type": "model",
                    "model": "tavern:items/sets/spartan/cape_cosmetic_self_2"
                }
            },
            {
                "threshold": 9923003,
                "model": {
                    "type": "model",
                    "model": "tavern:items/sets/spartan/cape_cosmetic_normal_2"
                }
            },
            {
                "threshold": 9923004,
                "model": {
                    "type": "model",
                    "model": "tavern:items/sets/spartan/helmet"
                }
            },
            {
                "threshold": 9923005,
                "model": {
                    "type": "model",
                    "model": "item/potion"
                }
            }
        ]
    }
}