{"textures":{"0":"modelengine:entity/elk"},"elements":[{"from":[3.5,5.806576,3.5995278],"to":[12.5,15.806576,12.599527],"faces":{"east":{"uv":[1.1375,2.5125,2.2375,3.7375],"tintindex":0,"rotation":0,"texture":"#0"},"south":{"uv":[3.2625,0.0125,4.3625,1.2375],"tintindex":0,"rotation":0,"texture":"#0"},"north":{"uv":[0.0125,2.5125,1.1125,3.7375],"tintindex":0,"rotation":0,"texture":"#0"},"west":{"uv":[3.2625,1.2625,4.3625,2.4875],"tintindex":0,"rotation":0,"texture":"#0"},"up":{"uv":[4.3625,4.6125,3.2625,3.5125],"tintindex":0,"rotation":0,"texture":"#0"},"down":{"uv":[1.1125,3.7625,0.0125,4.8625],"tintindex":0,"rotation":0,"texture":"#0"}},"rotation":{"origin":[8.5,10.306576,-1.4004726],"angle":22.5,"axis":"x"}},{"from":[4.0,6.806576,0.59952784],"to":[12.0,14.806576,7.599528],"faces":{"east":{"uv":[5.3875,3.5125,6.2375,4.4875],"tintindex":0,"rotation":0,"texture":"#0"},"south":{"uv":[3.1375,4.6375,4.1125,5.6125],"tintindex":0,"rotation":0,"texture":"#0"},"north":{"uv":[2.1375,4.5125,3.1125,5.4875],"tintindex":0,"rotation":0,"texture":"#0"},"west":{"uv":[1.7625,5.5125,2.6125,6.4875],"tintindex":0,"rotation":0,"texture":"#0"},"up":{"uv":[3.6125,6.4875,2.6375,5.6375],"tintindex":0,"rotation":0,"texture":"#0"},"down":{"uv":[4.6125,5.6375,3.6375,6.4875],"tintindex":0,"rotation":0,"texture":"#0"}},"rotation":{"origin":[9.0,10.306576,-1.4004726],"angle":22.5,"axis":"x"}}],"display":{"gui":{"rotation":[30,225,0]}}}