{"textures":{"0":"modelengine:entity/orcminion6"},"elements":[{"from":[20.113085,0.5021696,6.4435997],"to":[22.578085,2.9671602,10.5164],"faces":{"east":{"uv":[8.25,0.75,7.75,1.0625],"tintindex":0,"rotation":0,"texture":"#0"},"south":{"uv":[2.375,8.3125,2.0625,8.625],"tintindex":0,"rotation":0,"texture":"#0"},"north":{"uv":[2.0625,8.3125,1.75,8.625],"tintindex":0,"rotation":0,"texture":"#0"},"west":{"uv":[2.4375,7.0625,1.9375,7.375],"tintindex":0,"rotation":0,"texture":"#0"},"up":{"uv":[7.125,8.25,7.4375,7.75],"tintindex":0,"rotation":0,"texture":"#0"},"down":{"uv":[0.0,7.8125,0.3125,8.3125],"tintindex":0,"rotation":0,"texture":"#0"}},"rotation":{"origin":[20.538086,20.60716,14.6036],"angle":-45.0,"axis":"z"}},{"from":[6.0285053,6.574669,5.98],"to":[10.528505,7.914669,10.98],"faces":{"east":{"uv":[7.4375,8.25,6.8125,8.40625],"tintindex":0,"rotation":0,"texture":"#0"},"south":{"uv":[9.0,8.3125,8.4375,8.46875],"tintindex":0,"rotation":0,"texture":"#0"},"north":{"uv":[7.4375,8.4375,6.875,8.59375],"tintindex":0,"rotation":0,"texture":"#0"},"west":{"uv":[8.875,3.3125,8.25,3.46875],"tintindex":0,"rotation":0,"texture":"#0"},"up":{"uv":[5.0625,4.375,5.625,3.75],"tintindex":0,"rotation":0,"texture":"#0"},"down":{"uv":[5.125,1.25,5.6875,1.875],"tintindex":0,"rotation":0,"texture":"#0"}},"rotation":{"origin":[7.778505,7.244669,8.48],"angle":-22.5,"axis":"z"}},{"from":[5.51571,1.8366747,5.98],"to":[10.01571,3.1766748,10.98],"faces":{"east":{"uv":[1.75,8.3125,1.125,8.46875],"tintindex":0,"rotation":0,"texture":"#0"},"south":{"uv":[1.6875,8.5,1.125,8.65625],"tintindex":0,"rotation":0,"texture":"#0"},"north":{"uv":[0.5625,8.5,0.0,8.65625],"tintindex":0,"rotation":0,"texture":"#0"},"west":{"uv":[0.625,8.3125,0.0,8.46875],"tintindex":0,"rotation":0,"texture":"#0"},"up":{"uv":[3.8125,5.75,4.375,5.125],"tintindex":0,"rotation":0,"texture":"#0"},"down":{"uv":[0.0,5.1875,0.5625,5.8125],"tintindex":0,"rotation":0,"texture":"#0"}}},{"from":[5.51571,5.3366747,5.98],"to":[10.01571,6.676674,10.98],"faces":{"east":{"uv":[8.875,3.125,8.25,3.28125],"tintindex":0,"rotation":0,"texture":"#0"},"south":{"uv":[6.875,8.4375,6.3125,8.59375],"tintindex":0,"rotation":0,"texture":"#0"},"north":{"uv":[4.8125,8.4375,4.25,8.59375],"tintindex":0,"rotation":0,"texture":"#0"},"west":{"uv":[8.875,2.9375,8.25,3.09375],"tintindex":0,"rotation":0,"texture":"#0"},"up":{"uv":[5.0625,1.25,5.625,0.625],"tintindex":0,"rotation":0,"texture":"#0"},"down":{"uv":[5.0625,2.0,5.625,2.625],"tintindex":0,"rotation":0,"texture":"#0"}},"rotation":{"origin":[7.26571,6.0066757,8.48],"angle":-22.5,"axis":"z"}},{"from":[5.51571,3.1766748,5.98],"to":[10.01571,4.176675,10.98],"faces":{"east":{"uv":[8.875,0.9375,8.25,1.0625],"tintindex":0,"rotation":0,"texture":"#0"},"south":{"uv":[8.8125,1.5,8.25,1.625],"tintindex":0,"rotation":0,"texture":"#0"},"north":{"uv":[4.1875,3.125,3.625,3.25],"tintindex":0,"rotation":0,"texture":"#0"},"west":{"uv":[8.8125,0.1875,8.1875,0.3125],"tintindex":0,"rotation":0,"texture":"#0"},"up":{"uv":[1.3125,5.8125,1.875,5.1875],"tintindex":0,"rotation":0,"texture":"#0"},"down":{"uv":[1.875,5.1875,2.4375,5.8125],"tintindex":0,"rotation":0,"texture":"#0"}}},{"from":[6.027215,1.6512995,6.44],"to":[9.5072155,6.6912994,10.52],"faces":{"east":{"uv":[0.5,5.8125,0.0,6.4375],"tintindex":0,"rotation":0,"texture":"#0"},"south":{"uv":[7.0,5.3125,6.5625,5.9375],"tintindex":0,"rotation":0,"texture":"#0"},"north":{"uv":[7.0,3.125,6.5625,3.75],"tintindex":0,"rotation":0,"texture":"#0"},"west":{"uv":[6.25,4.9375,5.75,5.5625],"tintindex":0,"rotation":0,"texture":"#0"},"up":{"uv":[7.0,7.4375,7.4375,6.9375],"tintindex":0,"rotation":0,"texture":"#0"},"down":{"uv":[7.0625,0.0,7.5,0.5],"tintindex":0,"rotation":0,"texture":"#0"}}}],"display":{"gui":{"rotation":[30,225,0]}}}