{"credit":"Made with Blockbench","texture_size":[12,12],"textures":{"1":"tavern:items/sets/demon_edge/animations/animation_2","2":"tavern:items/sets/demon_edge/key","particle":"tavern:items/sets/demon_edge/key"},"elements":[{"from":[7.25,7.25,2.98039],"to":[8.75,8.75,3.48039],"rotation":{"angle":45,"axis":"z","origin":[8,8,8]},"faces":{"north":{"uv":[9.2,3.2,8,4.4],"rotation":180,"texture":"#2"},"east":{"uv":[13.6,0,14.8,0.4],"rotation":270,"texture":"#2"},"south":{"uv":[4.4,9.2,3.2,8],"texture":"#2"},"west":{"uv":[13.6,1.6,14.8,2],"rotation":90,"texture":"#2"},"up":{"uv":[0,13.6,1.2,14],"rotation":180,"texture":"#2"},"down":{"uv":[13.6,0.8,14.8,1.2],"texture":"#2"}}},{"from":[7.25,7.25,3.73039],"to":[8.75,8.75,4.23039],"rotation":{"angle":45,"axis":"z","origin":[8,8,8]},"faces":{"north":{"uv":[9.2,4.8,8,6],"rotation":180,"texture":"#2"},"east":{"uv":[13.6,5.6,14.8,6],"rotation":270,"texture":"#2"},"south":{"uv":[6,9.2,4.8,8],"texture":"#2"},"west":{"uv":[13.6,7.2,14.8,7.6],"rotation":90,"texture":"#2"},"up":{"uv":[3.2,13.6,4.4,14],"rotation":180,"texture":"#2"},"down":{"uv":[7.2,13.6,8.4,14],"texture":"#2"}}},{"from":[7.25,7.25,8.38039],"to":[8.75,8.75,8.88039],"rotation":{"angle":45,"axis":"z","origin":[8,8,8]},"faces":{"north":{"uv":[8.4,8.8,7.2,10],"rotation":180,"texture":"#2"},"east":{"uv":[8.8,13.6,10,14],"rotation":270,"texture":"#2"},"south":{"uv":[10,7.6,8.8,6.4],"texture":"#2"},"west":{"uv":[13.6,9.6,14.8,10],"rotation":90,"texture":"#2"},"up":{"uv":[13.6,8,14.8,8.4],"rotation":180,"texture":"#2"},"down":{"uv":[13.6,8.8,14.8,9.2],"texture":"#2"}}},{"from":[7.25,7.25,7.63039],"to":[8.75,8.75,8.13039],"rotation":{"angle":45,"axis":"z","origin":[8,8,8]},"faces":{"north":{"uv":[1.2,9.6,0,10.8],"rotation":180,"texture":"#2"},"east":{"uv":[13.6,10.4,14.8,10.8],"rotation":270,"texture":"#2"},"south":{"uv":[10,9.2,8.8,8],"texture":"#2"},"west":{"uv":[13.6,12,14.8,12.4],"rotation":90,"texture":"#2"},"up":{"uv":[10.4,13.6,11.6,14],"rotation":180,"texture":"#2"},"down":{"uv":[13.6,11.2,14.8,11.6],"texture":"#2"}}},{"from":[7.25,11.38077,3.01923],"to":[8.75,12.98077,4.61923],"rotation":{"angle":-45,"axis":"x","origin":[8,8,8]},"faces":{"north":{"uv":[6,9.6,4.8,10.8],"rotation":180,"texture":"#2"},"east":{"uv":[1.6,9.6,2.8,10.8],"rotation":270,"texture":"#2"},"south":{"uv":[10.8,4.4,9.6,3.2],"texture":"#2"},"west":{"uv":[3.2,9.6,4.4,10.8],"rotation":90,"texture":"#2"},"up":{"uv":[9.6,0,10.8,1.2],"rotation":180,"texture":"#2"},"down":{"uv":[9.6,1.6,10.8,2.8],"texture":"#2"}}},{"from":[7,11.63077,3.26923],"to":[9,12.73077,4.36923],"rotation":{"angle":-45,"axis":"x","origin":[8,8,8]},"faces":{"north":{"uv":[12.8,1.6,11.2,2.4],"rotation":180,"texture":"#2"},"east":{"uv":[1.6,4.8,2.4,5.6],"rotation":270,"texture":"#2"},"south":{"uv":[12.8,1.6,11.2,0.8],"texture":"#2"},"west":{"uv":[3.2,5.6,4,6.4],"rotation":90,"texture":"#2"},"up":{"uv":[11.2,0,12.8,0.8],"rotation":180,"texture":"#2"},"down":{"uv":[0.8,11.2,2.4,12],"texture":"#2"}}},{"from":[7.25,5.00676,8.39324],"to":[8.75,7.60676,10.99324],"rotation":{"angle":-45,"axis":"x","origin":[8,8,8]},"faces":{"north":{"uv":[1.2,4.8,0,6.8],"rotation":180,"texture":"#2"},"east":{"uv":[0,0,2,2],"rotation":270,"texture":"#2"},"south":{"uv":[5.2,4.4,4,2.4],"texture":"#2"},"west":{"uv":[0,2.4,2,4.4],"rotation":90,"texture":"#2"},"up":{"uv":[2.4,3.2,3.6,5.2],"rotation":180,"texture":"#2"},"down":{"uv":[4,0,5.2,2],"texture":"#2"}}},{"from":[7,5.50676,8.89324],"to":[9,7.10676,10.49324],"rotation":{"angle":-45,"axis":"x","origin":[8,8,8]},"faces":{"north":{"uv":[8,5.6,6.4,6.8],"rotation":180,"texture":"#2"},"east":{"uv":[9.6,4.8,10.8,6],"rotation":270,"texture":"#2"},"south":{"uv":[6.4,7.6,4.8,6.4],"texture":"#2"},"west":{"uv":[8.8,9.6,10,10.8],"rotation":90,"texture":"#2"},"up":{"uv":[3.2,6.4,4.8,7.6],"rotation":180,"texture":"#2"},"down":{"uv":[6.4,4,8,5.2],"texture":"#2"}}},{"from":[7.5,7.5,1.98039],"to":[8.5,8.5,4.48039],"rotation":{"angle":45,"axis":"z","origin":[8,8,8]},"faces":{"north":{"uv":[8.8,6.4,8,7.2],"rotation":180,"texture":"#2"},"east":{"uv":[0.8,7.2,1.6,9.2],"rotation":270,"texture":"#2"},"south":{"uv":[6.4,4.8,5.6,4],"texture":"#2"},"west":{"uv":[6.4,7.2,7.2,9.2],"rotation":90,"texture":"#2"},"up":{"uv":[0,7.2,0.8,9.2],"rotation":180,"texture":"#2"},"down":{"uv":[7.2,1.6,8,3.6],"texture":"#2"}}},{"from":[7.6,7.6,4.48039],"to":[8.4,8.4,7.38039],"rotation":{"angle":45,"axis":"z","origin":[8,8,8]},"faces":{"east":{"uv":[10.4,6.4,11,8.8],"rotation":270,"texture":"#2"},"west":{"uv":[8,10.4,8.6,12.8],"rotation":90,"texture":"#2"},"up":{"uv":[6.4,9.6,7,12],"rotation":180,"texture":"#2"},"down":{"uv":[7.2,10.4,7.8,12.8],"texture":"#2"}}},{"from":[7.5,7.5,7.38039],"to":[8.5,8.5,9.38039],"rotation":{"angle":45,"axis":"z","origin":[8,8,8]},"faces":{"north":{"uv":[8,12.8,7.2,13.6],"rotation":180,"texture":"#2"},"east":{"uv":[11.2,2.4,12,4],"rotation":270,"texture":"#2"},"south":{"uv":[13.6,6.4,12.8,5.6],"texture":"#2"},"west":{"uv":[4,11.2,4.8,12.8],"rotation":90,"texture":"#2"},"up":{"uv":[2.4,11.2,3.2,12.8],"rotation":180,"texture":"#2"},"down":{"uv":[3.2,11.2,4,12.8],"texture":"#2"}}},{"from":[7.625,7.34291,10.88096],"to":[8.375,8.59291,12.13096],"rotation":{"angle":-22.5,"axis":"x","origin":[8,8,8]},"faces":{"east":{"uv":[11.2,7.2,12.2,8.2],"rotation":270,"texture":"#2"},"south":{"uv":[13.4,13.8,12.8,12.8],"texture":"#2"},"west":{"uv":[8.8,11.2,9.8,12.2],"rotation":90,"texture":"#2"},"up":{"uv":[12,12.8,12.6,13.8],"rotation":180,"texture":"#2"}}},{"from":[7.375,7.91693,9.49514],"to":[8.625,10.41693,10.74514],"rotation":{"angle":-22.5,"axis":"x","origin":[8,8,8]},"faces":{"north":{"uv":[6.6,1.6,5.6,3.6],"rotation":180,"texture":"#2"},"east":{"uv":[4,4.8,6,5.8],"rotation":270,"texture":"#2"},"south":{"uv":[2.6,7.6,1.6,5.6],"texture":"#2"},"west":{"uv":[5.6,0,7.6,1],"rotation":90,"texture":"#2"}}},{"from":[7.3745,10.76625,7.34819],"to":[8.6255,12.01625,9.34819],"rotation":{"angle":22.5,"axis":"x","origin":[8,8,8]},"faces":{"north":{"uv":[1.8,12,0.8,13],"rotation":180,"texture":"#2"},"east":{"uv":[8,0,9,1.6],"rotation":270,"texture":"#2"},"south":{"uv":[12.2,11.4,11.2,10.4],"texture":"#2"},"west":{"uv":[8,1.6,9,3.2],"rotation":90,"texture":"#2"},"up":{"uv":[7.2,7.2,8.2,8.8],"rotation":180,"texture":"#2"},"down":{"uv":[1.6,8,2.6,9.6],"texture":"#2"}}},{"from":[7.5123,10.11568,10.27944],"to":[8.48769,11.09068,11.39444],"rotation":{"angle":0,"axis":"y","origin":[8,8,8]},"faces":{"east":{"uv":[8,12.8,8.8,13.6],"rotation":270,"texture":"#2"},"south":{"uv":[13.6,9.6,12.8,8.8],"texture":"#2"},"west":{"uv":[8.8,12.8,9.6,13.6],"rotation":90,"texture":"#2"},"up":{"uv":[12.8,7.2,13.6,8],"rotation":180,"texture":"#2"},"down":{"uv":[12.8,8,13.6,8.8],"texture":"#2"}}},{"from":[7.6196,8.7396,11.95545],"to":[8.3804,9.5001,13.02015],"rotation":{"angle":-22.5,"axis":"x","origin":[8,8,8]},"faces":{"east":{"uv":[13.6,12.8,14.2,13.6],"rotation":270,"texture":"#2"},"south":{"uv":[1.4,15,0.8,14.4],"texture":"#2"},"west":{"uv":[0,14.4,0.6,15.2],"rotation":90,"texture":"#2"},"up":{"uv":[1.6,13.6,2.2,14.4],"rotation":180,"texture":"#2"},"down":{"uv":[13.6,13.6,14.2,14.4],"texture":"#2"}}},{"from":[7.72991,6.83953,12.94564],"to":[8.27009,7.37949,13.70158],"rotation":{"angle":-45,"axis":"x","origin":[8,8,8]},"faces":{"east":{"uv":[14.4,3.2,14.8,3.8],"rotation":270,"texture":"#2"},"south":{"uv":[14.8,6.8,14.4,6.4],"texture":"#2"},"west":{"uv":[6.4,14.4,6.8,15],"rotation":90,"texture":"#2"},"up":{"uv":[3.2,14.4,3.6,15],"rotation":180,"texture":"#2"},"down":{"uv":[4,14.4,4.4,15],"texture":"#2"}}},{"from":[7.625,7.40709,10.88096],"to":[8.375,8.65709,12.13096],"rotation":{"angle":22.5,"axis":"x","origin":[8,8,8]},"faces":{"east":{"uv":[12.2,7.2,11.2,8.2],"rotation":270,"texture":"#2"},"south":{"uv":[13.4,12.8,12.8,13.8],"texture":"#2"},"west":{"uv":[9.8,11.2,8.8,12.2],"rotation":90,"texture":"#2"},"down":{"uv":[12.6,12.8,12,13.8],"texture":"#2"}}},{"from":[7.375,5.58307,9.49514],"to":[8.625,8.08307,10.74514],"rotation":{"angle":22.5,"axis":"x","origin":[8,8,8]},"faces":{"north":{"uv":[6.6,3.6,5.6,1.6],"rotation":180,"texture":"#2"},"east":{"uv":[6,4.8,4,5.8],"rotation":270,"texture":"#2"},"south":{"uv":[2.6,5.6,1.6,7.6],"texture":"#2"},"west":{"uv":[7.6,0,5.6,1],"rotation":90,"texture":"#2"}}},{"from":[7.3745,3.98375,7.34819],"to":[8.6255,5.23375,9.34819],"rotation":{"angle":-22.5,"axis":"x","origin":[8,8,8]},"faces":{"north":{"uv":[1.8,13,0.8,12],"rotation":180,"texture":"#2"},"east":{"uv":[9,0,8,1.6],"rotation":270,"texture":"#2"},"south":{"uv":[12.2,10.4,11.2,11.4],"texture":"#2"},"west":{"uv":[9,1.6,8,3.2],"rotation":90,"texture":"#2"},"up":{"uv":[2.6,8,1.6,9.6],"rotation":180,"texture":"#2"},"down":{"uv":[8.2,7.2,7.2,8.8],"texture":"#2"}}},{"from":[7.5123,4.90932,10.27944],"to":[8.48769,5.88432,11.39444],"rotation":{"angle":0,"axis":"y","origin":[8,8,8]},"faces":{"east":{"uv":[8.8,12.8,8,13.6],"rotation":270,"texture":"#2"},"south":{"uv":[13.6,8.8,12.8,9.6],"texture":"#2"},"west":{"uv":[9.6,12.8,8.8,13.6],"rotation":90,"texture":"#2"},"up":{"uv":[13.6,8,12.8,8.8],"rotation":180,"texture":"#2"},"down":{"uv":[13.6,7.2,12.8,8],"texture":"#2"}}},{"from":[7.6196,6.4999,11.95545],"to":[8.3804,7.2604,13.02015],"rotation":{"angle":22.5,"axis":"x","origin":[8,8,8]},"faces":{"east":{"uv":[14.2,12.8,13.6,13.6],"rotation":270,"texture":"#2"},"south":{"uv":[1.4,14.4,0.8,15],"texture":"#2"},"west":{"uv":[0.6,14.4,0,15.2],"rotation":90,"texture":"#2"},"up":{"uv":[14.2,13.6,13.6,14.4],"rotation":180,"texture":"#2"},"down":{"uv":[2.2,13.6,1.6,14.4],"texture":"#2"}}},{"from":[7.72991,8.62051,12.94564],"to":[8.27009,9.16047,13.70158],"rotation":{"angle":45,"axis":"x","origin":[8,8,8]},"faces":{"east":{"uv":[14.8,3.2,14.4,3.8],"rotation":270,"texture":"#2"},"south":{"uv":[14.8,6.4,14.4,6.8],"texture":"#2"},"west":{"uv":[6.8,14.4,6.4,15],"rotation":90,"texture":"#2"},"up":{"uv":[4.4,14.4,4,15],"rotation":180,"texture":"#2"},"down":{"uv":[3.6,14.4,3.2,15],"texture":"#2"}}},{"from":[7.5,7.5,12.64461],"to":[8.5,8.5,13.64461],"rotation":{"angle":45,"axis":"z","origin":[8,8,8]},"faces":{"north":{"uv":[10.4,12.8,11.2,13.6],"texture":"#2"},"east":{"uv":[12.8,10.4,13.6,11.2],"texture":"#2"},"south":{"uv":[9.6,12.8,10.4,13.6],"texture":"#2"},"west":{"uv":[12.8,9.6,13.6,10.4],"texture":"#2"},"up":{"uv":[12,13.6,11.2,12.8],"rotation":180,"texture":"#2"},"down":{"uv":[13.6,11.2,12.8,12],"rotation":180,"texture":"#2"}}},{"from":[7.985,7.62501,13.64461],"to":[8.015,8.37501,15.14461],"rotation":{"angle":-45,"axis":"z","origin":[8,8,8]},"faces":{"east":{"uv":[4.4,12.8,3.2,13.4],"rotation":180,"texture":"#2"},"west":{"uv":[3.2,12.8,4.4,13.4],"rotation":180,"texture":"#2"}}},{"from":[7.98501,7.625,13.64461],"to":[8.01501,8.375,15.14461],"rotation":{"angle":45,"axis":"z","origin":[8,8,8]},"faces":{"east":{"uv":[4.4,12.8,3.2,13.4],"rotation":180,"texture":"#2"},"west":{"uv":[3.2,12.8,4.4,13.4],"rotation":180,"texture":"#2"}}},{"from":[7.5,4.18544,9.81456],"to":[8.5,6.18544,11.81456],"rotation":{"angle":-45,"axis":"x","origin":[8,8,8]},"faces":{"north":{"uv":[12,5.6,11.2,7.2],"rotation":180,"texture":"#2"},"east":{"uv":[2.4,0,4,1.6],"rotation":270,"texture":"#2"},"south":{"uv":[6.4,12.8,5.6,11.2],"texture":"#2"},"west":{"uv":[2.4,1.6,4,3.2],"rotation":90,"texture":"#2"},"up":{"uv":[11.2,4,12,5.6],"rotation":180,"texture":"#2"},"down":{"uv":[4.8,11.2,5.6,12.8],"texture":"#2"}}},{"from":[3.41923,5.85,3.41923],"to":[4.21923,8.65,4.21923],"rotation":{"angle":-45,"axis":"y","origin":[8,8,8]},"faces":{"north":{"uv":[0.6,11.2,0,13.4],"rotation":180,"texture":"#2"},"east":{"uv":[10.4,8.8,12.6,9.4],"rotation":270,"texture":"#2"},"south":{"uv":[11,12.6,10.4,10.4],"texture":"#2"},"west":{"uv":[10.4,9.6,12.6,10.2],"rotation":90,"texture":"#2"},"up":{"uv":[1.6,14.4,2.2,15],"rotation":180,"texture":"#2"},"down":{"uv":[14.4,2.4,15,3],"texture":"#2"}}},{"from":[7.75,5,1.35539],"to":[8.25,7.75,1.85539],"rotation":{"angle":0,"axis":"y","origin":[8,8,8]},"faces":{"north":{"uv":[6.8,12,6.4,14.2],"rotation":180,"texture":"#2"},"east":{"uv":[12,2.4,14.2,2.8],"rotation":270,"texture":"#2"},"south":{"uv":[12.4,6.2,12,4],"texture":"#2"},"west":{"uv":[12,3.2,14.2,3.6],"rotation":90,"texture":"#2"},"up":{"uv":[7.2,14.4,7.6,14.8],"rotation":180,"texture":"#2"},"down":{"uv":[8,14.4,8.4,14.8],"texture":"#2"}}},{"from":[7.75,5,2.35539],"to":[8.25,7.75,2.85539],"rotation":{"angle":0,"axis":"y","origin":[8,8,8]},"faces":{"north":{"uv":[2.8,12.8,2.4,15],"rotation":180,"texture":"#2"},"east":{"uv":[12,6.4,14.2,6.8],"rotation":270,"texture":"#2"},"south":{"uv":[13.2,2.2,12.8,0],"texture":"#2"},"west":{"uv":[11.2,12,13.4,12.4],"rotation":90,"texture":"#2"},"up":{"uv":[10.4,14.4,10.8,14.8],"rotation":180,"texture":"#2"},"down":{"uv":[11.2,14.4,11.6,14.8],"texture":"#2"}}},{"from":[7.75,5.5,1.85539],"to":[8.25,7.75,2.35539],"rotation":{"angle":0,"axis":"y","origin":[8,8,8]},"faces":{"north":{"uv":[6,12.8,5.6,14.6],"rotation":180,"texture":"#2"},"east":{"uv":[12.8,4,14.6,4.4],"rotation":270,"texture":"#2"},"south":{"uv":[5.2,14.6,4.8,12.8],"texture":"#2"},"west":{"uv":[12.8,4.8,14.6,5.2],"rotation":90,"texture":"#2"},"up":{"uv":[8.8,14.4,9.2,14.8],"rotation":180,"texture":"#2"},"down":{"uv":[9.6,14.4,10,14.8],"texture":"#2"}}},{"from":[7.1,2.825,5.5],"to":[7.1,12.825,15.5],"rotation":{"angle":0,"axis":"y","origin":[7.1,7.825,10.5]},"faces":{"west":{"uv":[1.33333,1.33333,14.66667,14.66667],"texture":"#1"}}},{"from":[8.9,2.825,5.5],"to":[8.9,12.825,15.5],"rotation":{"angle":0,"axis":"y","origin":[8.9,7.825,10.5]},"faces":{"east":{"uv":[14.66667,1.33333,1.33333,14.66667],"texture":"#1"}}}],"gui_light":"front","display":{"thirdperson_righthand":{"rotation":[90,0,0],"translation":[0,2.5,1]},"thirdperson_lefthand":{"rotation":[90,0,0],"translation":[0,2.5,1]},"firstperson_righthand":{"rotation":[60.25,0,-12],"translation":[2.25,3.25,-0.5]},"firstperson_lefthand":{"rotation":[60.25,0,-12],"translation":[2.25,3.25,-0.5]},"ground":{"rotation":[45,0,0],"translation":[0,5,0],"scale":[0.7,0.7,0.7]},"gui":{"rotation":[-90,-135,-90],"translation":[-0.5,-0.25,0],"scale":[1.26,1.26,1.26]},"head":{"rotation":[90,-45,90]},"fixed":{"rotation":[90,-45,90],"translation":[0,0,-1],"scale":[2,2,2]}}}