{"credit":"Made with Blockbench","texture_size":[24,24],"textures":{"2":"tavern:items/sets/yin/animations/animation_1","3":"tavern:items/sets/yin/sword","particle":"tavern:items/sets/yin/animations/animation_1"},"elements":[{"from":[7.425,-0.325,7.175],"to":[8.575,1.325,8.825],"rotation":{"angle":-45,"axis":"x","origin":[8,0.5,8]},"faces":{"north":{"uv":[5.33333,12,6.16667,13.16667],"texture":"#3"},"east":{"uv":[9.33333,10,10.5,11.16667],"texture":"#3"},"south":{"uv":[6.66667,14.33333,7.5,15.5],"texture":"#3"},"west":{"uv":[10.66667,10,11.83333,11.16667],"texture":"#3"},"up":{"uv":[12.83333,11.16667,12,10],"texture":"#3"},"down":{"uv":[12.83333,11.33333,12,12.5],"texture":"#3"}}},{"from":[7.175,-0.075,7.425],"to":[8.825,1.075,8.575],"rotation":{"angle":-45,"axis":"x","origin":[8,0.5,8]},"faces":{"north":{"uv":[12.66667,5.33333,13.83333,6.16667],"texture":"#3"},"east":{"uv":[4,13.33333,4.83333,14.16667],"texture":"#3"},"south":{"uv":[12.66667,6.66667,13.83333,7.5],"texture":"#3"},"west":{"uv":[5.33333,13.33333,6.16667,14.16667],"texture":"#3"},"up":{"uv":[9.16667,13.5,8,12.66667],"texture":"#3"},"down":{"uv":[13.83333,8,12.66667,8.83333],"texture":"#3"}}},{"from":[7.5,5.75,7.5],"to":[8.5,6.75,8.5],"rotation":{"angle":45,"axis":"y","origin":[8,2,8]},"faces":{"north":{"uv":[6,11.33333,6.66667,12],"texture":"#3"},"east":{"uv":[12,5.33333,12.66667,6],"texture":"#3"},"south":{"uv":[14,8,14.66667,8.66667],"texture":"#3"},"west":{"uv":[14,8.66667,14.66667,9.33333],"texture":"#3"},"down":{"uv":[10.66667,14,10,14.66667],"texture":"#3"}}},{"from":[7.5,2.25,7.5],"to":[8.5,3.25,8.5],"rotation":{"angle":45,"axis":"y","origin":[8,-1.5,8]},"faces":{"north":{"uv":[10.66667,14,11.33333,14.66667],"texture":"#3"},"east":{"uv":[13.33333,14,14,14.66667],"texture":"#3"},"south":{"uv":[14,14,14.66667,14.66667],"texture":"#3"},"west":{"uv":[14.66667,0,15.33333,0.66667],"texture":"#3"},"up":{"uv":[1.33333,15.33333,0.66667,14.66667],"texture":"#3"}}},{"from":[7.6,3.25,7.6],"to":[8.4,5.75,8.4],"rotation":{"angle":45,"axis":"y","origin":[8,-0.5,8]},"faces":{"north":{"uv":[11.33333,12.66667,11.83333,14.33333],"texture":"#3"},"east":{"uv":[12,12.66667,12.5,14.33333],"texture":"#3"},"south":{"uv":[12.66667,12.66667,13.16667,14.33333],"texture":"#3"},"west":{"uv":[0,13.33333,0.5,15],"texture":"#3"}}},{"from":[7.35,6.75,7.35],"to":[8.65,8.25,8.65],"rotation":{"angle":45,"axis":"y","origin":[8,2,8]},"faces":{"north":{"uv":[13.33333,0,14.16667,1],"texture":"#3"},"east":{"uv":[0.66667,13.33333,1.5,14.33333],"texture":"#3"},"south":{"uv":[13.33333,1.33333,14.16667,2.33333],"texture":"#3"},"west":{"uv":[2,13.33333,2.83333,14.33333],"texture":"#3"},"up":{"uv":[7.5,14.16667,6.66667,13.33333],"texture":"#3"},"down":{"uv":[14.16667,10,13.33333,10.83333],"texture":"#3"}}},{"from":[7.35,1.25,7.35],"to":[8.65,2.25,8.65],"rotation":{"angle":45,"axis":"y","origin":[8,-4,8]},"faces":{"north":{"uv":[14,3.33333,14.83333,4],"texture":"#3"},"east":{"uv":[14,4,14.83333,4.66667],"texture":"#3"},"south":{"uv":[14,4.66667,14.83333,5.33333],"texture":"#3"},"west":{"uv":[14,5.33333,14.83333,6],"texture":"#3"},"up":{"uv":[14.16667,12.16667,13.33333,11.33333],"texture":"#3"},"down":{"uv":[14.16667,12.66667,13.33333,13.5],"texture":"#3"}}},{"from":[7.25,1.5,7.25],"to":[8.75,2,8.75],"rotation":{"angle":45,"axis":"y","origin":[8,1.375,8]},"faces":{"north":{"uv":[8,14.66667,9,15],"texture":"#3"},"east":{"uv":[14.66667,8,15.66667,8.33333],"texture":"#3"},"south":{"uv":[14.66667,8.66667,15.66667,9],"texture":"#3"},"west":{"uv":[9.33333,14.66667,10.33333,15],"texture":"#3"},"up":{"uv":[11.66667,12.33333,10.66667,11.33333],"texture":"#3"},"down":{"uv":[13,0,12,1],"texture":"#3"}}},{"from":[7.25,7,7.25],"to":[8.75,7.5,8.75],"rotation":{"angle":45,"axis":"y","origin":[8,6.875,8]},"faces":{"north":{"uv":[14.66667,9.33333,15.66667,9.66667],"texture":"#3"},"east":{"uv":[14.66667,10,15.66667,10.33333],"texture":"#3"},"south":{"uv":[10.66667,14.66667,11.66667,15],"texture":"#3"},"west":{"uv":[14.66667,10.66667,15.66667,11],"texture":"#3"},"up":{"uv":[13,2.33333,12,1.33333],"texture":"#3"},"down":{"uv":[13,2.66667,12,3.66667],"texture":"#3"}}},{"from":[6.75,7.25,7.75],"to":[9.25,9.75,10.25],"rotation":{"angle":-45,"axis":"x","origin":[7.5,7.5,8]},"faces":{"north":{"uv":[8,2.16667,9.66667,3.83333],"texture":"#3"},"east":{"uv":[8,4,9.66667,5.66667],"texture":"#3"},"south":{"uv":[8,6,9.66667,7.66667],"texture":"#3"},"west":{"uv":[8,8,9.66667,9.66667],"texture":"#3"},"up":{"uv":[11.83333,1.66667,10.16667,0],"texture":"#3"},"down":{"uv":[11.83333,2,10.16667,3.66667],"texture":"#3"}}},{"from":[6.73579,9.5,8.15],"to":[8.43579,11,9.85],"rotation":{"angle":45,"axis":"y","origin":[6.58579,9.5,8]},"faces":{"north":{"uv":[11.33333,7.33333,12.5,8.33333],"texture":"#3"},"east":{"uv":[8,11.33333,9.16667,12.33333],"texture":"#3"},"south":{"uv":[11.33333,8.66667,12.5,9.66667],"texture":"#3"},"west":{"uv":[9.33333,11.33333,10.5,12.33333],"texture":"#3"},"down":{"uv":[12.5,6,11.33333,7.16667],"texture":"#3"}}},{"from":[6.48579,11,7.9],"to":[8.68579,11.5,10.1],"rotation":{"angle":45,"axis":"y","origin":[6.58579,11,8]},"faces":{"north":{"uv":[14,6,15.5,6.33333],"texture":"#3"},"east":{"uv":[14,6.66667,15.5,7],"texture":"#3"},"south":{"uv":[14,7.33333,15.5,7.66667],"texture":"#3"},"west":{"uv":[8,14,9.5,14.33333],"texture":"#3"},"up":{"uv":[5.5,11.5,4,10],"texture":"#3"},"down":{"uv":[11.5,4,10,5.5],"texture":"#3"}}},{"from":[8,8.45459,3.35381],"to":[8.65,9.10459,5.90381],"rotation":{"angle":45,"axis":"z","origin":[8,8.45459,2.90381]},"faces":{"north":{"uv":[13.33333,14.66667,13.83333,15.16667],"texture":"#3"},"east":{"uv":[12.66667,9.33333,14.33333,9.83333],"texture":"#3"},"south":{"uv":[14,14.66667,14.5,15.16667],"texture":"#3"},"west":{"uv":[13.33333,2.66667,15,3.16667],"texture":"#3"},"up":{"uv":[3.83333,15,3.33333,13.33333],"texture":"#3"},"down":{"uv":[13.83333,3.33333,13.33333,5],"texture":"#3"}}},{"from":[7.5,8.20711,3.1467],"to":[8.5,9.20711,4.1467],"rotation":{"angle":-45,"axis":"x","origin":[7.5,8.20711,3.1467]},"faces":{"north":{"uv":[14.66667,0.66667,15.33333,1.33333],"texture":"#3"},"east":{"uv":[1.33333,14.66667,2,15.33333],"texture":"#3"},"south":{"uv":[14.66667,1.33333,15.33333,2],"texture":"#3"},"west":{"uv":[2,14.66667,2.66667,15.33333],"texture":"#3"},"up":{"uv":[15.33333,2.66667,14.66667,2],"texture":"#3"},"down":{"uv":[3.33333,14.66667,2.66667,15.33333],"texture":"#3"}}},{"from":[7.985,7.41422,0.863],"to":[8.015,10.41422,5.863],"rotation":{"angle":0,"axis":"y","origin":[7.985,7.41422,0.35381]},"faces":{"east":{"uv":[10,0,6.66667,2],"texture":"#3"},"west":{"uv":[6.66667,0,10,2],"texture":"#3"}}},{"from":[7.5,7.59099,5.03769],"to":[8.5,9.59099,7.03769],"rotation":{"angle":-45,"axis":"x","origin":[8.25,9.09099,5.78769]},"faces":{"north":{"uv":[6,10,6.66667,11.33333],"texture":"#3"},"east":{"uv":[10,6,11.33333,7.33333],"texture":"#3"},"south":{"uv":[9.33333,12.66667,10,14],"texture":"#3"},"west":{"uv":[10,7.33333,11.33333,8.66667],"texture":"#3"},"up":{"uv":[10.66667,14,10,12.66667],"texture":"#3"},"down":{"uv":[11.33333,12.66667,10.66667,14],"texture":"#3"}}},{"from":[8,8.45459,10.09619],"to":[8.65,9.10459,12.64619],"rotation":{"angle":45,"axis":"z","origin":[8,8.45459,13.09619]},"faces":{"north":{"uv":[14.5,14.66667,14,15.16667],"texture":"#3"},"east":{"uv":[14.33333,9.33333,12.66667,9.83333],"texture":"#3"},"south":{"uv":[13.83333,14.66667,13.33333,15.16667],"texture":"#3"},"west":{"uv":[15,2.66667,13.33333,3.16667],"texture":"#3"},"up":{"uv":[3.83333,13.33333,3.33333,15],"texture":"#3"},"down":{"uv":[13.83333,5,13.33333,3.33333],"texture":"#3"}}},{"from":[7.5,8.20711,11.8533],"to":[8.5,9.20711,12.8533],"rotation":{"angle":45,"axis":"x","origin":[7.5,8.20711,12.8533]},"faces":{"north":{"uv":[15.33333,1.33333,14.66667,2],"texture":"#3"},"east":{"uv":[2,14.66667,1.33333,15.33333],"texture":"#3"},"south":{"uv":[15.33333,0.66667,14.66667,1.33333],"texture":"#3"},"west":{"uv":[2.66667,14.66667,2,15.33333],"texture":"#3"},"up":{"uv":[15.33333,2,14.66667,2.66667],"texture":"#3"},"down":{"uv":[3.33333,15.33333,2.66667,14.66667],"texture":"#3"}}},{"from":[7.985,7.41422,10.137],"to":[8.015,10.41422,15.137],"rotation":{"angle":0,"axis":"y","origin":[7.985,7.41422,15.64619]},"faces":{"east":{"uv":[6.66667,0,10,2],"texture":"#3"},"west":{"uv":[10,0,6.66667,2],"texture":"#3"}}},{"from":[7.5,7.59099,8.96231],"to":[8.5,9.59099,10.96231],"rotation":{"angle":45,"axis":"x","origin":[8.25,9.09099,10.21231]},"faces":{"north":{"uv":[10,12.66667,9.33333,14],"texture":"#3"},"east":{"uv":[11.33333,6,10,7.33333],"texture":"#3"},"south":{"uv":[6.66667,10,6,11.33333],"texture":"#3"},"west":{"uv":[11.33333,7.33333,10,8.66667],"texture":"#3"},"up":{"uv":[10.66667,12.66667,10,14],"texture":"#3"},"down":{"uv":[11.33333,14,10.66667,12.66667],"texture":"#3"}}},{"from":[6.85,6.41421,5.5],"to":[6.85,11.41421,10.5],"rotation":{"angle":45,"axis":"x","origin":[6.85,8.91421,8]},"faces":{"north":{"uv":[0,0,0,10],"rotation":180,"texture":"#2"},"south":{"uv":[0,0,0,10],"rotation":180,"texture":"#2"},"west":{"uv":[0,0,10,10],"rotation":180,"texture":"#2"},"up":{"uv":[0,0,0,10],"texture":"#2"},"down":{"uv":[0,10,0,0],"texture":"#2"}}},{"from":[9.15,6.41421,5.5],"to":[9.15,11.41421,10.5],"rotation":{"angle":-45,"axis":"x","origin":[9.15,8.91421,8]},"faces":{"north":{"uv":[0,10,0,0],"rotation":180,"texture":"#2"},"east":{"uv":[0,10,10,0],"rotation":270,"texture":"#2"},"south":{"uv":[0,0,0,10],"texture":"#2"},"up":{"uv":[0,0,0,10],"texture":"#2"},"down":{"uv":[0,0,0,10],"rotation":180,"texture":"#2"}}},{"from":[7.75,10.58579,8],"to":[8.25,12.58579,10],"rotation":{"angle":-45,"axis":"x","origin":[7.75,10.58579,8]},"faces":{"north":{"uv":[4,14.66667,4.33333,16],"texture":"#3"},"east":{"uv":[8,10,9.33333,11.33333],"texture":"#3"},"south":{"uv":[4.66667,14.66667,5,16],"texture":"#3"},"west":{"uv":[10,8.66667,11.33333,10],"texture":"#3"},"up":{"uv":[5.66667,16,5.33333,14.66667],"texture":"#3"},"down":{"uv":[6.33333,14.66667,6,16],"texture":"#3"}}},{"from":[7.75,25.98579,8],"to":[8.25,27.41079,9.425],"rotation":{"angle":-45,"axis":"x","origin":[7.75,25.98579,8]},"faces":{"north":{"uv":[14.66667,11.33333,15,12.33333],"texture":"#3"},"east":{"uv":[4,12,5,13],"texture":"#3"},"south":{"uv":[12,14.66667,12.33333,15.66667],"texture":"#3"},"west":{"uv":[12,4,13,5],"texture":"#3"},"up":{"uv":[13,15.66667,12.66667,14.66667],"texture":"#3"},"down":{"uv":[15,12.66667,14.66667,13.66667],"texture":"#3"}}},{"from":[7.7535,12,7],"to":[8.2465,27,9],"rotation":{"angle":0,"axis":"x","origin":[8.0035,13,8]},"faces":{"north":{"uv":[7,2.16667,7.33333,12.16667],"texture":"#3"},"east":{"uv":[3.83333,0,5.16667,10],"texture":"#3"},"south":{"uv":[7.5,2.16667,7.83333,12.16667],"texture":"#3"},"west":{"uv":[5.16667,0,6.5,10],"texture":"#3"},"up":{"uv":[7,16,6.66667,14.66667],"texture":"#3"},"down":{"uv":[7.66667,14.66667,7.33333,16],"texture":"#3"}}},{"from":[7.985,11.5,5.375],"to":[8.015,31,10.625],"rotation":{"angle":0,"axis":"x","origin":[8.235,13,8.125]},"faces":{"east":{"uv":[3.5,0,0,13],"texture":"#3"},"west":{"uv":[0,0,3.5,13],"texture":"#3"}}}],"gui_light":"front","display":{"thirdperson_righthand":{"translation":[0,1.25,1]},"thirdperson_lefthand":{"translation":[0,1.25,1]},"firstperson_righthand":{"rotation":[6.25,0,0],"translation":[1.5,2,0.5]},"firstperson_lefthand":{"rotation":[6.25,0,0],"translation":[1.5,2,0.5]},"ground":{"rotation":[-45,0,0],"translation":[0,5,0],"scale":[0.7,0.7,0.7]},"gui":{"rotation":[-90,-45,-90],"translation":[-3.5,-3.5,0],"scale":[0.7,0.7,0.7]},"head":{"rotation":[0,-90,0]},"fixed":{"rotation":[0,-90,0],"scale":[2,2,2]}}}