{"textures":{"0":"modelengine:entity/water_serpent"},"elements":[{"from":[-10.0,6.7081122,18.19859],"to":[-8.75,7.458112,26.69859],"faces":{"east":{"uv":[13.4375,10.1875,14.5,10.3125],"tintindex":0,"rotation":0,"texture":"#0"},"south":{"uv":[10.8125,14.0625,11.0,14.1875],"tintindex":0,"rotation":0,"texture":"#0"},"north":{"uv":[10.625,14.0625,10.8125,14.1875],"tintindex":0,"rotation":0,"texture":"#0"},"west":{"uv":[13.4375,10.3125,14.5,10.4375],"tintindex":0,"rotation":0,"texture":"#0"},"up":{"uv":[3.9375,14.125,3.75,13.0625],"tintindex":0,"rotation":0,"texture":"#0"},"down":{"uv":[3.9375,13.0625,3.75,14.125],"tintindex":0,"rotation":0,"texture":"#0"}},"rotation":{"origin":[-7.0625,6.8331122,21.63609],"angle":-22.5,"axis":"y"}},{"from":[0.25,6.8331122,14.198589],"to":[1.875,7.333112,23.82359],"faces":{"east":{"uv":[1.3125,9.5,2.5,9.5625],"tintindex":0,"rotation":0,"texture":"#0"},"south":{"uv":[7.5,3.5,7.6875,3.5625],"tintindex":0,"rotation":0,"texture":"#0"},"north":{"uv":[6.0,5.0,6.1875,5.0625],"tintindex":0,"rotation":0,"texture":"#0"},"west":{"uv":[11.375,1.75,12.5625,1.8125],"tintindex":0,"rotation":0,"texture":"#0"},"up":{"uv":[1.5625,14.0625,1.375,12.875],"tintindex":0,"rotation":0,"texture":"#0"},"down":{"uv":[1.75,12.875,1.5625,14.0625],"tintindex":0,"rotation":0,"texture":"#0"}},"rotation":{"origin":[0.5,7.083112,13.573589],"angle":-22.5,"axis":"y"}},{"from":[-8.75,6.8331122,17.82359],"to":[-7.75,7.333112,21.32359],"faces":{"east":{"uv":[4.25,3.5625,4.6875,3.625],"tintindex":0,"rotation":0,"texture":"#0"},"south":{"uv":[8.375,7.0625,8.5,7.125],"tintindex":0,"rotation":0,"texture":"#0"},"north":{"uv":[5.125,3.5625,5.25,3.625],"tintindex":0,"rotation":0,"texture":"#0"},"west":{"uv":[4.6875,3.5625,5.125,3.625],"tintindex":0,"rotation":0,"texture":"#0"},"up":{"uv":[6.1875,14.25,6.0625,13.8125],"tintindex":0,"rotation":0,"texture":"#0"},"down":{"uv":[7.8125,13.8125,7.6875,14.25],"tintindex":0,"rotation":0,"texture":"#0"}},"rotation":{"origin":[-7.0625,6.8331122,21.63609],"angle":-22.5,"axis":"y"}},{"from":[7.5,14.875,8.625],"to":[8.5,15.875,17.75],"faces":{"east":{"uv":[11.375,1.625,12.5,1.75],"tintindex":0,"rotation":0,"texture":"#0"},"south":{"uv":[5.1875,14.125,5.3125,14.25],"tintindex":0,"rotation":0,"texture":"#0"},"north":{"uv":[5.0625,14.125,5.1875,14.25],"tintindex":0,"rotation":0,"texture":"#0"},"west":{"uv":[13.0,8.25,14.125,8.375],"tintindex":0,"rotation":0,"texture":"#0"},"up":{"uv":[1.875,14.0,1.75,12.875],"tintindex":0,"rotation":0,"texture":"#0"},"down":{"uv":[2.8125,13.0625,2.6875,14.1875],"tintindex":0,"rotation":0,"texture":"#0"}},"rotation":{"origin":[8.0,15.1875,14.75],"angle":-45.0,"axis":"x"}},{"from":[3.75,3.5,6.5],"to":[12.25,11.0,21.0],"faces":{"east":{"uv":[5.6875,2.625,7.5,3.5625],"tintindex":0,"rotation":0,"texture":"#0"},"south":{"uv":[8.5,3.3125,9.5625,4.25],"tintindex":0,"rotation":0,"texture":"#0"},"north":{"uv":[1.5,8.375,2.5625,9.3125],"tintindex":0,"rotation":0,"texture":"#0"},"west":{"uv":[6.1875,6.1875,8.0,7.125],"tintindex":0,"rotation":0,"texture":"#0"},"up":{"uv":[1.0625,1.8125,0.0,0.0],"tintindex":0,"rotation":0,"texture":"#0"},"down":{"uv":[2.125,0.0,1.0625,1.8125],"tintindex":0,"rotation":0,"texture":"#0"}}},{"from":[3.25,2.5,8.0],"to":[12.75,12.0,19.5],"faces":{"east":{"uv":[0.0,3.625,1.4375,4.8125],"tintindex":0,"rotation":0,"texture":"#0"},"south":{"uv":[1.1875,7.1875,2.375,8.375],"tintindex":0,"rotation":0,"texture":"#0"},"north":{"uv":[0.0,7.1875,1.1875,8.375],"tintindex":0,"rotation":0,"texture":"#0"},"west":{"uv":[1.4375,3.625,2.875,4.8125],"tintindex":0,"rotation":0,"texture":"#0"},"up":{"uv":[4.0625,5.0625,2.875,3.625],"tintindex":0,"rotation":0,"texture":"#0"},"down":{"uv":[5.25,3.625,4.0625,5.0625],"tintindex":0,"rotation":0,"texture":"#0"}}},{"from":[7.0036798,-2.0,8.5],"to":[12.003679,3.0,19.0],"faces":{"east":{"uv":[9.1875,5.1875,10.5,5.8125],"tintindex":0,"rotation":0,"texture":"#0"},"south":{"uv":[3.9375,10.1875,4.5625,10.8125],"tintindex":0,"rotation":0,"texture":"#0"},"north":{"uv":[5.4375,6.5,6.0625,7.125],"tintindex":0,"rotation":0,"texture":"#0"},"west":{"uv":[9.1875,5.8125,10.5,6.4375],"tintindex":0,"rotation":0,"texture":"#0"},"up":{"uv":[7.4375,9.9375,6.8125,8.625],"tintindex":0,"rotation":0,"texture":"#0"},"down":{"uv":[8.0625,9.1875,7.4375,10.5],"tintindex":0,"rotation":0,"texture":"#0"}},"rotation":{"origin":[5.8786798,-0.125,13.75],"angle":45.0,"axis":"z"}},{"from":[-5.375,6.408112,7.6985893],"to":[-4.125,7.6581125,22.32359],"faces":{"east":{"uv":[12.4375,10.0625,14.25,10.1875],"tintindex":0,"rotation":0,"texture":"#0"},"south":{"uv":[14.0625,12.1875,14.25,12.3125],"tintindex":0,"rotation":0,"texture":"#0"},"north":{"uv":[12.125,14.0625,12.3125,14.1875],"tintindex":0,"rotation":0,"texture":"#0"},"west":{"uv":[12.6875,5.6875,14.5,5.8125],"tintindex":0,"rotation":0,"texture":"#0"},"up":{"uv":[8.75,13.625,8.5625,11.8125],"tintindex":0,"rotation":0,"texture":"#0"},"down":{"uv":[8.75,11.8125,8.5625,13.625],"tintindex":0,"rotation":0,"texture":"#0"}},"rotation":{"origin":[-1.375,7.333112,15.948589],"angle":-45.0,"axis":"y"}},{"from":[-3.75,6.7081122,20.82359],"to":[-2.5,7.458112,29.32359],"faces":{"east":{"uv":[13.4375,10.4375,14.5,10.5625],"tintindex":0,"rotation":0,"texture":"#0"},"south":{"uv":[11.75,14.0625,11.9375,14.1875],"tintindex":0,"rotation":0,"texture":"#0"},"north":{"uv":[11.1875,14.0625,11.375,14.1875],"tintindex":0,"rotation":0,"texture":"#0"},"west":{"uv":[13.4375,12.9375,14.5,13.0625],"tintindex":0,"rotation":0,"texture":"#0"},"up":{"uv":[4.3125,14.125,4.125,13.0625],"tintindex":0,"rotation":0,"texture":"#0"},"down":{"uv":[4.3125,13.0625,4.125,14.125],"tintindex":0,"rotation":0,"texture":"#0"}}},{"from":[23.75,6.8331122,17.82359],"to":[24.75,7.333112,21.32359],"faces":{"east":{"uv":[5.125,3.5625,4.6875,3.625],"tintindex":0,"rotation":0,"texture":"#0"},"south":{"uv":[8.5,7.0625,8.375,7.125],"tintindex":0,"rotation":0,"texture":"#0"},"north":{"uv":[5.25,3.5625,5.125,3.625],"tintindex":0,"rotation":0,"texture":"#0"},"west":{"uv":[4.6875,3.5625,4.25,3.625],"tintindex":0,"rotation":0,"texture":"#0"},"up":{"uv":[6.0625,14.25,6.1875,13.8125],"tintindex":0,"rotation":0,"texture":"#0"},"down":{"uv":[7.6875,13.8125,7.8125,14.25],"tintindex":0,"rotation":0,"texture":"#0"}},"rotation":{"origin":[23.0625,6.8331122,21.63609],"angle":22.5,"axis":"y"}},{"from":[-5.25,6.4581122,14.698589],"to":[-0.125,7.208112,19.07359],"faces":{"east":{"uv":[11.25,5.9375,11.8125,6.0625],"tintindex":0,"rotation":0,"texture":"#0"},"south":{"uv":[7.375,6.0625,8.0,6.1875],"tintindex":0,"rotation":0,"texture":"#0"},"north":{"uv":[6.875,2.5,7.5,2.625],"tintindex":0,"rotation":0,"texture":"#0"},"west":{"uv":[14.0,1.375,14.5625,1.5],"tintindex":0,"rotation":0,"texture":"#0"},"up":{"uv":[12.4375,0.5625,11.8125,0.0],"tintindex":0,"rotation":0,"texture":"#0"},"down":{"uv":[12.4375,0.0,11.8125,0.5625],"tintindex":0,"rotation":0,"texture":"#0"}},"rotation":{"origin":[-4.5,6.8331122,16.07359],"angle":-45.0,"axis":"y"}},{"from":[7.625,16.0,17.125],"to":[8.375,17.0,26.25],"faces":{"east":{"uv":[13.0,8.375,14.125,8.5],"tintindex":0,"rotation":0,"texture":"#0"},"south":{"uv":[5.4375,14.125,5.5625,14.25],"tintindex":0,"rotation":0,"texture":"#0"},"north":{"uv":[5.3125,14.125,5.4375,14.25],"tintindex":0,"rotation":0,"texture":"#0"},"west":{"uv":[13.0625,2.25,14.1875,2.375],"tintindex":0,"rotation":0,"texture":"#0"},"up":{"uv":[13.25,3.5,13.125,2.375],"tintindex":0,"rotation":0,"texture":"#0"},"down":{"uv":[13.3125,12.0625,13.1875,13.1875],"tintindex":0,"rotation":0,"texture":"#0"}},"rotation":{"origin":[8.0,15.1875,14.75],"angle":-22.5,"axis":"x"}},{"from":[-1.625,6.2081122,7.6985893],"to":[-0.375,7.583112,21.82359],"faces":{"east":{"uv":[12.875,0.6875,14.625,0.8125],"tintindex":0,"rotation":0,"texture":"#0"},"south":{"uv":[14.0625,12.0625,14.25,12.1875],"tintindex":0,"rotation":0,"texture":"#0"},"north":{"uv":[11.9375,14.0625,12.125,14.1875],"tintindex":0,"rotation":0,"texture":"#0"},"west":{"uv":[12.875,5.9375,14.625,6.0625],"tintindex":0,"rotation":0,"texture":"#0"},"up":{"uv":[3.5625,13.8125,3.375,12.0625],"tintindex":0,"rotation":0,"texture":"#0"},"down":{"uv":[3.5625,12.0625,3.375,13.8125],"tintindex":0,"rotation":0,"texture":"#0"}},"rotation":{"origin":[-1.375,7.333112,15.948589],"angle":-22.5,"axis":"y"}},{"from":[14.125,6.8331122,14.198589],"to":[15.75,7.333112,23.82359],"faces":{"east":{"uv":[12.5625,1.75,11.375,1.8125],"tintindex":0,"rotation":0,"texture":"#0"},"south":{"uv":[7.6875,3.5,7.5,3.5625],"tintindex":0,"rotation":0,"texture":"#0"},"north":{"uv":[6.1875,5.0,6.0,5.0625],"tintindex":0,"rotation":0,"texture":"#0"},"west":{"uv":[2.5,9.5,1.3125,9.5625],"tintindex":0,"rotation":0,"texture":"#0"},"up":{"uv":[1.375,14.0625,1.5625,12.875],"tintindex":0,"rotation":0,"texture":"#0"},"down":{"uv":[1.5625,12.875,1.75,14.0625],"tintindex":0,"rotation":0,"texture":"#0"}},"rotation":{"origin":[15.5,7.083112,13.573589],"angle":22.5,"axis":"y"}},{"from":[12.25,6.7081122,9.323589],"to":[18.25,7.458112,17.82359],"faces":{"east":{"uv":[14.6875,0.375,13.625,0.5],"tintindex":0,"rotation":0,"texture":"#0"},"south":{"uv":[14.5,12.8125,13.75,12.9375],"tintindex":0,"rotation":0,"texture":"#0"},"north":{"uv":[14.5,12.6875,13.75,12.8125],"tintindex":0,"rotation":0,"texture":"#0"},"west":{"uv":[14.5,13.0625,13.4375,13.1875],"tintindex":0,"rotation":0,"texture":"#0"},"up":{"uv":[9.625,10.1875,10.375,9.125],"tintindex":0,"rotation":0,"texture":"#0"},"down":{"uv":[9.625,9.125,10.375,10.1875],"tintindex":0,"rotation":0,"texture":"#0"}},"rotation":{"origin":[15.5,7.083112,13.573589],"angle":45.0,"axis":"y"}},{"from":[16.375,6.2081122,7.6985893],"to":[17.625,7.583112,21.82359],"faces":{"east":{"uv":[14.625,5.9375,12.875,6.0625],"tintindex":0,"rotation":0,"texture":"#0"},"south":{"uv":[14.25,12.0625,14.0625,12.1875],"tintindex":0,"rotation":0,"texture":"#0"},"north":{"uv":[12.125,14.0625,11.9375,14.1875],"tintindex":0,"rotation":0,"texture":"#0"},"west":{"uv":[14.625,0.6875,12.875,0.8125],"tintindex":0,"rotation":0,"texture":"#0"},"up":{"uv":[3.375,13.8125,3.5625,12.0625],"tintindex":0,"rotation":0,"texture":"#0"},"down":{"uv":[3.375,12.0625,3.5625,13.8125],"tintindex":0,"rotation":0,"texture":"#0"}},"rotation":{"origin":[17.375,7.333112,15.948589],"angle":22.5,"axis":"y"}},{"from":[7.75,10.75,11.875],"to":[8.25,12.375,15.25],"faces":{"east":{"uv":[12.25,6.25,11.8125,6.4375],"tintindex":0,"rotation":0,"texture":"#0"},"south":{"uv":[12.6875,1.625,12.75,1.8125],"tintindex":0,"rotation":0,"texture":"#0"},"north":{"uv":[12.25,6.25,12.3125,6.4375],"tintindex":0,"rotation":0,"texture":"#0"},"west":{"uv":[11.8125,6.25,12.25,6.4375],"tintindex":0,"rotation":0,"texture":"#0"},"up":{"uv":[9.6875,6.875,9.625,6.4375],"tintindex":0,"rotation":0,"texture":"#0"},"down":{"uv":[12.0625,3.3125,12.0,3.75],"tintindex":0,"rotation":0,"texture":"#0"}},"rotation":{"origin":[8.0,15.1875,14.75],"angle":-45.0,"axis":"x"}},{"from":[12.25,-2.5,5.5],"to":[14.75,1.0,14.5],"faces":{"east":{"uv":[3.9375,10.875,5.0625,11.3125],"tintindex":0,"rotation":0,"texture":"#0"},"south":{"uv":[13.375,1.6875,13.6875,2.125],"tintindex":0,"rotation":0,"texture":"#0"},"north":{"uv":[13.375,1.25,13.6875,1.6875],"tintindex":0,"rotation":0,"texture":"#0"},"west":{"uv":[5.0625,10.875,6.1875,11.3125],"tintindex":0,"rotation":0,"texture":"#0"},"up":{"uv":[0.9375,12.8125,0.625,11.6875],"tintindex":0,"rotation":0,"texture":"#0"},"down":{"uv":[1.25,11.75,0.9375,12.875],"tintindex":0,"rotation":0,"texture":"#0"}},"rotation":{"origin":[13.5,7.75,-10.5],"angle":-22.5,"axis":"x"}},{"from":[7.8,14.5,17.375],"to":[8.2,16.125,23.875],"faces":{"east":{"uv":[8.3125,3.3125,7.5,3.5],"tintindex":0,"rotation":0,"texture":"#0"},"south":{"uv":[10.875,7.3125,10.9375,7.5],"tintindex":0,"rotation":0,"texture":"#0"},"north":{"uv":[10.875,3.75,10.9375,3.9375],"tintindex":0,"rotation":0,"texture":"#0"},"west":{"uv":[7.5,3.3125,8.3125,3.5],"tintindex":0,"rotation":0,"texture":"#0"},"up":{"uv":[10.25,13.0625,10.1875,12.25],"tintindex":0,"rotation":0,"texture":"#0"},"down":{"uv":[13.1875,12.0625,13.125,12.875],"tintindex":0,"rotation":0,"texture":"#0"}},"rotation":{"origin":[8.0,15.1875,14.75],"angle":-22.5,"axis":"x"}},{"from":[-2.25,6.7081122,9.323589],"to":[3.75,7.458112,17.82359],"faces":{"east":{"uv":[13.4375,13.0625,14.5,13.1875],"tintindex":0,"rotation":0,"texture":"#0"},"south":{"uv":[13.75,12.8125,14.5,12.9375],"tintindex":0,"rotation":0,"texture":"#0"},"north":{"uv":[13.75,12.6875,14.5,12.8125],"tintindex":0,"rotation":0,"texture":"#0"},"west":{"uv":[13.625,0.375,14.6875,0.5],"tintindex":0,"rotation":0,"texture":"#0"},"up":{"uv":[10.375,10.1875,9.625,9.125],"tintindex":0,"rotation":0,"texture":"#0"},"down":{"uv":[10.375,9.125,9.625,10.1875],"tintindex":0,"rotation":0,"texture":"#0"}},"rotation":{"origin":[0.5,7.083112,13.573589],"angle":-45.0,"axis":"y"}},{"from":[7.75,12.375,10.5],"to":[8.25,15.25,17.5],"faces":{"east":{"uv":[12.9375,7.6875,12.0625,8.0625],"tintindex":0,"rotation":0,"texture":"#0"},"south":{"uv":[7.9375,5.6875,8.0,6.0625],"tintindex":0,"rotation":0,"texture":"#0"},"north":{"uv":[7.4375,2.125,7.5,2.5],"tintindex":0,"rotation":0,"texture":"#0"},"west":{"uv":[12.0625,7.6875,12.9375,8.0625],"tintindex":0,"rotation":0,"texture":"#0"},"up":{"uv":[8.6875,11.375,8.625,10.5],"tintindex":0,"rotation":0,"texture":"#0"},"down":{"uv":[11.75,13.75,11.6875,14.625],"tintindex":0,"rotation":0,"texture":"#0"}},"rotation":{"origin":[8.0,15.1875,14.75],"angle":-45.0,"axis":"x"}},{"from":[20.125,6.408112,7.6985893],"to":[21.375,7.6581125,22.32359],"faces":{"east":{"uv":[14.5,5.6875,12.6875,5.8125],"tintindex":0,"rotation":0,"texture":"#0"},"south":{"uv":[14.25,12.1875,14.0625,12.3125],"tintindex":0,"rotation":0,"texture":"#0"},"north":{"uv":[12.3125,14.0625,12.125,14.1875],"tintindex":0,"rotation":0,"texture":"#0"},"west":{"uv":[14.25,10.0625,12.4375,10.1875],"tintindex":0,"rotation":0,"texture":"#0"},"up":{"uv":[8.5625,13.625,8.75,11.8125],"tintindex":0,"rotation":0,"texture":"#0"},"down":{"uv":[8.5625,11.8125,8.75,13.625],"tintindex":0,"rotation":0,"texture":"#0"}},"rotation":{"origin":[17.375,7.333112,15.948589],"angle":45.0,"axis":"y"}},{"from":[24.75,6.7081122,18.19859],"to":[26.0,7.458112,26.69859],"faces":{"east":{"uv":[14.5,10.3125,13.4375,10.4375],"tintindex":0,"rotation":0,"texture":"#0"},"south":{"uv":[11.0,14.0625,10.8125,14.1875],"tintindex":0,"rotation":0,"texture":"#0"},"north":{"uv":[10.8125,14.0625,10.625,14.1875],"tintindex":0,"rotation":0,"texture":"#0"},"west":{"uv":[14.5,10.1875,13.4375,10.3125],"tintindex":0,"rotation":0,"texture":"#0"},"up":{"uv":[3.75,14.125,3.9375,13.0625],"tintindex":0,"rotation":0,"texture":"#0"},"down":{"uv":[3.75,13.0625,3.9375,14.125],"tintindex":0,"rotation":0,"texture":"#0"}},"rotation":{"origin":[23.0625,6.8331122,21.63609],"angle":22.5,"axis":"y"}},{"from":[16.125,6.4581122,14.698589],"to":[21.25,7.208112,19.07359],"faces":{"east":{"uv":[14.5625,1.375,14.0,1.5],"tintindex":0,"rotation":0,"texture":"#0"},"south":{"uv":[8.0,6.0625,7.375,6.1875],"tintindex":0,"rotation":0,"texture":"#0"},"north":{"uv":[7.5,2.5,6.875,2.625],"tintindex":0,"rotation":0,"texture":"#0"},"west":{"uv":[11.8125,5.9375,11.25,6.0625],"tintindex":0,"rotation":0,"texture":"#0"},"up":{"uv":[11.8125,0.5625,12.4375,0.0],"tintindex":0,"rotation":0,"texture":"#0"},"down":{"uv":[11.8125,0.0,12.4375,0.5625],"tintindex":0,"rotation":0,"texture":"#0"}},"rotation":{"origin":[20.5,6.8331122,16.07359],"angle":45.0,"axis":"y"}},{"from":[18.5,6.7081122,20.82359],"to":[19.75,7.458112,29.32359],"faces":{"east":{"uv":[14.5,12.9375,13.4375,13.0625],"tintindex":0,"rotation":0,"texture":"#0"},"south":{"uv":[11.9375,14.0625,11.75,14.1875],"tintindex":0,"rotation":0,"texture":"#0"},"north":{"uv":[11.375,14.0625,11.1875,14.1875],"tintindex":0,"rotation":0,"texture":"#0"},"west":{"uv":[14.5,10.4375,13.4375,10.5625],"tintindex":0,"rotation":0,"texture":"#0"},"up":{"uv":[4.125,14.125,4.3125,13.0625],"tintindex":0,"rotation":0,"texture":"#0"},"down":{"uv":[4.125,13.0625,4.3125,14.125],"tintindex":0,"rotation":0,"texture":"#0"}}},{"from":[1.25,-2.5,5.5],"to":[3.75,1.0,14.5],"faces":{"east":{"uv":[10.6875,0.0,11.8125,0.4375],"tintindex":0,"rotation":0,"texture":"#0"},"south":{"uv":[13.3125,0.8125,13.625,1.25],"tintindex":0,"rotation":0,"texture":"#0"},"north":{"uv":[13.125,4.1875,13.4375,4.625],"tintindex":0,"rotation":0,"texture":"#0"},"west":{"uv":[10.6875,0.4375,11.8125,0.875],"tintindex":0,"rotation":0,"texture":"#0"},"up":{"uv":[9.0625,12.5,8.75,11.375],"tintindex":0,"rotation":0,"texture":"#0"},"down":{"uv":[9.375,11.375,9.0625,12.5],"tintindex":0,"rotation":0,"texture":"#0"}},"rotation":{"origin":[2.5,7.75,-10.5],"angle":-22.5,"axis":"x"}}],"display":{"gui":{"rotation":[30,225,0]}}}