{"textures":{"0":"modelengine:entity/xiddri_debris_vfx"},"elements":[{"from":[5.5,7.0,5.5],"to":[10.5,9.0,10.5],"faces":{"east":{"uv":[0.0,7.5,1.25,8.0],"tintindex":0,"rotation":0,"texture":"#0"},"south":{"uv":[7.5,3.5,8.75,4.0],"tintindex":0,"rotation":0,"texture":"#0"},"north":{"uv":[7.25,7.25,8.5,7.75],"tintindex":0,"rotation":0,"texture":"#0"},"west":{"uv":[7.5,4.0,8.75,4.5],"tintindex":0,"rotation":0,"texture":"#0"},"up":{"uv":[1.25,6.75,0.0,5.5],"tintindex":0,"rotation":0,"texture":"#0"},"down":{"uv":[1.25,5.5,0.0,6.75],"tintindex":0,"rotation":0,"texture":"#0"}},"rotation":{"origin":[8.0,8.0,8.0],"angle":-22.5,"axis":"y"}}],"display":{"gui":{"rotation":[30,225,0]}}}