{"textures":{"0":"modelengine:entity/skeletoncrossbow"},"elements":[{"from":[7.0447226,2.6000004,7.5],"to":[9.044723,6.8,9.0],"faces":{"east":{"uv":[5.875,5.5,6.0625,6.03125],"tintindex":0,"rotation":0,"texture":"#0"},"south":{"uv":[5.375,5.0,5.625,5.53125],"tintindex":0,"rotation":0,"texture":"#0"},"north":{"uv":[5.375,4.375,5.625,4.90625],"tintindex":0,"rotation":0,"texture":"#0"},"west":{"uv":[0.5,6.0,0.6875,6.53125],"tintindex":0,"rotation":0,"texture":"#0"},"up":{"uv":[3.125,7.8125,2.875,7.625],"tintindex":0,"rotation":0,"texture":"#0"},"down":{"uv":[5.0,7.625,4.75,7.8125],"tintindex":0,"rotation":0,"texture":"#0"}}},{"from":[6.8751264,6.127104,7.2],"to":[9.075127,8.327104,9.3],"faces":{"east":{"uv":[7.0,5.25,7.25,5.53125],"tintindex":0,"rotation":0,"texture":"#0"},"south":{"uv":[0.0,6.5,0.28125,6.78125],"tintindex":0,"rotation":0,"texture":"#0"},"north":{"uv":[6.375,6.375,6.65625,6.65625],"tintindex":0,"rotation":0,"texture":"#0"},"west":{"uv":[7.0,5.625,7.25,5.90625],"tintindex":0,"rotation":0,"texture":"#0"},"up":{"uv":[7.28125,6.75,7.0,6.5],"tintindex":0,"rotation":0,"texture":"#0"},"down":{"uv":[7.28125,6.75,7.0,7.0],"tintindex":0,"rotation":0,"texture":"#0"}},"rotation":{"origin":[7.9751263,7.227103,8.25],"angle":45.0,"axis":"z"}},{"from":[6.945837,1.8137522,7.2],"to":[9.145837,4.013752,9.3],"faces":{"east":{"uv":[6.125,7.0,6.375,7.28125],"tintindex":0,"rotation":0,"texture":"#0"},"south":{"uv":[2.625,6.5,2.90625,6.78125],"tintindex":0,"rotation":0,"texture":"#0"},"north":{"uv":[1.125,6.5,1.40625,6.78125],"tintindex":0,"rotation":0,"texture":"#0"},"west":{"uv":[7.0,7.0,7.25,7.28125],"tintindex":0,"rotation":0,"texture":"#0"},"up":{"uv":[7.40625,0.25,7.125,0.0],"tintindex":0,"rotation":0,"texture":"#0"},"down":{"uv":[0.78125,7.125,0.5,7.375],"tintindex":0,"rotation":0,"texture":"#0"}},"rotation":{"origin":[8.045837,2.913752,8.25],"angle":45.0,"axis":"z"}}],"display":{"gui":{"rotation":[30,225,0]}}}