{"textures":{"0":"modelengine:entity/deimos"},"elements":[{"from":[5.4,4.1999984,7.4],"to":[10.7,7.9,12.200001],"faces":{"east":{"uv":[7.0625,9.4375,7.375,9.65625],"tintindex":0,"rotation":0,"texture":"#0"},"south":{"uv":[9.375,1.25,9.71875,1.46875],"tintindex":0,"rotation":0,"texture":"#0"},"north":{"uv":[9.375,1.0,9.71875,1.21875],"tintindex":0,"rotation":0,"texture":"#0"},"west":{"uv":[7.875,9.4375,8.1875,9.65625],"tintindex":0,"rotation":0,"texture":"#0"},"up":{"uv":[7.90625,9.3125,7.5625,9.0],"tintindex":0,"rotation":0,"texture":"#0"},"down":{"uv":[6.46875,9.0625,6.125,9.375],"tintindex":0,"rotation":0,"texture":"#0"}}},{"from":[5.4,4.1999984,2.4000006],"to":[10.7,7.9,7.0],"faces":{"east":{"uv":[4.5625,9.5,4.84375,9.71875],"tintindex":0,"rotation":0,"texture":"#0"},"south":{"uv":[9.375,2.5625,9.71875,2.78125],"tintindex":0,"rotation":0,"texture":"#0"},"north":{"uv":[9.375,1.5,9.71875,1.71875],"tintindex":0,"rotation":0,"texture":"#0"},"west":{"uv":[0.9375,9.5625,1.21875,9.78125],"tintindex":0,"rotation":0,"texture":"#0"},"up":{"uv":[9.53125,7.59375,9.1875,7.3125],"tintindex":0,"rotation":0,"texture":"#0"},"down":{"uv":[9.53125,7.625,9.1875,7.90625],"tintindex":0,"rotation":0,"texture":"#0"}}}],"display":{"gui":{"rotation":[30,225,0]}}}