{"textures":{"0":"modelengine:entity/skeletonlich"},"elements":[{"from":[7.1,5.1000004,6.7],"to":[9.1,8.0,9.4],"faces":{"east":{"uv":[13.125,12.375,13.46875,12.75],"tintindex":0,"rotation":0,"texture":"#0"},"south":{"uv":[7.75,8.75,8.0,9.125],"tintindex":0,"rotation":0,"texture":"#0"},"north":{"uv":[7.75,8.375,8.0,8.75],"tintindex":0,"rotation":0,"texture":"#0"},"west":{"uv":[13.25,1.125,13.59375,1.5],"tintindex":0,"rotation":0,"texture":"#0"},"up":{"uv":[8.0,9.46875,7.75,9.125],"tintindex":0,"rotation":0,"texture":"#0"},"down":{"uv":[0.875,9.375,0.625,9.71875],"tintindex":0,"rotation":0,"texture":"#0"}}}],"display":{"gui":{"rotation":[30,225,0]}}}