{"textures":{"0":"modelengine:entity/skeletonlich"},"elements":[{"from":[6.25,-2.0,6.0],"to":[9.55,8.0,10.2],"faces":{"east":{"uv":[5.125,9.5,5.65625,10.75],"tintindex":0,"rotation":0,"texture":"#0"},"south":{"uv":[4.5,10.75,4.90625,12.0],"tintindex":0,"rotation":0,"texture":"#0"},"north":{"uv":[1.125,10.75,1.53125,12.0],"tintindex":0,"rotation":0,"texture":"#0"},"west":{"uv":[7.625,9.5,8.15625,10.75],"tintindex":0,"rotation":0,"texture":"#0"},"up":{"uv":[11.28125,13.28125,10.875,12.75],"tintindex":0,"rotation":0,"texture":"#0"},"down":{"uv":[13.15625,11.0,12.75,11.53125],"tintindex":0,"rotation":0,"texture":"#0"}}}],"display":{"gui":{"rotation":[30,225,0]}}}