{"textures":{"3":"modelengine:entity/sea_horse_teal"},"elements":[{"from":[7.5,8.25,7.75],"to":[8.5,12.25,9.75],"faces":{"east":{"uv":[4.0,3.0,5.0,5.0],"tintindex":0,"rotation":0,"texture":"#3"},"south":{"uv":[2.0,7.0,2.5,9.0],"tintindex":0,"rotation":0,"texture":"#3"},"north":{"uv":[6.5,6.0,7.0,8.0],"tintindex":0,"rotation":0,"texture":"#3"},"west":{"uv":[5.0,3.0,6.0,5.0],"tintindex":0,"rotation":0,"texture":"#3"},"up":{"uv":[7.5,4.5,7.0,3.5],"tintindex":0,"rotation":0,"texture":"#3"},"down":{"uv":[7.5,6.0,7.0,7.0],"tintindex":0,"rotation":0,"texture":"#3"}}},{"from":[6.5,7.25,6.75],"to":[9.5,10.25,8.75],"faces":{"east":{"uv":[0.0,6.0,1.0,7.5],"tintindex":0,"rotation":0,"texture":"#3"},"south":{"uv":[4.0,1.5,5.5,3.0],"tintindex":0,"rotation":0,"texture":"#3"},"north":{"uv":[4.0,0.0,5.5,1.5],"tintindex":0,"rotation":0,"texture":"#3"},"west":{"uv":[1.0,6.0,2.0,7.5],"tintindex":0,"rotation":0,"texture":"#3"},"up":{"uv":[3.5,7.0,2.0,6.0],"tintindex":0,"rotation":0,"texture":"#3"},"down":{"uv":[7.5,2.5,6.0,3.5],"tintindex":0,"rotation":0,"texture":"#3"}},"rotation":{"origin":[8.0,7.75,7.75],"angle":22.5,"axis":"x"}},{"from":[7.0,10.5,5.75],"to":[9.0,12.5,8.75],"faces":{"east":{"uv":[4.0,5.0,5.5,6.0],"tintindex":0,"rotation":0,"texture":"#3"},"south":{"uv":[5.5,6.5,6.5,7.5],"tintindex":0,"rotation":0,"texture":"#3"},"north":{"uv":[6.5,5.0,7.5,6.0],"tintindex":0,"rotation":0,"texture":"#3"},"west":{"uv":[5.5,0.0,7.0,1.0],"tintindex":0,"rotation":0,"texture":"#3"},"up":{"uv":[6.5,2.5,5.5,1.0],"tintindex":0,"rotation":0,"texture":"#3"},"down":{"uv":[6.5,5.0,5.5,6.5],"tintindex":0,"rotation":0,"texture":"#3"}},"rotation":{"origin":[8.0,11.0,6.0],"angle":-22.5,"axis":"x"}},{"from":[8.0,8.25,7.75],"to":[8.0,14.25,11.75],"faces":{"east":{"uv":[0.0,0.0,2.0,3.0],"tintindex":0,"rotation":0,"texture":"#3"},"west":{"uv":[2.0,0.0,0.0,3.0],"tintindex":0,"rotation":0,"texture":"#3"}}},{"from":[7.5,10.5,3.75],"to":[8.5,11.5,5.75],"faces":{"east":{"uv":[7.0,4.5,8.0,5.0],"tintindex":0,"rotation":0,"texture":"#3"},"south":{"uv":[7.5,3.0,8.0,3.5],"tintindex":0,"rotation":0,"texture":"#3"},"north":{"uv":[5.5,2.5,6.0,3.0],"tintindex":0,"rotation":0,"texture":"#3"},"west":{"uv":[7.0,7.0,8.0,7.5],"tintindex":0,"rotation":0,"texture":"#3"},"up":{"uv":[0.5,8.5,0.0,7.5],"tintindex":0,"rotation":0,"texture":"#3"},"down":{"uv":[1.0,7.5,0.5,8.5],"tintindex":0,"rotation":0,"texture":"#3"}},"rotation":{"origin":[8.0,11.0,6.0],"angle":-22.5,"axis":"x"}}],"display":{"gui":{"rotation":[30,225,0]}}}