{"textures":{"3":"modelengine:entity/sea_horse_teal"},"elements":[{"from":[8.0,6.5,8.0],"to":[8.0,9.5,11.0],"faces":{"east":{"uv":[8.0,0.0,9.5,1.5],"tintindex":0,"rotation":0,"texture":"#3"},"south":{"uv":[5.5,1.5,4.0,3.0],"tintindex":0,"rotation":0,"texture":"#3"},"north":{"uv":[5.5,0.0,4.0,1.5],"tintindex":0,"rotation":0,"texture":"#3"},"west":{"uv":[9.5,0.0,8.0,1.5],"tintindex":0,"rotation":0,"texture":"#3"},"up":{"uv":[2.0,7.0,3.5,6.0],"tintindex":0,"rotation":0,"texture":"#3"},"down":{"uv":[6.0,2.5,7.5,3.5],"tintindex":0,"rotation":0,"texture":"#3"}}}],"display":{"gui":{"rotation":[30,225,0]}}}