{"textures":{"0":"modelengine:entity/vampiremonster"},"elements":[{"from":[3.3775196,-8.02029,4.1555],"to":[7.2665997,-4.1312103,11.8445],"faces":{"east":{"uv":[8.6875,7.0,9.15625,7.25],"tintindex":0,"rotation":0,"texture":"#0"},"south":{"uv":[0.0,9.5,0.25,9.75],"tintindex":0,"rotation":0,"texture":"#0"},"north":{"uv":[5.625,5.3125,5.875,5.5625],"tintindex":0,"rotation":0,"texture":"#0"},"west":{"uv":[7.3125,8.6875,7.78125,8.9375],"tintindex":0,"rotation":0,"texture":"#0"},"up":{"uv":[3.6875,4.40625,3.4375,3.9375],"tintindex":0,"rotation":0,"texture":"#0"},"down":{"uv":[4.8125,0.75,4.5625,1.21875],"tintindex":0,"rotation":0,"texture":"#0"}},"rotation":{"origin":[8.43333,-9.187019,9.1055],"angle":-45.0,"axis":"z"}},{"from":[1.5662894,6.45224,4.1445],"to":[6.2253695,14.19133,11.8555],"faces":{"east":{"uv":[5.3125,7.4375,5.78125,7.90625],"tintindex":0,"rotation":0,"texture":"#0"},"south":{"uv":[8.625,2.4375,8.90625,2.90625],"tintindex":0,"rotation":0,"texture":"#0"},"north":{"uv":[0.3125,8.625,0.59375,9.09375],"tintindex":0,"rotation":0,"texture":"#0"},"west":{"uv":[0.0,7.5625,0.46875,8.03125],"tintindex":0,"rotation":0,"texture":"#0"},"up":{"uv":[5.28125,9.09375,5.0,8.625],"tintindex":0,"rotation":0,"texture":"#0"},"down":{"uv":[5.59375,8.625,5.3125,9.09375],"tintindex":0,"rotation":0,"texture":"#0"}},"rotation":{"origin":[9.305369,16.90224,9.3145],"angle":45.0,"axis":"z"}},{"from":[5.6833296,-4.787018,4.15],"to":[11.18333,9.512981,11.85],"faces":{"east":{"uv":[5.125,4.625,5.59375,5.53125],"tintindex":0,"rotation":0,"texture":"#0"},"south":{"uv":[1.9375,6.4375,2.28125,7.34375],"tintindex":0,"rotation":0,"texture":"#0"},"north":{"uv":[6.3125,4.9375,6.65625,5.84375],"tintindex":0,"rotation":0,"texture":"#0"},"west":{"uv":[5.3125,0.0,5.78125,0.90625],"tintindex":0,"rotation":0,"texture":"#0"},"up":{"uv":[5.09375,8.53125,4.75,8.0625],"tintindex":0,"rotation":0,"texture":"#0"},"down":{"uv":[8.40625,4.75,8.0625,5.21875],"tintindex":0,"rotation":0,"texture":"#0"}}}],"display":{"gui":{"rotation":[30,225,0]}}}