{"credit":"Made by PolygonMC","texture_size":[32,32],"textures":{"0":"tavern:items/sets/littlepanda/panda_head","particle":"tavern:items/sets/littlepanda/panda_head"},"elements":[{"from":[3,3.5,3],"to":[13,13.25,13],"rotation":{"angle":0,"axis":"y","origin":[3.5,4,3.5]},"faces":{"north":{"uv":[0,0,5,5],"texture":"#0","tintindex":0},"east":{"uv":[0,5,5,10],"texture":"#0","tintindex":0},"south":{"uv":[5,0,10,5],"texture":"#0","tintindex":0},"west":{"uv":[5,5,10,10],"texture":"#0","tintindex":0},"up":{"uv":[5,15,0,10],"texture":"#0","tintindex":0},"down":{"uv":[15,0,10,5],"texture":"#0","tintindex":0}}},{"from":[5.5,3.5,1],"to":[10.5,7.25,3],"rotation":{"angle":0,"axis":"y","origin":[3.5,3.5,3]},"faces":{"north":{"uv":[5,10,7.5,12],"texture":"#0","tintindex":0},"east":{"uv":[10,10,11,12],"texture":"#0","tintindex":0},"west":{"uv":[7.5,11,8.5,13],"texture":"#0","tintindex":0},"up":{"uv":[10,11,7.5,10],"texture":"#0","tintindex":0},"down":{"uv":[12.5,9,10,10],"texture":"#0","tintindex":0}}},{"from":[10.75,12.5,7.5],"to":[15.25,16,8.5],"rotation":{"angle":0,"axis":"y","origin":[0,0,2.5]},"faces":{"north":{"uv":[10,5,12.5,7],"texture":"#0","tintindex":0},"east":{"uv":[8.5,11,9,13],"texture":"#0","tintindex":0},"south":{"uv":[10,7,12.5,9],"texture":"#0","tintindex":0},"west":{"uv":[9,11,9.5,13],"texture":"#0","tintindex":0},"up":{"uv":[13.5,10.5,11,10],"texture":"#0","tintindex":0},"down":{"uv":[13.5,10.5,11,11],"texture":"#0","tintindex":0}}},{"from":[0.75,12.5,7.5],"to":[5.25,16,8.5],"rotation":{"angle":0,"axis":"y","origin":[16,0,2.5]},"faces":{"north":{"uv":[12.5,5,10,7],"texture":"#0","tintindex":0},"east":{"uv":[9.5,11,9,13],"texture":"#0","tintindex":0},"south":{"uv":[12.5,7,10,9],"texture":"#0","tintindex":0},"west":{"uv":[9,11,8.5,13],"texture":"#0","tintindex":0},"up":{"uv":[11,10.5,13.5,10],"texture":"#0","tintindex":0},"down":{"uv":[11,10.5,13.5,11],"texture":"#0","tintindex":0}}}],"gui_light":"front","display":{"thirdperson_righthand":{"rotation":[60.5,0,0],"translation":[0,2,2],"scale":[0.66602,0.66602,0.66602]},"thirdperson_lefthand":{"rotation":[60.5,0,0],"translation":[0,2,2],"scale":[0.66602,0.66602,0.66602]},"firstperson_righthand":{"rotation":[150.5,0,-180],"translation":[-1,2.25,0],"scale":[0.69531,0.69531,0.69531]},"firstperson_lefthand":{"rotation":[150.5,0,-180],"translation":[-1,2.25,0],"scale":[0.69531,0.69531,0.69531]},"ground":{"rotation":[35,0,0],"translation":[0,5.5,0]},"gui":{"rotation":[0,145,0],"translation":[0,-1.75,0]},"head":{"translation":[0,-0.25,0],"scale":[1.54297,1.54297,1.54297]},"fixed":{"rotation":[-90,0,0],"translation":[0,0,-11.25],"scale":[2.47656,2.47656,2.47656]}}}