{"textures":{"0":"modelengine:entity/cursed_beast"},"elements":[{"from":[7.264925,6.52985,19.27115],"to":[8.735075,8.490049,25.15175],"faces":{"east":{"uv":[14.75,3.9375,15.125,4.0625],"tintindex":0,"rotation":0,"texture":"#0"},"south":{"uv":[3.9375,9.3125,4.0,9.4375],"tintindex":0,"rotation":0,"texture":"#0"},"north":{"uv":[9.125,8.6875,9.1875,8.8125],"tintindex":0,"rotation":0,"texture":"#0"},"west":{"uv":[14.75,6.375,15.125,6.5],"tintindex":0,"rotation":0,"texture":"#0"},"up":{"uv":[4.0,9.3125,3.9375,8.9375],"tintindex":0,"rotation":0,"texture":"#0"},"down":{"uv":[9.1875,7.0,9.125,7.375],"tintindex":0,"rotation":0,"texture":"#0"}},"rotation":{"origin":[8.0,8.980101,19.761202],"angle":-45.0,"axis":"x"}},{"from":[6.52985,5.5497494,11.920401],"to":[9.47015,9.47015,18.7811],"faces":{"east":{"uv":[3.375,14.3125,3.8125,14.5625],"tintindex":0,"rotation":0,"texture":"#0"},"south":{"uv":[6.25,14.75,6.4375,15.0],"tintindex":0,"rotation":0,"texture":"#0"},"north":{"uv":[6.0625,14.75,6.25,15.0],"tintindex":0,"rotation":0,"texture":"#0"},"west":{"uv":[14.3125,3.875,14.75,4.125],"tintindex":0,"rotation":0,"texture":"#0"},"up":{"uv":[14.75,0.625,14.5625,0.1875],"tintindex":0,"rotation":0,"texture":"#0"},"down":{"uv":[0.875,14.5625,0.6875,15.0],"tintindex":0,"rotation":0,"texture":"#0"}},"rotation":{"origin":[8.0,7.5099506,16.33085],"angle":-22.5,"axis":"x"}},{"from":[6.52985,4.799614,7.0822124],"to":[9.47015,8.720015,13.942913],"faces":{"east":{"uv":[14.3125,3.0625,14.75,3.3125],"tintindex":0,"rotation":0,"texture":"#0"},"south":{"uv":[14.75,4.5625,14.9375,4.8125],"tintindex":0,"rotation":0,"texture":"#0"},"north":{"uv":[14.75,4.3125,14.9375,4.5625],"tintindex":0,"rotation":0,"texture":"#0"},"west":{"uv":[14.3125,3.3125,14.75,3.5625],"tintindex":0,"rotation":0,"texture":"#0"},"up":{"uv":[14.6875,14.5,14.5,14.0625],"tintindex":0,"rotation":0,"texture":"#0"},"down":{"uv":[14.6875,14.5,14.5,14.9375],"tintindex":0,"rotation":0,"texture":"#0"}},"rotation":{"origin":[8.0,6.7598133,11.492662],"angle":22.5,"axis":"x"}},{"from":[7.0199003,5.0597,14.860701],"to":[8.980101,7.5099506,21.7214],"faces":{"east":{"uv":[12.875,14.625,13.3125,14.75],"tintindex":0,"rotation":0,"texture":"#0"},"south":{"uv":[14.3125,6.625,14.4375,6.75],"tintindex":0,"rotation":0,"texture":"#0"},"north":{"uv":[14.125,8.3125,14.25,8.4375],"tintindex":0,"rotation":0,"texture":"#0"},"west":{"uv":[13.3125,14.625,13.75,14.75],"tintindex":0,"rotation":0,"texture":"#0"},"up":{"uv":[4.9375,10.125,4.8125,9.6875],"tintindex":0,"rotation":0,"texture":"#0"},"down":{"uv":[10.625,10.75,10.5,11.1875],"tintindex":0,"rotation":0,"texture":"#0"}},"rotation":{"origin":[8.0,7.5099506,16.33085],"angle":-22.5,"axis":"x"}}],"display":{"gui":{"rotation":[30,225,0]}}}