{"textures":{"0":"modelengine:entity/cursed_beast"},"elements":[{"from":[7.0198994,5.0597,14.860701],"to":[8.9801,7.5099506,21.7214],"faces":{"east":{"uv":[13.75,14.625,14.1875,14.75],"tintindex":0,"rotation":0,"texture":"#0"},"south":{"uv":[2.125,14.75,2.25,14.875],"tintindex":0,"rotation":0,"texture":"#0"},"north":{"uv":[14.375,14.625,14.5,14.75],"tintindex":0,"rotation":0,"texture":"#0"},"west":{"uv":[0.0,14.6875,0.4375,14.8125],"tintindex":0,"rotation":0,"texture":"#0"},"up":{"uv":[3.0625,11.9375,2.9375,11.5],"tintindex":0,"rotation":0,"texture":"#0"},"down":{"uv":[11.5625,14.5,11.4375,14.9375],"tintindex":0,"rotation":0,"texture":"#0"}},"rotation":{"origin":[8.0,7.5099506,16.33085],"angle":-22.5,"axis":"x"}},{"from":[6.52985,5.5497494,11.920401],"to":[9.47015,9.47015,18.7811],"faces":{"east":{"uv":[5.625,14.3125,6.0625,14.5625],"tintindex":0,"rotation":0,"texture":"#0"},"south":{"uv":[7.375,14.75,7.5625,15.0],"tintindex":0,"rotation":0,"texture":"#0"},"north":{"uv":[7.1875,14.75,7.375,15.0],"tintindex":0,"rotation":0,"texture":"#0"},"west":{"uv":[14.3125,6.375,14.75,6.625],"tintindex":0,"rotation":0,"texture":"#0"},"up":{"uv":[1.4375,15.0,1.25,14.5625],"tintindex":0,"rotation":0,"texture":"#0"},"down":{"uv":[2.6875,14.5625,2.5,15.0],"tintindex":0,"rotation":0,"texture":"#0"}},"rotation":{"origin":[8.0,7.5099506,16.33085],"angle":-22.5,"axis":"x"}},{"from":[7.264925,6.52985,19.27115],"to":[8.735075,8.490049,25.15175],"faces":{"east":{"uv":[14.75,6.5,15.125,6.625],"tintindex":0,"rotation":0,"texture":"#0"},"south":{"uv":[10.0625,2.9375,10.125,3.0625],"tintindex":0,"rotation":0,"texture":"#0"},"north":{"uv":[9.5625,5.0625,9.625,5.1875],"tintindex":0,"rotation":0,"texture":"#0"},"west":{"uv":[14.75,7.25,15.125,7.375],"tintindex":0,"rotation":0,"texture":"#0"},"up":{"uv":[2.5,10.0,2.4375,9.625],"tintindex":0,"rotation":0,"texture":"#0"},"down":{"uv":[2.5,10.0,2.4375,10.375],"tintindex":0,"rotation":0,"texture":"#0"}},"rotation":{"origin":[8.0,8.980101,19.761202],"angle":-45.0,"axis":"x"}},{"from":[6.52985,4.799614,7.0822124],"to":[9.47015,8.720015,13.942913],"faces":{"east":{"uv":[4.125,14.3125,4.5625,14.5625],"tintindex":0,"rotation":0,"texture":"#0"},"south":{"uv":[14.75,7.0,14.9375,7.25],"tintindex":0,"rotation":0,"texture":"#0"},"north":{"uv":[7.0,14.75,7.1875,15.0],"tintindex":0,"rotation":0,"texture":"#0"},"west":{"uv":[4.5625,14.3125,5.0,14.5625],"tintindex":0,"rotation":0,"texture":"#0"},"up":{"uv":[1.0625,15.0,0.875,14.5625],"tintindex":0,"rotation":0,"texture":"#0"},"down":{"uv":[1.25,14.5625,1.0625,15.0],"tintindex":0,"rotation":0,"texture":"#0"}},"rotation":{"origin":[8.0,6.7598133,11.492662],"angle":22.5,"axis":"x"}}],"display":{"gui":{"rotation":[30,225,0]}}}