{"textures":{"0":"modelengine:entity/cursed_beast"},"elements":[{"from":[3.9905,10.450249,-8.038002],"to":[12.0095005,14.014252,9.336499],"faces":{"east":{"uv":[12.3125,13.6875,13.375,13.9375],"tintindex":0,"rotation":0,"texture":"#0"},"south":{"uv":[14.1875,13.25,14.6875,13.5],"tintindex":0,"rotation":0,"texture":"#0"},"north":{"uv":[13.25,14.1875,13.75,14.4375],"tintindex":0,"rotation":0,"texture":"#0"},"west":{"uv":[13.375,13.6875,14.4375,13.9375],"tintindex":0,"rotation":0,"texture":"#0"},"up":{"uv":[12.0625,13.25,11.5625,12.1875],"tintindex":0,"rotation":0,"texture":"#0"},"down":{"uv":[12.5625,12.1875,12.0625,13.25],"tintindex":0,"rotation":0,"texture":"#0"}}},{"from":[12.455,-5.0872498,-8.483501],"to":[12.455,5.5497513,9.336499],"faces":{"east":{"uv":[8.625,11.375,9.75,12.0625],"tintindex":0,"rotation":0,"texture":"#0"},"west":{"uv":[11.4375,2.5625,12.5625,3.25],"tintindex":0,"rotation":0,"texture":"#0"}},"rotation":{"origin":[12.455,5.5497513,0.42649937],"angle":22.5,"axis":"z"}},{"from":[3.545,-5.0872498,-8.483501],"to":[3.545,5.5497513,9.336499],"faces":{"east":{"uv":[8.625,11.375,9.75,12.0625],"tintindex":0,"rotation":0,"texture":"#0"},"west":{"uv":[11.4375,2.5625,12.5625,3.25],"tintindex":0,"rotation":0,"texture":"#0"}},"rotation":{"origin":[3.545,5.5497513,0.42649937],"angle":-22.5,"axis":"z"}},{"from":[3.545,5.5497513,-8.483501],"to":[12.455,10.450249,9.336499],"faces":{"east":{"uv":[13.375,6.75,14.5,7.0625],"tintindex":0,"rotation":0,"texture":"#0"},"south":{"uv":[11.8125,10.875,12.375,11.1875],"tintindex":0,"rotation":0,"texture":"#0"},"north":{"uv":[11.4375,3.25,12.0,3.5625],"tintindex":0,"rotation":0,"texture":"#0"},"west":{"uv":[13.4375,0.4375,14.5625,0.75],"tintindex":0,"rotation":0,"texture":"#0"},"up":{"uv":[2.4375,10.75,1.875,9.625],"tintindex":0,"rotation":0,"texture":"#0"},"down":{"uv":[3.5,12.0,2.9375,13.125],"tintindex":0,"rotation":0,"texture":"#0"}}},{"from":[1.3449998,-12.7872505,-5.1835012],"to":[14.655001,5.5497513,-5.1835012],"faces":{"south":{"uv":[10.625,8.625,11.4375,9.75],"tintindex":0,"rotation":0,"texture":"#0"},"north":{"uv":[5.6875,10.625,6.5,11.75],"tintindex":0,"rotation":0,"texture":"#0"}},"rotation":{"origin":[8.0,5.5497513,-5.1835012],"angle":22.5,"axis":"x"}}],"display":{"gui":{"rotation":[30,225,0]}}}