{"textures":{"0":"modelengine:entity/cursed_beast"},"elements":[{"from":[-5.887657,6.6595306,5.5645795],"to":[8.477463,11.25753,9.741499],"faces":{"east":{"uv":[14.5,7.0625,14.75,7.375],"tintindex":0,"rotation":0,"texture":"#0"},"south":{"uv":[10.0,4.6875,10.875,5.0],"tintindex":0,"rotation":0,"texture":"#0"},"north":{"uv":[4.9375,8.3125,5.8125,8.625],"tintindex":0,"rotation":0,"texture":"#0"},"west":{"uv":[14.5625,0.625,14.8125,0.9375],"tintindex":0,"rotation":0,"texture":"#0"},"up":{"uv":[6.5,14.0,5.625,13.75],"tintindex":0,"rotation":0,"texture":"#0"},"down":{"uv":[4.125,13.8125,3.25,14.0625],"tintindex":0,"rotation":0,"texture":"#0"}}}],"display":{"gui":{"rotation":[30,225,0]}}}