{"textures":{"0":"modelengine:entity/cursed_beast"},"elements":[{"from":[-4.0295944,9.760002,2.2514],"to":[2.570404,11.739998,4.3986],"faces":{"east":{"uv":[6.9375,8.625,7.0625,8.75],"tintindex":0,"rotation":0,"texture":"#0"},"south":{"uv":[14.4375,6.25,14.875,6.375],"tintindex":0,"rotation":0,"texture":"#0"},"north":{"uv":[13.4375,1.0,13.875,1.125],"tintindex":0,"rotation":0,"texture":"#0"},"west":{"uv":[9.0,8.6875,9.125,8.8125],"tintindex":0,"rotation":0,"texture":"#0"},"up":{"uv":[15.0625,3.6875,14.625,3.5625],"tintindex":0,"rotation":0,"texture":"#0"},"down":{"uv":[15.0625,3.6875,14.625,3.8125],"tintindex":0,"rotation":0,"texture":"#0"}}}],"display":{"gui":{"rotation":[30,225,0]}}}