{"credit":"Polygony Creation Co.,Ltd.","texture_size":[24,24],"textures":{"1":"tavern:items/sets/vegeta/animations/power_animation_2","3":"tavern:items/sets/vegeta/axe","particle":"tavern:items/sets/vegeta/animations/power_animation_2"},"elements":[{"from":[7.25,-4.25,7.75],"to":[8.75,-2.75,9.25],"rotation":{"angle":-45,"axis":"x","origin":[7.5,-4,8]},"faces":{"north":{"uv":[10,10.66667,11,11.66667],"texture":"#3"},"east":{"uv":[11.33333,0,12.33333,1],"texture":"#3"},"south":{"uv":[11.33333,1.33333,12.33333,2.33333],"texture":"#3"},"west":{"uv":[11.33333,2.66667,12.33333,3.66667],"texture":"#3"},"up":{"uv":[5,12.33333,4,11.33333],"texture":"#3"},"down":{"uv":[12.33333,4,11.33333,5],"texture":"#3"}}},{"from":[7.5,-3,7.5],"to":[8.5,-2,8.5],"rotation":{"angle":45,"axis":"y","origin":[8,0.625,8]},"faces":{"north":{"uv":[9.33333,12,10,12.66667],"texture":"#3"},"east":{"uv":[10,12,10.66667,12.66667],"texture":"#3"},"south":{"uv":[10.66667,12,11.33333,12.66667],"texture":"#3"},"west":{"uv":[11.33333,12,12,12.66667],"texture":"#3"},"down":{"uv":[12.66667,12,12,12.66667],"texture":"#3"}}},{"from":[7.5,3.5,7.5],"to":[8.5,4.5,8.5],"rotation":{"angle":45,"axis":"y","origin":[8,0.625,8]},"faces":{"north":{"uv":[12.66667,0,13.33333,0.66667],"texture":"#3"},"east":{"uv":[12.66667,0.66667,13.33333,1.33333],"texture":"#3"},"south":{"uv":[12.66667,1.33333,13.33333,2],"texture":"#3"},"west":{"uv":[12.66667,2,13.33333,2.66667],"texture":"#3"},"up":{"uv":[13.33333,3.33333,12.66667,2.66667],"texture":"#3"}}},{"from":[7.5,10.5,7.5],"to":[8.5,11.5,8.5],"rotation":{"angle":45,"axis":"y","origin":[8,7.625,8]},"faces":{"north":{"uv":[12.66667,3.33333,13.33333,4],"texture":"#3"},"east":{"uv":[4,12.66667,4.66667,13.33333],"texture":"#3"},"south":{"uv":[12.66667,4,13.33333,4.66667],"texture":"#3"},"west":{"uv":[4.66667,12.66667,5.33333,13.33333],"texture":"#3"},"up":{"uv":[13.33333,5.33333,12.66667,4.66667],"texture":"#3"}}},{"from":[7.5,-1.5,7.5],"to":[8.5,3,8.5],"rotation":{"angle":45,"axis":"y","origin":[8,0.625,8]},"faces":{"north":{"uv":[6,10,6.66667,13],"texture":"#3"},"east":{"uv":[6.66667,10,7.33333,13],"texture":"#3"},"south":{"uv":[10.66667,0,11.33333,3],"texture":"#3"},"west":{"uv":[10.66667,3.33333,11.33333,6.33333],"texture":"#3"}}},{"from":[7.25,-2,7.25],"to":[8.75,-1.5,8.75],"rotation":{"angle":45,"axis":"y","origin":[8,0.625,8]},"faces":{"north":{"uv":[12.66667,5.33333,13.66667,5.66667],"texture":"#3"},"east":{"uv":[12.66667,6,13.66667,6.33333],"texture":"#3"},"south":{"uv":[12.66667,8,13.66667,8.33333],"texture":"#3"},"west":{"uv":[12.66667,8.66667,13.66667,9],"texture":"#3"},"up":{"uv":[12.33333,6.33333,11.33333,5.33333],"texture":"#3"},"down":{"uv":[12.33333,10.66667,11.33333,11.66667],"texture":"#3"}}},{"from":[7.25,3,7.25],"to":[8.75,3.5,8.75],"rotation":{"angle":45,"axis":"y","origin":[8,0.625,8]},"faces":{"north":{"uv":[9.33333,12.66667,10.33333,13],"texture":"#3"},"east":{"uv":[12.66667,9.33333,13.66667,9.66667],"texture":"#3"},"south":{"uv":[12.66667,10,13.66667,10.33333],"texture":"#3"},"west":{"uv":[10.66667,12.66667,11.66667,13],"texture":"#3"},"up":{"uv":[1,13,0,12],"texture":"#3"},"down":{"uv":[2.33333,12,1.33333,13],"texture":"#3"}}},{"from":[7,10.5,7.75],"to":[9,13,10.25],"rotation":{"angle":-45,"axis":"x","origin":[7.5,10.75,8]},"faces":{"north":{"uv":[6,8,7.33333,9.66667],"texture":"#3"},"east":{"uv":[4,8,5.66667,9.66667],"texture":"#3"},"south":{"uv":[8.66667,6.66667,10,8.33333],"texture":"#3"},"west":{"uv":[8.66667,4.66667,10.33333,6.33333],"texture":"#3"},"up":{"uv":[8.66667,10.33333,7.33333,8.66667],"texture":"#3"},"down":{"uv":[10,8.66667,8.66667,10.33333],"texture":"#3"}}},{"from":[6.75,10.75,8],"to":[9.25,12.75,10],"rotation":{"angle":-45,"axis":"x","origin":[7.5,10.75,8]},"faces":{"north":{"uv":[4,10,5.66667,11.33333],"texture":"#3"},"east":{"uv":[7.33333,10.66667,8.66667,12],"texture":"#3"},"south":{"uv":[10,6.66667,11.66667,8],"texture":"#3"},"west":{"uv":[8.66667,10.66667,10,12],"texture":"#3"},"up":{"uv":[11.66667,9.33333,10,8],"texture":"#3"},"down":{"uv":[11.66667,9.33333,10,10.66667],"texture":"#3"}}},{"from":[7.04289,4.5,7.75],"to":[8.54289,10.5,9.25],"rotation":{"angle":45,"axis":"y","origin":[7.29289,4.5,8]},"faces":{"north":{"uv":[7.33333,4.66667,8.33333,8.66667],"texture":"#3"},"east":{"uv":[0,8,1,12],"texture":"#3"},"south":{"uv":[1.33333,8,2.33333,12],"texture":"#3"},"west":{"uv":[2.66667,8,3.66667,12],"texture":"#3"},"up":{"uv":[3.66667,13,2.66667,12],"texture":"#3"},"down":{"uv":[13,6.66667,12,7.66667],"texture":"#3"}}},{"from":[7.7535,9.71712,4.01872],"to":[8.2465,12.96712,8.51872],"rotation":{"angle":-22.5,"axis":"x","origin":[8.0035,11.21712,5.76872]},"faces":{"north":{"uv":[12,8,12.33333,10.16667],"texture":"#3"},"east":{"uv":[4,0,7,2.16667],"texture":"#3"},"west":{"uv":[4,2.66667,7,4.83333],"texture":"#3"},"down":{"uv":[5.66667,11.33333,5.33333,14.33333],"texture":"#3"}}},{"from":[7.75,11.36131,4.01872],"to":[8.25,14.61131,8.51872],"rotation":{"angle":22.5,"axis":"x","origin":[8,13.11131,5.76872]},"faces":{"north":{"uv":[8.66667,12,9,14.16667],"texture":"#3"},"east":{"uv":[4,5.33333,7,7.5],"texture":"#3"},"west":{"uv":[7.33333,0,10.33333,2.16667],"texture":"#3"},"up":{"uv":[7.66667,15,7.33333,12],"texture":"#3"},"down":{"uv":[8.33333,12,8,15],"texture":"#3"}}},{"from":[7.985,6.175,0.5],"to":[8.015,18.175,6.5],"rotation":{"angle":0,"axis":"y","origin":[8,12.175,3.5]},"faces":{"east":{"uv":[4,0,0,8],"texture":"#3"},"west":{"uv":[0,0,4,8],"texture":"#3"}}},{"from":[7.995,6.175,-0.5],"to":[8.005,21.175,7.25],"rotation":{"angle":0,"axis":"y","origin":[8.01,12.175,2.5]},"faces":{"east":{"uv":[7.75,0,0,15],"texture":"#1"},"west":{"uv":[0,0,7.75,15],"texture":"#1"}}},{"from":[7.995,6.175,8.75],"to":[8.005,21.175,16.5],"rotation":{"angle":0,"axis":"y","origin":[8.01,12.175,13.5]},"faces":{"east":{"uv":[0,0,7.75,15],"texture":"#1"},"west":{"uv":[7.75,0,0,15],"texture":"#1"}}},{"from":[7.5,10.68198,3.5],"to":[7.53,13.68198,8],"rotation":{"angle":0,"axis":"y","origin":[7.5,10.68198,2]},"faces":{"east":{"uv":[10.33333,2.66667,7.33333,4.66667],"texture":"#3"},"west":{"uv":[7.33333,2.66667,10.33333,4.66667],"texture":"#3"}}},{"from":[8.47,10.68198,3.5],"to":[8.5,13.68198,8],"rotation":{"angle":0,"axis":"y","origin":[8.5,10.68198,2]},"faces":{"east":{"uv":[10.33333,2.66667,7.33333,4.66667],"texture":"#3"},"west":{"uv":[7.33333,2.66667,10.33333,4.66667],"texture":"#3"}}},{"from":[7.5,10.68198,8],"to":[7.53,13.68198,12.5],"rotation":{"angle":0,"axis":"y","origin":[7.5,10.68198,14]},"faces":{"east":{"uv":[7.33333,2.66667,10.33333,4.66667],"texture":"#3"},"west":{"uv":[10.33333,2.66667,7.33333,4.66667],"texture":"#3"}}},{"from":[7.75,11.36131,7.48128],"to":[8.25,14.61131,11.98128],"rotation":{"angle":-22.5,"axis":"x","origin":[8,13.11131,10.23128]},"faces":{"east":{"uv":[7,5.33333,4,7.5],"texture":"#3"},"south":{"uv":[9,12,8.66667,14.16667],"texture":"#3"},"west":{"uv":[10.33333,0,7.33333,2.16667],"texture":"#3"},"up":{"uv":[7.66667,12,7.33333,15],"texture":"#3"},"down":{"uv":[8.33333,15,8,12],"texture":"#3"}}},{"from":[7.7535,9.71712,7.48128],"to":[8.2465,12.96712,11.98128],"rotation":{"angle":22.5,"axis":"x","origin":[8.0035,11.21712,10.23128]},"faces":{"east":{"uv":[7,0,4,2.16667],"texture":"#3"},"south":{"uv":[12.33333,8,12,10.16667],"texture":"#3"},"west":{"uv":[7,2.66667,4,4.83333],"texture":"#3"},"down":{"uv":[5.66667,14.33333,5.33333,11.33333],"texture":"#3"}}},{"from":[7.985,6.175,9.5],"to":[8.015,18.175,15.5],"rotation":{"angle":0,"axis":"y","origin":[8,12.175,12.5]},"faces":{"east":{"uv":[0,0,4,8],"texture":"#3"},"west":{"uv":[4,0,0,8],"texture":"#3"}}},{"from":[8.47,10.68198,8],"to":[8.5,13.68198,12.5],"rotation":{"angle":0,"axis":"y","origin":[8.5,10.68198,14]},"faces":{"east":{"uv":[7.33333,2.66667,10.33333,4.66667],"texture":"#3"},"west":{"uv":[10.33333,2.66667,7.33333,4.66667],"texture":"#3"}}}],"gui_light":"front","display":{"thirdperson_righthand":{"translation":[0,5.25,0.75]},"thirdperson_lefthand":{"translation":[0,5.25,0.75]},"firstperson_righthand":{"rotation":[10.25,0,0],"translation":[2,3.5,-4.75]},"firstperson_lefthand":{"rotation":[10.25,0,0],"translation":[2,3.5,-4.75]},"ground":{"rotation":[-45,0,0],"translation":[0,5,0],"scale":[0.7,0.7,0.7]},"gui":{"rotation":[-90,-45,-90],"translation":[-1.5,-1.5,0],"scale":[0.8,0.8,0.8]},"head":{"rotation":[0,-90,0]},"fixed":{"rotation":[0,-90,0],"translation":[0,0,-1.75],"scale":[2,2,2]}}}