{"credit":"Made with Blockbench","texture_size":[72,72],"textures":{"0":"tavern:items/sets/asura/texture","1":"tavern:items/sets/asura/eye","2":"tavern:items/sets/asura/chain","3":"tavern:items/sets/asura/wings","4":"tavern:items/sets/asura/ring0","5":"tavern:items/sets/asura/chest","particle":"tavern:items/sets/asura/texture"},"elements":[{"from":[7.32496,6.69037,0.9],"to":[9.82496,9.19037,3.1],"rotation":{"angle":-45,"axis":"z","origin":[8.35946,8.66422,2.78335]},"faces":{"north":{"uv":[5.75,6,6.375,6.625],"texture":"#0"},"east":{"uv":[6.25,6.75,6.75,7.375],"texture":"#0"},"south":{"uv":[6.25,0,6.875,0.625],"texture":"#0"},"west":{"uv":[6.75,6.75,7.25,7.375],"texture":"#0"},"up":{"uv":[7.625,0.5,7,0],"texture":"#0"},"down":{"uv":[7.625,0.5,7,1],"texture":"#0"}}},{"from":[6.7643,8.25103,1.4],"to":[8.2643,9.75103,2.6],"rotation":{"angle":-45,"axis":"z","origin":[8.35946,8.66422,2.78335]},"faces":{"north":{"uv":[8,1,8.375,1.375],"texture":"#0"},"east":{"uv":[8.25,7.75,8.5,8.125],"texture":"#0"},"south":{"uv":[1.5,8,1.875,8.375],"texture":"#0"},"west":{"uv":[8.25,8.25,8.5,8.625],"texture":"#0"},"up":{"uv":[8.875,0.5,8.5,0.25],"texture":"#0"},"down":{"uv":[0.875,8.5,0.5,8.75],"texture":"#0"}}},{"from":[2.68837,9.11781,1.5],"to":[4.63837,11.06781,2.5],"rotation":{"angle":0,"axis":"y","origin":[8.35946,8.66422,2.78335]},"faces":{"north":{"uv":[8,4,7.5,3.5],"rotation":180,"texture":"#0"},"east":{"uv":[0.5,8.75,0.25,8.25],"rotation":180,"texture":"#0"},"south":{"uv":[5.25,8,4.75,7.5],"rotation":180,"texture":"#0"},"west":{"uv":[8.5,0.75,8.25,0.25],"rotation":180,"texture":"#0"},"up":{"uv":[0.5,8.25,1,8.5],"rotation":180,"texture":"#0"},"down":{"uv":[8.25,1,8.75,0.75],"rotation":180,"texture":"#0"}}},{"from":[5.16632,7.09226,1.1],"to":[8.16632,8.89226,2.9],"rotation":{"angle":-22.5,"axis":"z","origin":[8.35946,8.66422,2.78335]},"faces":{"north":{"uv":[7,0.75,6.25,1.25],"texture":"#0"},"east":{"uv":[5.75,7,5.25,7.5],"texture":"#0"},"south":{"uv":[7,1.25,6.25,1.75],"texture":"#0"},"west":{"uv":[5.25,7,4.75,7.5],"texture":"#0"},"up":{"uv":[6.25,2.25,7,1.75],"texture":"#0"},"down":{"uv":[6.25,2.25,7,2.75],"texture":"#0"}}},{"from":[4.63806,8.19134,1.2],"to":[6.23806,11.19134,2.8],"rotation":{"angle":0,"axis":"y","origin":[8.35946,8.66422,2.78335]},"faces":{"north":{"uv":[7.375,1,7,1.75],"texture":"#0"},"east":{"uv":[4.625,7,4.25,7.75],"texture":"#0"},"south":{"uv":[4.125,7,3.75,7.75],"texture":"#0"},"west":{"uv":[7.375,1.75,7,2.5],"texture":"#0"},"up":{"uv":[4,8.125,4.375,7.75],"texture":"#0"},"down":{"uv":[7.75,4.25,8.125,4.625],"texture":"#0"}}},{"from":[7.49635,11.95122,1.25],"to":[8.64635,13.10122,2.75],"rotation":{"angle":45,"axis":"z","origin":[8.35946,8.66422,2.78335]},"faces":{"north":{"uv":[6.5,5.75,6.25,6],"texture":"#0"},"east":{"uv":[8.625,4.75,8.25,5],"texture":"#0"},"south":{"uv":[7.25,7.5,7,7.75],"texture":"#0"},"west":{"uv":[5.125,8.25,4.75,8.5],"texture":"#0"},"up":{"uv":[8.25,5.375,8.5,5],"texture":"#0"},"down":{"uv":[5.25,8.25,5.5,8.625],"texture":"#0"}}},{"from":[4.1376,11.41157,1.35],"to":[5.2876,12.56157,2.65],"rotation":{"angle":45,"axis":"z","origin":[8.35946,8.66422,2.78335]},"faces":{"north":{"uv":[4.75,7.75,4.5,8],"texture":"#0"},"east":{"uv":[6.125,8.25,5.75,8.5],"texture":"#0"},"south":{"uv":[8.75,1.5,8.5,1.75],"texture":"#0"},"west":{"uv":[8.625,5.5,8.25,5.75],"texture":"#0"},"up":{"uv":[6.25,8.625,6.5,8.25],"texture":"#0"},"down":{"uv":[6.5,8.25,6.75,8.625],"texture":"#0"}}},{"from":[3.43147,7.64793,1.3],"to":[6.68147,9.24793,2.7],"rotation":{"angle":0,"axis":"y","origin":[8.35946,8.66422,2.78335]},"faces":{"north":{"uv":[7.125,4.25,6.25,4.625],"texture":"#0"},"east":{"uv":[8.125,5.25,7.75,5.625],"texture":"#0"},"south":{"uv":[7.125,4.75,6.25,5.125],"texture":"#0"},"west":{"uv":[8.125,4.75,7.75,5.125],"texture":"#0"},"up":{"uv":[6.25,5.625,7.125,5.25],"texture":"#0"},"down":{"uv":[6.5,2.75,7.375,3.125],"texture":"#0"}}},{"from":[3.59539,8.67875,1.25],"to":[6.84539,10.27875,2.75],"rotation":{"angle":45,"axis":"z","origin":[8.35946,8.66422,2.78335]},"faces":{"north":{"uv":[7.375,3.25,6.5,3.625],"texture":"#0"},"east":{"uv":[8.125,6.75,7.75,7.125],"texture":"#0"},"south":{"uv":[4.625,6.5,3.75,6.875],"texture":"#0"},"west":{"uv":[6.125,7.75,5.75,8.125],"texture":"#0"},"up":{"uv":[6.5,4.125,7.375,3.75],"texture":"#0"},"down":{"uv":[4.75,6.5,5.625,6.875],"texture":"#0"}}},{"from":[4.87482,7.23615,1.3],"to":[6.92482,8.83615,2.7],"rotation":{"angle":22.5,"axis":"z","origin":[8.35946,8.66422,2.78335]},"faces":{"north":{"uv":[0.5,7.75,0,8.125],"texture":"#0"},"east":{"uv":[8.125,7.25,7.75,7.625],"texture":"#0"},"south":{"uv":[8.25,0,7.75,0.375],"texture":"#0"},"west":{"uv":[7.375,7.75,7,8.125],"texture":"#0"},"up":{"uv":[0.5,8.125,1,7.75],"texture":"#0"},"down":{"uv":[7.75,0.5,8.25,0.875],"texture":"#0"}}},{"from":[3.84911,5.28716,1.3],"to":[4.99911,6.43716,2.7],"rotation":{"angle":0,"axis":"y","origin":[8.35946,8.66422,2.78335]},"faces":{"north":{"uv":[2,8.5,1.75,8.75],"texture":"#0"},"east":{"uv":[7.375,8.25,7,8.5],"texture":"#0"},"south":{"uv":[8.75,1.75,8.5,2],"texture":"#0"},"west":{"uv":[8.625,6.75,8.25,7],"texture":"#0"},"up":{"uv":[8.25,7.375,8.5,7],"texture":"#0"},"down":{"uv":[7.5,8.25,7.75,8.625],"texture":"#0"}}},{"from":[1.98126,9.82492,1.405],"to":[3.93126,11.77492,2.595],"rotation":{"angle":0,"axis":"y","origin":[8.35946,8.66422,2.78335]},"faces":{"north":{"uv":[5.75,8,5.25,7.5],"rotation":180,"texture":"#0"},"east":{"uv":[2.75,8.75,2.5,8.25],"rotation":180,"texture":"#0"},"south":{"uv":[8,6.25,7.5,5.75],"rotation":180,"texture":"#0"},"west":{"uv":[3,8.75,2.75,8.25],"rotation":180,"texture":"#0"},"up":{"uv":[3,8.25,3.5,8.5],"rotation":180,"texture":"#0"},"down":{"uv":[3.5,8.5,4,8.25],"rotation":180,"texture":"#0"}}},{"from":[-1.12249,7.23784,1.9],"to":[2.92751,11.48784,2.1],"rotation":{"angle":-22.5,"axis":"z","origin":[8.35946,8.66422,2.78335]},"faces":{"north":{"uv":[4.25,0,5.25,1.125],"texture":"#0"},"east":{"uv":[0,0,0,1.125],"texture":"#0"},"south":{"uv":[4.25,1.25,5.25,2.375],"texture":"#0"},"west":{"uv":[0,0,0,1.125],"texture":"#0"},"up":{"uv":[1,0,0,0],"texture":"#0"},"down":{"uv":[1,0,0,0],"texture":"#0"}}},{"from":[2.30357,5.40889,1.405],"to":[4.25357,7.35889,2.595],"rotation":{"angle":0,"axis":"y","origin":[8.35946,8.66422,2.78335]},"faces":{"north":{"uv":[5.25,7.5,5.75,8],"rotation":90,"texture":"#0"},"east":{"uv":[4,8.25,3.5,8.5],"rotation":270,"texture":"#0"},"south":{"uv":[7.5,5.75,8,6.25],"rotation":270,"texture":"#0"},"west":{"uv":[3.5,8.5,3,8.25],"rotation":270,"texture":"#0"},"up":{"uv":[2.5,8.25,2.75,8.75],"rotation":270,"texture":"#0"},"down":{"uv":[2.75,8.25,3,8.75],"rotation":270,"texture":"#0"}}},{"from":[3.01068,6.116,1.5],"to":[4.96068,8.066,2.5],"rotation":{"angle":0,"axis":"y","origin":[8.35946,8.66422,2.78335]},"faces":{"north":{"uv":[7.5,3.5,8,4],"rotation":90,"texture":"#0"},"east":{"uv":[8.75,0.75,8.25,1],"rotation":270,"texture":"#0"},"south":{"uv":[4.75,7.5,5.25,8],"rotation":270,"texture":"#0"},"west":{"uv":[1,8.5,0.5,8.25],"rotation":270,"texture":"#0"},"up":{"uv":[0.25,8.25,0.5,8.75],"rotation":270,"texture":"#0"},"down":{"uv":[8.25,0.25,8.5,0.75],"rotation":270,"texture":"#0"}}},{"from":[1.61976,0.94036,1.9],"to":[5.86976,4.99036,2.1],"rotation":{"angle":-22.5,"axis":"z","origin":[8.35946,8.66422,2.78335]},"faces":{"north":{"uv":[5.25,1.125,4.25,0],"rotation":270,"texture":"#0"},"east":{"uv":[0,0,1,0],"rotation":90,"texture":"#0"},"south":{"uv":[5.25,2.375,4.25,1.25],"rotation":90,"texture":"#0"},"west":{"uv":[0,0,1,0],"rotation":90,"texture":"#0"},"up":{"uv":[0,1.125,0,0],"rotation":90,"texture":"#0"},"down":{"uv":[0,1.125,0,0],"rotation":90,"texture":"#0"}}},{"from":[-2.95644,0.84498,2.8167],"to":[4.79356,8.64498,2.8167],"rotation":{"angle":0,"axis":"y","origin":[7.54054,3.66422,2.28335]},"faces":{"north":{"uv":[16,0,0,16],"rotation":270,"texture":"#2"},"east":{"uv":[0,0,0.32,0.2],"rotation":90,"texture":"#2"},"south":{"uv":[0,0,16,16],"rotation":90,"texture":"#2"},"west":{"uv":[0,0,0.32,0.2],"rotation":90,"texture":"#2"},"up":{"uv":[0,0,0.2,0.3],"rotation":90,"texture":"#2"},"down":{"uv":[0,0,0.4,0.3],"rotation":90,"texture":"#2"}}},{"from":[-2.93144,0.86998,2.8167],"to":[-2.93144,8.61998,10.6167],"rotation":{"angle":0,"axis":"x","origin":[-2.93144,4.74498,6.7167]},"faces":{"north":{"uv":[0,0,0.2,0.3],"rotation":180,"texture":"#2"},"east":{"uv":[0,0,16,16],"rotation":180,"texture":"#2"},"south":{"uv":[0,0,0.4,0.3],"rotation":180,"texture":"#2"},"west":{"uv":[16,0,0,16],"rotation":180,"texture":"#2"},"up":{"uv":[0,0,0.32,0.2],"rotation":90,"texture":"#2"},"down":{"uv":[0,0,0.32,0.2],"rotation":270,"texture":"#2"}}},{"from":[11.20644,0.84498,2.8167],"to":[18.95644,8.64498,2.8167],"rotation":{"angle":0,"axis":"y","origin":[8.45946,3.66422,2.28335]},"faces":{"north":{"uv":[16,16,0,0],"rotation":270,"texture":"#2"},"east":{"uv":[0,0.2,0.32,0],"rotation":90,"texture":"#2"},"south":{"uv":[0,16,16,0],"rotation":90,"texture":"#2"},"west":{"uv":[0,0.2,0.32,0],"rotation":90,"texture":"#2"},"up":{"uv":[0,0.3,0.2,0],"rotation":90,"texture":"#2"},"down":{"uv":[0,0.3,0.4,0],"rotation":90,"texture":"#2"}}},{"from":[18.93144,0.86998,2.8167],"to":[18.93144,8.61998,10.6167],"rotation":{"angle":0,"axis":"x","origin":[18.93144,4.74498,6.7167]},"faces":{"north":{"uv":[0.2,0,0,0.3],"rotation":180,"texture":"#2"},"east":{"uv":[0,0,16,16],"rotation":180,"texture":"#2"},"south":{"uv":[0.4,0,0,0.3],"rotation":180,"texture":"#2"},"west":{"uv":[16,0,0,16],"rotation":180,"texture":"#2"},"up":{"uv":[0,0.2,0.32,0],"rotation":90,"texture":"#2"},"down":{"uv":[0,0.2,0.32,0],"rotation":270,"texture":"#2"}}},{"from":[18.98144,0.86998,5.3833],"to":[18.98144,8.61998,13.1833],"rotation":{"angle":0,"axis":"x","origin":[18.98144,4.74498,9.2833]},"faces":{"north":{"uv":[0,0,0.4,0.3],"rotation":180,"texture":"#2"},"east":{"uv":[16,0,0,16],"rotation":180,"texture":"#2"},"south":{"uv":[0,0,0.2,0.3],"rotation":180,"texture":"#2"},"west":{"uv":[0,0,16,16],"rotation":180,"texture":"#2"},"up":{"uv":[0.32,0.2,0,0],"rotation":90,"texture":"#2"},"down":{"uv":[0.32,0.2,0,0],"rotation":270,"texture":"#2"}}},{"from":[11.20644,0.84498,13.1833],"to":[18.95644,8.64498,13.1833],"rotation":{"angle":0,"axis":"y","origin":[8.45946,3.66422,13.71665]},"faces":{"north":{"uv":[0,0,16,16],"rotation":90,"texture":"#2"},"east":{"uv":[0,0,0.32,0.2],"rotation":90,"texture":"#2"},"south":{"uv":[16,0,0,16],"rotation":270,"texture":"#2"},"west":{"uv":[0,0,0.32,0.2],"rotation":90,"texture":"#2"},"up":{"uv":[0.2,0.3,0,0],"rotation":90,"texture":"#2"},"down":{"uv":[0.4,0.3,0,0],"rotation":90,"texture":"#2"}}},{"from":[-2.95644,0.84498,13.1833],"to":[4.79356,8.64498,13.1833],"rotation":{"angle":0,"axis":"y","origin":[7.54054,3.66422,13.71665]},"faces":{"north":{"uv":[0,16,16,0],"rotation":90,"texture":"#2"},"east":{"uv":[0,0.2,0.32,0],"rotation":90,"texture":"#2"},"south":{"uv":[16,16,0,0],"rotation":270,"texture":"#2"},"west":{"uv":[0,0.2,0.32,0],"rotation":90,"texture":"#2"},"up":{"uv":[0.2,0,0,0.3],"rotation":90,"texture":"#2"},"down":{"uv":[0.4,0,0,0.3],"rotation":90,"texture":"#2"}}},{"from":[-2.98144,0.86998,5.3833],"to":[-2.98144,8.61998,13.1833],"rotation":{"angle":0,"axis":"x","origin":[-2.98144,4.74498,9.2833]},"faces":{"north":{"uv":[0.4,0,0,0.3],"rotation":180,"texture":"#2"},"east":{"uv":[16,0,0,16],"rotation":180,"texture":"#2"},"south":{"uv":[0.2,0,0,0.3],"rotation":180,"texture":"#2"},"west":{"uv":[0,0,16,16],"rotation":180,"texture":"#2"},"up":{"uv":[0.32,0,0,0.2],"rotation":90,"texture":"#2"},"down":{"uv":[0.32,0,0,0.2],"rotation":270,"texture":"#2"}}},{"from":[11.36163,9.11781,1.5],"to":[13.31163,11.06781,2.5],"rotation":{"angle":0,"axis":"y","origin":[8.35946,8.66422,2.78335]},"faces":{"north":{"uv":[7.5,4,8,3.5],"rotation":180,"texture":"#0"},"east":{"uv":[8.25,0.75,8.5,0.25],"rotation":180,"texture":"#0"},"south":{"uv":[4.75,8,5.25,7.5],"rotation":180,"texture":"#0"},"west":{"uv":[0.25,8.75,0.5,8.25],"rotation":180,"texture":"#0"},"up":{"uv":[1,8.25,0.5,8.5],"rotation":180,"texture":"#0"},"down":{"uv":[8.75,1,8.25,0.75],"rotation":180,"texture":"#0"}}},{"from":[7.8884,7.36738,1.1],"to":[10.8884,9.16738,2.9],"rotation":{"angle":22.5,"axis":"z","origin":[8.35946,8.66422,2.78335]},"faces":{"north":{"uv":[6.25,0.75,7,1.25],"texture":"#0"},"east":{"uv":[4.75,7,5.25,7.5],"texture":"#0"},"south":{"uv":[6.25,1.25,7,1.75],"texture":"#0"},"west":{"uv":[5.25,7,5.75,7.5],"texture":"#0"},"up":{"uv":[7,2.25,6.25,1.75],"texture":"#0"},"down":{"uv":[7,2.25,6.25,2.75],"texture":"#0"}}},{"from":[9.76194,8.19134,1.2],"to":[11.36194,11.19134,2.8],"rotation":{"angle":0,"axis":"y","origin":[8.35946,8.66422,2.78335]},"faces":{"north":{"uv":[7,1,7.375,1.75],"texture":"#0"},"east":{"uv":[7,1.75,7.375,2.5],"texture":"#0"},"south":{"uv":[3.75,7,4.125,7.75],"texture":"#0"},"west":{"uv":[4.25,7,4.625,7.75],"texture":"#0"},"up":{"uv":[4.375,8.125,4,7.75],"texture":"#0"},"down":{"uv":[8.125,4.25,7.75,4.625],"texture":"#0"}}},{"from":[7.56422,11.44287,1.25],"to":[8.71422,12.59287,2.75],"rotation":{"angle":-45,"axis":"z","origin":[8.35946,8.66422,2.78335]},"faces":{"north":{"uv":[6.25,5.75,6.5,6],"texture":"#0"},"east":{"uv":[4.75,8.25,5.125,8.5],"texture":"#0"},"south":{"uv":[7,7.5,7.25,7.75],"texture":"#0"},"west":{"uv":[8.25,4.75,8.625,5],"texture":"#0"},"up":{"uv":[8.5,5.375,8.25,5],"texture":"#0"},"down":{"uv":[5.5,8.25,5.25,8.625],"texture":"#0"}}},{"from":[10.92297,10.90322,1.35],"to":[12.07297,12.05322,2.65],"rotation":{"angle":-45,"axis":"z","origin":[8.35946,8.66422,2.78335]},"faces":{"north":{"uv":[4.5,7.75,4.75,8],"texture":"#0"},"east":{"uv":[8.25,5.5,8.625,5.75],"texture":"#0"},"south":{"uv":[8.5,1.5,8.75,1.75],"texture":"#0"},"west":{"uv":[5.75,8.25,6.125,8.5],"texture":"#0"},"up":{"uv":[6.5,8.625,6.25,8.25],"texture":"#0"},"down":{"uv":[6.75,8.25,6.5,8.625],"texture":"#0"}}},{"from":[9.31853,7.64793,1.3],"to":[12.56853,9.24793,2.7],"rotation":{"angle":0,"axis":"y","origin":[8.35946,8.66422,2.78335]},"faces":{"north":{"uv":[6.25,4.25,7.125,4.625],"texture":"#0"},"east":{"uv":[7.75,4.75,8.125,5.125],"texture":"#0"},"south":{"uv":[6.25,4.75,7.125,5.125],"texture":"#0"},"west":{"uv":[7.75,5.25,8.125,5.625],"texture":"#0"},"up":{"uv":[7.125,5.625,6.25,5.25],"texture":"#0"},"down":{"uv":[7.375,2.75,6.5,3.125],"texture":"#0"}}},{"from":[9.36518,8.1704,1.25],"to":[12.61518,9.7704,2.75],"rotation":{"angle":-45,"axis":"z","origin":[8.35946,8.66422,2.78335]},"faces":{"north":{"uv":[6.5,3.25,7.375,3.625],"texture":"#0"},"east":{"uv":[5.75,7.75,6.125,8.125],"texture":"#0"},"south":{"uv":[3.75,6.5,4.625,6.875],"texture":"#0"},"west":{"uv":[7.75,6.75,8.125,7.125],"texture":"#0"},"up":{"uv":[7.375,4.125,6.5,3.75],"texture":"#0"},"down":{"uv":[5.625,6.5,4.75,6.875],"texture":"#0"}}},{"from":[9.1299,6.96103,1.3],"to":[11.1799,8.56103,2.7],"rotation":{"angle":-22.5,"axis":"z","origin":[8.35946,8.66422,2.78335]},"faces":{"north":{"uv":[0,7.75,0.5,8.125],"texture":"#0"},"east":{"uv":[7,7.75,7.375,8.125],"texture":"#0"},"south":{"uv":[7.75,0,8.25,0.375],"texture":"#0"},"west":{"uv":[7.75,7.25,8.125,7.625],"texture":"#0"},"up":{"uv":[1,8.125,0.5,7.75],"texture":"#0"},"down":{"uv":[8.25,0.5,7.75,0.875],"texture":"#0"}}},{"from":[11.00089,5.28716,1.3],"to":[12.15089,6.43716,2.7],"rotation":{"angle":0,"axis":"y","origin":[8.35946,8.66422,2.78335]},"faces":{"north":{"uv":[1.75,8.5,2,8.75],"texture":"#0"},"east":{"uv":[8.25,6.75,8.625,7],"texture":"#0"},"south":{"uv":[8.5,1.75,8.75,2],"texture":"#0"},"west":{"uv":[7,8.25,7.375,8.5],"texture":"#0"},"up":{"uv":[8.5,7.375,8.25,7],"texture":"#0"},"down":{"uv":[7.75,8.25,7.5,8.625],"texture":"#0"}}},{"from":[12.06874,9.82492,1.405],"to":[14.01874,11.77492,2.595],"rotation":{"angle":0,"axis":"y","origin":[8.35946,8.66422,2.78335]},"faces":{"north":{"uv":[5.25,8,5.75,7.5],"rotation":180,"texture":"#0"},"east":{"uv":[2.75,8.75,3,8.25],"rotation":180,"texture":"#0"},"south":{"uv":[7.5,6.25,8,5.75],"rotation":180,"texture":"#0"},"west":{"uv":[2.5,8.75,2.75,8.25],"rotation":180,"texture":"#0"},"up":{"uv":[3.5,8.25,3,8.5],"rotation":180,"texture":"#0"},"down":{"uv":[4,8.5,3.5,8.25],"rotation":180,"texture":"#0"}}},{"from":[13.12721,7.51296,1.9],"to":[17.17721,11.76296,2.1],"rotation":{"angle":22.5,"axis":"z","origin":[8.35946,8.66422,2.78335]},"faces":{"north":{"uv":[5.25,0,4.25,1.125],"texture":"#0"},"east":{"uv":[0,0,0,1.125],"texture":"#0"},"south":{"uv":[5.25,1.25,4.25,2.375],"texture":"#0"},"west":{"uv":[0,0,0,1.125],"texture":"#0"},"up":{"uv":[0,0,1,0],"texture":"#0"},"down":{"uv":[0,0,1,0],"texture":"#0"}}},{"from":[11.74643,5.40889,1.405],"to":[13.69643,7.35889,2.595],"rotation":{"angle":0,"axis":"y","origin":[8.35946,8.66422,2.78335]},"faces":{"north":{"uv":[5.25,8,5.75,7.5],"rotation":90,"texture":"#0"},"east":{"uv":[3.5,8.25,3,8.5],"rotation":270,"texture":"#0"},"south":{"uv":[7.5,6.25,8,5.75],"rotation":270,"texture":"#0"},"west":{"uv":[4,8.5,3.5,8.25],"rotation":270,"texture":"#0"},"up":{"uv":[2.5,8.75,2.75,8.25],"rotation":270,"texture":"#0"},"down":{"uv":[2.75,8.75,3,8.25],"rotation":270,"texture":"#0"}}},{"from":[11.03932,6.116,1.5],"to":[12.98932,8.066,2.5],"rotation":{"angle":0,"axis":"y","origin":[8.35946,8.66422,2.78335]},"faces":{"north":{"uv":[7.5,4,8,3.5],"rotation":90,"texture":"#0"},"east":{"uv":[1,8.25,0.5,8.5],"rotation":270,"texture":"#0"},"south":{"uv":[4.75,8,5.25,7.5],"rotation":270,"texture":"#0"},"west":{"uv":[8.75,1,8.25,0.75],"rotation":270,"texture":"#0"},"up":{"uv":[0.25,8.75,0.5,8.25],"rotation":270,"texture":"#0"},"down":{"uv":[8.25,0.75,8.5,0.25],"rotation":270,"texture":"#0"}}},{"from":[10.18496,1.21548,1.9],"to":[14.43496,5.26548,2.1],"rotation":{"angle":22.5,"axis":"z","origin":[8.35946,8.66422,2.78335]},"faces":{"north":{"uv":[5.25,0,4.25,1.125],"rotation":270,"texture":"#0"},"east":{"uv":[0,0,1,0],"rotation":90,"texture":"#0"},"south":{"uv":[5.25,1.25,4.25,2.375],"rotation":90,"texture":"#0"},"west":{"uv":[0,0,1,0],"rotation":90,"texture":"#0"},"up":{"uv":[0,0,0,1.125],"rotation":90,"texture":"#0"},"down":{"uv":[0,0,0,1.125],"rotation":90,"texture":"#0"}}},{"from":[0.4659,6.98587,16],"to":[15.4659,21.98587,16],"rotation":{"angle":-45,"axis":"z","origin":[8,14.45177,16]},"faces":{"north":{"uv":[0,0,4,4],"texture":"#4"},"east":{"uv":[0,0,0,3.75],"texture":"#4"},"south":{"uv":[0,0,4,4],"texture":"#4"},"west":{"uv":[0,0,0,3.75],"texture":"#4"},"up":{"uv":[3.75,0,0,0],"texture":"#4"},"down":{"uv":[3.75,0,0,0],"texture":"#4"}}},{"from":[0.48154,6.99633,16],"to":[15.48154,21.99633,16],"rotation":{"angle":-22.5,"axis":"z","origin":[8,14.45177,16]},"faces":{"north":{"uv":[4,0,8,4],"texture":"#4"},"east":{"uv":[4,0,4,3.75],"texture":"#4"},"south":{"uv":[4,0,8,4],"texture":"#4"},"west":{"uv":[4,0,4,3.75],"texture":"#4"},"up":{"uv":[7.75,0,4,0],"texture":"#4"},"down":{"uv":[7.75,0,4,0],"texture":"#4"}}},{"from":[0.5,7,16],"to":[15.5,22,16],"rotation":{"angle":0,"axis":"y","origin":[8,14.45177,16]},"faces":{"north":{"uv":[8,0,12,4],"texture":"#4"},"east":{"uv":[8,0,8,3.75],"texture":"#4"},"south":{"uv":[8,0,12,4],"texture":"#4"},"west":{"uv":[8,0,8,3.75],"texture":"#4"},"up":{"uv":[11.75,0,8,0],"texture":"#4"},"down":{"uv":[11.75,0,8,0],"texture":"#4"}}},{"from":[0.5341,6.98587,16],"to":[15.5341,21.98587,16],"rotation":{"angle":45,"axis":"z","origin":[8,14.45177,16]},"faces":{"north":{"uv":[12,0,16,4],"texture":"#4"},"east":{"uv":[12,0,12,3.75],"texture":"#4"},"south":{"uv":[12,0,16,4],"texture":"#4"},"west":{"uv":[12,0,12,3.75],"texture":"#4"},"up":{"uv":[15.75,0,12,0],"texture":"#4"},"down":{"uv":[15.75,0,12,0],"texture":"#4"}}},{"from":[0.48154,6.99633,16],"to":[15.48154,21.99633,16],"rotation":{"angle":-22.5,"axis":"z","origin":[8,14.45177,16]},"faces":{"north":{"uv":[0,4,4,8],"rotation":90,"texture":"#4"},"east":{"uv":[3.75,4,0,4],"rotation":270,"texture":"#4"},"south":{"uv":[0,4,4,8],"rotation":270,"texture":"#4"},"west":{"uv":[3.75,4,0,4],"rotation":270,"texture":"#4"},"up":{"uv":[0,4,0,7.75],"rotation":270,"texture":"#4"},"down":{"uv":[0,4,0,7.75],"rotation":270,"texture":"#4"}}},{"from":[0.5,7,16],"to":[15.5,22,16],"rotation":{"angle":0,"axis":"y","origin":[8,14.45177,16]},"faces":{"north":{"uv":[4,4,8,8],"rotation":90,"texture":"#4"},"east":{"uv":[7.75,4,4,4],"rotation":270,"texture":"#4"},"south":{"uv":[4,4,8,8],"rotation":270,"texture":"#4"},"west":{"uv":[7.75,4,4,4],"rotation":270,"texture":"#4"},"up":{"uv":[4,4,4,7.75],"rotation":270,"texture":"#4"},"down":{"uv":[4,4,4,7.75],"rotation":270,"texture":"#4"}}},{"from":[0.51846,6.99633,16],"to":[15.51846,21.99633,16],"rotation":{"angle":22.5,"axis":"z","origin":[8,14.45177,16]},"faces":{"north":{"uv":[8,4,12,8],"rotation":90,"texture":"#4"},"east":{"uv":[11.75,4,8,4],"rotation":270,"texture":"#4"},"south":{"uv":[8,4,12,8],"rotation":270,"texture":"#4"},"west":{"uv":[11.75,4,8,4],"rotation":270,"texture":"#4"},"up":{"uv":[8,4,8,7.75],"rotation":270,"texture":"#4"},"down":{"uv":[8,4,8,7.75],"rotation":270,"texture":"#4"}}},{"from":[4.6,11.02854,14.75],"to":[11.4,17.77854,17.25],"rotation":{"angle":0,"axis":"y","origin":[8,14.45177,16]},"faces":{"north":{"uv":[0,0,16,16],"texture":"#1"},"east":{"uv":[0,0,0.25,0.1875],"texture":"#0"},"south":{"uv":[0,0,16,16],"texture":"#1"},"west":{"uv":[0,0,0.125,0.1875],"texture":"#0"},"up":{"uv":[0,0,0.2,0.125],"texture":"#0"},"down":{"uv":[0,0,0.2,0.125],"texture":"#0"}}},{"from":[0.4659,6.98587,15.75],"to":[15.4659,21.98587,16.25],"rotation":{"angle":-45,"axis":"z","origin":[8,14.45177,16]},"faces":{"north":{"uv":[7.5,16,0,8.5],"texture":"#3"},"east":{"uv":[0,0,0,7.5],"texture":"#3"},"south":{"uv":[7.5,8.5,0,16],"texture":"#3"},"west":{"uv":[0,0,0.25,5.75],"texture":"#3"},"up":{"uv":[0,0,0.25,5.75],"texture":"#3"},"down":{"uv":[0,0,0.25,5.75],"texture":"#3"}}},{"from":[-1,2,3],"to":[17,13,13],"rotation":{"angle":0,"axis":"y","origin":[8,1,4]},"faces":{"north":{"uv":[0,5.33333,4,7.77778],"texture":"#5"},"east":{"uv":[8,5.33333,10.22222,7.77778],"texture":"#5"},"south":{"uv":[4,5.33333,8,7.77778],"texture":"#5"},"west":{"uv":[8,7.77778,10.22222,10.22222],"texture":"#5"},"up":{"uv":[4,10,0,7.77778],"texture":"#5"},"down":{"uv":[8,7.77778,4,10],"texture":"#5"}}},{"from":[15.65,1,3.005],"to":[17.65,4,12.995],"rotation":{"angle":22.5,"axis":"z","origin":[16.65,2.5,8.005]},"faces":{"north":{"uv":[3.55556,10.66667,4,11.33333],"texture":"#5"},"east":{"uv":[9.77778,1.77778,12,2.44444],"texture":"#5"},"south":{"uv":[4,10.66667,4.44444,11.33333],"texture":"#5"},"west":{"uv":[9.77778,2.44444,12,3.11111],"texture":"#5"},"up":{"uv":[9.33333,12.44444,8.88889,10.22222],"texture":"#5"},"down":{"uv":[10.66667,8.88889,10.22222,11.11111],"texture":"#5"}}},{"from":[-1.65,1,3.005],"to":[0.35,4,12.995],"rotation":{"angle":-22.5,"axis":"z","origin":[-0.65,2.5,8.005]},"faces":{"north":{"uv":[4.44444,10.66667,4.88889,11.33333],"texture":"#5"},"east":{"uv":[9.77778,3.11111,12,3.77778],"texture":"#5"},"south":{"uv":[4.88889,10.66667,5.33333,11.33333],"texture":"#5"},"west":{"uv":[9.77778,3.77778,12,4.44444],"texture":"#5"},"up":{"uv":[9.77778,12.44444,9.33333,10.22222],"texture":"#5"},"down":{"uv":[10.22222,10.22222,9.77778,12.44444],"texture":"#5"}}},{"from":[15.65,9,3.005],"to":[17.65,12,12.995],"rotation":{"angle":22.5,"axis":"z","origin":[16.65,10.5,8.005]},"faces":{"north":{"uv":[5.33333,10.66667,5.77778,11.33333],"texture":"#5"},"east":{"uv":[9.77778,4.44444,12,5.11111],"texture":"#5"},"south":{"uv":[5.77778,10.66667,6.22222,11.33333],"texture":"#5"},"west":{"uv":[0,10,2.22222,10.66667],"texture":"#5"},"up":{"uv":[0.44444,12.88889,0,10.66667],"texture":"#5"},"down":{"uv":[0.88889,10.66667,0.44444,12.88889],"texture":"#5"}}},{"from":[-1.65,9,3.005],"to":[0.35,12,12.995],"rotation":{"angle":-22.5,"axis":"z","origin":[-0.65,10.5,8.005]},"faces":{"north":{"uv":[6.22222,10.66667,6.66667,11.33333],"texture":"#5"},"east":{"uv":[2.22222,10,4.44444,10.66667],"texture":"#5"},"south":{"uv":[10.66667,8.88889,11.11111,9.55556],"texture":"#5"},"west":{"uv":[4.44444,10,6.66667,10.66667],"texture":"#5"},"up":{"uv":[1.33333,12.88889,0.88889,10.66667],"texture":"#5"},"down":{"uv":[1.77778,10.66667,1.33333,12.88889],"texture":"#5"}}},{"from":[-0.99156,9.31021,3.005],"to":[1.00844,12.31021,12.995],"rotation":{"angle":22.5,"axis":"z","origin":[8,7.5,8]},"faces":{"north":{"uv":[10.66667,9.55556,11.11111,10.22222],"texture":"#5"},"east":{"uv":[10.22222,5.11111,12.44444,5.77778],"texture":"#5"},"south":{"uv":[10.66667,10.22222,11.11111,10.88889],"texture":"#5"},"west":{"uv":[10.22222,5.77778,12.44444,6.44444],"texture":"#5"},"up":{"uv":[2.22222,12.88889,1.77778,10.66667],"texture":"#5"},"down":{"uv":[2.66667,10.66667,2.22222,12.88889],"texture":"#5"}}},{"from":[14.99156,9.31021,3.005],"to":[16.99156,12.31021,12.995],"rotation":{"angle":-22.5,"axis":"z","origin":[8,7.5,8]},"faces":{"north":{"uv":[6.66667,10.88889,7.11111,11.55556],"texture":"#5"},"east":{"uv":[10.22222,6.44444,12.44444,7.11111],"texture":"#5"},"south":{"uv":[7.11111,10.88889,7.55556,11.55556],"texture":"#5"},"west":{"uv":[6.66667,10.22222,8.88889,10.88889],"texture":"#5"},"up":{"uv":[3.11111,12.88889,2.66667,10.66667],"texture":"#5"},"down":{"uv":[3.55556,10.66667,3.11111,12.88889],"texture":"#5"}}},{"from":[-3,8,2],"to":[19,10,14],"rotation":{"angle":0,"axis":"y","origin":[8,1,4]},"faces":{"north":{"uv":[9.77778,0,14.66667,0.44444],"texture":"#5"},"east":{"uv":[10.22222,7.11111,12.88889,7.55556],"texture":"#5"},"south":{"uv":[9.77778,0.44444,14.66667,0.88889],"texture":"#5"},"west":{"uv":[10.22222,7.55556,12.88889,8],"texture":"#5"},"up":{"uv":[4.88889,2.66667,0,0],"texture":"#5"},"down":{"uv":[4.88889,2.66667,0,5.33333],"texture":"#5"}}},{"from":[-3,0,2],"to":[19,2,14],"rotation":{"angle":0,"axis":"y","origin":[8,1,4]},"faces":{"north":{"uv":[9.77778,0.88889,14.66667,1.33333],"texture":"#5"},"east":{"uv":[10.22222,8,12.88889,8.44444],"texture":"#5"},"south":{"uv":[9.77778,1.33333,14.66667,1.77778],"texture":"#5"},"west":{"uv":[10.22222,8.44444,12.88889,8.88889],"texture":"#5"},"up":{"uv":[9.77778,2.66667,4.88889,0],"texture":"#5"},"down":{"uv":[9.77778,2.66667,4.88889,5.33333],"texture":"#5"}}}],"gui_light":"front","display":{"thirdperson_righthand":{"translation":[0,1.75,0],"scale":[0.42,0.42,0.42]},"thirdperson_lefthand":{"translation":[0,1.75,0],"scale":[0.42,0.42,0.42]},"firstperson_righthand":{"rotation":[-2,141,0],"translation":[-2.25,3.75,-0.5],"scale":[0.48727,0.48727,0.48727]},"firstperson_lefthand":{"rotation":[-2,141,0],"translation":[-2.25,3.75,-0.5],"scale":[0.48727,0.48727,0.48727]},"ground":{"rotation":[66.51,-3.68,-5.56],"scale":[0.54,0.54,0.54]},"gui":{"rotation":[16,156,0],"translation":[0,-1,0],"scale":[0.48156,0.48156,0.48156]},"head":{"translation":[0,-23.25,0.25],"scale":[2.65,2.65,2.65]},"fixed":{"rotation":[-90,0,0],"translation":[0,0.75,-12.75],"scale":[1.66406,1.66406,1.66406]}}}