{"credit":"Made with Blockbench","texture_size":[40,40],"textures":{"0":"tavern:items/sets/asura/texture","1":"tavern:items/sets/asura/eye","2":"tavern:items/sets/asura/chain","particle":"tavern:items/sets/asura/texture"},"elements":[{"from":[8,-3.96169,5.225],"to":[8,24.28831,10.775],"rotation":{"angle":0,"axis":"z","origin":[8,2.78342,8]},"faces":{"north":{"uv":[0,0,0,7.125],"texture":"#0"},"east":{"uv":[0,0,1.375,7.125],"texture":"#0"},"south":{"uv":[0,0,0,7.125],"texture":"#0"},"west":{"uv":[0,0,1.375,7.125],"texture":"#0"},"up":{"uv":[1.375,0,0,0],"rotation":90,"texture":"#0"},"down":{"uv":[1.375,0,0,0],"rotation":270,"texture":"#0"}}},{"from":[6.9,-3.97029,12.25371],"to":[9.1,-1.47029,14.75371],"rotation":{"angle":45,"axis":"x","origin":[8,2.78342,8]},"faces":{"north":{"uv":[6.75,6.75,7.25,7.375],"texture":"#0"},"east":{"uv":[5.75,6,6.375,6.625],"texture":"#0"},"south":{"uv":[6.25,6.75,6.75,7.375],"texture":"#0"},"west":{"uv":[6.25,0,6.875,0.625],"texture":"#0"},"up":{"uv":[7.625,0.5,7,0],"rotation":90,"texture":"#0"},"down":{"uv":[7.625,0.5,7,1],"rotation":270,"texture":"#0"}}},{"from":[7.1,-5.22827,5.13663],"to":[8.9,-3.42827,8.13663],"rotation":{"angle":-22.5,"axis":"x","origin":[8,2.78342,8]},"faces":{"north":{"uv":[5.25,7,5.75,7.5],"texture":"#0"},"east":{"uv":[6.25,0.75,7,1.25],"texture":"#0"},"south":{"uv":[4.75,7,5.25,7.5],"texture":"#0"},"west":{"uv":[6.25,1.25,7,1.75],"texture":"#0"},"up":{"uv":[7,2.25,6.25,1.75],"rotation":90,"texture":"#0"},"down":{"uv":[7,2.25,6.25,2.75],"rotation":270,"texture":"#0"}}},{"from":[7.2,-4.80866,9.76194],"to":[8.8,-1.80866,11.36194],"rotation":{"angle":0,"axis":"z","origin":[8,2.78342,8]},"faces":{"north":{"uv":[4.25,7,4.625,7.75],"texture":"#0"},"east":{"uv":[7,1,7.375,1.75],"texture":"#0"},"south":{"uv":[7,1.75,7.375,2.5],"texture":"#0"},"west":{"uv":[3.75,7,4.125,7.75],"texture":"#0"},"up":{"uv":[4.375,8.125,4,7.75],"rotation":90,"texture":"#0"},"down":{"uv":[8.125,4.25,7.75,4.625],"rotation":270,"texture":"#0"}}},{"from":[7.25,0.78221,12.49297],"to":[8.75,1.93221,13.64297],"rotation":{"angle":45,"axis":"x","origin":[8,2.78342,8]},"faces":{"north":{"uv":[8.25,4.75,8.625,5],"texture":"#0"},"east":{"uv":[6.25,5.75,6.5,6],"texture":"#0"},"south":{"uv":[4.75,8.25,5.125,8.5],"texture":"#0"},"west":{"uv":[7,7.5,7.25,7.75],"texture":"#0"},"up":{"uv":[8.5,5.375,8.25,5],"rotation":90,"texture":"#0"},"down":{"uv":[5.5,8.25,5.25,8.625],"rotation":270,"texture":"#0"}}},{"from":[7.35,0.24257,15.85173],"to":[8.65,1.39257,17.00173],"rotation":{"angle":45,"axis":"x","origin":[8,2.78342,8]},"faces":{"north":{"uv":[5.75,8.25,6.125,8.5],"texture":"#0"},"east":{"uv":[4.5,7.75,4.75,8],"texture":"#0"},"south":{"uv":[8.25,5.5,8.625,5.75],"texture":"#0"},"west":{"uv":[8.5,1.5,8.75,1.75],"texture":"#0"},"up":{"uv":[6.5,8.625,6.25,8.25],"rotation":90,"texture":"#0"},"down":{"uv":[6.75,8.25,6.5,8.625],"rotation":270,"texture":"#0"}}},{"from":[7.3,-5.35207,9.31853],"to":[8.7,-3.75207,12.56853],"rotation":{"angle":0,"axis":"z","origin":[8,2.78342,8]},"faces":{"north":{"uv":[7.75,5.25,8.125,5.625],"texture":"#0"},"east":{"uv":[6.25,4.25,7.125,4.625],"texture":"#0"},"south":{"uv":[7.75,4.75,8.125,5.125],"texture":"#0"},"west":{"uv":[6.25,4.75,7.125,5.125],"texture":"#0"},"up":{"uv":[7.125,5.625,6.25,5.25],"rotation":90,"texture":"#0"},"down":{"uv":[7.375,2.75,6.5,3.125],"rotation":270,"texture":"#0"}}},{"from":[7.3,-7.71284,11.00089],"to":[8.7,-6.56284,12.15089],"rotation":{"angle":0,"axis":"z","origin":[8,2.78342,8]},"faces":{"north":{"uv":[7,8.25,7.375,8.5],"texture":"#0"},"east":{"uv":[1.75,8.5,2,8.75],"texture":"#0"},"south":{"uv":[8.25,6.75,8.625,7],"texture":"#0"},"west":{"uv":[8.5,1.75,8.75,2],"texture":"#0"},"up":{"uv":[8.5,7.375,8.25,7],"rotation":90,"texture":"#0"},"down":{"uv":[7.75,8.25,7.5,8.625],"rotation":270,"texture":"#0"}}},{"from":[7.25,-2.49025,14.29394],"to":[8.75,-0.89025,17.54394],"rotation":{"angle":45,"axis":"x","origin":[8,2.78342,8]},"faces":{"north":{"uv":[7.75,6.75,8.125,7.125],"texture":"#0"},"east":{"uv":[6.5,3.25,7.375,3.625],"texture":"#0"},"south":{"uv":[5.75,7.75,6.125,8.125],"texture":"#0"},"west":{"uv":[3.75,6.5,4.625,6.875],"texture":"#0"},"up":{"uv":[7.375,4.125,6.5,3.75],"rotation":90,"texture":"#0"},"down":{"uv":[5.625,6.5,4.75,6.875],"rotation":270,"texture":"#0"}}},{"from":[7.3,-5.3595,11.82694],"to":[8.7,-3.7595,13.87694],"rotation":{"angle":22.5,"axis":"x","origin":[8,2.78342,8]},"faces":{"north":{"uv":[7.75,7.25,8.125,7.625],"texture":"#0"},"east":{"uv":[0,7.75,0.5,8.125],"texture":"#0"},"south":{"uv":[7,7.75,7.375,8.125],"texture":"#0"},"west":{"uv":[7.75,0,8.25,0.375],"texture":"#0"},"up":{"uv":[1,8.125,0.5,7.75],"rotation":90,"texture":"#0"},"down":{"uv":[8.25,0.5,7.75,0.875],"rotation":270,"texture":"#0"}}},{"from":[7.35,-11.80866,7.35],"to":[8.65,-5.80866,8.65],"rotation":{"angle":0,"axis":"z","origin":[8,2.78342,8]},"faces":{"north":{"uv":[5.75,4.5,6.125,6],"texture":"#0"},"east":{"uv":[5.25,5,5.625,6.5],"texture":"#0"},"south":{"uv":[5.5,1.5,5.875,3],"texture":"#0"},"west":{"uv":[5.5,3,5.875,4.5],"texture":"#0"},"up":{"uv":[7.875,8.125,7.5,7.75],"rotation":90,"texture":"#0"},"down":{"uv":[1.375,8,1,8.375],"rotation":270,"texture":"#0"}}},{"from":[7.1,-6.80866,7.1],"to":[8.9,-5.80866,8.9],"rotation":{"angle":0,"axis":"z","origin":[8,2.78342,8]},"faces":{"north":{"uv":[2.5,8,3,8.25],"texture":"#0"},"east":{"uv":[7,2.5,7.5,2.75],"texture":"#0"},"south":{"uv":[8,2,8.5,2.25],"texture":"#0"},"west":{"uv":[8,2.25,8.5,2.5],"texture":"#0"},"up":{"uv":[7.5,6.25,7,5.75],"rotation":90,"texture":"#0"},"down":{"uv":[7.5,6.25,7,6.75],"rotation":270,"texture":"#0"}}},{"from":[7.1,-7.80866,7.1],"to":[8.9,-7.05866,8.9],"rotation":{"angle":0,"axis":"z","origin":[8,2.78342,8]},"faces":{"north":{"uv":[8,3,8.5,3.25],"texture":"#0"},"east":{"uv":[8,2.5,8.5,2.75],"texture":"#0"},"south":{"uv":[8,2.75,8.5,3],"texture":"#0"},"west":{"uv":[3,8,3.5,8.25],"texture":"#0"},"up":{"uv":[0.5,7.75,0,7.25],"rotation":90,"texture":"#0"},"down":{"uv":[1,7.25,0.5,7.75],"rotation":270,"texture":"#0"}}},{"from":[7,-9.30392,18.08734],"to":[9,-7.30392,20.08734],"rotation":{"angle":45,"axis":"x","origin":[8,2.78342,8]},"faces":{"north":{"uv":[2.5,7.25,3,7.75],"texture":"#0"},"east":{"uv":[1,7.25,1.5,7.75],"texture":"#0"},"south":{"uv":[1.5,7.25,2,7.75],"texture":"#0"},"west":{"uv":[2,7.25,2.5,7.75],"texture":"#0"},"up":{"uv":[7.75,4.75,7.25,4.25],"rotation":90,"texture":"#0"},"down":{"uv":[7.75,4.75,7.25,5.25],"rotation":270,"texture":"#0"}}},{"from":[7.1,-12.44134,7.1],"to":[8.9,-11.44134,8.9],"rotation":{"angle":0,"axis":"z","origin":[8,2.78342,8]},"faces":{"north":{"uv":[8,3.75,8.5,4],"texture":"#0"},"east":{"uv":[8,3.25,8.5,3.5],"texture":"#0"},"south":{"uv":[3.5,8,4,8.25],"texture":"#0"},"west":{"uv":[8,3.5,8.5,3.75],"texture":"#0"},"up":{"uv":[7.75,5.75,7.25,5.25],"rotation":90,"texture":"#0"},"down":{"uv":[7.75,6.75,7.25,7.25],"rotation":270,"texture":"#0"}}},{"from":[7.1,-11.19134,7.1],"to":[8.9,-10.44134,8.9],"rotation":{"angle":0,"axis":"z","origin":[8,2.78342,8]},"faces":{"north":{"uv":[8,6,8.5,6.25],"texture":"#0"},"east":{"uv":[4.5,8,5,8.25],"texture":"#0"},"south":{"uv":[5,8,5.5,8.25],"texture":"#0"},"west":{"uv":[8,5.75,8.5,6],"texture":"#0"},"up":{"uv":[7.75,7.75,7.25,7.25],"rotation":90,"texture":"#0"},"down":{"uv":[8,1,7.5,1.5],"rotation":270,"texture":"#0"}}},{"from":[8,-1.98839,11.65797],"to":[8,2.26161,15.70797],"rotation":{"angle":22.5,"axis":"x","origin":[8,2.78342,8]},"faces":{"north":{"uv":[0,0,0,1.125],"texture":"#0"},"east":{"uv":[4.25,0,5.25,1.125],"texture":"#0"},"south":{"uv":[0,0,0,1.125],"texture":"#0"},"west":{"uv":[4.25,1.25,5.25,2.375],"texture":"#0"},"up":{"uv":[1,0,0,0],"rotation":90,"texture":"#0"},"down":{"uv":[1,0,0,0],"rotation":270,"texture":"#0"}}},{"from":[8,-10.61873,5.9659],"to":[8,-5.81873,10.2159],"rotation":{"angle":-22.5,"axis":"x","origin":[8,2.78342,8]},"faces":{"north":{"uv":[0,0,0,1.25],"texture":"#0"},"east":{"uv":[3,0,4.125,1.25],"texture":"#0"},"south":{"uv":[0,0,0,1.25],"texture":"#0"},"west":{"uv":[3,1.25,4.125,2.5],"texture":"#0"},"up":{"uv":[1.125,0,0,0],"rotation":90,"texture":"#0"},"down":{"uv":[1.125,0,0,0],"rotation":270,"texture":"#0"}}},{"from":[6.75,-7.22146,4.6],"to":[9.25,-0.47146,11.4],"rotation":{"angle":0,"axis":"z","origin":[8,2.78342,8]},"faces":{"north":{"uv":[0,0,0.125,0.1875],"texture":"#0"},"east":{"uv":[0,0,16,16],"texture":"#1"},"south":{"uv":[0,0,0.25,0.1875],"texture":"#0"},"west":{"uv":[0,0,16,16],"texture":"#1"},"up":{"uv":[0,0,0.2,0.125],"rotation":90,"texture":"#0"},"down":{"uv":[0,0,0.2,0.125],"rotation":270,"texture":"#0"}}},{"from":[7.75,-2.22146,4.6],"to":[8.25,4.52854,11.4],"rotation":{"angle":0,"axis":"z","origin":[8,2.78342,8]},"faces":{"north":{"uv":[0,0,0.2,0.3],"texture":"#2"},"east":{"uv":[16,16,0,0],"texture":"#2"},"south":{"uv":[0,0,0.4,0.3],"texture":"#2"},"west":{"uv":[0,16,16,0],"texture":"#2"},"up":{"uv":[0,0,0.32,0.2],"rotation":90,"texture":"#2"},"down":{"uv":[0,0,0.32,0.2],"rotation":270,"texture":"#2"}}},{"from":[7.75,11.27854,5.6],"to":[8.25,17.02854,11.4],"rotation":{"angle":0,"axis":"z","origin":[8,2.78342,8]},"faces":{"north":{"uv":[0,0,0.2,0.3],"texture":"#2"},"east":{"uv":[16,16,0,0],"texture":"#2"},"south":{"uv":[0,0,0.4,0.3],"texture":"#2"},"west":{"uv":[0,16,16,0],"texture":"#2"},"up":{"uv":[0,0,0.32,0.2],"rotation":90,"texture":"#2"},"down":{"uv":[0,0,0.32,0.2],"rotation":270,"texture":"#2"}}},{"from":[7.75,4.52854,4.6],"to":[8.25,11.27854,11.4],"rotation":{"angle":0,"axis":"z","origin":[8,2.78342,8]},"faces":{"north":{"uv":[0,0,0.2,0.3],"texture":"#2"},"east":{"uv":[0,16,16,0],"texture":"#2"},"south":{"uv":[0,0,0.4,0.3],"texture":"#2"},"west":{"uv":[16,16,0,0],"texture":"#2"},"up":{"uv":[0,0,0.32,0.2],"rotation":90,"texture":"#2"},"down":{"uv":[0,0,0.32,0.2],"rotation":270,"texture":"#2"}}},{"from":[7.75,17.02854,5.6],"to":[8.25,21.77854,10.4],"rotation":{"angle":0,"axis":"z","origin":[8,2.78342,8]},"faces":{"north":{"uv":[0,0,0.2,0.3],"texture":"#2"},"east":{"uv":[0,16,16,0],"texture":"#2"},"south":{"uv":[0,0,0.4,0.3],"texture":"#2"},"west":{"uv":[16,16,0,0],"texture":"#2"},"up":{"uv":[0,0,0.32,0.2],"rotation":90,"texture":"#2"},"down":{"uv":[0,0,0.32,0.2],"rotation":270,"texture":"#2"}}},{"from":[8,-15.96169,5.975],"to":[8,-11.71169,10.025],"rotation":{"angle":0,"axis":"z","origin":[8,2.78342,8]},"faces":{"north":{"uv":[0,0,0,1.125],"texture":"#0"},"east":{"uv":[4.5,2.5,5.5,3.625],"texture":"#0"},"south":{"uv":[0,0,0,1.125],"texture":"#0"},"west":{"uv":[4.5,3.75,5.5,4.875],"texture":"#0"},"up":{"uv":[1,0,0,0],"rotation":90,"texture":"#0"},"down":{"uv":[1,0,0,0],"rotation":270,"texture":"#0"}}},{"from":[7.6,-3.55866,6.6],"to":[8.4,2,9.4],"rotation":{"angle":0,"axis":"z","origin":[8,2.78342,8]},"faces":{"north":{"uv":[3,6.25,3.25,7.625],"texture":"#0"},"east":{"uv":[3,4.75,3.75,6.125],"texture":"#0"},"south":{"uv":[6.25,2.75,6.5,4.125],"texture":"#0"},"west":{"uv":[3.75,4.75,4.5,6.125],"texture":"#0"},"up":{"uv":[4.5,6.5,3.75,6.25],"rotation":90,"texture":"#0"},"down":{"uv":[8.25,4,7.5,4.25],"rotation":270,"texture":"#0"}}},{"from":[7.605,-3.82171,6.67246],"to":[8.395,-0.32171,8.22246],"rotation":{"angle":-22.5,"axis":"x","origin":[8,2.78342,8]},"faces":{"north":{"uv":[6.75,7.5,7,8.375],"texture":"#0"},"east":{"uv":[6.5,5.75,6.875,6.625],"texture":"#0"},"south":{"uv":[5.25,1.5,5.5,2.375],"texture":"#0"},"west":{"uv":[5.75,6.75,6.125,7.625],"texture":"#0"},"up":{"uv":[8.625,7.75,8.25,7.5],"rotation":90,"texture":"#0"},"down":{"uv":[8.125,8.25,7.75,8.5],"rotation":270,"texture":"#0"}}},{"from":[7.605,-3.82171,7.77754],"to":[8.395,-0.32171,9.32754],"rotation":{"angle":22.5,"axis":"x","origin":[8,2.78342,8]},"faces":{"north":{"uv":[5.5,1.5,5.25,2.375],"texture":"#0"},"east":{"uv":[6.875,5.75,6.5,6.625],"texture":"#0"},"south":{"uv":[7,7.5,6.75,8.375],"texture":"#0"},"west":{"uv":[6.125,6.75,5.75,7.625],"texture":"#0"},"up":{"uv":[8.25,7.75,8.625,7.5],"rotation":90,"texture":"#0"},"down":{"uv":[7.75,8.25,8.125,8.5],"rotation":270,"texture":"#0"}}},{"from":[7.25,0.78221,2.35703],"to":[8.75,1.93221,3.50703],"rotation":{"angle":-45,"axis":"x","origin":[8,2.78342,8]},"faces":{"north":{"uv":[5.125,8.25,4.75,8.5],"texture":"#0"},"east":{"uv":[6.5,5.75,6.25,6],"texture":"#0"},"south":{"uv":[8.625,4.75,8.25,5],"texture":"#0"},"west":{"uv":[7.25,7.5,7,7.75],"texture":"#0"},"up":{"uv":[8.25,5.375,8.5,5],"rotation":90,"texture":"#0"},"down":{"uv":[5.25,8.25,5.5,8.625],"rotation":270,"texture":"#0"}}},{"from":[7.2,-4.80866,4.63806],"to":[8.8,-1.80866,6.23806],"rotation":{"angle":0,"axis":"z","origin":[8,2.78342,8]},"faces":{"north":{"uv":[7.375,1.75,7,2.5],"texture":"#0"},"east":{"uv":[7.375,1,7,1.75],"texture":"#0"},"south":{"uv":[4.625,7,4.25,7.75],"texture":"#0"},"west":{"uv":[4.125,7,3.75,7.75],"texture":"#0"},"up":{"uv":[4,8.125,4.375,7.75],"rotation":90,"texture":"#0"},"down":{"uv":[7.75,4.25,8.125,4.625],"rotation":270,"texture":"#0"}}},{"from":[7.1,-5.22827,7.86337],"to":[8.9,-3.42827,10.86337],"rotation":{"angle":22.5,"axis":"x","origin":[8,2.78342,8]},"faces":{"north":{"uv":[5.25,7,4.75,7.5],"texture":"#0"},"east":{"uv":[7,0.75,6.25,1.25],"texture":"#0"},"south":{"uv":[5.75,7,5.25,7.5],"texture":"#0"},"west":{"uv":[7,1.25,6.25,1.75],"texture":"#0"},"up":{"uv":[6.25,2.25,7,1.75],"rotation":90,"texture":"#0"},"down":{"uv":[6.25,2.25,7,2.75],"rotation":270,"texture":"#0"}}},{"from":[7.3,-5.35207,3.43147],"to":[8.7,-3.75207,6.68147],"rotation":{"angle":0,"axis":"z","origin":[8,2.78342,8]},"faces":{"north":{"uv":[8.125,4.75,7.75,5.125],"texture":"#0"},"east":{"uv":[7.125,4.25,6.25,4.625],"texture":"#0"},"south":{"uv":[8.125,5.25,7.75,5.625],"texture":"#0"},"west":{"uv":[7.125,4.75,6.25,5.125],"texture":"#0"},"up":{"uv":[6.25,5.625,7.125,5.25],"rotation":90,"texture":"#0"},"down":{"uv":[6.5,2.75,7.375,3.125],"rotation":270,"texture":"#0"}}},{"from":[7.35,0.24257,-1.00173],"to":[8.65,1.39257,0.14827],"rotation":{"angle":-45,"axis":"x","origin":[8,2.78342,8]},"faces":{"north":{"uv":[8.625,5.5,8.25,5.75],"texture":"#0"},"east":{"uv":[4.75,7.75,4.5,8],"texture":"#0"},"south":{"uv":[6.125,8.25,5.75,8.5],"texture":"#0"},"west":{"uv":[8.75,1.5,8.5,1.75],"texture":"#0"},"up":{"uv":[6.25,8.625,6.5,8.25],"rotation":90,"texture":"#0"},"down":{"uv":[6.5,8.25,6.75,8.625],"rotation":270,"texture":"#0"}}},{"from":[7.25,-2.49025,-1.54394],"to":[8.75,-0.89025,1.70606],"rotation":{"angle":-45,"axis":"x","origin":[8,2.78342,8]},"faces":{"north":{"uv":[6.125,7.75,5.75,8.125],"texture":"#0"},"east":{"uv":[7.375,3.25,6.5,3.625],"texture":"#0"},"south":{"uv":[8.125,6.75,7.75,7.125],"texture":"#0"},"west":{"uv":[4.625,6.5,3.75,6.875],"texture":"#0"},"up":{"uv":[6.5,4.125,7.375,3.75],"rotation":90,"texture":"#0"},"down":{"uv":[4.75,6.5,5.625,6.875],"rotation":270,"texture":"#0"}}},{"from":[7.3,-7.71284,3.84911],"to":[8.7,-6.56284,4.99911],"rotation":{"angle":0,"axis":"z","origin":[8,2.78342,8]},"faces":{"north":{"uv":[8.625,6.75,8.25,7],"texture":"#0"},"east":{"uv":[2,8.5,1.75,8.75],"texture":"#0"},"south":{"uv":[7.375,8.25,7,8.5],"texture":"#0"},"west":{"uv":[8.75,1.75,8.5,2],"texture":"#0"},"up":{"uv":[8.25,7.375,8.5,7],"rotation":90,"texture":"#0"},"down":{"uv":[7.5,8.25,7.75,8.625],"rotation":270,"texture":"#0"}}},{"from":[7.3,-5.3595,2.12306],"to":[8.7,-3.7595,4.17306],"rotation":{"angle":-22.5,"axis":"x","origin":[8,2.78342,8]},"faces":{"north":{"uv":[7.375,7.75,7,8.125],"texture":"#0"},"east":{"uv":[0.5,7.75,0,8.125],"texture":"#0"},"south":{"uv":[8.125,7.25,7.75,7.625],"texture":"#0"},"west":{"uv":[8.25,0,7.75,0.375],"texture":"#0"},"up":{"uv":[0.5,8.125,1,7.75],"rotation":90,"texture":"#0"},"down":{"uv":[7.75,0.5,8.25,0.875],"rotation":270,"texture":"#0"}}},{"from":[8,-1.98839,0.29203],"to":[8,2.26161,4.34203],"rotation":{"angle":-22.5,"axis":"x","origin":[8,2.78342,8]},"faces":{"north":{"uv":[0,0,0,1.125],"texture":"#0"},"east":{"uv":[5.25,0,4.25,1.125],"texture":"#0"},"south":{"uv":[0,0,0,1.125],"texture":"#0"},"west":{"uv":[5.25,1.25,4.25,2.375],"texture":"#0"},"up":{"uv":[0,0,1,0],"rotation":90,"texture":"#0"},"down":{"uv":[0,0,1,0],"rotation":270,"texture":"#0"}}},{"from":[8,-10.61873,5.7841],"to":[8,-5.81873,10.0341],"rotation":{"angle":22.5,"axis":"x","origin":[8,2.78342,8]},"faces":{"north":{"uv":[0,0,0,1.25],"texture":"#0"},"east":{"uv":[4.125,0,3,1.25],"texture":"#0"},"south":{"uv":[0,0,0,1.25],"texture":"#0"},"west":{"uv":[4.125,1.25,3,2.5],"texture":"#0"},"up":{"uv":[0,0,1.125,0],"rotation":90,"texture":"#0"},"down":{"uv":[0,0,1.125,0],"rotation":270,"texture":"#0"}}},{"from":[7.4,-2.40963,11.69305],"to":[8.6,-0.90963,13.19305],"rotation":{"angle":45,"axis":"x","origin":[8,2.78342,8]},"faces":{"north":{"uv":[8.25,8.25,8.5,8.625],"texture":"#0"},"east":{"uv":[8,1,8.375,1.375],"texture":"#0"},"south":{"uv":[8.25,7.75,8.5,8.125],"texture":"#0"},"west":{"uv":[1.5,8,1.875,8.375],"texture":"#0"},"up":{"uv":[8.875,0.5,8.5,0.25],"rotation":90,"texture":"#0"},"down":{"uv":[0.875,8.5,0.5,8.75],"rotation":270,"texture":"#0"}}},{"from":[7.6,4.94134,6.6],"to":[8.4,10.5,9.4],"rotation":{"angle":0,"axis":"z","origin":[8,2.78342,8]},"faces":{"north":{"uv":[3.5,6.25,3.75,7.625],"texture":"#0"},"east":{"uv":[4.5,5,5.25,6.375],"texture":"#0"},"south":{"uv":[3.25,6.25,3.5,7.625],"texture":"#0"},"west":{"uv":[5.25,0,6,1.375],"texture":"#0"},"up":{"uv":[1.75,8,1,7.75],"rotation":90,"texture":"#0"},"down":{"uv":[2.5,7.75,1.75,8],"rotation":270,"texture":"#0"}}},{"from":[7.4,1.23553,7.5979],"to":[8.6,3.18553,9.5479],"rotation":{"angle":45,"axis":"x","origin":[8,2.78342,8]},"faces":{"north":{"uv":[5.5,8,5.75,8.5],"texture":"#0"},"east":{"uv":[7.5,1.5,8,2],"texture":"#0"},"south":{"uv":[5.5,4.5,5.75,5],"texture":"#0"},"west":{"uv":[7.5,2,8,2.5],"texture":"#0"},"up":{"uv":[6.75,8.25,6.25,8],"rotation":90,"texture":"#0"},"down":{"uv":[8.5,6.25,8,6.5],"rotation":270,"texture":"#0"}}},{"from":[7.505,1.94263,6.89079],"to":[8.495,3.89263,8.84079],"rotation":{"angle":45,"axis":"x","origin":[8,2.78342,8]},"faces":{"north":{"uv":[0,8.25,0.25,8.75],"texture":"#0"},"east":{"uv":[7.5,2.5,8,3],"texture":"#0"},"south":{"uv":[8,7.75,8.25,8.25],"texture":"#0"},"west":{"uv":[7.5,3,8,3.5],"texture":"#0"},"up":{"uv":[8.5,6.75,8,6.5],"rotation":90,"texture":"#0"},"down":{"uv":[8.75,0,8.25,0.25],"rotation":270,"texture":"#0"}}},{"from":[7.5,2.64974,6.18369],"to":[8.5,4.59974,8.13369],"rotation":{"angle":45,"axis":"x","origin":[8,2.78342,8]},"faces":{"north":{"uv":[8.25,0.25,8.5,0.75],"texture":"#0"},"east":{"uv":[7.5,3.5,8,4],"texture":"#0"},"south":{"uv":[0.25,8.25,0.5,8.75],"texture":"#0"},"west":{"uv":[4.75,7.5,5.25,8],"texture":"#0"},"up":{"uv":[1,8.5,0.5,8.25],"rotation":90,"texture":"#0"},"down":{"uv":[8.75,0.75,8.25,1],"rotation":270,"texture":"#0"}}},{"from":[7.405,3.35685,5.47658],"to":[8.595,5.30685,7.42658],"rotation":{"angle":45,"axis":"x","origin":[8,2.78342,8]},"faces":{"north":{"uv":[2.75,8.25,3,8.75],"texture":"#0"},"east":{"uv":[5.25,7.5,5.75,8],"texture":"#0"},"south":{"uv":[2.5,8.25,2.75,8.75],"texture":"#0"},"west":{"uv":[7.5,5.75,8,6.25],"texture":"#0"},"up":{"uv":[3.5,8.5,3,8.25],"rotation":90,"texture":"#0"},"down":{"uv":[4,8.25,3.5,8.5],"rotation":270,"texture":"#0"}}},{"from":[7.455,7.26487,1.56856],"to":[8.545,9.21487,3.51856],"rotation":{"angle":45,"axis":"x","origin":[8,2.78342,8]},"faces":{"north":{"uv":[8.25,4,8.5,4.5],"texture":"#0"},"east":{"uv":[6.25,7.5,6.75,8],"texture":"#0"},"south":{"uv":[4,8.25,4.25,8.75],"texture":"#0"},"west":{"uv":[7.5,6.25,8,6.75],"texture":"#0"},"up":{"uv":[4.75,8.5,4.25,8.25],"rotation":90,"texture":"#0"},"down":{"uv":[8.75,4.5,8.25,4.75],"rotation":270,"texture":"#0"}}},{"from":[7.6,10.54134,6.825],"to":[8.4,19.35,9.175],"rotation":{"angle":0,"axis":"z","origin":[8,2.78342,8]},"faces":{"north":{"uv":[6,2.25,6.25,4.5],"texture":"#0"},"east":{"uv":[3,2.5,3.625,4.75],"texture":"#0"},"south":{"uv":[6,0,6.25,2.25],"texture":"#0"},"west":{"uv":[3.75,2.5,4.375,4.75],"texture":"#0"},"up":{"uv":[3.125,8,2.5,7.75],"rotation":90,"texture":"#0"},"down":{"uv":[3.875,7.75,3.25,8],"rotation":270,"texture":"#0"}}},{"from":[7.555,13.6667,-4.58327],"to":[8.445,15.3667,-2.88327],"rotation":{"angle":45,"axis":"x","origin":[8,2.78342,8]},"faces":{"north":{"uv":[8.5,1,8.75,1.375],"texture":"#0"},"east":{"uv":[8,1.5,8.375,1.875],"texture":"#0"},"south":{"uv":[1,8.5,1.25,8.875],"texture":"#0"},"west":{"uv":[2,8,2.375,8.375],"texture":"#0"},"up":{"uv":[8.875,0.75,8.5,0.5],"rotation":90,"texture":"#0"},"down":{"uv":[1.625,8.5,1.25,8.75],"rotation":270,"texture":"#0"}}}],"gui_light":"front","display":{"thirdperson_righthand":{"translation":[0.5,13.5,1.25],"scale":[0.9,0.9,0.9]},"thirdperson_lefthand":{"translation":[0.5,13.5,1.25],"scale":[0.9,0.9,0.9]},"firstperson_righthand":{"rotation":[-9,21,8],"translation":[14,6.5,-19.5],"scale":[1.19727,1.19727,1.19727]},"firstperson_lefthand":{"rotation":[-9,21,8],"translation":[14,6.5,-19.5],"scale":[1.19727,1.19727,1.19727]},"ground":{"rotation":[-84,92,0],"translation":[0,-0.25,-0.5],"scale":[0.54,0.54,0.54]},"gui":{"rotation":[-90,-49,-90],"translation":[1.25,2,0],"scale":[0.56,0.56,0.56]},"head":{"rotation":[85,180,119],"translation":[5.5,9.5,-3]},"fixed":{"rotation":[0,90,0],"translation":[0,7.75,-1],"scale":[1.32422,1.32422,1.32422]}}}