{"credit":"Pologony Creation Co.,Ltd.","texture_size":[48,48],"textures":{"1":"tavern:items/sets/fireworkset/animated/fire_animated_1","2":"tavern:items/sets/fireworkset/animated/firework_animated","3":"tavern:items/sets/fireworkset/animated/2025","5":"tavern:items/sets/fireworkset/firework","8":"tavern:items/sets/fireworkset/crossbow","particle":"tavern:items/sets/fireworkset/animated/fire_animated_1"},"elements":[{"from":[10.01914,6.13707,2.33175],"to":[11.01914,7.63707,3.83175],"rotation":{"angle":45,"axis":"x","origin":[14,6.48086,2.67555]},"faces":{"north":{"uv":[13.33333,3.66667,13.83333,4],"rotation":270,"texture":"#8"},"east":{"uv":[13.16667,10.83333,12.66667,10.33333],"rotation":90,"texture":"#8"},"south":{"uv":[13.33333,7,13.83333,7.33333],"rotation":90,"texture":"#8"},"west":{"uv":[13.16667,11.33333,12.66667,11.83333],"rotation":90,"texture":"#8"},"up":{"uv":[13.33333,7.66667,13.83333,8],"rotation":90,"texture":"#8"},"down":{"uv":[13.33333,6.33333,13.83333,6.66667],"rotation":90,"texture":"#8"}}},{"from":[12.47402,5.73086,0.33116],"to":[12.97402,7.23086,2.33116],"rotation":{"angle":22.5,"axis":"y","origin":[14,6.48086,2.67555]},"faces":{"north":{"uv":[14,1,14.5,1.16667],"rotation":270,"texture":"#8"},"east":{"uv":[4.16667,12.66667,3.66667,12],"rotation":90,"texture":"#8"},"south":{"uv":[1.33333,14,1.83333,14.16667],"rotation":90,"texture":"#8"},"west":{"uv":[10.5,12,10,12.66667],"rotation":90,"texture":"#8"},"up":{"uv":[13.66667,13,14.33333,13.16667],"rotation":90,"texture":"#8"},"down":{"uv":[13.66667,12.33333,14.33333,12.5],"rotation":90,"texture":"#8"}}},{"from":[12.47402,5.73086,-0.16885],"to":[13.97402,7.23086,0.33115],"rotation":{"angle":22.5,"axis":"y","origin":[14,6.48086,2.67555]},"faces":{"north":{"uv":[1.66667,13,2.16667,13.5],"rotation":270,"texture":"#8"},"east":{"uv":[3.5,14.16667,3,14],"rotation":90,"texture":"#8"},"south":{"uv":[2.66667,13,3.16667,13.5],"rotation":90,"texture":"#8"},"west":{"uv":[14.5,4.33333,14,4.5],"rotation":90,"texture":"#8"},"up":{"uv":[14,2.66667,14.16667,3.16667],"rotation":90,"texture":"#8"},"down":{"uv":[2.33333,14,2.5,14.5],"rotation":90,"texture":"#8"}}},{"from":[2.02598,5.73086,-0.16885],"to":[3.52598,7.23086,0.33115],"rotation":{"angle":-22.5,"axis":"y","origin":[2,6.48086,2.67555]},"faces":{"north":{"uv":[1.66667,13.5,2.16667,13],"rotation":270,"texture":"#8"},"east":{"uv":[14.5,4.5,14,4.33333],"rotation":90,"texture":"#8"},"south":{"uv":[2.66667,13.5,3.16667,13],"rotation":90,"texture":"#8"},"west":{"uv":[3.5,14,3,14.16667],"rotation":90,"texture":"#8"},"up":{"uv":[14,3.16667,14.16667,2.66667],"rotation":90,"texture":"#8"},"down":{"uv":[2.33333,14.5,2.5,14],"rotation":90,"texture":"#8"}}},{"from":[10.97402,5.73086,-1.66885],"to":[13.97402,7.23086,-1.16885],"rotation":{"angle":22.5,"axis":"y","origin":[14,6.48086,2.67555]},"faces":{"north":{"uv":[11.66667,11,12.16667,12],"rotation":270,"texture":"#8"},"east":{"uv":[14.5,5.16667,14,5],"rotation":90,"texture":"#8"},"south":{"uv":[0,12,0.5,13],"rotation":90,"texture":"#8"},"west":{"uv":[5.83333,14,5.33333,14.16667],"rotation":90,"texture":"#8"},"up":{"uv":[10.66667,13.33333,10.83333,14.33333],"rotation":90,"texture":"#8"},"down":{"uv":[13.33333,8.33333,13.5,9.33333],"rotation":90,"texture":"#8"}}},{"from":[13.47402,5.73086,-1.16885],"to":[13.97402,7.23086,-0.16885],"rotation":{"angle":22.5,"axis":"y","origin":[14,6.48086,2.67555]},"faces":{"north":{"uv":[6.33333,14,6.83333,14.16667],"rotation":270,"texture":"#8"},"east":{"uv":[13.83333,10,13.33333,9.66667],"rotation":90,"texture":"#8"},"south":{"uv":[7.33333,14,7.83333,14.16667],"rotation":90,"texture":"#8"},"west":{"uv":[11.83333,13.33333,11.33333,13.66667],"rotation":90,"texture":"#8"},"up":{"uv":[11.33333,14,11.66667,14.16667],"rotation":90,"texture":"#8"},"down":{"uv":[4,14,4.33333,14.16667],"rotation":90,"texture":"#8"}}},{"from":[10.97402,5.73086,-1.16884],"to":[11.47402,7.23086,2.33116],"rotation":{"angle":22.5,"axis":"y","origin":[14,6.48086,2.67555]},"faces":{"north":{"uv":[8.33333,14,8.83333,14.16667],"rotation":270,"texture":"#8"},"east":{"uv":[11.5,4.16667,11,3],"rotation":90,"texture":"#8"},"south":{"uv":[14,8.33333,14.5,8.5],"rotation":90,"texture":"#8"},"west":{"uv":[11.5,8,11,9.16667],"rotation":90,"texture":"#8"},"up":{"uv":[13.33333,2,14.5,2.16667],"rotation":90,"texture":"#8"},"down":{"uv":[13,5.66667,14.16667,5.83333],"rotation":90,"texture":"#8"}}},{"from":[10.97402,5.73086,2.33116],"to":[12.97402,7.23086,2.83116],"rotation":{"angle":22.5,"axis":"y","origin":[14,6.48086,2.67555]},"faces":{"north":{"uv":[11,12.33333,11.5,13],"rotation":270,"texture":"#8"},"east":{"uv":[14.5,9.16667,14,9],"rotation":90,"texture":"#8"},"south":{"uv":[12,12.33333,12.5,13],"rotation":90,"texture":"#8"},"west":{"uv":[9.83333,14,9.33333,14.16667],"rotation":90,"texture":"#8"},"up":{"uv":[14,0,14.16667,0.66667],"rotation":90,"texture":"#8"},"down":{"uv":[13.66667,13.66667,13.83333,14.33333],"rotation":90,"texture":"#8"}}},{"from":[10.95568,5.23086,0.44363],"to":[12.45568,7.73086,1.94363],"rotation":{"angle":45,"axis":"y","origin":[14,6.48086,2.67555]},"faces":{"north":{"uv":[12,3.66667,12.83333,4.16667],"rotation":270,"texture":"#8"},"east":{"uv":[12.83333,8.5,12,8],"rotation":90,"texture":"#8"},"south":{"uv":[5.33333,12,6.16667,12.5],"rotation":90,"texture":"#8"},"west":{"uv":[9.5,12,8.66667,12.5],"rotation":90,"texture":"#8"},"up":{"uv":[3.66667,13,4.16667,13.5],"rotation":90,"texture":"#8"},"down":{"uv":[13,2.66667,13.5,3.16667],"rotation":90,"texture":"#8"}}},{"from":[11.47402,5.88436,-1.16885],"to":[13.52402,7.07736,2.33115],"rotation":{"angle":22.5,"axis":"y","origin":[14,6.48086,2.67555]},"faces":{"up":{"uv":[10,2,11.16667,2.66667],"rotation":90,"texture":"#8"},"down":{"uv":[1,10,2.16667,10.66667],"rotation":90,"texture":"#8"}}},{"from":[10.90968,5.73436,-0.37803],"to":[15.40968,7.22736,1.12197],"rotation":{"angle":-22.5,"axis":"y","origin":[14,6.48086,2.67555]},"faces":{"north":{"uv":[2.66667,10,3.16667,11.5],"rotation":270,"texture":"#8"},"south":{"uv":[3.66667,10,4.16667,11.5],"rotation":90,"texture":"#8"},"up":{"uv":[5.66667,10,6.16667,11.5],"rotation":90,"texture":"#8"},"down":{"uv":[10,3,10.5,4.5],"rotation":90,"texture":"#8"}}},{"from":[15.40968,5.73436,-0.37803],"to":[16.90968,7.22736,5.12197],"rotation":{"angle":-22.5,"axis":"y","origin":[14,6.48086,2.67555]},"faces":{"north":{"uv":[13,4.66667,13.5,5.16667],"rotation":270,"texture":"#8"},"east":{"uv":[5.16667,11.16667,4.66667,9.33333],"rotation":90,"texture":"#8"},"south":{"uv":[5.33333,13,5.83333,13.5],"rotation":90,"texture":"#8"},"west":{"uv":[0.5,9.66667,0,11.5],"rotation":90,"texture":"#8"},"up":{"uv":[8.66667,9.33333,10.5,9.83333],"rotation":90,"texture":"#8"},"down":{"uv":[9.33333,5.33333,11.16667,5.83333],"rotation":90,"texture":"#8"}}},{"from":[16.90968,5.98436,4.12197],"to":[18.40968,6.97736,5.12197],"rotation":{"angle":-22.5,"axis":"y","origin":[14,6.48086,2.67555]},"faces":{"north":{"uv":[12.33333,13.33333,12.66667,13.83333],"rotation":270,"texture":"#8"},"east":{"uv":[11.33333,5,11,4.66667],"rotation":90,"texture":"#8"},"south":{"uv":[4.66667,13.66667,5,14.16667],"rotation":90,"texture":"#8"},"up":{"uv":[13.66667,10.33333,14,10.83333],"rotation":90,"texture":"#8"},"down":{"uv":[13,13.33333,13.33333,13.83333],"rotation":90,"texture":"#8"}}},{"from":[17.90968,5.98436,3.12197],"to":[18.40968,6.97736,4.12197],"rotation":{"angle":-22.5,"axis":"y","origin":[14,6.48086,2.67555]},"faces":{"north":{"uv":[0,14.33333,0.33333,14.5],"rotation":270,"texture":"#8"},"east":{"uv":[11.33333,10,11,9.66667],"rotation":90,"texture":"#8"},"west":{"uv":[12.33333,9,12,9.33333],"rotation":90,"texture":"#8"},"up":{"uv":[14.33333,6.33333,14.66667,6.5],"rotation":90,"texture":"#8"},"down":{"uv":[14.33333,3.66667,14.66667,3.83333],"rotation":90,"texture":"#8"}}},{"from":[-2.40968,5.98436,3.12197],"to":[-1.90968,6.97736,4.12197],"rotation":{"angle":22.5,"axis":"y","origin":[2,6.48086,2.67555]},"faces":{"north":{"uv":[0,14.5,0.33333,14.33333],"rotation":270,"texture":"#8"},"east":{"uv":[12.33333,9.33333,12,9],"rotation":90,"texture":"#8"},"west":{"uv":[11.33333,9.66667,11,10],"rotation":90,"texture":"#8"},"up":{"uv":[14.33333,6.5,14.66667,6.33333],"rotation":90,"texture":"#8"},"down":{"uv":[14.33333,3.83333,14.66667,3.66667],"rotation":90,"texture":"#8"}}},{"from":[-2.40968,5.98436,4.12197],"to":[-0.90968,6.97736,5.12197],"rotation":{"angle":22.5,"axis":"y","origin":[2,6.48086,2.67555]},"faces":{"north":{"uv":[12.33333,13.83333,12.66667,13.33333],"rotation":270,"texture":"#8"},"south":{"uv":[4.66667,14.16667,5,13.66667],"rotation":90,"texture":"#8"},"west":{"uv":[11.33333,4.66667,11,5],"rotation":90,"texture":"#8"},"up":{"uv":[13.66667,10.83333,14,10.33333],"rotation":90,"texture":"#8"},"down":{"uv":[13,13.83333,13.33333,13.33333],"rotation":90,"texture":"#8"}}},{"from":[-0.90968,5.73436,-0.37803],"to":[0.59032,7.22736,5.12197],"rotation":{"angle":22.5,"axis":"y","origin":[2,6.48086,2.67555]},"faces":{"north":{"uv":[13,5.16667,13.5,4.66667],"rotation":270,"texture":"#8"},"east":{"uv":[0.5,11.5,0,9.66667],"rotation":90,"texture":"#8"},"south":{"uv":[5.33333,13.5,5.83333,13],"rotation":90,"texture":"#8"},"west":{"uv":[5.16667,9.33333,4.66667,11.16667],"rotation":90,"texture":"#8"},"up":{"uv":[8.66667,9.83333,10.5,9.33333],"rotation":90,"texture":"#8"},"down":{"uv":[9.33333,5.83333,11.16667,5.33333],"rotation":90,"texture":"#8"}}},{"from":[0.59032,5.73436,-0.37803],"to":[5.09032,7.22736,1.12197],"rotation":{"angle":22.5,"axis":"y","origin":[2,6.48086,2.67555]},"faces":{"north":{"uv":[2.66667,11.5,3.16667,10],"rotation":270,"texture":"#8"},"south":{"uv":[3.66667,11.5,4.16667,10],"rotation":90,"texture":"#8"},"up":{"uv":[5.66667,11.5,6.16667,10],"rotation":90,"texture":"#8"},"down":{"uv":[10,4.5,10.5,3],"rotation":90,"texture":"#8"}}},{"from":[4.52598,5.73086,-1.16884],"to":[5.02598,7.23086,2.33116],"rotation":{"angle":-22.5,"axis":"y","origin":[2,6.48086,2.67555]},"faces":{"north":{"uv":[8.33333,14.16667,8.83333,14],"rotation":270,"texture":"#8"},"east":{"uv":[11.5,9.16667,11,8],"rotation":90,"texture":"#8"},"south":{"uv":[14,8.5,14.5,8.33333],"rotation":90,"texture":"#8"},"west":{"uv":[11.5,3,11,4.16667],"rotation":90,"texture":"#8"},"up":{"uv":[13.33333,2.16667,14.5,2],"rotation":90,"texture":"#8"},"down":{"uv":[13,5.83333,14.16667,5.66667],"rotation":90,"texture":"#8"}}},{"from":[3.02598,5.73086,2.33116],"to":[5.02598,7.23086,2.83116],"rotation":{"angle":-22.5,"axis":"y","origin":[2,6.48086,2.67555]},"faces":{"north":{"uv":[11,13,11.5,12.33333],"rotation":270,"texture":"#8"},"east":{"uv":[9.83333,14.16667,9.33333,14],"rotation":90,"texture":"#8"},"south":{"uv":[12,13,12.5,12.33333],"rotation":90,"texture":"#8"},"west":{"uv":[14.5,9,14,9.16667],"rotation":90,"texture":"#8"},"up":{"uv":[14,0.66667,14.16667,0],"rotation":90,"texture":"#8"},"down":{"uv":[13.66667,14.33333,13.83333,13.66667],"rotation":90,"texture":"#8"}}},{"from":[3.02598,5.73086,0.33116],"to":[3.52598,7.23086,2.33116],"rotation":{"angle":-22.5,"axis":"y","origin":[2,6.48086,2.67555]},"faces":{"north":{"uv":[14,1.16667,14.5,1],"rotation":270,"texture":"#8"},"east":{"uv":[10.5,12.66667,10,12],"rotation":90,"texture":"#8"},"south":{"uv":[1.33333,14.16667,1.83333,14],"rotation":90,"texture":"#8"},"west":{"uv":[4.16667,12,3.66667,12.66667],"rotation":90,"texture":"#8"},"up":{"uv":[13.66667,13.16667,14.33333,13],"rotation":90,"texture":"#8"},"down":{"uv":[13.66667,12.5,14.33333,12.33333],"rotation":90,"texture":"#8"}}},{"from":[2.47598,5.88436,-1.16885],"to":[4.52598,7.07736,2.33115],"rotation":{"angle":-22.5,"axis":"y","origin":[2,6.48086,2.67555]},"faces":{"up":{"uv":[10,2.66667,11.16667,2],"rotation":90,"texture":"#8"},"down":{"uv":[1,10.66667,2.16667,10],"rotation":90,"texture":"#8"}}},{"from":[2.02598,5.73086,-1.66885],"to":[5.02598,7.23086,-1.16885],"rotation":{"angle":-22.5,"axis":"y","origin":[2,6.48086,2.67555]},"faces":{"north":{"uv":[11.66667,12,12.16667,11],"rotation":270,"texture":"#8"},"east":{"uv":[5.83333,14.16667,5.33333,14],"rotation":90,"texture":"#8"},"south":{"uv":[0,13,0.5,12],"rotation":90,"texture":"#8"},"west":{"uv":[14.5,5,14,5.16667],"rotation":90,"texture":"#8"},"up":{"uv":[10.66667,14.33333,10.83333,13.33333],"rotation":90,"texture":"#8"},"down":{"uv":[13.33333,9.33333,13.5,8.33333],"rotation":90,"texture":"#8"}}},{"from":[3.54432,5.23086,0.44363],"to":[5.04432,7.73086,1.94363],"rotation":{"angle":-45,"axis":"y","origin":[2,6.48086,2.67555]},"faces":{"north":{"uv":[12,4.16667,12.83333,3.66667],"rotation":270,"texture":"#8"},"east":{"uv":[9.5,12.5,8.66667,12],"rotation":90,"texture":"#8"},"south":{"uv":[5.33333,12.5,6.16667,12],"rotation":90,"texture":"#8"},"west":{"uv":[12.83333,8,12,8.5],"rotation":90,"texture":"#8"},"up":{"uv":[3.66667,13.5,4.16667,13],"rotation":90,"texture":"#8"},"down":{"uv":[13,3.16667,13.5,2.66667],"rotation":90,"texture":"#8"}}},{"from":[4.98086,6.13707,2.33175],"to":[5.98086,7.63707,3.83175],"rotation":{"angle":45,"axis":"x","origin":[2,6.48086,2.67555]},"faces":{"north":{"uv":[13.33333,4,13.83333,3.66667],"rotation":270,"texture":"#8"},"east":{"uv":[13.16667,11.83333,12.66667,11.33333],"rotation":90,"texture":"#8"},"south":{"uv":[13.33333,7.33333,13.83333,7],"rotation":90,"texture":"#8"},"west":{"uv":[13.16667,10.33333,12.66667,10.83333],"rotation":90,"texture":"#8"},"up":{"uv":[13.33333,8,13.83333,7.66667],"rotation":90,"texture":"#8"},"down":{"uv":[13.33333,6.66667,13.83333,6.33333],"rotation":90,"texture":"#8"}}},{"from":[2.02598,5.73086,-1.16885],"to":[2.52598,7.23086,-0.16885],"rotation":{"angle":-22.5,"axis":"y","origin":[2,6.48086,2.67555]},"faces":{"north":{"uv":[6.33333,14.16667,6.83333,14],"rotation":270,"texture":"#8"},"east":{"uv":[11.83333,13.66667,11.33333,13.33333],"rotation":90,"texture":"#8"},"south":{"uv":[7.33333,14.16667,7.83333,14],"rotation":90,"texture":"#8"},"west":{"uv":[13.83333,9.66667,13.33333,10],"rotation":90,"texture":"#8"},"up":{"uv":[11.33333,14.16667,11.66667,14],"rotation":90,"texture":"#8"},"down":{"uv":[4,14.16667,4.33333,14],"rotation":90,"texture":"#8"}}},{"from":[0,6.485,5.85],"to":[16,6.495,11.85],"rotation":{"angle":0,"axis":"z","origin":[14,7.75,16.1]},"faces":{"up":{"uv":[5.33333,2,0,0],"texture":"#8"},"down":{"uv":[5.33333,0,0,2],"texture":"#8"}}},{"from":[0.37047,5.75,-9.47059],"to":[1.87047,7.25,-6.47059],"rotation":{"angle":45,"axis":"y","origin":[7.25,6.5,-1.34567]},"faces":{"north":{"uv":[9.66667,1,8.66667,0],"rotation":270,"texture":"#5"},"east":{"uv":[0,0,1,2],"rotation":90,"texture":"#5"},"south":{"uv":[9.66667,2,8.66667,3],"rotation":270,"texture":"#5"},"west":{"uv":[0,2.66667,1,4.66667],"rotation":270,"texture":"#5"},"up":{"uv":[2,0,3,2],"texture":"#5"},"down":{"uv":[2,2.66667,3,4.66667],"rotation":180,"texture":"#5"}}},{"from":[0.37047,6.25,-6.47059],"to":[0.87047,6.75,-2.47059],"rotation":{"angle":45,"axis":"y","origin":[7.25,6.5,-1.34567]},"faces":{"east":{"uv":[4,8,4.33333,10.66667],"rotation":90,"texture":"#5"},"south":{"uv":[1.66667,12,1.33333,12.33333],"rotation":270,"texture":"#5"},"west":{"uv":[0,9.33333,0.33333,12],"rotation":270,"texture":"#5"},"up":{"uv":[8.66667,8,9,10.66667],"texture":"#5"},"down":{"uv":[5.33333,9.33333,5.66667,12],"rotation":180,"texture":"#5"}}},{"from":[0.37047,6.485,-10.47059],"to":[1.87047,6.515,-9.47059],"rotation":{"angle":45,"axis":"y","origin":[7.25,6.5,-1.34567]},"faces":{"up":{"uv":[10.66667,6.66667,11.66667,7.33333],"texture":"#5"},"down":{"uv":[8,11.33333,9,12],"rotation":180,"texture":"#5"}}},{"from":[1.05411,6,-4.28375],"to":[2.05411,7,0.21625],"rotation":{"angle":22.5,"axis":"y","origin":[7.25,6.5,-1.34567]},"faces":{"north":{"uv":[4.66667,12,4,11.33333],"rotation":270,"texture":"#5"},"east":{"uv":[4,0,4.66667,3],"rotation":90,"texture":"#5"},"south":{"uv":[10.66667,11.33333,10,12],"rotation":270,"texture":"#5"},"west":{"uv":[0,5.33333,0.66667,8.33333],"rotation":270,"texture":"#5"},"up":{"uv":[4,4,4.66667,7],"texture":"#5"},"down":{"uv":[5.33333,0,6,3],"rotation":180,"texture":"#5"}}},{"from":[16.87492,6.485,4.03386],"to":[17.87492,6.515,5.53386],"rotation":{"angle":45,"axis":"y","origin":[8.75,6.5,-1.34567]},"faces":{"up":{"uv":[12.33333,8.66667,11.33333,8],"rotation":270,"texture":"#5"},"down":{"uv":[12.33333,10,11.33333,9.33333],"rotation":270,"texture":"#5"}}},{"from":[9.87492,6.25,5.03386],"to":[13.87492,6.75,5.53386],"rotation":{"angle":45,"axis":"y","origin":[8.75,6.5,-1.34567]},"faces":{"north":{"uv":[11,6,10.66667,3.33333],"rotation":90,"texture":"#5"},"south":{"uv":[10.33333,10.66667,10,8],"rotation":270,"texture":"#5"},"west":{"uv":[12.33333,1.33333,12,1.66667],"rotation":270,"texture":"#5"},"up":{"uv":[11,2.66667,10.66667,0],"rotation":270,"texture":"#5"},"down":{"uv":[7,13.33333,6.66667,10.66667],"rotation":270,"texture":"#5"}}},{"from":[13.87492,5.75,4.03386],"to":[16.87492,7.25,5.53386],"rotation":{"angle":45,"axis":"y","origin":[8.75,6.5,-1.34567]},"faces":{"north":{"uv":[7.66667,2,6.66667,0],"rotation":90,"texture":"#5"},"east":{"uv":[9.66667,5,8.66667,4],"rotation":270,"texture":"#5"},"south":{"uv":[2.33333,7.33333,1.33333,5.33333],"rotation":270,"texture":"#5"},"west":{"uv":[9.66667,6,8.66667,7],"rotation":270,"texture":"#5"},"up":{"uv":[6.33333,6,5.33333,4],"rotation":270,"texture":"#5"},"down":{"uv":[6.33333,8.66667,5.33333,6.66667],"rotation":270,"texture":"#5"}}},{"from":[13.94589,6,-4.28375],"to":[14.94589,7,0.21625],"rotation":{"angle":-22.5,"axis":"y","origin":[8.75,6.5,-1.34567]},"faces":{"north":{"uv":[12,11.33333,11.33333,10.66667],"rotation":270,"texture":"#5"},"east":{"uv":[8,5.66667,7.33333,2.66667],"rotation":270,"texture":"#5"},"south":{"uv":[12.66667,0,12,0.66667],"rotation":270,"texture":"#5"},"west":{"uv":[2,11,1.33333,8],"rotation":90,"texture":"#5"},"up":{"uv":[7.33333,6.66667,8,9.66667],"texture":"#5"},"down":{"uv":[2.66667,8,3.33333,11],"rotation":180,"texture":"#5"}}},{"from":[1.05411,6.485,-8.28375],"to":[2.55411,6.515,-4.28375],"rotation":{"angle":22.5,"axis":"y","origin":[7.25,6.5,-1.34567]},"faces":{"up":{"uv":[8,0,0,3],"rotation":270,"texture":"#1"},"down":{"uv":[0,0,8,3],"rotation":270,"texture":"#1"}}},{"from":[13.44589,6.485,-8.28375],"to":[14.94589,6.515,-4.28375],"rotation":{"angle":-22.5,"axis":"y","origin":[8.75,6.5,-1.34567]},"faces":{"up":{"uv":[0,0,8,3],"rotation":90,"texture":"#1"},"down":{"uv":[8,0,0,3],"rotation":90,"texture":"#1"}}},{"from":[7,4,2.25],"to":[9,6,12.25],"rotation":{"angle":0,"axis":"y","origin":[7,0,2.25]},"faces":{"north":{"uv":[2.66667,12,3.33333,12.66667],"texture":"#8"},"east":{"uv":[5.66667,4.33333,9,5],"texture":"#8"},"south":{"uv":[12,2.66667,12.66667,3.33333],"texture":"#8"},"west":{"uv":[5.66667,5.33333,9,6],"texture":"#8"},"up":{"uv":[6.33333,9.66667,5.66667,6.33333],"texture":"#8"},"down":{"uv":[7.33333,6.33333,6.66667,9.66667],"texture":"#8"}}},{"from":[7.5,3,4.25],"to":[8.5,4,12.75],"rotation":{"angle":0,"axis":"y","origin":[7,0,2.25]},"faces":{"north":{"uv":[0.66667,14,1,14.33333],"texture":"#8"},"east":{"uv":[9,7.33333,11.83333,7.66667],"texture":"#8"},"west":{"uv":[1.33333,9.33333,4.16667,9.66667],"texture":"#8"},"down":{"uv":[9.66667,2,9.33333,4.83333],"texture":"#8"}}},{"from":[9,4.75,2.25],"to":[10,7.25,4.25],"rotation":{"angle":0,"axis":"y","origin":[7,0,2.25]},"faces":{"north":{"uv":[12.66667,0,13,0.83333],"texture":"#8"},"east":{"uv":[11.66667,0,12.33333,0.83333],"texture":"#8"},"south":{"uv":[1,12.66667,1.33333,13.5],"texture":"#8"},"west":{"uv":[11.66667,1.33333,12.33333,2.16667],"texture":"#8"},"up":{"uv":[9.66667,13.66667,9.33333,13],"texture":"#8"},"down":{"uv":[10.33333,13,10,13.66667],"texture":"#8"}}},{"from":[6,4.75,2.25],"to":[7,7.25,4.25],"rotation":{"angle":0,"axis":"y","origin":[9,0,2.25]},"faces":{"north":{"uv":[7.66667,12.66667,8,13.5],"texture":"#8"},"east":{"uv":[6.66667,11.66667,7.33333,12.5],"texture":"#8"},"south":{"uv":[12.66667,9,13,9.83333],"texture":"#8"},"west":{"uv":[11.66667,9.66667,12.33333,10.5],"texture":"#8"},"up":{"uv":[13.66667,0.66667,13.33333,0],"texture":"#8"},"down":{"uv":[13.66667,1,13.33333,1.66667],"texture":"#8"}}},{"from":[7,2.91343,13.86259],"to":[9,4.91343,18.86259],"rotation":{"angle":0,"axis":"x","origin":[8,2.41342,17.1126]},"faces":{"east":{"uv":[8.33333,0,10,0.66667],"texture":"#8"},"west":{"uv":[8.33333,1,10,1.66667],"texture":"#8"},"up":{"uv":[9,3.66667,8.33333,2],"texture":"#8"},"down":{"uv":[8.33333,8.33333,7.66667,10],"texture":"#8"}}},{"from":[7.5,1.41343,12.86259],"to":[8.5,2.91343,18.86259],"rotation":{"angle":0,"axis":"x","origin":[8,2.41342,17.1126]},"faces":{"north":{"uv":[13.66667,11.33333,14,11.83333],"texture":"#8"},"east":{"uv":[8.66667,8.33333,10.66667,8.83333],"texture":"#8"},"west":{"uv":[9,6.33333,11,6.83333],"texture":"#8"},"down":{"uv":[8.33333,10.33333,8,12.33333],"texture":"#8"}}},{"from":[6.75,2.25,11.5],"to":[9.25,7.75,14],"rotation":{"angle":-22.5,"axis":"x","origin":[8,5,14.5]},"faces":{"north":{"uv":[7,0,7.83333,1.83333],"texture":"#8"},"east":{"uv":[1.33333,7,2.16667,8.83333],"texture":"#8"},"south":{"uv":[2.66667,7,3.5,8.83333],"texture":"#8"},"west":{"uv":[4,7,4.83333,8.83333],"texture":"#8"},"up":{"uv":[11.16667,0.83333,10.33333,0],"texture":"#8"},"down":{"uv":[7.5,10.33333,6.66667,11.16667],"texture":"#8"}}},{"from":[6.75,0.16342,18.8626],"to":[9.25,5.16342,19.8626],"rotation":{"angle":0,"axis":"x","origin":[8,2.41342,17.1126]},"faces":{"north":{"uv":[7,2.33333,7.83333,4],"texture":"#8"},"east":{"uv":[2,11,2.33333,12.66667],"texture":"#8"},"south":{"uv":[7.66667,6.33333,8.5,8],"texture":"#8"},"west":{"uv":[4.66667,11.66667,5,13.33333],"texture":"#8"},"up":{"uv":[11.16667,1.66667,10.33333,1.33333],"texture":"#8"},"down":{"uv":[12.5,5.66667,11.66667,6],"texture":"#8"}}},{"from":[7.25,-1.75,6],"to":[8.75,2.25,7.5],"rotation":{"angle":-45,"axis":"x","origin":[7.25,0,2.5]},"faces":{"north":{"uv":[8.66667,10.33333,9.16667,11.66667],"texture":"#8"},"east":{"uv":[9.66667,10.33333,10.16667,11.66667],"texture":"#8"},"south":{"uv":[10.66667,10.33333,11.16667,11.66667],"texture":"#8"},"west":{"uv":[1,11,1.5,12.33333],"texture":"#8"},"up":{"uv":[6.83333,13.5,6.33333,13],"texture":"#8"},"down":{"uv":[8.83333,13,8.33333,13.5],"texture":"#8"}}},{"from":[7.5,6,8.5],"to":[8.5,8,11],"rotation":{"angle":22.5,"axis":"x","origin":[7.5,6,8.5]},"faces":{"north":{"uv":[13,12.33333,13.33333,13],"texture":"#8"},"east":{"uv":[11.33333,6.33333,12.16667,7],"texture":"#8"},"south":{"uv":[0,13.33333,0.33333,14],"texture":"#8"},"west":{"uv":[11.66667,4.66667,12.5,5.33333],"texture":"#8"},"up":{"uv":[13,2.16667,12.66667,1.33333],"texture":"#8"},"down":{"uv":[13,6.33333,12.66667,7.16667],"texture":"#8"}}},{"from":[1.25,4.81828,-3.38696],"to":[14.75,9.81828,-3.35696],"rotation":{"angle":22.5,"axis":"x","origin":[8,7.31828,-3.37196]},"faces":{"north":{"uv":[0,0,9,3.33333],"texture":"#3"},"south":{"uv":[0,0,9,3.33333],"texture":"#3"}}},{"from":[-4.5,5.485,-3.25],"to":[4.5,7.515,5.75],"rotation":{"angle":22.5,"axis":"y","origin":[0,6.5,1.25]},"faces":{"up":{"uv":[9,9,0,0],"texture":"#2"},"down":{"uv":[0,9,9,0],"rotation":180,"texture":"#2"}}},{"from":[11.5,5.485,-3.25],"to":[20.5,7.515,5.75],"rotation":{"angle":-22.5,"axis":"y","origin":[16,6.5,1.25]},"faces":{"up":{"uv":[0,9,9,0],"rotation":180,"texture":"#2"},"down":{"uv":[9,9,0,0],"texture":"#2"}}}],"gui_light":"front","display":{"thirdperson_righthand":{"translation":[0,4.5,-2.25]},"thirdperson_lefthand":{"translation":[0,4.5,-2.25]},"firstperson_righthand":{"translation":[4.5,2.5,-3.5]},"firstperson_lefthand":{"translation":[4.5,2.5,-3.5]},"ground":{"rotation":[20,0,0],"translation":[0,5,0],"scale":[0.6,0.6,0.6]},"gui":{"rotation":[90,-45,0],"translation":[-1.25,-1,0],"scale":[0.7,0.7,0.7]},"fixed":{"rotation":[-90,0,0],"translation":[0,0,-12.75],"scale":[2,2,2]}}}