{"credit":"Pologony Creation Co.,Ltd.","texture_size":[24,24],"textures":{"1":"tavern:items/sets/fireworkset/animated/fire_animated_1","2":"tavern:items/sets/fireworkset/animated/firework_animated","3":"tavern:items/sets/fireworkset/firework","4":"tavern:items/sets/fireworkset/animated/2025","5":"tavern:items/sets/fireworkset/spear_trident","particle":"tavern:items/sets/fireworkset/animated/fire_animated_1"},"elements":[{"from":[7.25,0,7.25],"to":[8.75,1,8.75],"rotation":{"angle":45,"axis":"y","origin":[8,-0.25,8]},"faces":{"north":{"uv":[3.2,12,3.8,12.4],"texture":"#5"},"east":{"uv":[4.4,12,5,12.4],"texture":"#5"},"south":{"uv":[5.6,12,6.2,12.4],"texture":"#5"},"west":{"uv":[12,6,12.6,6.4],"texture":"#5"},"up":{"uv":[8.6,11,8,10.4],"texture":"#5"},"down":{"uv":[11,9.2,10.4,9.8],"texture":"#5"}}},{"from":[7.5,1,7.5],"to":[8.5,4,8.5],"rotation":{"angle":45,"axis":"y","origin":[8,1.5,8]},"faces":{"north":{"uv":[1.6,9.6,2,10.8],"texture":"#5"},"east":{"uv":[7.2,9.6,7.6,10.8],"texture":"#5"},"south":{"uv":[9.6,9.2,10,10.4],"texture":"#5"},"west":{"uv":[10,0,10.4,1.2],"texture":"#5"}}},{"from":[7.25,4,7.25],"to":[8.75,5,8.75],"rotation":{"angle":45,"axis":"y","origin":[8,-0.25,8]},"faces":{"north":{"uv":[12,8,12.6,8.4],"texture":"#5"},"east":{"uv":[8.8,12,9.4,12.4],"texture":"#5"},"south":{"uv":[1.2,12.4,1.8,12.8],"texture":"#5"},"west":{"uv":[12.4,1.2,13,1.6],"texture":"#5"},"up":{"uv":[11,11,10.4,10.4],"texture":"#5"},"down":{"uv":[0.6,10.8,0,11.4],"texture":"#5"}}},{"from":[7.25,-14,7.25],"to":[8.75,-13,8.75],"rotation":{"angle":45,"axis":"y","origin":[8,-14.25,8]},"faces":{"north":{"uv":[4.4,12.8,5,13.2],"texture":"#5"},"east":{"uv":[5.6,12.8,6.2,13.2],"texture":"#5"},"south":{"uv":[8,12.8,8.6,13.2],"texture":"#5"},"west":{"uv":[12.8,8.8,13.4,9.2],"texture":"#5"},"up":{"uv":[11.8,4.2,11.2,3.6],"texture":"#5"},"down":{"uv":[11.8,4.8,11.2,5.4],"texture":"#5"}}},{"from":[7.985,-16,6.75],"to":[8.015,-13.5,9.25],"rotation":{"angle":0,"axis":"y","origin":[7.985,-14.75,8]},"faces":{"east":{"uv":[7.2,4.8,8.2,5.8],"texture":"#5"},"west":{"uv":[7.2,6.4,8.2,7.4],"texture":"#5"}}},{"from":[7.5,-13,7.5],"to":[8.5,-10,8.5],"rotation":{"angle":45,"axis":"y","origin":[8,-12.5,8]},"faces":{"north":{"uv":[2.4,10.4,2.8,11.6],"texture":"#5"},"east":{"uv":[10.4,2.8,10.8,4],"texture":"#5"},"south":{"uv":[3.2,10.4,3.6,11.6],"texture":"#5"},"west":{"uv":[4,10.4,4.4,11.6],"texture":"#5"}}},{"from":[7.25,-10,7.25],"to":[8.75,-9,8.75],"rotation":{"angle":45,"axis":"y","origin":[8,-14.25,8]},"faces":{"north":{"uv":[12,12.4,12.6,12.8],"texture":"#5"},"east":{"uv":[0,12.8,0.6,13.2],"texture":"#5"},"south":{"uv":[12.8,0,13.4,0.4],"texture":"#5"},"west":{"uv":[3.2,12.8,3.8,13.2],"texture":"#5"},"up":{"uv":[11.8,1.8,11.2,1.2],"texture":"#5"},"down":{"uv":[11.8,2.4,11.2,3],"texture":"#5"}}},{"from":[7.5,21.5,7],"to":[8.5,23.5,9],"rotation":{"angle":0,"axis":"y","origin":[8,19.5,6.5]},"faces":{"north":{"uv":[11.2,6,11.6,6.8],"texture":"#5"},"east":{"uv":[8,8,8.8,8.8],"texture":"#5"},"south":{"uv":[7.2,11.2,7.6,12],"texture":"#5"},"west":{"uv":[8.8,0,9.6,0.8],"texture":"#5"},"up":{"uv":[8.4,12.4,8,11.6],"texture":"#5"}}},{"from":[7.5035,22.75,6.4588],"to":[8.4965,23.75,8.4588],"rotation":{"angle":22.5,"axis":"x","origin":[8.0035,23.75,7.4588]},"faces":{"north":{"uv":[13.2,3.6,13.6,4],"texture":"#5"},"east":{"uv":[11.2,7.2,12,7.6],"texture":"#5"},"west":{"uv":[11.6,9.2,12.4,9.6],"texture":"#5"},"up":{"uv":[12,10.8,11.6,10],"texture":"#5"},"down":{"uv":[10.8,11.6,10.4,12.4],"texture":"#5"}}},{"from":[7.5035,22.75,7.5412],"to":[8.4965,23.75,9.5412],"rotation":{"angle":-22.5,"axis":"x","origin":[8.0035,23.75,8.5412]},"faces":{"east":{"uv":[11.2,11.6,12,12],"texture":"#5"},"south":{"uv":[13.2,4.4,13.6,4.8],"texture":"#5"},"west":{"uv":[0,12,0.8,12.4],"texture":"#5"},"up":{"uv":[12.4,0.8,12,0],"texture":"#5"},"down":{"uv":[2.8,12,2.4,12.8],"texture":"#5"}}},{"from":[7.5035,23.75,6.4588],"to":[8.4965,24.25,6.9588],"rotation":{"angle":22.5,"axis":"x","origin":[8.0035,23.75,7.4588]},"faces":{"north":{"uv":[13.6,14,14,14.2],"texture":"#5"},"east":{"uv":[9.2,14.4,9.4,14.6],"texture":"#5"},"south":{"uv":[14.4,0.8,14.8,1],"texture":"#5"},"west":{"uv":[14.4,9.2,14.6,9.4],"texture":"#5"},"up":{"uv":[3.2,14.6,2.8,14.4],"texture":"#5"}}},{"from":[7.5035,23.75,9.0412],"to":[8.4965,24.25,9.5412],"rotation":{"angle":-22.5,"axis":"x","origin":[8.0035,23.75,8.5412]},"faces":{"north":{"uv":[3.6,14.4,4,14.6],"texture":"#5"},"east":{"uv":[14.4,10,14.6,10.2],"texture":"#5"},"south":{"uv":[4.4,14.4,4.8,14.6],"texture":"#5"},"west":{"uv":[14.4,12,14.6,12.2],"texture":"#5"},"up":{"uv":[5.6,14.6,5.2,14.4],"texture":"#5"}}},{"from":[7.985,23,5.75],"to":[8.015,32,10.25],"rotation":{"angle":0,"axis":"y","origin":[7.985,19.5,6.25]},"faces":{"east":{"uv":[1.8,4,0,7.6],"texture":"#5"},"west":{"uv":[0,4,1.8,7.6],"texture":"#5"}}},{"from":[7.25,20.75,6.72627],"to":[8.75,21.25,8.72627],"rotation":{"angle":-22.5,"axis":"x","origin":[7.25,19.75,6.72627]},"faces":{"north":{"uv":[13.2,10.4,13.8,10.6],"texture":"#5"},"east":{"uv":[13.2,6,14,6.2],"texture":"#5"},"south":{"uv":[12,13.2,12.6,13.4],"texture":"#5"},"west":{"uv":[6.8,13.2,7.6,13.4],"texture":"#5"},"up":{"uv":[10.6,2.4,10,1.6],"texture":"#5"},"down":{"uv":[10.6,4.4,10,5.2],"texture":"#5"}}},{"from":[7.25,20.75,7.27373],"to":[8.75,21.25,9.27373],"rotation":{"angle":22.5,"axis":"x","origin":[7.25,19.75,9.27373]},"faces":{"north":{"uv":[13.2,12.4,13.8,12.6],"texture":"#5"},"east":{"uv":[13.2,7.6,14,7.8],"texture":"#5"},"south":{"uv":[13.2,13.2,13.8,13.4],"texture":"#5"},"west":{"uv":[13.2,9.6,14,9.8],"texture":"#5"},"up":{"uv":[10.6,6.4,10,5.6],"texture":"#5"},"down":{"uv":[10.6,6.8,10,7.6],"texture":"#5"}}},{"from":[7.25,20.09985,5.95776],"to":[8.75,21.59985,6.45776],"rotation":{"angle":-22.5,"axis":"x","origin":[7.25,20.09985,4.95776]},"faces":{"north":{"uv":[10.8,0,11.4,0.6],"texture":"#5"},"east":{"uv":[0,13.6,0.2,14.2],"texture":"#5"},"south":{"uv":[4.8,10.8,5.4,11.4],"texture":"#5"},"west":{"uv":[13.6,0.8,13.8,1.4],"texture":"#5"},"up":{"uv":[3.4,13.8,2.8,13.6],"texture":"#5"},"down":{"uv":[4.6,13.6,4,13.8],"texture":"#5"}}},{"from":[7.25,18.59985,4.45776],"to":[8.75,21.59985,4.95776],"rotation":{"angle":-22.5,"axis":"x","origin":[7.25,20.09985,4.95776]},"faces":{"north":{"uv":[0,8,0.6,9.2],"texture":"#5"},"east":{"uv":[12.4,2,12.6,3.2],"texture":"#5"},"south":{"uv":[1.2,8,1.8,9.2],"texture":"#5"},"west":{"uv":[12.4,3.6,12.6,4.8],"texture":"#5"},"up":{"uv":[5.8,13.8,5.2,13.6],"texture":"#5"},"down":{"uv":[14.2,5.2,13.6,5.4],"texture":"#5"}}},{"from":[7.25,21.09985,4.95776],"to":[8.75,21.59985,5.95776],"rotation":{"angle":-22.5,"axis":"x","origin":[7.25,20.09985,4.95776]},"faces":{"north":{"uv":[13.6,6.8,14.2,7],"texture":"#5"},"east":{"uv":[14.4,6,14.8,6.2],"texture":"#5"},"south":{"uv":[8,13.6,8.6,13.8],"texture":"#5"},"west":{"uv":[7.6,14.4,8,14.6],"texture":"#5"},"up":{"uv":[13,5.6,12.4,5.2],"texture":"#5"},"down":{"uv":[7.4,12.4,6.8,12.8],"texture":"#5"}}},{"from":[7.25,18.59985,11.04224],"to":[8.75,21.59985,11.54224],"rotation":{"angle":22.5,"axis":"x","origin":[7.25,20.09985,11.04224]},"faces":{"north":{"uv":[5.6,8,6.2,9.2],"texture":"#5"},"east":{"uv":[12.4,10,12.6,11.2],"texture":"#5"},"south":{"uv":[6.8,8,7.4,9.2],"texture":"#5"},"west":{"uv":[11.2,12.4,11.4,13.6],"texture":"#5"},"up":{"uv":[9.8,13.8,9.2,13.6],"texture":"#5"},"down":{"uv":[14.2,11.2,13.6,11.4],"texture":"#5"}}},{"from":[7.25,21.09985,10.04224],"to":[8.75,21.59985,11.04224],"rotation":{"angle":22.5,"axis":"x","origin":[7.25,20.09985,11.04224]},"faces":{"north":{"uv":[14,0,14.6,0.2],"texture":"#5"},"east":{"uv":[14.4,7.6,14.8,7.8],"texture":"#5"},"south":{"uv":[0.8,14,1.4,14.2],"texture":"#5"},"west":{"uv":[8.4,14.4,8.8,14.6],"texture":"#5"},"up":{"uv":[13,7.2,12.4,6.8],"texture":"#5"},"down":{"uv":[13,11.6,12.4,12],"texture":"#5"}}},{"from":[7.25,20.09985,9.54224],"to":[8.75,21.59985,10.04224],"rotation":{"angle":22.5,"axis":"x","origin":[7.25,20.09985,11.04224]},"faces":{"north":{"uv":[6,10.8,6.6,11.4],"texture":"#5"},"east":{"uv":[10.4,13.6,10.6,14.2],"texture":"#5"},"south":{"uv":[10.8,8,11.4,8.6],"texture":"#5"},"west":{"uv":[2,14,2.2,14.6],"texture":"#5"},"up":{"uv":[14.6,3.8,14,3.6],"texture":"#5"},"down":{"uv":[14.6,4.4,14,4.6],"texture":"#5"}}},{"from":[7.25,18.79016,5.91447],"to":[8.75,19.29016,8.41447],"rotation":{"angle":-22.5,"axis":"x","origin":[7.25,17.79016,5.91447]},"faces":{"north":{"uv":[6.4,14,7,14.2],"texture":"#5"},"east":{"uv":[9.2,12.8,10.2,13],"texture":"#5"},"south":{"uv":[14,8.4,14.6,8.6],"texture":"#5"},"west":{"uv":[1.2,13.2,2.2,13.4],"texture":"#5"},"up":{"uv":[9.4,2.2,8.8,1.2],"texture":"#5"},"down":{"uv":[9.4,4.8,8.8,5.8],"texture":"#5"}}},{"from":[7.25,18.79016,7.58553],"to":[8.75,19.29016,10.08553],"rotation":{"angle":22.5,"axis":"x","origin":[7.25,17.79016,10.08553]},"faces":{"north":{"uv":[11.2,14,11.8,14.2],"texture":"#5"},"east":{"uv":[13.2,2,14.2,2.2],"texture":"#5"},"south":{"uv":[12.4,14,13,14.2],"texture":"#5"},"west":{"uv":[13.2,2.8,14.2,3],"texture":"#5"},"up":{"uv":[9.4,7.4,8.8,6.4],"texture":"#5"},"down":{"uv":[9.8,2.8,9.2,3.8],"texture":"#5"}}},{"from":[6.75,18.5,8],"to":[9.25,20,9.5],"rotation":{"angle":-45,"axis":"x","origin":[7,18.5,8]},"faces":{"north":{"uv":[8,9.2,9,9.8],"texture":"#5"},"east":{"uv":[9.2,10.8,9.8,11.4],"texture":"#5"},"south":{"uv":[9.2,8,10.2,8.6],"texture":"#5"},"west":{"uv":[1.2,11.2,1.8,11.8],"texture":"#5"},"up":{"uv":[1,10.2,0,9.6],"texture":"#5"},"down":{"uv":[6.6,9.6,5.6,10.2],"texture":"#5"}}},{"from":[7.4035,19.85328,5.2455],"to":[8.5965,21.90328,8.7455],"rotation":{"angle":-22.5,"axis":"x","origin":[7.2535,19.75328,6.9955]},"faces":{"east":{"uv":[6.8,0,8.2,0.8],"texture":"#5"},"west":{"uv":[6.8,1.2,8.2,2],"texture":"#5"}}},{"from":[7.4,19.85328,7.2545],"to":[8.6,21.90328,10.7545],"rotation":{"angle":22.5,"axis":"x","origin":[7.25,19.75328,9.0045]},"faces":{"east":{"uv":[6.8,2.4,8.2,3.2],"texture":"#5"},"west":{"uv":[7.2,3.6,8.6,4.4],"texture":"#5"}}},{"from":[8,5,7.29289],"to":[9,19.5,8.29289],"rotation":{"angle":-45,"axis":"y","origin":[8,5,7.29289]},"faces":{"north":{"uv":[2.4,4,2.8,9.8],"texture":"#5"},"east":{"uv":[3.2,4,3.6,9.8],"texture":"#5"},"south":{"uv":[4,4,4.4,9.8],"texture":"#5"},"west":{"uv":[4.8,4,5.2,9.8],"texture":"#5"}}},{"from":[8,-9,7.29289],"to":[9,0,8.29289],"rotation":{"angle":-45,"axis":"y","origin":[8,-9,7.29289]},"faces":{"north":{"uv":[5.2,0,5.6,3.6],"texture":"#5"},"east":{"uv":[5.6,4,6,7.6],"texture":"#5"},"south":{"uv":[6,0,6.4,3.6],"texture":"#5"},"west":{"uv":[6.4,4,6.8,7.6],"texture":"#5"}}},{"from":[6.985,23,3.5],"to":[9.015,32,12.5],"rotation":{"angle":0,"axis":"y","origin":[-0.015,14,-11.5]},"faces":{"east":{"uv":[9,0,0,9],"texture":"#2"},"west":{"uv":[0,0,9,9],"texture":"#2"}}},{"from":[7.25,21.70548,3.54353],"to":[8.75,24.70548,5.04353],"rotation":{"angle":-22.5,"axis":"x","origin":[8,22.33107,3.09588]},"faces":{"north":{"uv":[0,0,1,2],"texture":"#3"},"east":{"uv":[2,0,3,2],"texture":"#3"},"south":{"uv":[0,2.66667,1,4.66667],"texture":"#3"},"west":{"uv":[2,2.66667,3,4.66667],"texture":"#3"},"up":{"uv":[9.66667,1,8.66667,0],"texture":"#3"},"down":{"uv":[9.66667,2,8.66667,3],"texture":"#3"}}},{"from":[7.75,17.70548,4.54353],"to":[8.25,21.70548,5.04353],"rotation":{"angle":-22.5,"axis":"x","origin":[8,22.33107,3.09588]},"faces":{"north":{"uv":[4,8,4.33333,10.66667],"texture":"#3"},"east":{"uv":[8.66667,8,9,10.66667],"texture":"#3"},"south":{"uv":[0,9.33333,0.33333,12],"texture":"#3"},"west":{"uv":[5.33333,9.33333,5.66667,12],"texture":"#3"},"down":{"uv":[1.66667,12,1.33333,12.33333],"texture":"#3"}}},{"from":[7.985,24.70548,3.54353],"to":[8.015,25.70548,5.04353],"rotation":{"angle":-22.5,"axis":"x","origin":[8,22.33107,3.09588]},"faces":{"east":{"uv":[10.66667,6.66667,11.66667,7.33333],"texture":"#3"},"west":{"uv":[8,11.33333,9,12],"texture":"#3"}}},{"from":[7.5,17.53676,1.64346],"to":[8.5,22.03676,2.64346],"rotation":{"angle":-45,"axis":"x","origin":[8,22.25349,3.09588]},"faces":{"north":{"uv":[4,0,4.66667,3],"texture":"#3"},"east":{"uv":[4,4,4.66667,7],"texture":"#3"},"south":{"uv":[0,5.33333,0.66667,8.33333],"texture":"#3"},"west":{"uv":[5.33333,0,6,3],"texture":"#3"},"up":{"uv":[4.66667,12,4,11.33333],"texture":"#3"},"down":{"uv":[10.66667,11.33333,10,12],"texture":"#3"}}},{"from":[7.985,24.70548,10.95647],"to":[8.015,25.70548,12.45647],"rotation":{"angle":22.5,"axis":"x","origin":[8,22.33107,12.90412]},"faces":{"east":{"uv":[11.33333,8,12.33333,8.66667],"texture":"#3"},"west":{"uv":[11.33333,9.33333,12.33333,10],"texture":"#3"}}},{"from":[7.75,17.70548,10.95647],"to":[8.25,21.70548,11.45647],"rotation":{"angle":22.5,"axis":"x","origin":[8,22.33107,12.90412]},"faces":{"north":{"uv":[10,8,10.33333,10.66667],"texture":"#3"},"east":{"uv":[10.66667,0,11,2.66667],"texture":"#3"},"south":{"uv":[10.66667,3.33333,11,6],"texture":"#3"},"west":{"uv":[6.66667,10.66667,7,13.33333],"texture":"#3"},"down":{"uv":[12.33333,1.33333,12,1.66667],"texture":"#3"}}},{"from":[7.25,21.70548,10.95647],"to":[8.75,24.70548,12.45647],"rotation":{"angle":22.5,"axis":"x","origin":[8,22.33107,12.90412]},"faces":{"north":{"uv":[1.33333,5.33333,2.33333,7.33333],"texture":"#3"},"east":{"uv":[5.33333,4,6.33333,6],"texture":"#3"},"south":{"uv":[6.66667,0,7.66667,2],"texture":"#3"},"west":{"uv":[5.33333,6.66667,6.33333,8.66667],"texture":"#3"},"up":{"uv":[9.66667,5,8.66667,4],"texture":"#3"},"down":{"uv":[9.66667,6,8.66667,7],"texture":"#3"}}},{"from":[7.5,17.53676,13.35654],"to":[8.5,22.03676,14.35654],"rotation":{"angle":45,"axis":"x","origin":[8,22.25349,12.90412]},"faces":{"north":{"uv":[7.33333,2.66667,8,5.66667],"texture":"#3"},"east":{"uv":[7.33333,6.66667,8,9.66667],"texture":"#3"},"south":{"uv":[1.33333,8,2,11],"texture":"#3"},"west":{"uv":[2.66667,8,3.33333,11],"texture":"#3"},"up":{"uv":[12,11.33333,11.33333,10.66667],"texture":"#3"},"down":{"uv":[12.66667,0,12,0.66667],"texture":"#3"}}},{"from":[7.985,22.03676,1.14346],"to":[8.015,26.03676,2.64346],"rotation":{"angle":-45,"axis":"x","origin":[8,22.25349,3.09588]},"faces":{"east":{"uv":[8,0,0,3],"rotation":270,"texture":"#1"},"west":{"uv":[0,0,8,3],"rotation":90,"texture":"#1"}}},{"from":[7.985,22.03676,13.35654],"to":[8.015,26.03676,14.85654],"rotation":{"angle":45,"axis":"x","origin":[8,22.25349,12.90412]},"faces":{"east":{"uv":[0,0,8,3],"rotation":90,"texture":"#1"},"west":{"uv":[8,0,0,3],"rotation":270,"texture":"#1"}}},{"from":[6.5,18,1.25],"to":[9.5,23,14.75],"rotation":{"angle":0,"axis":"y","origin":[6.5,18,1.25]},"faces":{"east":{"uv":[0,0,9,3.33333],"texture":"#4"},"west":{"uv":[0,0,9,3.33333],"texture":"#4"}}}],"gui_light":"front","display":{"thirdperson_righthand":{"translation":[0,3.5,1]},"thirdperson_lefthand":{"translation":[0,3.5,1]},"firstperson_righthand":{"rotation":[-23,0,0],"translation":[1.75,0.75,3.75],"scale":[0.7,0.7,0.7]},"firstperson_lefthand":{"rotation":[-23,0,0],"translation":[1.75,0.75,3.75],"scale":[0.7,0.7,0.7]},"ground":{"rotation":[45,0,0],"translation":[0,5,0]},"gui":{"rotation":[-90,-45,-90],"scale":[0.5,0.5,0.5]},"head":{"rotation":[0,-90,0]},"fixed":{"rotation":[0,-90,0],"translation":[0,0,-1.75],"scale":[2,2,2]}}}