{"credit":"Pologony Creation Co.,Ltd.","texture_size":[24,24],"textures":{"1":"tavern:items/sets/fireworkset/wings","2":"tavern:items/sets/fireworkset/animated/fire_animated_2","3":"tavern:items/sets/fireworkset/animated/firework_animated","4":"tavern:items/sets/fireworkset/animated/2025","particle":"tavern:items/sets/fireworkset/animated/fire_animated_2"},"elements":[{"from":[7,-8.5,7],"to":[9,-3.5,9],"rotation":{"angle":0,"axis":"y","origin":[4,-9.5,4]},"faces":{"north":{"uv":[6,0,7.33333,3.33333],"texture":"#1","tintindex":0},"east":{"uv":[7.66667,0,9,3.33333],"texture":"#1","tintindex":0},"south":{"uv":[2.66667,8.66667,4,12],"texture":"#1","tintindex":0},"west":{"uv":[8.66667,3.66667,10,7],"texture":"#1","tintindex":0},"up":{"uv":[7.33333,5,6,3.66667],"texture":"#1","tintindex":0},"down":{"uv":[5.66667,8.66667,4.33333,10],"texture":"#1","tintindex":0}}},{"from":[7,-3.5,7.9925],"to":[9,-1.5,8.0075],"rotation":{"angle":0,"axis":"y","origin":[8,-2.5,7.9925]},"faces":{"north":{"uv":[6,8.66667,7.33333,10],"texture":"#1","tintindex":0},"south":{"uv":[8.66667,7.33333,10,8.66667],"texture":"#1","tintindex":0}}},{"from":[7.75,-13.5,8.5],"to":[8.25,-8.5,9],"rotation":{"angle":0,"axis":"y","origin":[3.75,-9.5,4]},"faces":{"north":{"uv":[10.66667,8.66667,11,12],"texture":"#1","tintindex":0},"east":{"uv":[9,11,9.33333,14.33333],"texture":"#1","tintindex":0},"south":{"uv":[9.66667,11,10,14.33333],"texture":"#1","tintindex":0},"west":{"uv":[11.33333,5,11.66667,8.33333],"texture":"#1","tintindex":0},"down":{"uv":[13,2.66667,12.66667,3],"texture":"#1","tintindex":0}}},{"from":[8.5,-9.5,7.9925],"to":[10,-7,8.0075],"rotation":{"angle":0,"axis":"y","origin":[4,-9.5,3.9925]},"faces":{"north":{"uv":[9.33333,1.66667,10.33333,3.33333],"texture":"#1","tintindex":0},"south":{"uv":[9.33333,9,10.33333,10.66667],"texture":"#1","tintindex":0}}},{"from":[8.34795,-9,9.7649],"to":[12.34795,-1.5,9.7799],"rotation":{"angle":-22.5,"axis":"y","origin":[10.34795,-4.75,9.7649]},"faces":{"north":{"uv":[0,0,2.66667,5],"texture":"#1","tintindex":0},"south":{"uv":[2.66667,0,0,5],"texture":"#1","tintindex":0}}},{"from":[12.18997,-9,10.52913],"to":[16.18997,-1.5,10.54413],"rotation":{"angle":0,"axis":"y","origin":[14.18997,-4.75,10.52913]},"faces":{"north":{"uv":[3,0,5.66667,5],"texture":"#1","tintindex":0},"south":{"uv":[5.66667,0,3,5],"texture":"#1","tintindex":0}}},{"from":[16.02868,-9,9.74827],"to":[19.52868,-1.5,9.76327],"rotation":{"angle":22.5,"axis":"y","origin":[18.07215,-4.75,9.74827]},"faces":{"north":{"uv":[0,5.33333,2.33333,10.33333],"texture":"#1","tintindex":0},"south":{"uv":[2.33333,5.33333,0,10.33333],"texture":"#1","tintindex":0}}},{"from":[6,-9,6.5],"to":[10,-4.5,7],"rotation":{"angle":0,"axis":"y","origin":[6.5,-8.5,6.5]},"faces":{"north":{"uv":[2.66667,5.33333,5.33333,8.33333],"texture":"#1","tintindex":0},"east":{"uv":[11.33333,8.66667,11.66667,11.66667],"texture":"#1","tintindex":0},"south":{"uv":[5.66667,5.33333,8.33333,8.33333],"texture":"#1","tintindex":0},"west":{"uv":[12,0,12.33333,3],"texture":"#1","tintindex":0},"up":{"uv":[14.66667,5.33333,12,5],"texture":"#1","tintindex":0},"down":{"uv":[14.66667,5.66667,12,6],"texture":"#1","tintindex":0}}},{"from":[6.75,-7.5,7],"to":[9.25,-6,7.5],"rotation":{"angle":0,"axis":"y","origin":[6.5,-8.5,7]},"faces":{"east":{"uv":[7.66667,3.66667,8,4.66667],"texture":"#1","tintindex":0},"south":{"uv":[10.33333,3.66667,12,4.66667],"texture":"#1","tintindex":0},"west":{"uv":[11,0,11.33333,1],"texture":"#1","tintindex":0},"up":{"uv":[14,4.66667,12.33333,4.33333],"texture":"#1","tintindex":0},"down":{"uv":[14.33333,0,12.66667,0.33333],"texture":"#1","tintindex":0}}},{"from":[8.875,-4.5,6.5],"to":[9.625,-3.5,6.515],"rotation":{"angle":0,"axis":"y","origin":[8.875,-4.5,6.5]},"faces":{"north":{"uv":[0,12.66667,0.5,13.33333],"texture":"#1","tintindex":0},"south":{"uv":[12.66667,0.66667,13.16667,1.33333],"texture":"#1","tintindex":0}}},{"from":[8.875,-3.515,4.265],"to":[9.625,-3.5,6.515],"rotation":{"angle":0,"axis":"x","origin":[8.875,-3.515,5.515]},"faces":{"up":{"uv":[12.5,7.83333,12,6.33333],"texture":"#1","tintindex":0},"down":{"uv":[12.5,8.33333,12,9.83333],"texture":"#1","tintindex":0}}},{"from":[8.875,-8.5,4.265],"to":[9.625,-3.5,4.28],"rotation":{"angle":0,"axis":"x","origin":[8.875,-6,4.765]},"faces":{"north":{"uv":[4.33333,10.33333,4.83333,13.66667],"texture":"#1","tintindex":0},"south":{"uv":[10.33333,5,10.83333,8.33333],"texture":"#1","tintindex":0}}},{"from":[7.125,-7,4.265],"to":[8.875,-6.25,4.28],"rotation":{"angle":0,"axis":"x","origin":[8.125,-6.5,4.765]},"faces":{"north":{"uv":[12.33333,3.33333,13.5,3.83333],"texture":"#1","tintindex":0},"south":{"uv":[12.33333,12.33333,13.5,12.83333],"texture":"#1","tintindex":0}}},{"from":[6,-9.5,7.9925],"to":[7.5,-7,8.0075],"rotation":{"angle":0,"axis":"y","origin":[12,-9.5,3.9925]},"faces":{"north":{"uv":[5.33333,10.33333,6.33333,12],"texture":"#1","tintindex":0},"south":{"uv":[0,10.66667,1,12.33333],"texture":"#1","tintindex":0}}},{"from":[8.875,-8.5,4.265],"to":[9.625,-8.485,6.515],"rotation":{"angle":0,"axis":"x","origin":[8.875,-8.5,5.515]},"faces":{"up":{"uv":[12.5,11.83333,12,10.33333],"texture":"#1","tintindex":0},"down":{"uv":[2.83333,12.33333,2.33333,13.83333],"texture":"#1","tintindex":0}}},{"from":[6.375,-8.5,4.265],"to":[7.125,-8.485,6.515],"rotation":{"angle":0,"axis":"x","origin":[7.125,-8.5,5.515]},"faces":{"up":{"uv":[3.83333,13.83333,3.33333,12.33333],"texture":"#1","tintindex":0},"down":{"uv":[5.83333,12.33333,5.33333,13.83333],"texture":"#1","tintindex":0}}},{"from":[6.375,-8.5,4.265],"to":[7.125,-3.5,4.28],"rotation":{"angle":0,"axis":"x","origin":[7.125,-6,4.765]},"faces":{"north":{"uv":[6.66667,10.33333,7.16667,13.66667],"texture":"#1","tintindex":0},"south":{"uv":[1.33333,10.66667,1.83333,14],"texture":"#1","tintindex":0}}},{"from":[6.375,-3.515,4.265],"to":[7.125,-3.5,6.515],"rotation":{"angle":0,"axis":"x","origin":[7.125,-3.515,5.515]},"faces":{"up":{"uv":[10.83333,13.83333,10.33333,12.33333],"texture":"#1","tintindex":0},"down":{"uv":[11.83333,12.33333,11.33333,13.83333],"texture":"#1","tintindex":0}}},{"from":[6.375,-4.5,6.5],"to":[7.125,-3.5,6.515],"rotation":{"angle":0,"axis":"y","origin":[7.125,-4.5,6.5]},"faces":{"north":{"uv":[12.66667,1.66667,13.16667,2.33333],"texture":"#1","tintindex":0},"south":{"uv":[7.66667,12.66667,8.16667,13.33333],"texture":"#1","tintindex":0}}},{"from":[7.9925,-3.5,7],"to":[8.0075,-1.5,9],"rotation":{"angle":0,"axis":"y","origin":[7.9925,-2.5,8]},"faces":{"east":{"uv":[7.66667,9,9,10.33333],"texture":"#1","tintindex":0},"west":{"uv":[9.33333,0,10.66667,1.33333],"texture":"#1","tintindex":0}}},{"from":[7.9925,-9.5,8.5],"to":[8.0075,-7,10],"rotation":{"angle":0,"axis":"y","origin":[8,-8.25,9.25]},"faces":{"east":{"uv":[10.66667,1.66667,11.66667,3.33333],"texture":"#1","tintindex":0},"west":{"uv":[7.66667,10.66667,8.66667,12.33333],"texture":"#1","tintindex":0}}},{"from":[-3.52868,-9,9.74827],"to":[-0.02868,-1.5,9.76327],"rotation":{"angle":-22.5,"axis":"y","origin":[-2.07215,-4.75,9.74827]},"faces":{"north":{"uv":[2.33333,5.33333,0,10.33333],"texture":"#1","tintindex":0},"south":{"uv":[0,5.33333,2.33333,10.33333],"texture":"#1","tintindex":0}}},{"from":[-0.18997,-9,10.52913],"to":[3.81003,-1.5,10.54413],"rotation":{"angle":0,"axis":"y","origin":[1.81003,-4.75,10.52913]},"faces":{"north":{"uv":[5.66667,0,3,5],"texture":"#1","tintindex":0},"south":{"uv":[3,0,5.66667,5],"texture":"#1","tintindex":0}}},{"from":[3.65205,-9,9.7649],"to":[7.65205,-1.5,9.7799],"rotation":{"angle":22.5,"axis":"y","origin":[5.65205,-4.75,9.7649]},"faces":{"north":{"uv":[2.66667,0,0,5],"texture":"#1","tintindex":0},"south":{"uv":[0,0,2.66667,5],"texture":"#1","tintindex":0}}},{"from":[9.11092,-12,11.8675],"to":[10.11092,-8.5,11.8825],"rotation":{"angle":45,"axis":"y","origin":[4.11092,-0.25,11.875]},"faces":{"north":{"uv":[0,0,14,4],"rotation":90,"texture":"#2","tintindex":0},"south":{"uv":[14,0,0,4],"rotation":270,"texture":"#2","tintindex":0}}},{"from":[9.60342,-12,11.375],"to":[9.61841,-8.5,12.375],"rotation":{"angle":45,"axis":"y","origin":[4.11092,-0.25,11.875]},"faces":{"east":{"uv":[14,0,0,4],"rotation":270,"texture":"#2","tintindex":0},"west":{"uv":[0,0,14,4],"rotation":90,"texture":"#2","tintindex":0}}},{"from":[8.75,-7.375,8.1425],"to":[13.25,-2.875,8.4075],"rotation":{"angle":-22.5,"axis":"y","origin":[7,-1.125,8]},"faces":{"north":{"uv":[9,0,0,9],"texture":"#3","tintindex":0},"south":{"uv":[0,0,9,9],"texture":"#3","tintindex":0}}},{"from":[11.94886,-6.75,10.3667],"to":[16.44886,-2.25,10.6317],"rotation":{"angle":0,"axis":"z","origin":[14.19886,-4.5,10.4992]},"faces":{"north":{"uv":[9,0,0,9],"rotation":180,"texture":"#3","tintindex":0},"south":{"uv":[0,0,9,9],"rotation":180,"texture":"#3","tintindex":0}}},{"from":[15.23839,-5.75,9.85856],"to":[19.73839,-1.25,10.12356],"rotation":{"angle":22.5,"axis":"y","origin":[17.48839,-3.5,9.99106]},"faces":{"north":{"uv":[9,0,0,9],"rotation":90,"texture":"#3","tintindex":0},"south":{"uv":[0,0,9,9],"rotation":270,"texture":"#3","tintindex":0}}},{"from":[-3.73839,-5.75,9.85856],"to":[0.76162,-1.25,10.12356],"rotation":{"angle":-22.5,"axis":"y","origin":[-1.48839,-3.5,9.99106]},"faces":{"north":{"uv":[9,9,0,0],"rotation":90,"texture":"#3","tintindex":0},"south":{"uv":[0,9,9,0],"rotation":270,"texture":"#3","tintindex":0}}},{"from":[-0.44886,-6.75,10.3667],"to":[4.05114,-2.25,10.6317],"rotation":{"angle":0,"axis":"z","origin":[1.80114,-4.5,10.4992]},"faces":{"north":{"uv":[0,0,9,9],"rotation":180,"texture":"#3","tintindex":0},"south":{"uv":[9,0,0,9],"rotation":180,"texture":"#3","tintindex":0}}},{"from":[2.75,-7.375,8.1425],"to":[7.25,-2.875,8.4075],"rotation":{"angle":22.5,"axis":"y","origin":[9,-1.125,8]},"faces":{"north":{"uv":[0,0,9,9],"texture":"#3","tintindex":0},"south":{"uv":[9,0,0,9],"texture":"#3","tintindex":0}}},{"from":[4.625,-6.5,10.75],"to":[11.375,-4,10.75],"rotation":{"angle":0,"axis":"y","origin":[8,-1.25,8]},"faces":{"south":{"uv":[0,0,9,3.33333],"texture":"#4","tintindex":0}}}],"gui_light":"front","display":{"thirdperson_righthand":{"rotation":[50,180,0],"translation":[0,0,-2.5],"scale":[0.6,0.6,0.6]},"thirdperson_lefthand":{"rotation":[67.25,0,0],"translation":[-5.5,-8.25,8.75]},"firstperson_righthand":{"rotation":[-168.25,0,-180],"translation":[0,0.5,0],"scale":[0.7,0.7,0.7]},"firstperson_lefthand":{"rotation":[-168.25,0,-180],"translation":[0,0.5,0],"scale":[0,0,0]},"ground":{"rotation":[-45,0,0],"translation":[0,6.75,0]},"gui":{"translation":[0,14.25,0]},"head":{"translation":[0,-67.5,8.25],"scale":[3.2,3.2,3.2]},"fixed":{"rotation":[0,180,0],"translation":[0,-2,-7],"scale":[2,2,2]}}}