{"textures":{"0":"modelengine:entity/em_candycanum"},"elements":[{"from":[-15.538525,6.8963337,2.2521071],"to":[23.361473,9.0963335,4.452107],"faces":{"east":{"uv":[4.0,2.0,4.5,1.5],"tintindex":0,"rotation":0,"texture":"#0"},"south":{"uv":[0.5,9.75,1.0,0.0],"tintindex":0,"rotation":270,"texture":"#0"},"north":{"uv":[1.5,9.75,2.0,0.0],"tintindex":0,"rotation":90,"texture":"#0"},"west":{"uv":[4.0,2.0,4.5,2.5],"tintindex":0,"rotation":180,"texture":"#0"},"up":{"uv":[0.0,9.75,0.5,0.0],"tintindex":0,"rotation":270,"texture":"#0"},"down":{"uv":[1.0,9.75,1.5,0.0],"tintindex":0,"rotation":270,"texture":"#0"}}},{"from":[26.542955,6.9040337,5.8434286],"to":[28.738554,9.099633,10.239029],"faces":{"east":{"uv":[2.0,1.5,3.0,1.0],"tintindex":0,"rotation":0,"texture":"#0"},"south":{"uv":[4.5,1.5,5.0,1.0],"tintindex":0,"rotation":270,"texture":"#0"},"north":{"uv":[4.5,2.0,5.0,1.5],"tintindex":0,"rotation":90,"texture":"#0"},"west":{"uv":[2.0,1.5,3.0,2.0],"tintindex":0,"rotation":180,"texture":"#0"},"up":{"uv":[2.0,0.5,3.0,0.0],"tintindex":0,"rotation":270,"texture":"#0"},"down":{"uv":[2.0,1.0,3.0,0.5],"tintindex":0,"rotation":270,"texture":"#0"}}},{"from":[20.058498,6.9018335,11.637536],"to":[23.358498,9.101833,13.837537],"faces":{"east":{"uv":[4.0,4.0,4.5,3.5],"tintindex":0,"rotation":0,"texture":"#0"},"south":{"uv":[3.0,1.5,3.5,0.75],"tintindex":0,"rotation":270,"texture":"#0"},"north":{"uv":[3.0,3.0,3.5,2.25],"tintindex":0,"rotation":90,"texture":"#0"},"west":{"uv":[4.0,4.0,4.5,4.5],"tintindex":0,"rotation":180,"texture":"#0"},"up":{"uv":[3.0,0.75,3.5,0.0],"tintindex":0,"rotation":270,"texture":"#0"},"down":{"uv":[3.0,2.25,3.5,1.5],"tintindex":0,"rotation":270,"texture":"#0"}}},{"from":[24.824028,6.9018335,8.75232],"to":[28.124023,9.101833,10.95232],"faces":{"east":{"uv":[4.5,0.5,5.0,0.0],"tintindex":0,"rotation":0,"texture":"#0"},"south":{"uv":[3.5,3.0,4.0,2.25],"tintindex":0,"rotation":270,"texture":"#0"},"north":{"uv":[3.5,3.75,4.0,3.0],"tintindex":0,"rotation":90,"texture":"#0"},"west":{"uv":[4.5,0.5,5.0,1.0],"tintindex":0,"rotation":180,"texture":"#0"},"up":{"uv":[2.0,4.25,2.5,3.5],"tintindex":0,"rotation":270,"texture":"#0"},"down":{"uv":[2.5,4.25,3.0,3.5],"tintindex":0,"rotation":270,"texture":"#0"}},"rotation":{"origin":[27.574028,8.001833,9.85232],"angle":45.0,"axis":"y"}},{"from":[22.733713,6.9073334,10.67439],"to":[26.022718,9.0963335,12.863389],"faces":{"east":{"uv":[2.0,4.75,2.5,4.25],"tintindex":0,"rotation":0,"texture":"#0"},"south":{"uv":[3.5,0.75,4.0,0.0],"tintindex":0,"rotation":270,"texture":"#0"},"north":{"uv":[3.5,2.25,4.0,1.5],"tintindex":0,"rotation":90,"texture":"#0"},"west":{"uv":[2.5,4.25,3.0,4.75],"tintindex":0,"rotation":180,"texture":"#0"},"up":{"uv":[3.0,3.75,3.5,3.0],"tintindex":0,"rotation":270,"texture":"#0"},"down":{"uv":[3.5,1.5,4.0,0.75],"tintindex":0,"rotation":270,"texture":"#0"}},"rotation":{"origin":[25.478218,8.001833,11.768889],"angle":22.5,"axis":"y"}},{"from":[25.14621,6.9018335,4.3523197],"to":[28.446205,9.101833,6.5523195],"faces":{"east":{"uv":[4.0,3.0,4.5,2.5],"tintindex":0,"rotation":0,"texture":"#0"},"south":{"uv":[2.5,2.75,3.0,2.0],"tintindex":0,"rotation":270,"texture":"#0"},"north":{"uv":[2.5,3.5,3.0,2.75],"tintindex":0,"rotation":90,"texture":"#0"},"west":{"uv":[4.0,3.0,4.5,3.5],"tintindex":0,"rotation":180,"texture":"#0"},"up":{"uv":[2.0,2.75,2.5,2.0],"tintindex":0,"rotation":270,"texture":"#0"},"down":{"uv":[2.0,3.5,2.5,2.75],"tintindex":0,"rotation":270,"texture":"#0"}},"rotation":{"origin":[26.796211,8.001833,5.45232],"angle":-45.0,"axis":"y"}},{"from":[22.90518,6.911333,2.3811643],"to":[26.186182,9.092334,4.5621643],"faces":{"east":{"uv":[4.5,2.5,5.0,2.0],"tintindex":0,"rotation":0,"texture":"#0"},"south":{"uv":[3.5,4.5,4.0,3.75],"tintindex":0,"rotation":270,"texture":"#0"},"north":{"uv":[4.0,1.5,4.5,0.75],"tintindex":0,"rotation":90,"texture":"#0"},"west":{"uv":[4.5,2.5,5.0,3.0],"tintindex":0,"rotation":180,"texture":"#0"},"up":{"uv":[3.0,4.5,3.5,3.75],"tintindex":0,"rotation":270,"texture":"#0"},"down":{"uv":[4.0,0.75,4.5,0.0],"tintindex":0,"rotation":270,"texture":"#0"}},"rotation":{"origin":[23.445679,8.001833,3.4716644],"angle":-22.5,"axis":"y"}}],"display":{"gui":{"rotation":[30,225,0]}}}