{"credit":"MadebyPolygonMC","texture_size":[40,40],"textures":{"1":"tavern:items/sets/evergreen/chest","2":"tavern:items/sets/evergreen/animations/animations_1","particle":"tavern:items/sets/evergreen/chest"},"elements":[{"from":[3,4.09744,4],"to":[4.5,5.59744,5.5],"rotation":{"angle":0,"axis":"y","origin":[0,4.09744,0]},"faces":{"north":{"uv":[8.8,12,9.4,12.6],"texture":"#1"},"east":{"uv":[9.6,12,10.2,12.6],"texture":"#1"},"south":{"uv":[10.4,12,11,12.6],"texture":"#1"},"west":{"uv":[11.2,12,11.8,12.6],"texture":"#1"},"up":{"uv":[12.6,11.8,12,11.2],"texture":"#1"},"down":{"uv":[12.6,12,12,12.6],"texture":"#1"}}},{"from":[3,4.09744,10.5],"to":[4.5,5.59744,12],"rotation":{"angle":0,"axis":"y","origin":[0,4.09744,16]},"faces":{"north":{"uv":[6.4,12.4,7,13],"texture":"#1"},"east":{"uv":[7.2,12.4,7.8,13],"texture":"#1"},"south":{"uv":[8,12.4,8.6,13],"texture":"#1"},"west":{"uv":[12.4,8.8,13,9.4],"texture":"#1"},"up":{"uv":[13,10.2,12.4,9.6],"texture":"#1"},"down":{"uv":[0.6,12.8,0,13.4],"texture":"#1"}}},{"from":[11.5,4.09744,4],"to":[13,5.59744,5.5],"rotation":{"angle":0,"axis":"y","origin":[16,4.09744,0]},"faces":{"north":{"uv":[0.8,12.8,1.4,13.4],"texture":"#1"},"east":{"uv":[1.6,12.8,2.2,13.4],"texture":"#1"},"south":{"uv":[2.4,12.8,3,13.4],"texture":"#1"},"west":{"uv":[3.2,12.8,3.8,13.4],"texture":"#1"},"up":{"uv":[4.6,13.4,4,12.8],"texture":"#1"},"down":{"uv":[5.4,12.8,4.8,13.4],"texture":"#1"}}},{"from":[11.5,4.09744,10.5],"to":[13,5.59744,12],"rotation":{"angle":0,"axis":"y","origin":[16,4.09744,16]},"faces":{"north":{"uv":[5.6,12.8,6.2,13.4],"texture":"#1"},"east":{"uv":[8.8,12.8,9.4,13.4],"texture":"#1"},"south":{"uv":[9.6,12.8,10.2,13.4],"texture":"#1"},"west":{"uv":[10.4,12.8,11,13.4],"texture":"#1"},"up":{"uv":[13.4,11,12.8,10.4],"texture":"#1"},"down":{"uv":[11.8,12.8,11.2,13.4],"texture":"#1"}}},{"from":[3.25,5.84744,4.25],"to":[12.75,6.59744,11.75],"rotation":{"angle":0,"axis":"y","origin":[0,4.09744,0]},"faces":{"north":{"uv":[11.6,0,15.4,0.3],"texture":"#1"},"east":{"uv":[11.6,3.2,14.6,3.5],"texture":"#1"},"south":{"uv":[11.6,0.4,15.4,0.7],"texture":"#1"},"west":{"uv":[11.6,3.6,14.6,3.9],"texture":"#1"},"up":{"uv":[3.8,3,0,0],"texture":"#1"},"down":{"uv":[3.8,3.2,0,6.2],"texture":"#1"}}},{"from":[3.5,4.59744,4.5],"to":[12.5,8.09744,11.5],"rotation":{"angle":0,"axis":"y","origin":[0,4.09744,0]},"faces":{"north":{"uv":[8,8.8,11.6,10.2],"texture":"#1"},"east":{"uv":[3.6,9.6,6.4,11],"texture":"#1"},"south":{"uv":[0,9.6,3.6,11],"texture":"#1"},"west":{"uv":[6.4,10.4,9.2,11.8],"texture":"#1"},"down":{"uv":[11.6,0,8,2.8],"texture":"#1"}}},{"from":[3.25,8.09744,4.25],"to":[12.75,8.84744,11.75],"rotation":{"angle":0,"axis":"y","origin":[0,4.09744,0]},"faces":{"north":{"uv":[11.6,0.8,15.4,1.1],"texture":"#1"},"east":{"uv":[11.6,4,14.6,4.3],"texture":"#1"},"south":{"uv":[11.6,1.2,15.4,1.5],"texture":"#1"},"west":{"uv":[11.6,4.4,14.6,4.7],"texture":"#1"},"up":{"uv":[7.8,3,4,0],"texture":"#1"},"down":{"uv":[7.8,3.2,4,6.2],"texture":"#1"}}},{"from":[7,7.84744,3.2],"to":[9,9.34744,4.8],"rotation":{"angle":0,"axis":"y","origin":[8,7.50994,4]},"faces":{"north":{"uv":[6.4,9.6,7.2,10.2],"texture":"#1"},"east":{"uv":[12.8,11.2,13.4,11.8],"texture":"#1"},"south":{"uv":[7.2,9.6,8,10.2],"texture":"#1"},"west":{"uv":[12,12.8,12.6,13.4],"texture":"#1"},"up":{"uv":[12.4,9.4,11.6,8.8],"texture":"#1"},"down":{"uv":[12.4,9.6,11.6,10.2],"texture":"#1"}}},{"from":[7.4078,8.01636,3.205],"to":[9.4078,9.51636,4.795],"rotation":{"angle":-45,"axis":"z","origin":[8,7.50994,4]},"faces":{"north":{"uv":[0,12,0.8,12.6],"texture":"#1"},"east":{"uv":[12.8,12,13.4,12.6],"texture":"#1"},"south":{"uv":[0.8,12,1.6,12.6],"texture":"#1"},"up":{"uv":[2.4,12.6,1.6,12],"texture":"#1"},"down":{"uv":[3.2,12,2.4,12.6],"texture":"#1"}}},{"from":[6.5922,8.01636,3.205],"to":[8.5922,9.51636,4.795],"rotation":{"angle":45,"axis":"z","origin":[8,7.50994,4]},"faces":{"north":{"uv":[3.2,12,4,12.6],"texture":"#1"},"south":{"uv":[4,12,4.8,12.6],"texture":"#1"},"west":{"uv":[12.8,12.8,13.4,13.4],"texture":"#1"},"up":{"uv":[5.6,12.6,4.8,12],"texture":"#1"},"down":{"uv":[6.4,12,5.6,12.6],"texture":"#1"}}},{"from":[8.95,8.39744,3.5],"to":[11.45,9.39744,4.5],"rotation":{"angle":0,"axis":"y","origin":[8,7.50994,4]},"faces":{"north":{"uv":[6.4,12,7.4,12.4],"texture":"#1"},"east":{"uv":[3.2,14.4,3.6,14.8],"texture":"#1"},"south":{"uv":[12,6.4,13,6.8],"texture":"#1"},"west":{"uv":[3.6,14.4,4,14.8],"texture":"#1"},"up":{"uv":[13,7.2,12,6.8],"texture":"#1"},"down":{"uv":[13,7.2,12,7.6],"texture":"#1"}}},{"from":[8.95,9.39744,3.5],"to":[9.7,10.39744,4.5],"rotation":{"angle":0,"axis":"y","origin":[8,7.50994,4]},"faces":{"north":{"uv":[14.4,14.4,14.7,14.8],"texture":"#1"},"east":{"uv":[4,14.4,4.4,14.8],"texture":"#1"},"south":{"uv":[0,14.8,0.3,15.2],"texture":"#1"},"west":{"uv":[4.4,14.4,4.8,14.8],"texture":"#1"},"up":{"uv":[0.7,15.2,0.4,14.8],"texture":"#1"},"down":{"uv":[1.1,14.8,0.8,15.2],"texture":"#1"}}},{"from":[7.4656,10.0782,3.505],"to":[8.4656,10.8282,4.495],"rotation":{"angle":-22.5,"axis":"z","origin":[8,7.50994,4]},"faces":{"north":{"uv":[1.2,14.8,1.6,15.1],"texture":"#1"},"east":{"uv":[1.6,14.8,2,15.1],"texture":"#1"},"south":{"uv":[2,14.8,2.4,15.1],"texture":"#1"},"west":{"uv":[2.4,14.8,2.8,15.1],"texture":"#1"},"up":{"uv":[5.2,14.8,4.8,14.4],"texture":"#1"},"down":{"uv":[5.2,14.4,5.6,14.8],"texture":"#1"}}},{"from":[7.5344,10.0782,3.505],"to":[8.5344,10.8282,4.495],"rotation":{"angle":22.5,"axis":"z","origin":[8,7.50994,4]},"faces":{"north":{"uv":[2.8,14.8,3.2,15.1],"texture":"#1"},"east":{"uv":[3.2,14.8,3.6,15.1],"texture":"#1"},"south":{"uv":[14.8,3.2,15.2,3.5],"texture":"#1"},"west":{"uv":[3.6,14.8,4,15.1],"texture":"#1"},"up":{"uv":[6,14.8,5.6,14.4],"texture":"#1"},"down":{"uv":[14.4,5.6,14.8,6],"texture":"#1"}}},{"from":[6.3,9.39744,3.5],"to":[7.05,10.39744,4.5],"rotation":{"angle":0,"axis":"y","origin":[8,7.50994,4]},"faces":{"north":{"uv":[14.8,3.6,15.1,4],"texture":"#1"},"east":{"uv":[6,14.4,6.4,14.8],"texture":"#1"},"south":{"uv":[4,14.8,4.3,15.2],"texture":"#1"},"west":{"uv":[14.4,6,14.8,6.4],"texture":"#1"},"up":{"uv":[15.1,4.4,14.8,4],"texture":"#1"},"down":{"uv":[4.7,14.8,4.4,15.2],"texture":"#1"}}},{"from":[4.55,8.39744,3.5],"to":[7.05,9.39744,4.5],"rotation":{"angle":0,"axis":"y","origin":[8,7.50994,4]},"faces":{"north":{"uv":[7.6,12,8.6,12.4],"texture":"#1"},"east":{"uv":[6.4,14.4,6.8,14.8],"texture":"#1"},"south":{"uv":[12,7.6,13,8],"texture":"#1"},"west":{"uv":[14.4,6.4,14.8,6.8],"texture":"#1"},"up":{"uv":[13,8.4,12,8],"texture":"#1"},"down":{"uv":[13,8.4,12,8.8],"texture":"#1"}}},{"from":[8.71889,7.0525,3.605],"to":[9.71889,7.8025,4.395],"rotation":{"angle":-22.5,"axis":"z","origin":[8,7.50994,4]},"faces":{"north":{"uv":[14.8,4.4,15.2,4.7],"texture":"#1"},"east":{"uv":[11.6,14.8,11.9,15.1],"texture":"#1"},"south":{"uv":[4.8,14.8,5.2,15.1],"texture":"#1"},"west":{"uv":[12,14.8,12.3,15.1],"texture":"#1"},"up":{"uv":[15.2,5.1,14.8,4.8],"texture":"#1"},"down":{"uv":[5.6,14.8,5.2,15.1],"texture":"#1"}}},{"from":[8.95,4.62244,3.6],"to":[9.7,7.12244,4.4],"rotation":{"angle":0,"axis":"y","origin":[8,7.50994,4]},"faces":{"north":{"uv":[8,13.2,8.3,14.2],"texture":"#1"},"east":{"uv":[13.2,8,13.5,9],"texture":"#1"},"south":{"uv":[8.4,13.2,8.7,14.2],"texture":"#1"},"west":{"uv":[13.2,9.2,13.5,10.2],"texture":"#1"},"up":{"uv":[12.7,15.1,12.4,14.8],"texture":"#1"},"down":{"uv":[15.1,12.4,14.8,12.7],"texture":"#1"}}},{"from":[7.4656,4.19168,3.605],"to":[8.4656,4.94168,4.395],"rotation":{"angle":22.5,"axis":"z","origin":[8,7.50994,4]},"faces":{"north":{"uv":[14.8,5.2,15.2,5.5],"texture":"#1"},"east":{"uv":[12.8,14.8,13.1,15.1],"texture":"#1"},"south":{"uv":[5.6,14.8,6,15.1],"texture":"#1"},"west":{"uv":[14.8,12.8,15.1,13.1],"texture":"#1"},"up":{"uv":[15.2,5.9,14.8,5.6],"texture":"#1"},"down":{"uv":[6.4,14.8,6,15.1],"texture":"#1"}}},{"from":[7.5344,4.19168,3.605],"to":[8.5344,4.94168,4.395],"rotation":{"angle":-22.5,"axis":"z","origin":[8,7.50994,4]},"faces":{"north":{"uv":[14.8,6,15.2,6.3],"texture":"#1"},"east":{"uv":[13.2,14.8,13.5,15.1],"texture":"#1"},"south":{"uv":[6.4,14.8,6.8,15.1],"texture":"#1"},"west":{"uv":[14.8,13.2,15.1,13.5],"texture":"#1"},"up":{"uv":[15.2,6.7,14.8,6.4],"texture":"#1"},"down":{"uv":[7.2,14.8,6.8,15.1],"texture":"#1"}}},{"from":[6.28111,7.0525,3.605],"to":[7.28111,7.8025,4.395],"rotation":{"angle":22.5,"axis":"z","origin":[8,7.50994,4]},"faces":{"north":{"uv":[14.8,6.8,15.2,7.1],"texture":"#1"},"east":{"uv":[13.6,14.8,13.9,15.1],"texture":"#1"},"south":{"uv":[7.2,14.8,7.6,15.1],"texture":"#1"},"west":{"uv":[14.8,13.6,15.1,13.9],"texture":"#1"},"up":{"uv":[15.2,7.5,14.8,7.2],"texture":"#1"},"down":{"uv":[8,14.8,7.6,15.1],"texture":"#1"}}},{"from":[6.3,4.62244,3.6],"to":[7.05,7.12244,4.4],"rotation":{"angle":0,"axis":"y","origin":[8,7.50994,4]},"faces":{"north":{"uv":[0,13.6,0.3,14.6],"texture":"#1"},"east":{"uv":[0.4,13.6,0.7,14.6],"texture":"#1"},"south":{"uv":[0.8,13.6,1.1,14.6],"texture":"#1"},"west":{"uv":[1.2,13.6,1.5,14.6],"texture":"#1"},"up":{"uv":[14.3,15.1,14,14.8],"texture":"#1"},"down":{"uv":[15.1,14,14.8,14.3],"texture":"#1"}}},{"from":[1.1,7.19744,8.875],"to":[1.9,7.99744,9.875],"rotation":{"angle":0,"axis":"y","origin":[8,13.59744,-2]},"faces":{"north":{"uv":[15.1,10.8,14.8,11.1],"texture":"#1"},"east":{"uv":[14.8,13.6,14.4,13.9],"texture":"#1"},"south":{"uv":[11.1,14.8,10.8,15.1],"texture":"#1"},"west":{"uv":[14,14.4,13.6,14.7],"texture":"#1"},"up":{"uv":[14.4,14.4,14,14.7],"rotation":90,"texture":"#1"},"down":{"uv":[14.8,14.3,14.4,14],"rotation":270,"texture":"#1"}}},{"from":[12.5,7.09744,5.125],"to":[13.5,8.09744,6.125],"rotation":{"angle":0,"axis":"y","origin":[8,13.59744,-2]},"faces":{"north":{"uv":[14,6.8,14.4,7.2],"texture":"#1"},"east":{"uv":[6.4,14,6.8,14.4],"texture":"#1"},"south":{"uv":[14,6.4,14.4,6.8],"texture":"#1"},"west":{"uv":[6.8,14,7.2,14.4],"texture":"#1"},"up":{"uv":[7.6,14.4,7.2,14],"rotation":90,"texture":"#1"},"down":{"uv":[14.4,7.2,14,7.6],"rotation":270,"texture":"#1"}}},{"from":[14,7.09744,5.125],"to":[15,8.09744,6.125],"rotation":{"angle":0,"axis":"y","origin":[8,13.59744,-2]},"faces":{"north":{"uv":[14,10.8,14.4,11.2],"texture":"#1"},"east":{"uv":[7.6,14,8,14.4],"texture":"#1"},"south":{"uv":[14,7.6,14.4,8],"texture":"#1"},"west":{"uv":[14,10.4,14.4,10.8],"texture":"#1"},"up":{"uv":[12,14.4,11.6,14],"rotation":90,"texture":"#1"},"down":{"uv":[14.4,11.6,14,12],"rotation":270,"texture":"#1"}}},{"from":[14.1,7.19744,6.125],"to":[14.9,7.99744,7.125],"rotation":{"angle":0,"axis":"y","origin":[8,13.59744,-2]},"faces":{"north":{"uv":[14.8,10.4,15.1,10.7],"texture":"#1"},"east":{"uv":[14.4,12.4,14.8,12.7],"texture":"#1"},"south":{"uv":[10.4,14.8,10.7,15.1],"texture":"#1"},"west":{"uv":[14.4,12.8,14.8,13.1],"texture":"#1"},"up":{"uv":[13.6,14.7,13.2,14.4],"rotation":90,"texture":"#1"},"down":{"uv":[14.8,13.2,14.4,13.5],"rotation":270,"texture":"#1"}}},{"from":[14.2,7.29744,7.125],"to":[14.8,7.89744,8.875],"rotation":{"angle":0,"axis":"y","origin":[8,13.59744,-2]},"faces":{"north":{"uv":[2.4,15.2,2.6,15.4],"texture":"#1"},"east":{"uv":[11.6,14.4,12.3,14.6],"texture":"#1"},"south":{"uv":[2,15.2,2.2,15.4],"texture":"#1"},"west":{"uv":[14.4,11.6,15.1,11.8],"texture":"#1"},"up":{"uv":[15.1,12.2,14.4,12],"rotation":90,"texture":"#1"},"down":{"uv":[13.1,14.4,12.4,14.6],"rotation":270,"texture":"#1"}}},{"from":[13.5,7.19744,5.225],"to":[14,7.99744,6.025],"rotation":{"angle":0,"axis":"y","origin":[8,13.59744,-2]},"faces":{"north":{"uv":[14.8,14.4,15,14.7],"texture":"#1"},"east":{"uv":[14.8,9.6,15.1,9.9],"texture":"#1"},"south":{"uv":[14.4,14.8,14.6,15.1],"texture":"#1"},"west":{"uv":[14.8,10,15.1,10.3],"texture":"#1"},"up":{"uv":[15.1,15,14.8,14.8],"rotation":90,"texture":"#1"},"down":{"uv":[0.3,15.2,0,15.4],"rotation":270,"texture":"#1"}}},{"from":[12.5,7.09744,9.875],"to":[13.5,8.09744,10.875],"rotation":{"angle":0,"axis":"y","origin":[8,13.59744,-2]},"faces":{"north":{"uv":[2,14.4,2.4,14.8],"texture":"#1"},"east":{"uv":[14,13.6,14.4,14],"texture":"#1"},"south":{"uv":[14,14,14.4,14.4],"texture":"#1"},"west":{"uv":[1.6,14.4,2,14.8],"texture":"#1"},"up":{"uv":[2.8,14.8,2.4,14.4],"rotation":90,"texture":"#1"},"down":{"uv":[3.2,14.4,2.8,14.8],"rotation":270,"texture":"#1"}}},{"from":[13.5,7.19744,9.975],"to":[14,7.99744,10.775],"rotation":{"angle":0,"axis":"y","origin":[8,13.59744,-2]},"faces":{"north":{"uv":[0.8,15.2,1,15.5],"texture":"#1"},"east":{"uv":[11.2,14.8,11.5,15.1],"texture":"#1"},"south":{"uv":[0.4,15.2,0.6,15.5],"texture":"#1"},"west":{"uv":[14.8,11.2,15.1,11.5],"texture":"#1"},"up":{"uv":[1.5,15.4,1.2,15.2],"rotation":90,"texture":"#1"},"down":{"uv":[1.9,15.2,1.6,15.4],"rotation":270,"texture":"#1"}}},{"from":[14,7.09744,9.875],"to":[15,8.09744,10.875],"rotation":{"angle":0,"axis":"y","origin":[8,13.59744,-2]},"faces":{"north":{"uv":[14,12.8,14.4,13.2],"texture":"#1"},"east":{"uv":[12,14,12.4,14.4],"texture":"#1"},"south":{"uv":[14,12,14.4,12.4],"texture":"#1"},"west":{"uv":[12.8,14,13.2,14.4],"texture":"#1"},"up":{"uv":[13.6,14.4,13.2,14],"rotation":90,"texture":"#1"},"down":{"uv":[14.4,13.2,14,13.6],"rotation":270,"texture":"#1"}}},{"from":[14.1,7.19744,8.875],"to":[14.9,7.99744,9.875],"rotation":{"angle":0,"axis":"y","origin":[8,13.59744,-2]},"faces":{"north":{"uv":[14.8,10.8,15.1,11.1],"texture":"#1"},"east":{"uv":[13.6,14.4,14,14.7],"texture":"#1"},"south":{"uv":[10.8,14.8,11.1,15.1],"texture":"#1"},"west":{"uv":[14.4,13.6,14.8,13.9],"texture":"#1"},"up":{"uv":[14.4,14.7,14,14.4],"rotation":90,"texture":"#1"},"down":{"uv":[14.8,14,14.4,14.3],"rotation":270,"texture":"#1"}}},{"from":[2.5,7.09744,5.125],"to":[3.5,8.09744,6.125],"rotation":{"angle":0,"axis":"y","origin":[8,13.59744,-2]},"faces":{"north":{"uv":[14.4,6.8,14,7.2],"texture":"#1"},"east":{"uv":[7.2,14,6.8,14.4],"texture":"#1"},"south":{"uv":[14.4,6.4,14,6.8],"texture":"#1"},"west":{"uv":[6.8,14,6.4,14.4],"texture":"#1"},"up":{"uv":[7.6,14,7.2,14.4],"rotation":90,"texture":"#1"},"down":{"uv":[14.4,7.6,14,7.2],"rotation":270,"texture":"#1"}}},{"from":[1,7.09744,5.125],"to":[2,8.09744,6.125],"rotation":{"angle":0,"axis":"y","origin":[8,13.59744,-2]},"faces":{"north":{"uv":[14.4,10.8,14,11.2],"texture":"#1"},"east":{"uv":[14.4,10.4,14,10.8],"texture":"#1"},"south":{"uv":[14.4,7.6,14,8],"texture":"#1"},"west":{"uv":[8,14,7.6,14.4],"texture":"#1"},"up":{"uv":[12,14,11.6,14.4],"rotation":90,"texture":"#1"},"down":{"uv":[14.4,12,14,11.6],"rotation":270,"texture":"#1"}}},{"from":[1.1,7.19744,6.125],"to":[1.9,7.99744,7.125],"rotation":{"angle":0,"axis":"y","origin":[8,13.59744,-2]},"faces":{"north":{"uv":[15.1,10.4,14.8,10.7],"texture":"#1"},"east":{"uv":[14.8,12.8,14.4,13.1],"texture":"#1"},"south":{"uv":[10.7,14.8,10.4,15.1],"texture":"#1"},"west":{"uv":[14.8,12.4,14.4,12.7],"texture":"#1"},"up":{"uv":[13.6,14.4,13.2,14.7],"rotation":90,"texture":"#1"},"down":{"uv":[14.8,13.5,14.4,13.2],"rotation":270,"texture":"#1"}}},{"from":[1.2,7.29744,7.125],"to":[1.8,7.89744,8.875],"rotation":{"angle":0,"axis":"y","origin":[8,13.59744,-2]},"faces":{"north":{"uv":[2.6,15.2,2.4,15.4],"texture":"#1"},"east":{"uv":[15.1,11.6,14.4,11.8],"texture":"#1"},"south":{"uv":[2.2,15.2,2,15.4],"texture":"#1"},"west":{"uv":[12.3,14.4,11.6,14.6],"texture":"#1"},"up":{"uv":[15.1,12,14.4,12.2],"rotation":90,"texture":"#1"},"down":{"uv":[13.1,14.6,12.4,14.4],"rotation":270,"texture":"#1"}}},{"from":[2,7.19744,5.225],"to":[2.5,7.99744,6.025],"rotation":{"angle":0,"axis":"y","origin":[8,13.59744,-2]},"faces":{"north":{"uv":[15,14.4,14.8,14.7],"texture":"#1"},"east":{"uv":[15.1,10,14.8,10.3],"texture":"#1"},"south":{"uv":[14.6,14.8,14.4,15.1],"texture":"#1"},"west":{"uv":[15.1,9.6,14.8,9.9],"texture":"#1"},"up":{"uv":[15.1,14.8,14.8,15],"rotation":90,"texture":"#1"},"down":{"uv":[0.3,15.4,0,15.2],"rotation":270,"texture":"#1"}}},{"from":[2.5,7.09744,9.875],"to":[3.5,8.09744,10.875],"rotation":{"angle":0,"axis":"y","origin":[8,13.59744,-2]},"faces":{"north":{"uv":[2.4,14.4,2,14.8],"texture":"#1"},"east":{"uv":[2,14.4,1.6,14.8],"texture":"#1"},"south":{"uv":[14.4,14,14,14.4],"texture":"#1"},"west":{"uv":[14.4,13.6,14,14],"texture":"#1"},"up":{"uv":[2.8,14.4,2.4,14.8],"rotation":90,"texture":"#1"},"down":{"uv":[3.2,14.8,2.8,14.4],"rotation":270,"texture":"#1"}}},{"from":[2,7.19744,9.975],"to":[2.5,7.99744,10.775],"rotation":{"angle":0,"axis":"y","origin":[8,13.59744,-2]},"faces":{"north":{"uv":[1,15.2,0.8,15.5],"texture":"#1"},"east":{"uv":[15.1,11.2,14.8,11.5],"texture":"#1"},"south":{"uv":[0.6,15.2,0.4,15.5],"texture":"#1"},"west":{"uv":[11.5,14.8,11.2,15.1],"texture":"#1"},"up":{"uv":[1.5,15.2,1.2,15.4],"rotation":90,"texture":"#1"},"down":{"uv":[1.9,15.4,1.6,15.2],"rotation":270,"texture":"#1"}}},{"from":[1,7.09744,9.875],"to":[2,8.09744,10.875],"rotation":{"angle":0,"axis":"y","origin":[8,13.59744,-2]},"faces":{"north":{"uv":[14.4,12.8,14,13.2],"texture":"#1"},"east":{"uv":[13.2,14,12.8,14.4],"texture":"#1"},"south":{"uv":[14.4,12,14,12.4],"texture":"#1"},"west":{"uv":[12.4,14,12,14.4],"texture":"#1"},"up":{"uv":[13.6,14,13.2,14.4],"rotation":90,"texture":"#1"},"down":{"uv":[14.4,13.6,14,13.2],"rotation":270,"texture":"#1"}}},{"from":[3.5,9.59744,4.5],"to":[12.5,11.09744,11.5],"rotation":{"angle":0,"axis":"y","origin":[0,4.09744,0]},"faces":{"north":{"uv":[9.2,10.4,12.8,11],"texture":"#1"},"east":{"uv":[3.6,11.2,6.4,11.8],"texture":"#1"},"south":{"uv":[0,11.2,3.6,11.8],"texture":"#1"},"west":{"uv":[9.2,11.2,12,11.8],"texture":"#1"},"up":{"uv":[11.6,5.6,8,2.8],"texture":"#1"}}},{"from":[3.35,8.84744,4.35],"to":[12.65,9.59744,11.65],"rotation":{"angle":0,"axis":"y","origin":[0,4.09744,0]},"faces":{"north":{"uv":[11.6,1.6,15.3,1.9],"texture":"#1"},"east":{"uv":[11.6,4.8,14.5,5.1],"texture":"#1"},"south":{"uv":[11.6,2,15.3,2.3],"texture":"#1"},"west":{"uv":[11.6,5.2,14.5,5.5],"texture":"#1"},"up":{"uv":[3.7,9.3,0,6.4],"texture":"#1"},"down":{"uv":[7.7,6.4,4,9.3],"texture":"#1"}}},{"from":[3.35,10.84744,6.1],"to":[12.65,11.59744,9.9],"rotation":{"angle":0,"axis":"y","origin":[8,15.22244,8]},"faces":{"north":{"uv":[11.6,2.4,15.3,2.7],"texture":"#1"},"east":{"uv":[12,5.6,13.5,5.9],"texture":"#1"},"south":{"uv":[11.6,2.8,15.3,3.1],"texture":"#1"},"west":{"uv":[12,6,13.5,6.3],"texture":"#1"},"up":{"uv":[11.7,7.1,8,5.6],"texture":"#1"},"down":{"uv":[11.7,7.2,8,8.7],"texture":"#1"}}},{"from":[9.875,9.14744,1.5625],"to":[10.375,10.54744,2.9625],"rotation":{"angle":0,"axis":"y","origin":[8,13.84744,2.94375]},"faces":{"north":{"uv":[14.8,8,15.4,8.2],"rotation":270,"texture":"#1"},"east":{"uv":[7,13.8,6.4,13.2],"rotation":270,"texture":"#1"},"south":{"uv":[14.8,7.6,15.4,7.8],"rotation":90,"texture":"#1"},"west":{"uv":[13.8,6.4,13.2,7],"rotation":270,"texture":"#1"},"up":{"uv":[8,14.8,8.6,15],"rotation":90,"texture":"#1"},"down":{"uv":[14.8,8.4,15.4,8.6],"rotation":90,"texture":"#1"}}},{"from":[10.375,9.34744,1.7625],"to":[11.375,10.34744,2.7625],"rotation":{"angle":0,"axis":"y","origin":[8,13.84744,2.94375]},"faces":{"north":{"uv":[7.2,14.4,7.6,14.8],"rotation":270,"texture":"#1"},"east":{"uv":[8,14.8,7.6,14.4],"rotation":270,"texture":"#1"},"south":{"uv":[6.8,14.4,7.2,14.8],"rotation":90,"texture":"#1"},"west":{"uv":[14.8,7.6,14.4,8],"rotation":270,"texture":"#1"},"up":{"uv":[14.4,6.8,14.8,7.2],"rotation":90,"texture":"#1"},"down":{"uv":[14.4,7.2,14.8,7.6],"rotation":90,"texture":"#1"}}},{"from":[8.875,9.34744,1.7625],"to":[9.875,10.34744,2.7625],"rotation":{"angle":0,"axis":"y","origin":[8,13.84744,2.94375]},"faces":{"north":{"uv":[8.4,14.4,8.8,14.8],"rotation":270,"texture":"#1"},"east":{"uv":[9.2,14.8,8.8,14.4],"rotation":270,"texture":"#1"},"south":{"uv":[8,14.4,8.4,14.8],"rotation":90,"texture":"#1"},"west":{"uv":[14.8,8.8,14.4,9.2],"rotation":270,"texture":"#1"},"up":{"uv":[14.4,8,14.8,8.4],"rotation":90,"texture":"#1"},"down":{"uv":[14.4,8.4,14.8,8.8],"rotation":90,"texture":"#1"}}},{"from":[7.125,9.44744,1.8625],"to":[8.875,10.24744,2.6625],"rotation":{"angle":0,"axis":"y","origin":[8,13.84744,2.94375]},"faces":{"north":{"uv":[10.8,13.6,11.1,14.3],"rotation":270,"texture":"#1"},"south":{"uv":[10.4,13.6,10.7,14.3],"rotation":90,"texture":"#1"},"up":{"uv":[13.6,10.4,13.9,11.1],"rotation":90,"texture":"#1"},"down":{"uv":[11.2,13.6,11.5,14.3],"rotation":90,"texture":"#1"}}},{"from":[10.3875,9.44744,2.75],"to":[11.1875,10.24744,4.5],"rotation":{"angle":0,"axis":"y","origin":[8,13.84744,2.94375]},"faces":{"east":{"uv":[13.9,12.3,13.6,11.6],"rotation":270,"texture":"#1"},"west":{"uv":[12.7,13.6,12.4,14.3],"rotation":270,"texture":"#1"},"up":{"uv":[13.6,11.2,14.3,11.5],"rotation":90,"texture":"#1"},"down":{"uv":[11.6,13.6,12.3,13.9],"rotation":90,"texture":"#1"}}},{"from":[6.125,9.34744,1.7625],"to":[7.125,10.34744,2.7625],"rotation":{"angle":0,"axis":"y","origin":[8,13.84744,2.94375]},"faces":{"north":{"uv":[9.6,14.4,10,14.8],"rotation":270,"texture":"#1"},"east":{"uv":[10.4,14.8,10,14.4],"rotation":270,"texture":"#1"},"south":{"uv":[9.2,14.4,9.6,14.8],"rotation":90,"texture":"#1"},"west":{"uv":[14.8,10,14.4,10.4],"rotation":270,"texture":"#1"},"up":{"uv":[14.4,9.2,14.8,9.6],"rotation":90,"texture":"#1"},"down":{"uv":[14.4,9.6,14.8,10],"rotation":90,"texture":"#1"}}},{"from":[4.625,9.34744,1.7625],"to":[5.625,10.34744,2.7625],"rotation":{"angle":0,"axis":"y","origin":[8,13.84744,2.94375]},"faces":{"north":{"uv":[10.8,14.4,11.2,14.8],"rotation":270,"texture":"#1"},"east":{"uv":[11.6,14.8,11.2,14.4],"rotation":270,"texture":"#1"},"south":{"uv":[10.4,14.4,10.8,14.8],"rotation":90,"texture":"#1"},"west":{"uv":[14.8,11.2,14.4,11.6],"rotation":270,"texture":"#1"},"up":{"uv":[14.4,10.4,14.8,10.8],"rotation":90,"texture":"#1"},"down":{"uv":[14.4,10.8,14.8,11.2],"rotation":90,"texture":"#1"}}},{"from":[5.625,9.14744,1.5625],"to":[6.125,10.54744,2.9625],"rotation":{"angle":0,"axis":"y","origin":[8,13.84744,2.94375]},"faces":{"north":{"uv":[14.8,9.2,15.4,9.4],"rotation":270,"texture":"#1"},"east":{"uv":[7.8,13.8,7.2,13.2],"rotation":270,"texture":"#1"},"south":{"uv":[8.8,14.8,9.4,15],"rotation":90,"texture":"#1"},"west":{"uv":[13.8,7.2,13.2,7.8],"rotation":270,"texture":"#1"},"up":{"uv":[14.8,8.8,15.4,9],"rotation":90,"texture":"#1"},"down":{"uv":[9.6,14.8,10.2,15],"rotation":90,"texture":"#1"}}},{"from":[4.8125,9.44744,2.75],"to":[5.6125,10.24744,4.5],"rotation":{"angle":0,"axis":"y","origin":[8,13.84744,2.94375]},"faces":{"east":{"uv":[12.7,14.3,12.4,13.6],"rotation":270,"texture":"#1"},"west":{"uv":[13.9,11.6,13.6,12.3],"rotation":270,"texture":"#1"},"up":{"uv":[13.6,11.5,14.3,11.2],"rotation":90,"texture":"#1"},"down":{"uv":[11.6,13.9,12.3,13.6],"rotation":90,"texture":"#1"}}},{"from":[6.9,11.5,8],"to":[11.9,16.5,8.05],"rotation":{"angle":-45,"axis":"z","origin":[9.4,14,8]},"faces":{"north":{"uv":[0,0,10,10],"texture":"#2"},"south":{"uv":[0,10,10,0],"rotation":180,"texture":"#2"}}},{"from":[4.1,11.5,8],"to":[9.1,16.5,8.05],"rotation":{"angle":45,"axis":"z","origin":[6.6,14,8]},"faces":{"north":{"uv":[10,0,0,10],"texture":"#2"},"south":{"uv":[10,10,0,0],"rotation":180,"texture":"#2"}}}],"gui_light":"front","display":{"thirdperson_righthand":{"rotation":[62.25,0,0],"translation":[0,2.25,0.75],"scale":[0.66211,0.66211,0.66211]},"thirdperson_lefthand":{"rotation":[62.25,0,0],"translation":[0,2.25,0.75],"scale":[0.66211,0.66211,0.66211]},"firstperson_righthand":{"rotation":[168.25,0,-180],"translation":[-3.5,3.5,0]},"firstperson_lefthand":{"rotation":[168.25,0,-180],"translation":[-3.5,3.5,0]},"ground":{"translation":[0,4.5,0]},"gui":{"rotation":[0,145,0],"scale":[1.08984,1.08984,1.08984]},"head":{"rotation":[0,180,0],"translation":[0,-29.5,0],"scale":[4,4,4]},"fixed":{"rotation":[-90,0,0],"translation":[0,0,-12.5],"scale":[3.74219,3.74219,3.74219]}}}