{"credit":"MadebyPolygonMC","texture_size":[24,24],"textures":{"1":"tavern:items/sets/evergreen/animations/animations_1","2":"tavern:items/sets/evergreen/greatsword","particle":"tavern:items/sets/evergreen/greatsword"},"elements":[{"from":[7.3,2,7.3],"to":[8.7,2.5,8.7],"rotation":{"angle":0,"axis":"y","origin":[7.5,0,7.5]},"faces":{"north":{"uv":[8,12.66667,9,13],"texture":"#2"},"east":{"uv":[12.66667,8.66667,13.66667,9],"texture":"#2"},"south":{"uv":[9.33333,12.66667,10.33333,13],"texture":"#2"},"west":{"uv":[12.66667,9.33333,13.66667,9.66667],"texture":"#2"},"up":{"uv":[11,1,10,0],"texture":"#2"},"down":{"uv":[11,1.33333,10,2.33333],"texture":"#2"}}},{"from":[7.3,6.25,7.3],"to":[8.7,6.75,8.7],"rotation":{"angle":0,"axis":"y","origin":[7.5,4.25,7.5]},"faces":{"north":{"uv":[12.66667,10,13.66667,10.33333],"texture":"#2"},"east":{"uv":[10.66667,12.66667,11.66667,13],"texture":"#2"},"south":{"uv":[12.66667,10.66667,13.66667,11],"texture":"#2"},"west":{"uv":[12.66667,11.33333,13.66667,11.66667],"texture":"#2"},"up":{"uv":[11,5,10,4],"texture":"#2"},"down":{"uv":[11,5.33333,10,6.33333],"texture":"#2"}}},{"from":[7.4,6.75,7.4],"to":[8.6,7.25,8.6],"rotation":{"angle":0,"axis":"y","origin":[7.5,4.75,7.5]},"faces":{"north":{"uv":[10,13.33333,10.83333,13.66667],"texture":"#2"},"east":{"uv":[11.33333,13.33333,12.16667,13.66667],"texture":"#2"},"south":{"uv":[13.33333,12,14.16667,12.33333],"texture":"#2"},"west":{"uv":[12.66667,13.33333,13.5,13.66667],"texture":"#2"}}},{"from":[7.5,1,7.5],"to":[8.5,2,8.5],"rotation":{"angle":0,"axis":"y","origin":[7.5,0,7.5]},"faces":{"north":{"uv":[2.66667,12,3.33333,12.66667],"texture":"#2"},"east":{"uv":[3.33333,12,4,12.66667],"texture":"#2"},"south":{"uv":[4,12,4.66667,12.66667],"texture":"#2"},"west":{"uv":[4.66667,12,5.33333,12.66667],"texture":"#2"},"up":{"uv":[6,12.66667,5.33333,12],"texture":"#2"},"down":{"uv":[6.66667,12,6,12.66667],"texture":"#2"}}},{"from":[7.5,2.5,7.5],"to":[8.5,3.5,8.5],"rotation":{"angle":0,"axis":"y","origin":[7.5,0,7.5]},"faces":{"north":{"uv":[8,12,8.66667,12.66667],"texture":"#2"},"east":{"uv":[12,10.66667,12.66667,11.33333],"texture":"#2"},"south":{"uv":[11.33333,12,12,12.66667],"texture":"#2"},"west":{"uv":[12,11.33333,12.66667,12],"texture":"#2"},"up":{"uv":[12.66667,12.66667,12,12],"texture":"#2"},"down":{"uv":[13.33333,0,12.66667,0.66667],"texture":"#2"}}},{"from":[7.5,5.25,7.5],"to":[8.5,6.25,8.5],"rotation":{"angle":0,"axis":"y","origin":[7.5,2.75,7.5]},"faces":{"north":{"uv":[12.66667,0.66667,13.33333,1.33333],"texture":"#2"},"east":{"uv":[12.66667,1.33333,13.33333,2],"texture":"#2"},"south":{"uv":[12.66667,2,13.33333,2.66667],"texture":"#2"},"west":{"uv":[2.66667,12.66667,3.33333,13.33333],"texture":"#2"},"up":{"uv":[13.33333,3.33333,12.66667,2.66667],"texture":"#2"},"down":{"uv":[4,12.66667,3.33333,13.33333],"texture":"#2"}}},{"from":[7.6,3.5,7.6],"to":[8.4,5.25,8.4],"rotation":{"angle":0,"axis":"y","origin":[7.5,1,7.5]},"faces":{"north":{"uv":[8.66667,11.33333,9.16667,12.5],"texture":"#2"},"east":{"uv":[10,11.33333,10.5,12.5],"texture":"#2"},"south":{"uv":[10.66667,11.33333,11.16667,12.5],"texture":"#2"},"west":{"uv":[11.33333,10.66667,11.83333,11.83333],"texture":"#2"}}},{"from":[7.39,0.265,7.39],"to":[8.61,1.485,8.61],"rotation":{"angle":-45,"axis":"x","origin":[8,0.875,8]},"faces":{"north":{"uv":[11.33333,4,12.16667,4.83333],"texture":"#2"},"east":{"uv":[11.33333,5.33333,12.16667,6.16667],"texture":"#2"},"south":{"uv":[6.66667,11.33333,7.5,12.16667],"texture":"#2"},"west":{"uv":[11.33333,6.66667,12.16667,7.5],"texture":"#2"},"up":{"uv":[12.16667,8.83333,11.33333,8],"texture":"#2"},"down":{"uv":[12.16667,9.33333,11.33333,10.16667],"texture":"#2"}}},{"from":[7.2,7.25,7],"to":[8.8,8.75,9],"rotation":{"angle":0,"axis":"y","origin":[7,7.25,7]},"faces":{"north":{"uv":[6.66667,10,7.66667,11],"texture":"#2"},"east":{"uv":[6.66667,2.66667,8,3.66667],"texture":"#2"},"south":{"uv":[10,6.66667,11,7.66667],"texture":"#2"},"west":{"uv":[6.66667,4,8,5],"texture":"#2"},"up":{"uv":[7.66667,6.66667,6.66667,5.33333],"texture":"#2"},"down":{"uv":[7.66667,6.66667,6.66667,8],"texture":"#2"}}},{"from":[7.205,6.76256,5.82322],"to":[8.795,8.26256,7.82322],"rotation":{"angle":-45,"axis":"x","origin":[8.005,7.51256,6.82322]},"faces":{"north":{"uv":[10,8.66667,11,9.66667],"texture":"#2"},"east":{"uv":[8,2.66667,9.33333,3.66667],"texture":"#2"},"west":{"uv":[8,4,9.33333,5],"texture":"#2"},"up":{"uv":[9,6.66667,8,5.33333],"texture":"#2"},"down":{"uv":[7.66667,8,6.66667,9.33333],"texture":"#2"}}},{"from":[7.205,6.76256,8.17678],"to":[8.795,8.26256,10.17678],"rotation":{"angle":45,"axis":"x","origin":[8.005,7.51256,9.17678]},"faces":{"east":{"uv":[8,6.66667,9.33333,7.66667],"texture":"#2"},"south":{"uv":[10,10,11,11],"texture":"#2"},"west":{"uv":[8,8,9.33333,9],"texture":"#2"},"up":{"uv":[9.66667,1.33333,8.66667,0],"texture":"#2"},"down":{"uv":[9.66667,1.33333,8.66667,2.66667],"texture":"#2"}}},{"from":[7.5,7.8,4.55],"to":[8.5,8.8,7.05],"rotation":{"angle":0,"axis":"y","origin":[7.25,7.8,5.05]},"faces":{"north":{"uv":[12.66667,3.33333,13.33333,4],"texture":"#2"},"east":{"uv":[9.33333,2.66667,11,3.33333],"texture":"#2"},"south":{"uv":[4,12.66667,4.66667,13.33333],"texture":"#2"},"west":{"uv":[9.33333,3.33333,11,4],"texture":"#2"},"up":{"uv":[10,5.66667,9.33333,4],"texture":"#2"},"down":{"uv":[10,6,9.33333,7.66667],"texture":"#2"}}},{"from":[7.5,8.8,6.3],"to":[8.5,9.8,7.05],"rotation":{"angle":0,"axis":"x","origin":[8,9.55,6.55]},"faces":{"north":{"uv":[12.66667,4,13.33333,4.66667],"texture":"#2"},"east":{"uv":[12,12.66667,12.5,13.33333],"texture":"#2"},"south":{"uv":[4.66667,12.66667,5.33333,13.33333],"texture":"#2"},"west":{"uv":[12.66667,12,13.16667,12.66667],"texture":"#2"},"up":{"uv":[13.33333,13.16667,12.66667,12.66667],"texture":"#2"},"down":{"uv":[14,0,13.33333,0.5],"texture":"#2"}}},{"from":[7.505,9.35604,6.33858],"to":[8.495,10.10604,7.33858],"rotation":{"angle":-22.5,"axis":"x","origin":[8.005,9.85604,7.08858]},"faces":{"north":{"uv":[13.33333,0.66667,14,1.16667],"texture":"#2"},"east":{"uv":[13.33333,1.33333,14,1.83333],"texture":"#2"},"south":{"uv":[13.33333,2,14,2.5],"texture":"#2"},"west":{"uv":[2.66667,13.33333,3.33333,13.83333],"texture":"#2"},"up":{"uv":[13.33333,5.33333,12.66667,4.66667],"texture":"#2"},"down":{"uv":[6,12.66667,5.33333,13.33333],"texture":"#2"}}},{"from":[7.505,9.35604,8.66142],"to":[8.495,10.10604,9.66142],"rotation":{"angle":22.5,"axis":"x","origin":[8.005,9.85604,8.91142]},"faces":{"north":{"uv":[13.33333,2.66667,14,3.16667],"texture":"#2"},"east":{"uv":[3.33333,13.33333,4,13.83333],"texture":"#2"},"south":{"uv":[13.33333,3.33333,14,3.83333],"texture":"#2"},"west":{"uv":[4,13.33333,4.66667,13.83333],"texture":"#2"},"up":{"uv":[13.33333,6,12.66667,5.33333],"texture":"#2"},"down":{"uv":[6.66667,12.66667,6,13.33333],"texture":"#2"}}},{"from":[7.5,8.8,8.95],"to":[8.5,9.8,9.7],"rotation":{"angle":0,"axis":"x","origin":[8,9.55,9.45]},"faces":{"north":{"uv":[12.66667,6,13.33333,6.66667],"texture":"#2"},"east":{"uv":[13.33333,4,13.83333,4.66667],"texture":"#2"},"south":{"uv":[6.66667,12.66667,7.33333,13.33333],"texture":"#2"},"west":{"uv":[4.66667,13.33333,5.16667,14],"texture":"#2"},"up":{"uv":[14,5.16667,13.33333,4.66667],"texture":"#2"},"down":{"uv":[6,13.33333,5.33333,13.83333],"texture":"#2"}}},{"from":[7.5,7.8,8.95],"to":[8.5,8.8,11.45],"rotation":{"angle":0,"axis":"y","origin":[7.25,7.8,10.95]},"faces":{"north":{"uv":[12.66667,6.66667,13.33333,7.33333],"texture":"#2"},"east":{"uv":[6.66667,9.33333,8.33333,10],"texture":"#2"},"south":{"uv":[7.33333,12.66667,8,13.33333],"texture":"#2"},"west":{"uv":[9.33333,8,11,8.66667],"texture":"#2"},"up":{"uv":[9.33333,11,8.66667,9.33333],"texture":"#2"},"down":{"uv":[10,8.66667,9.33333,10.33333],"texture":"#2"}}},{"from":[7.605,13.58104,8.58858],"to":[8.395,14.33104,9.58858],"rotation":{"angle":-22.5,"axis":"x","origin":[8.005,14.08104,9.33858]},"faces":{"north":{"uv":[14,2,14.5,2.5],"texture":"#2"},"east":{"uv":[8,13.33333,8.66667,13.83333],"texture":"#2"},"south":{"uv":[2.66667,14,3.16667,14.5],"texture":"#2"},"west":{"uv":[13.33333,8,14,8.5],"texture":"#2"},"up":{"uv":[9.16667,14,8.66667,13.33333],"texture":"#2"},"down":{"uv":[9.83333,13.33333,9.33333,14],"texture":"#2"}}},{"from":[7.6,11.525,8.55],"to":[8.4,14.025,9.3],"rotation":{"angle":0,"axis":"x","origin":[8,13.775,8.8]},"faces":{"north":{"uv":[8,10,8.5,11.66667],"texture":"#2"},"east":{"uv":[9.33333,10.66667,9.83333,12.33333],"texture":"#2"},"south":{"uv":[11.33333,0,11.83333,1.66667],"texture":"#2"},"west":{"uv":[11.33333,2,11.83333,3.66667],"texture":"#2"},"up":{"uv":[14.5,1.16667,14,0.66667],"texture":"#2"},"down":{"uv":[14.5,1.33333,14,1.83333],"texture":"#2"}}},{"from":[7.605,11.21896,8.58858],"to":[8.395,11.96896,9.58858],"rotation":{"angle":22.5,"axis":"x","origin":[8.005,11.46896,9.33858]},"faces":{"north":{"uv":[13.33333,12.66667,13.83333,13.16667],"texture":"#2"},"east":{"uv":[13.33333,5.33333,14,5.83333],"texture":"#2"},"south":{"uv":[14,0,14.5,0.5],"texture":"#2"},"west":{"uv":[6,13.33333,6.66667,13.83333],"texture":"#2"},"up":{"uv":[13.83333,6.66667,13.33333,6],"texture":"#2"},"down":{"uv":[7.16667,13.33333,6.66667,14],"texture":"#2"}}},{"from":[7.605,16.21896,8.58858],"to":[8.395,16.96896,9.58858],"rotation":{"angle":22.5,"axis":"x","origin":[8.005,16.46896,9.33858]},"faces":{"north":{"uv":[13.33333,12.66667,13.83333,13.16667],"texture":"#2"},"east":{"uv":[13.33333,5.33333,14,5.83333],"texture":"#2"},"south":{"uv":[14,0,14.5,0.5],"texture":"#2"},"west":{"uv":[6,13.33333,6.66667,13.83333],"texture":"#2"},"up":{"uv":[13.83333,6.66667,13.33333,6],"texture":"#2"},"down":{"uv":[7.16667,13.33333,6.66667,14],"texture":"#2"}}},{"from":[7.6,16.525,8.55],"to":[8.4,19.025,9.3],"rotation":{"angle":0,"axis":"x","origin":[8,18.775,8.8]},"faces":{"north":{"uv":[8,10,8.5,11.66667],"texture":"#2"},"east":{"uv":[9.33333,10.66667,9.83333,12.33333],"texture":"#2"},"south":{"uv":[11.33333,0,11.83333,1.66667],"texture":"#2"},"west":{"uv":[11.33333,2,11.83333,3.66667],"texture":"#2"},"up":{"uv":[14.5,1.16667,14,0.66667],"texture":"#2"},"down":{"uv":[14.5,1.33333,14,1.83333],"texture":"#2"}}},{"from":[7.605,18.58104,8.58858],"to":[8.395,19.33104,9.58858],"rotation":{"angle":-22.5,"axis":"x","origin":[8.005,19.08104,9.33858]},"faces":{"north":{"uv":[14,2,14.5,2.5],"texture":"#2"},"east":{"uv":[8,13.33333,8.66667,13.83333],"texture":"#2"},"south":{"uv":[2.66667,14,3.16667,14.5],"texture":"#2"},"west":{"uv":[13.33333,8,14,8.5],"texture":"#2"},"up":{"uv":[9.16667,14,8.66667,13.33333],"texture":"#2"},"down":{"uv":[9.83333,13.33333,9.33333,14],"texture":"#2"}}},{"from":[7.605,21.21896,8.58858],"to":[8.395,21.96896,9.58858],"rotation":{"angle":22.5,"axis":"x","origin":[8.005,21.46896,9.33858]},"faces":{"north":{"uv":[13.33333,12.66667,13.83333,13.16667],"texture":"#2"},"east":{"uv":[13.33333,5.33333,14,5.83333],"texture":"#2"},"south":{"uv":[14,0,14.5,0.5],"texture":"#2"},"west":{"uv":[6,13.33333,6.66667,13.83333],"texture":"#2"},"up":{"uv":[13.83333,6.66667,13.33333,6],"texture":"#2"},"down":{"uv":[7.16667,13.33333,6.66667,14],"texture":"#2"}}},{"from":[7.6,21.525,8.55],"to":[8.4,24.025,9.3],"rotation":{"angle":0,"axis":"x","origin":[8,23.775,8.8]},"faces":{"north":{"uv":[8,10,8.5,11.66667],"texture":"#2"},"east":{"uv":[9.33333,10.66667,9.83333,12.33333],"texture":"#2"},"south":{"uv":[11.33333,0,11.83333,1.66667],"texture":"#2"},"west":{"uv":[11.33333,2,11.83333,3.66667],"texture":"#2"},"up":{"uv":[14.5,1.16667,14,0.66667],"texture":"#2"},"down":{"uv":[14.5,1.33333,14,1.83333],"texture":"#2"}}},{"from":[7.605,23.58104,8.58858],"to":[8.395,24.33104,9.58858],"rotation":{"angle":-22.5,"axis":"x","origin":[8.005,24.08104,9.33858]},"faces":{"north":{"uv":[14,2,14.5,2.5],"texture":"#2"},"east":{"uv":[8,13.33333,8.66667,13.83333],"texture":"#2"},"south":{"uv":[2.66667,14,3.16667,14.5],"texture":"#2"},"west":{"uv":[13.33333,8,14,8.5],"texture":"#2"},"up":{"uv":[9.16667,14,8.66667,13.33333],"texture":"#2"},"down":{"uv":[9.83333,13.33333,9.33333,14],"texture":"#2"}}},{"from":[7.75,8.75,7],"to":[8.25,26.75,9],"rotation":{"angle":0,"axis":"y","origin":[7.25,8.75,7]},"faces":{"north":{"uv":[5.33333,0,5.66667,12],"texture":"#2"},"east":{"uv":[2.66667,0,4,12],"texture":"#2"},"south":{"uv":[6,0,6.33333,12],"texture":"#2"},"west":{"uv":[4,0,5.33333,12],"texture":"#2"},"down":{"uv":[13,7.33333,12.66667,8.66667],"texture":"#2"}}},{"from":[7.7475,26.16154,7],"to":[8.2525,27.57954,9.418],"rotation":{"angle":-45,"axis":"x","origin":[7.9975,27.16154,8]},"faces":{"north":{"uv":[13.33333,6.66667,13.66667,7.66667],"texture":"#2"},"east":{"uv":[6.66667,0,8.33333,1],"texture":"#2"},"south":{"uv":[7.33333,13.33333,7.66667,14.33333],"texture":"#2"},"west":{"uv":[6.66667,1.33333,8.33333,2.33333],"texture":"#2"},"up":{"uv":[12.33333,1.66667,12,0],"texture":"#2"},"down":{"uv":[12.33333,2,12,3.66667],"texture":"#2"}}},{"from":[7.975,8.75,5.9],"to":[8.025,32,9.65],"rotation":{"angle":0,"axis":"y","origin":[7.975,0,5.9]},"faces":{"east":{"uv":[2.5,0,0,15.5],"texture":"#2"},"west":{"uv":[0,0,2.5,15.5],"texture":"#2"}}},{"from":[7.55,10.25,6],"to":[7.55,15.25,11],"rotation":{"angle":0,"axis":"x","origin":[7.55,12.75,8.5]},"faces":{"west":{"uv":[0,0,10.33333,10.33333],"texture":"#1"}}},{"from":[8.45,10.25,6],"to":[8.45,15.25,11],"rotation":{"angle":0,"axis":"x","origin":[8.45,12.75,8.5]},"faces":{"east":{"uv":[10.33333,0,0,10.33333],"texture":"#1"}}}],"gui_light":"front","display":{"thirdperson_righthand":{"translation":[0,1.75,1]},"thirdperson_lefthand":{"translation":[0,1.75,1]},"firstperson_righthand":{"rotation":[-10,0,0],"translation":[0,2.25,0.5]},"firstperson_lefthand":{"rotation":[-10,0,0],"translation":[0,2.25,0.5]},"ground":{"translation":[0,9.25,0]},"gui":{"rotation":[-90,-45,-90],"translation":[-4.25,-4,0],"scale":[0.75196,0.75196,0.75196]},"head":{"rotation":[0,90,0],"scale":[1.5,1.5,1.5]},"fixed":{"rotation":[0,-90,0],"translation":[0,-15.25,-1.5],"scale":[2,2,2]}}}