{"credit":"MadebyPolygonMC","texture_size":[24,24],"textures":{"1":"tavern:items/sets/evergreen/scythe","2":"tavern:items/sets/evergreen/animations/animations_1","particle":"tavern:items/sets/evergreen/animations/animations_1"},"elements":[{"from":[7.3,2,7.3],"to":[8.7,2.5,8.7],"rotation":{"angle":0,"axis":"y","origin":[7.5,0,7.5]},"faces":{"north":{"uv":[13.33333,8.66667,14.33333,9],"texture":"#1"},"east":{"uv":[9.33333,13.33333,10.33333,13.66667],"texture":"#1"},"south":{"uv":[13.33333,9.33333,14.33333,9.66667],"texture":"#1"},"west":{"uv":[13.33333,10,14.33333,10.33333],"texture":"#1"},"up":{"uv":[5.66667,10.33333,4.66667,9.33333],"texture":"#1"},"down":{"uv":[10.33333,5.33333,9.33333,6.33333],"texture":"#1"}}},{"from":[7.3,6.25,7.3],"to":[8.7,6.75,8.7],"rotation":{"angle":0,"axis":"y","origin":[7.5,4.25,7.5]},"faces":{"north":{"uv":[10.66667,13.33333,11.66667,13.66667],"texture":"#1"},"east":{"uv":[13.33333,10.66667,14.33333,11],"texture":"#1"},"south":{"uv":[13.33333,11.33333,14.33333,11.66667],"texture":"#1"},"west":{"uv":[12,13.33333,13,13.66667],"texture":"#1"},"up":{"uv":[7,10.33333,6,9.33333],"texture":"#1"},"down":{"uv":[10.33333,7.33333,9.33333,8.33333],"texture":"#1"}}},{"from":[7.4,16.75,7.4],"to":[8.6,17.25,8.6],"rotation":{"angle":0,"axis":"y","origin":[7.5,14.75,7.5]},"faces":{"north":{"uv":[8,14.66667,8.83333,15],"texture":"#1"},"east":{"uv":[14.66667,8.66667,15.5,9],"texture":"#1"},"south":{"uv":[9.33333,14.66667,10.16667,15],"texture":"#1"},"west":{"uv":[14.66667,9.33333,15.5,9.66667],"texture":"#1"},"up":{"uv":[12.16667,10.83333,11.33333,10],"texture":"#1"},"down":{"uv":[11.5,11.33333,10.66667,12.16667],"texture":"#1"}}},{"from":[7.5,1,7.5],"to":[8.5,2,8.5],"rotation":{"angle":0,"axis":"y","origin":[7.5,0,7.5]},"faces":{"north":{"uv":[6.66667,2.66667,7.33333,3.33333],"texture":"#1"},"east":{"uv":[7.33333,2.66667,8,3.33333],"texture":"#1"},"south":{"uv":[9.33333,8.66667,10,9.33333],"texture":"#1"},"west":{"uv":[10,6.66667,10.66667,7.33333],"texture":"#1"},"up":{"uv":[11.33333,8.66667,10.66667,8],"texture":"#1"},"down":{"uv":[12.66667,8.66667,12,9.33333],"texture":"#1"}}},{"from":[7.5,2.5,7.5],"to":[8.5,3.5,8.5],"rotation":{"angle":0,"axis":"y","origin":[7.5,0,7.5]},"faces":{"north":{"uv":[12,9.33333,12.66667,10],"texture":"#1"},"east":{"uv":[12,11.33333,12.66667,12],"texture":"#1"},"south":{"uv":[12,12,12.66667,12.66667],"texture":"#1"},"west":{"uv":[12.66667,4,13.33333,4.66667],"texture":"#1"},"up":{"uv":[13.33333,5.33333,12.66667,4.66667],"texture":"#1"},"down":{"uv":[13.33333,5.33333,12.66667,6],"texture":"#1"}}},{"from":[7.5,5.25,7.5],"to":[8.5,6.25,8.5],"rotation":{"angle":0,"axis":"y","origin":[7.5,2.75,7.5]},"faces":{"north":{"uv":[12.66667,6,13.33333,6.66667],"texture":"#1"},"east":{"uv":[12.66667,6.66667,13.33333,7.33333],"texture":"#1"},"south":{"uv":[12.66667,7.33333,13.33333,8],"texture":"#1"},"west":{"uv":[8,12.66667,8.66667,13.33333],"texture":"#1"},"up":{"uv":[13.33333,8.66667,12.66667,8],"texture":"#1"},"down":{"uv":[9.33333,12.66667,8.66667,13.33333],"texture":"#1"}}},{"from":[7.6,3.5,7.6],"to":[8.4,5.25,8.4],"rotation":{"angle":0,"axis":"y","origin":[7.5,1,7.5]},"faces":{"north":{"uv":[2,9.33333,2.5,10.5],"texture":"#1"},"east":{"uv":[12,6,12.5,7.16667],"texture":"#1"},"south":{"uv":[6.66667,12,7.16667,13.16667],"texture":"#1"},"west":{"uv":[12,7.33333,12.5,8.5],"texture":"#1"}}},{"from":[7.5,6.75,7.5],"to":[8.5,7.75,8.5],"rotation":{"angle":0,"axis":"y","origin":[7.5,0,7.5]},"faces":{"north":{"uv":[12.66667,8.66667,13.33333,9.33333],"texture":"#1"},"east":{"uv":[9.33333,12.66667,10,13.33333],"texture":"#1"},"south":{"uv":[12.66667,9.33333,13.33333,10],"texture":"#1"},"west":{"uv":[12.66667,10,13.33333,10.66667],"texture":"#1"},"up":{"uv":[11.33333,13.33333,10.66667,12.66667],"texture":"#1"},"down":{"uv":[13.33333,10.66667,12.66667,11.33333],"texture":"#1"}}},{"from":[7.5,15.75,7.5],"to":[8.5,16.75,8.5],"rotation":{"angle":0,"axis":"y","origin":[7.5,2.75,7.5]},"faces":{"north":{"uv":[11.33333,12.66667,12,13.33333],"texture":"#1"},"east":{"uv":[12.66667,11.33333,13.33333,12],"texture":"#1"},"south":{"uv":[12,12.66667,12.66667,13.33333],"texture":"#1"},"west":{"uv":[12.66667,12,13.33333,12.66667],"texture":"#1"},"up":{"uv":[13.33333,13.33333,12.66667,12.66667],"texture":"#1"},"down":{"uv":[0.66667,13.33333,0,14],"texture":"#1"}}},{"from":[7.6,7.75,7.6],"to":[8.4,15.75,8.4],"rotation":{"angle":0,"axis":"y","origin":[7.5,1,7.5]},"faces":{"north":{"uv":[4,3.33333,4.5,8.66667],"texture":"#1"},"east":{"uv":[4.66667,3.33333,5.16667,8.66667],"texture":"#1"},"south":{"uv":[5.33333,3.33333,5.83333,8.66667],"texture":"#1"},"west":{"uv":[0,6,0.5,11.33333],"texture":"#1"}}},{"from":[7.3,18.75,7.3],"to":[8.7,19.25,8.7],"rotation":{"angle":0,"axis":"y","origin":[7.5,16.75,7.5]},"faces":{"north":{"uv":[13.33333,12,14.33333,12.33333],"texture":"#1"},"east":{"uv":[13.33333,12.66667,14.33333,13],"texture":"#1"},"south":{"uv":[13.33333,13.33333,14.33333,13.66667],"texture":"#1"},"west":{"uv":[0,14,1,14.33333],"texture":"#1"},"up":{"uv":[9.66667,10.33333,8.66667,9.33333],"texture":"#1"},"down":{"uv":[11,8.66667,10,9.66667],"texture":"#1"}}},{"from":[7.3,17.25,7.3],"to":[8.7,17.75,8.7],"rotation":{"angle":0,"axis":"y","origin":[7.5,15.25,7.5]},"faces":{"north":{"uv":[14,0,15,0.33333],"texture":"#1"},"east":{"uv":[14,0.66667,15,1],"texture":"#1"},"south":{"uv":[1.33333,14,2.33333,14.33333],"texture":"#1"},"west":{"uv":[14,1.33333,15,1.66667],"texture":"#1"},"up":{"uv":[11,11,10,10],"texture":"#1"},"down":{"uv":[11.66667,0,10.66667,1],"texture":"#1"}}},{"from":[7.3,21.25,7.3],"to":[8.7,21.75,8.7],"rotation":{"angle":0,"axis":"y","origin":[7.5,19.25,7.5]},"faces":{"north":{"uv":[14,2,15,2.33333],"texture":"#1"},"east":{"uv":[2.66667,14,3.66667,14.33333],"texture":"#1"},"south":{"uv":[14,2.66667,15,3],"texture":"#1"},"west":{"uv":[14,3.33333,15,3.66667],"texture":"#1"},"up":{"uv":[1.66667,11.66667,0.66667,10.66667],"texture":"#1"},"down":{"uv":[11.66667,1.33333,10.66667,2.33333],"texture":"#1"}}},{"from":[7.4,21.75,7.4],"to":[8.6,22.25,8.6],"rotation":{"angle":0,"axis":"y","origin":[7.5,19.75,7.5]},"faces":{"north":{"uv":[14.66667,10,15.5,10.33333],"texture":"#1"},"east":{"uv":[10.66667,14.66667,11.5,15],"texture":"#1"},"south":{"uv":[14.66667,10.66667,15.5,11],"texture":"#1"},"west":{"uv":[14.66667,11.33333,15.5,11.66667],"texture":"#1"}}},{"from":[7.5,17.75,7.5],"to":[8.5,18.75,8.5],"rotation":{"angle":0,"axis":"y","origin":[7.5,16.75,7.5]},"faces":{"north":{"uv":[13.33333,0,14,0.66667],"texture":"#1"},"east":{"uv":[0.66667,13.33333,1.33333,14],"texture":"#1"},"south":{"uv":[13.33333,0.66667,14,1.33333],"texture":"#1"},"west":{"uv":[1.33333,13.33333,2,14],"texture":"#1"},"up":{"uv":[14,2,13.33333,1.33333],"texture":"#1"},"down":{"uv":[2.66667,13.33333,2,14],"texture":"#1"}}},{"from":[7.39,0.265,7.39],"to":[8.61,1.485,8.61],"rotation":{"angle":-45,"axis":"x","origin":[8,0.875,8]},"faces":{"north":{"uv":[12,0,12.83333,0.83333],"texture":"#1"},"east":{"uv":[0.66667,12,1.5,12.83333],"texture":"#1"},"south":{"uv":[12,1.33333,12.83333,2.16667],"texture":"#1"},"west":{"uv":[2,12,2.83333,12.83333],"texture":"#1"},"up":{"uv":[12.83333,3.5,12,2.66667],"texture":"#1"},"down":{"uv":[4.16667,12,3.33333,12.83333],"texture":"#1"}}},{"from":[7.2,22.25,7],"to":[8.8,23.75,9],"rotation":{"angle":0,"axis":"y","origin":[7,22.25,7]},"faces":{"north":{"uv":[2,10.66667,3,11.66667],"texture":"#1"},"east":{"uv":[2.66667,6,4,7],"texture":"#1"},"south":{"uv":[10.66667,2.66667,11.66667,3.66667],"texture":"#1"},"west":{"uv":[6.66667,0,8,1],"texture":"#1"},"up":{"uv":[7.66667,2.66667,6.66667,1.33333],"texture":"#1"},"down":{"uv":[1.66667,7.33333,0.66667,8.66667],"texture":"#1"}}},{"from":[7.205,21.76256,5.82322],"to":[8.795,23.26256,7.82322],"rotation":{"angle":-45,"axis":"x","origin":[8.005,22.51256,6.82322]},"faces":{"north":{"uv":[3.33333,10.66667,4.33333,11.66667],"texture":"#1"},"east":{"uv":[2,7.33333,3.33333,8.33333],"texture":"#1"},"west":{"uv":[6,7.33333,7.33333,8.33333],"texture":"#1"},"up":{"uv":[8.33333,8.66667,7.33333,7.33333],"texture":"#1"},"down":{"uv":[9,0,8,1.33333],"texture":"#1"}}},{"from":[7.205,21.76256,8.17678],"to":[8.795,23.26256,10.17678],"rotation":{"angle":45,"axis":"x","origin":[8.005,22.51256,9.17678]},"faces":{"east":{"uv":[8,1.33333,9.33333,2.33333],"texture":"#1"},"south":{"uv":[10.66667,4,11.66667,5],"texture":"#1"},"west":{"uv":[8,2.66667,9.33333,3.66667],"texture":"#1"},"up":{"uv":[9,5.33333,8,4],"texture":"#1"},"down":{"uv":[9,5.33333,8,6.66667],"texture":"#1"}}},{"from":[7.5,22.8,4.55],"to":[8.5,23.8,7.05],"rotation":{"angle":0,"axis":"y","origin":[7.25,22.8,5.05]},"faces":{"north":{"uv":[13.33333,2,14,2.66667],"texture":"#1"},"east":{"uv":[8,6.66667,9.66667,7.33333],"texture":"#1"},"south":{"uv":[2.66667,13.33333,3.33333,14],"texture":"#1"},"west":{"uv":[0.66667,8.66667,2.33333,9.33333],"texture":"#1"},"up":{"uv":[4,9,3.33333,7.33333],"texture":"#1"},"down":{"uv":[3.33333,8.66667,2.66667,10.33333],"texture":"#1"}}},{"from":[7.5,23.8,6.3],"to":[8.5,24.8,7.05],"rotation":{"angle":0,"axis":"x","origin":[8,24.55,6.55]},"faces":{"north":{"uv":[13.33333,2.66667,14,3.33333],"texture":"#1"},"east":{"uv":[4,14,4.5,14.66667],"texture":"#1"},"south":{"uv":[3.33333,13.33333,4,14],"texture":"#1"},"west":{"uv":[14,4,14.5,4.66667],"texture":"#1"},"up":{"uv":[5.33333,14.5,4.66667,14],"texture":"#1"},"down":{"uv":[14.66667,4.66667,14,5.16667],"texture":"#1"}}},{"from":[7.505,24.35604,6.33858],"to":[8.495,25.10604,7.33858],"rotation":{"angle":-22.5,"axis":"x","origin":[8.005,24.85604,7.08858]},"faces":{"north":{"uv":[5.33333,14,6,14.5],"texture":"#1"},"east":{"uv":[14,5.33333,14.66667,5.83333],"texture":"#1"},"south":{"uv":[6,14,6.66667,14.5],"texture":"#1"},"west":{"uv":[14,6,14.66667,6.5],"texture":"#1"},"up":{"uv":[14,4,13.33333,3.33333],"texture":"#1"},"down":{"uv":[4.66667,13.33333,4,14],"texture":"#1"}}},{"from":[7.505,24.35604,8.66142],"to":[8.495,25.10604,9.66142],"rotation":{"angle":22.5,"axis":"x","origin":[8.005,24.85604,8.91142]},"faces":{"north":{"uv":[6.66667,14,7.33333,14.5],"texture":"#1"},"east":{"uv":[14,6.66667,14.66667,7.16667],"texture":"#1"},"south":{"uv":[14,7.33333,14.66667,7.83333],"texture":"#1"},"west":{"uv":[14,8,14.66667,8.5],"texture":"#1"},"up":{"uv":[14,4.66667,13.33333,4],"texture":"#1"},"down":{"uv":[14,4.66667,13.33333,5.33333],"texture":"#1"}}},{"from":[7.5,23.8,8.95],"to":[8.5,24.8,9.7],"rotation":{"angle":0,"axis":"x","origin":[8,24.55,9.45]},"faces":{"north":{"uv":[13.33333,5.33333,14,6],"texture":"#1"},"east":{"uv":[9.33333,14,9.83333,14.66667],"texture":"#1"},"south":{"uv":[13.33333,6,14,6.66667],"texture":"#1"},"west":{"uv":[10,14,10.5,14.66667],"texture":"#1"},"up":{"uv":[11.33333,14.5,10.66667,14],"texture":"#1"},"down":{"uv":[12,14,11.33333,14.5],"texture":"#1"}}},{"from":[7.5,22.8,8.95],"to":[8.5,23.8,11.45],"rotation":{"angle":0,"axis":"y","origin":[7.25,22.8,10.95]},"faces":{"north":{"uv":[6.66667,13.33333,7.33333,14],"texture":"#1"},"east":{"uv":[4,8.66667,5.66667,9.33333],"texture":"#1"},"south":{"uv":[13.33333,6.66667,14,7.33333],"texture":"#1"},"west":{"uv":[6,8.66667,7.66667,9.33333],"texture":"#1"},"up":{"uv":[9.33333,9,8.66667,7.33333],"texture":"#1"},"down":{"uv":[8.66667,8.66667,8,10.33333],"texture":"#1"}}},{"from":[7.605,21.08104,6.33858],"to":[8.395,21.83104,7.33858],"rotation":{"angle":-22.5,"axis":"x","origin":[8.005,21.58104,7.08858]},"faces":{"north":{"uv":[14,14.66667,14.5,15.16667],"texture":"#1"},"east":{"uv":[12,14,12.66667,14.5],"texture":"#1"},"south":{"uv":[14.66667,14.66667,15.16667,15.16667],"texture":"#1"},"west":{"uv":[12.66667,14,13.33333,14.5],"texture":"#1"},"up":{"uv":[13.83333,14.66667,13.33333,14],"texture":"#1"},"down":{"uv":[14.5,14,14,14.66667],"texture":"#1"}}},{"from":[7.6,19.025,6.3],"to":[8.4,21.525,7.05],"rotation":{"angle":0,"axis":"x","origin":[8,21.275,6.55]},"faces":{"north":{"uv":[7.33333,9.33333,7.83333,11],"texture":"#1"},"east":{"uv":[8,10.66667,8.5,12.33333],"texture":"#1"},"south":{"uv":[8.66667,10.66667,9.16667,12.33333],"texture":"#1"},"west":{"uv":[9.33333,10.66667,9.83333,12.33333],"texture":"#1"},"up":{"uv":[0.5,15.83333,0,15.33333],"texture":"#1"},"down":{"uv":[15.83333,0,15.33333,0.5],"texture":"#1"}}},{"from":[7.605,18.71896,6.33858],"to":[8.395,19.46896,7.33858],"rotation":{"angle":22.5,"axis":"x","origin":[8.005,18.96896,7.08858]},"faces":{"north":{"uv":[0.66667,15.33333,1.16667,15.83333],"texture":"#1"},"east":{"uv":[0,14.66667,0.66667,15.16667],"texture":"#1"},"south":{"uv":[15.33333,0.66667,15.83333,1.16667],"texture":"#1"},"west":{"uv":[0.66667,14.66667,1.33333,15.16667],"texture":"#1"},"up":{"uv":[1.83333,15.33333,1.33333,14.66667],"texture":"#1"},"down":{"uv":[2.5,14.66667,2,15.33333],"texture":"#1"}}},{"from":[7.605,18.71896,8.66142],"to":[8.395,19.46896,9.66142],"rotation":{"angle":-22.5,"axis":"x","origin":[8.005,18.96896,8.91142]},"faces":{"north":{"uv":[1.33333,15.33333,1.83333,15.83333],"texture":"#1"},"east":{"uv":[2.66667,14.66667,3.33333,15.16667],"texture":"#1"},"south":{"uv":[15.33333,1.33333,15.83333,1.83333],"texture":"#1"},"west":{"uv":[3.33333,14.66667,4,15.16667],"texture":"#1"},"up":{"uv":[4.5,15.33333,4,14.66667],"texture":"#1"},"down":{"uv":[15.16667,4,14.66667,4.66667],"texture":"#1"}}},{"from":[7.605,21.08104,8.66142],"to":[8.395,21.83104,9.66142],"rotation":{"angle":22.5,"axis":"x","origin":[8.005,21.58104,8.91142]},"faces":{"north":{"uv":[2,15.33333,2.5,15.83333],"texture":"#1"},"east":{"uv":[4.66667,14.66667,5.33333,15.16667],"texture":"#1"},"south":{"uv":[15.33333,2,15.83333,2.5],"texture":"#1"},"west":{"uv":[14.66667,4.66667,15.33333,5.16667],"texture":"#1"},"up":{"uv":[5.83333,15.33333,5.33333,14.66667],"texture":"#1"},"down":{"uv":[15.16667,5.33333,14.66667,6],"texture":"#1"}}},{"from":[7.6,19.025,8.95],"to":[8.4,21.525,9.7],"rotation":{"angle":0,"axis":"x","origin":[8,21.275,9.45]},"faces":{"north":{"uv":[0,11.33333,0.5,13],"texture":"#1"},"east":{"uv":[7.33333,11.33333,7.83333,13],"texture":"#1"},"south":{"uv":[11.33333,8,11.83333,9.66667],"texture":"#1"},"west":{"uv":[10,11.33333,10.5,13],"texture":"#1"},"up":{"uv":[3.16667,15.83333,2.66667,15.33333],"texture":"#1"},"down":{"uv":[15.83333,2.66667,15.33333,3.16667],"texture":"#1"}}},{"from":[7.7475,23.16154,7],"to":[8.2525,24.57954,8.418],"rotation":{"angle":-45,"axis":"x","origin":[7.9975,24.16154,8]},"faces":{"north":{"uv":[6,14.66667,6.33333,15.66667],"texture":"#1"},"east":{"uv":[4.66667,10.66667,5.66667,11.66667],"texture":"#1"},"south":{"uv":[14.66667,6,15,7],"texture":"#1"},"west":{"uv":[10.66667,5.33333,11.66667,6.33333],"texture":"#1"},"up":{"uv":[7,15.66667,6.66667,14.66667],"texture":"#1"},"down":{"uv":[7.66667,14.66667,7.33333,15.66667],"texture":"#1"}}},{"from":[7.4,19.25,7.4],"to":[8.6,21.25,8.6],"rotation":{"angle":0,"axis":"y","origin":[6.8,20.5,6.8]},"faces":{"north":{"uv":[9.33333,0,10.16667,1.33333],"texture":"#1"},"east":{"uv":[0.66667,9.33333,1.5,10.66667],"texture":"#1"},"south":{"uv":[9.33333,1.33333,10.16667,2.66667],"texture":"#1"},"west":{"uv":[9.33333,2.66667,10.16667,4],"texture":"#1"}}},{"from":[7.75,22.3,4.475],"to":[8.25,23.55,7.475],"rotation":{"angle":22.5,"axis":"x","origin":[8,22.35542,4.1818]},"faces":{"north":{"uv":[12,14.66667,12.33333,15.5],"texture":"#1"},"east":{"uv":[0.66667,6,2.66667,6.83333],"texture":"#1"},"south":{"uv":[14.66667,12,15,12.83333],"texture":"#1"},"west":{"uv":[6,3.33333,8,4.16667],"texture":"#1"},"up":{"uv":[12.33333,6,12,4],"texture":"#1"},"down":{"uv":[5,12,4.66667,14],"texture":"#1"}}},{"from":[7.755,22.18687,2.90983],"to":[8.245,23.34687,4.90983],"rotation":{"angle":0,"axis":"x","origin":[8,22.35542,4.1818]},"faces":{"north":{"uv":[12.66667,14.66667,13,15.5],"texture":"#1"},"east":{"uv":[3.33333,9.33333,4.66667,10.16667],"texture":"#1"},"west":{"uv":[9.33333,4,10.66667,4.83333],"texture":"#1"},"up":{"uv":[7.66667,14.66667,7.33333,13.33333],"texture":"#1"},"down":{"uv":[13.66667,7.33333,13.33333,8.66667],"texture":"#1"}}},{"from":[7.975,18.45,-3.35],"to":[8.025,22.95,6.65],"rotation":{"angle":-22.5,"axis":"x","origin":[7.975,20.65,2.425]},"faces":{"east":{"uv":[6.66667,0,0,3],"texture":"#1"},"west":{"uv":[0,0,6.66667,3],"texture":"#1"}}},{"from":[7.75,22.05,9.45],"to":[8.25,23.3,12.45],"rotation":{"angle":0,"axis":"y","origin":[8,21.14045,11.58904]},"faces":{"north":{"uv":[13.33333,14.66667,13.66667,15.5],"texture":"#1"},"east":{"uv":[6,4.66667,8,5.5],"texture":"#1"},"south":{"uv":[14.66667,13.33333,15,14.16667],"texture":"#1"},"west":{"uv":[6,6,8,6.83333],"texture":"#1"},"up":{"uv":[5.66667,14,5.33333,12],"texture":"#1"},"down":{"uv":[6.33333,12,6,14],"texture":"#1"}}},{"from":[7.975,20.3,9.95],"to":[8.025,23.8,15.95],"rotation":{"angle":0,"axis":"y","origin":[7.975,8,16]},"faces":{"east":{"uv":[4,3.33333,0,5.66667],"texture":"#1"},"west":{"uv":[0,3.33333,4,5.66667],"texture":"#1"}}},{"from":[7.76,22.68316,1.63606],"to":[8.24,23.75816,3.38606],"rotation":{"angle":-22.5,"axis":"x","origin":[8,22.35542,4.1818]},"faces":{"north":{"uv":[14.66667,7.33333,15,8.16667],"texture":"#1"},"east":{"uv":[6,10.66667,7.16667,11.5],"texture":"#1"},"west":{"uv":[10.66667,6.66667,11.83333,7.5],"texture":"#1"},"up":{"uv":[8.33333,14.5,8,13.33333],"texture":"#1"},"down":{"uv":[9,13.33333,8.66667,14.5],"texture":"#1"}}},{"from":[7.65,21,1.75],"to":[7.65,26,6.75],"rotation":{"angle":0,"axis":"y","origin":[7.65,12.75,5]},"faces":{"west":{"uv":[0,0,10.33333,10.33333],"rotation":270,"texture":"#2"}}},{"from":[8.35,21,1.75],"to":[8.35,26,6.75],"rotation":{"angle":0,"axis":"y","origin":[8.35,12.75,5]},"faces":{"east":{"uv":[0,10.33333,10.33333,0],"rotation":270,"texture":"#2"}}}],"gui_light":"front","overrides":[{"model":"","predicate":{"custom_model_data":0}},{"model":"","predicate":{"custom_model_data":1}},{"model":"","predicate":{"custom_model_data":2}},{"model":"","predicate":{"custom_model_data":3}}],"display":{"thirdperson_righthand":{"translation":[0,-5.75,1]},"thirdperson_lefthand":{"translation":[0,-5.75,1]},"firstperson_righthand":{"rotation":[-5,0,0],"translation":[-0.5,-2.5,1]},"firstperson_lefthand":{"rotation":[-5,0,0],"translation":[-0.5,-2.5,1]},"ground":{"translation":[0,9.25,0]},"gui":{"rotation":[-90,-45,-90],"translation":[-4.25,-3.75,0],"scale":[0.76563,0.76563,0.76563]},"head":{"rotation":[0,90,0],"scale":[1.5,1.5,1.5]},"fixed":{"rotation":[0,-90,0],"translation":[0,-10.5,-1.5],"scale":[2,2,2]}}}