{"credit":"MadebyPolygonMC","texture_size":[24,24],"textures":{"1":"tavern:items/sets/evergreen/trident","2":"tavern:items/sets/evergreen/animations/animations_1","particle":"tavern:items/sets/evergreen/trident"},"elements":[{"from":[7.3,2,7.3],"to":[8.7,2.5,8.7],"rotation":{"angle":0,"axis":"y","origin":[7.5,0,7.5]},"faces":{"north":{"uv":[12.66667,9.33333,13.66667,9.66667],"texture":"#1"},"east":{"uv":[10,12.66667,11,13],"texture":"#1"},"south":{"uv":[12.66667,10,13.66667,10.33333],"texture":"#1"},"west":{"uv":[12.66667,10.66667,13.66667,11],"texture":"#1"},"up":{"uv":[3,9.66667,2,8.66667],"texture":"#1"},"down":{"uv":[9.66667,3.33333,8.66667,4.33333],"texture":"#1"}}},{"from":[7.3,6.25,7.3],"to":[8.7,6.75,8.7],"rotation":{"angle":0,"axis":"y","origin":[7.5,4.25,7.5]},"faces":{"north":{"uv":[11.33333,12.66667,12.33333,13],"texture":"#1"},"east":{"uv":[12.66667,11.33333,13.66667,11.66667],"texture":"#1"},"south":{"uv":[12.66667,12,13.66667,12.33333],"texture":"#1"},"west":{"uv":[12.66667,12.66667,13.66667,13],"texture":"#1"},"up":{"uv":[9.66667,5.66667,8.66667,4.66667],"texture":"#1"},"down":{"uv":[5.66667,9.33333,4.66667,10.33333],"texture":"#1"}}},{"from":[7.4,16.75,7.4],"to":[8.6,17.25,8.6],"rotation":{"angle":0,"axis":"y","origin":[7.5,14.75,7.5]},"faces":{"north":{"uv":[8.66667,14,9.5,14.33333],"texture":"#1"},"east":{"uv":[14,9.33333,14.83333,9.66667],"texture":"#1"},"south":{"uv":[10,14,10.83333,14.33333],"texture":"#1"},"west":{"uv":[14,10,14.83333,10.33333],"texture":"#1"},"up":{"uv":[11.5,10.16667,10.66667,9.33333],"texture":"#1"},"down":{"uv":[11.5,10.66667,10.66667,11.5],"texture":"#1"}}},{"from":[7.5,1,7.5],"to":[8.5,2,8.5],"rotation":{"angle":0,"axis":"y","origin":[7.5,0,7.5]},"faces":{"north":{"uv":[8,3.33333,8.66667,4],"texture":"#1"},"east":{"uv":[8.66667,1.33333,9.33333,2],"texture":"#1"},"south":{"uv":[8.66667,6,9.33333,6.66667],"texture":"#1"},"west":{"uv":[9.33333,1.33333,10,2],"texture":"#1"},"up":{"uv":[10.66667,6,10,5.33333],"texture":"#1"},"down":{"uv":[12.66667,4,12,4.66667],"texture":"#1"}}},{"from":[7.5,2.5,7.5],"to":[8.5,3.5,8.5],"rotation":{"angle":0,"axis":"y","origin":[7.5,0,7.5]},"faces":{"north":{"uv":[12,4.66667,12.66667,5.33333],"texture":"#1"},"east":{"uv":[12,5.33333,12.66667,6],"texture":"#1"},"south":{"uv":[6,12,6.66667,12.66667],"texture":"#1"},"west":{"uv":[12,6,12.66667,6.66667],"texture":"#1"},"up":{"uv":[12.66667,7.33333,12,6.66667],"texture":"#1"},"down":{"uv":[12.66667,7.33333,12,8],"texture":"#1"}}},{"from":[7.5,5.25,7.5],"to":[8.5,6.25,8.5],"rotation":{"angle":0,"axis":"y","origin":[7.5,2.75,7.5]},"faces":{"north":{"uv":[12,8,12.66667,8.66667],"texture":"#1"},"east":{"uv":[12,8.66667,12.66667,9.33333],"texture":"#1"},"south":{"uv":[9.33333,12,10,12.66667],"texture":"#1"},"west":{"uv":[12,9.33333,12.66667,10],"texture":"#1"},"up":{"uv":[10.66667,12.66667,10,12],"texture":"#1"},"down":{"uv":[12.66667,10,12,10.66667],"texture":"#1"}}},{"from":[7.6,3.5,7.6],"to":[8.4,5.25,8.4],"rotation":{"angle":0,"axis":"y","origin":[7.5,1,7.5]},"faces":{"north":{"uv":[11.33333,4,11.83333,5.16667],"texture":"#1"},"east":{"uv":[11.33333,5.33333,11.83333,6.5],"texture":"#1"},"south":{"uv":[11.33333,6.66667,11.83333,7.83333],"texture":"#1"},"west":{"uv":[11.33333,8,11.83333,9.16667],"texture":"#1"}}},{"from":[7.5,6.75,7.5],"to":[8.5,7.75,8.5],"rotation":{"angle":0,"axis":"y","origin":[7.5,0,7.5]},"faces":{"north":{"uv":[10.66667,12,11.33333,12.66667],"texture":"#1"},"east":{"uv":[12,10.66667,12.66667,11.33333],"texture":"#1"},"south":{"uv":[11.33333,12,12,12.66667],"texture":"#1"},"west":{"uv":[12,11.33333,12.66667,12],"texture":"#1"},"up":{"uv":[12.66667,12.66667,12,12],"texture":"#1"},"down":{"uv":[0.66667,12.66667,0,13.33333],"texture":"#1"}}},{"from":[7.5,15.75,7.5],"to":[8.5,16.75,8.5],"rotation":{"angle":0,"axis":"y","origin":[7.5,2.75,7.5]},"faces":{"north":{"uv":[12.66667,0,13.33333,0.66667],"texture":"#1"},"east":{"uv":[0.66667,12.66667,1.33333,13.33333],"texture":"#1"},"south":{"uv":[12.66667,0.66667,13.33333,1.33333],"texture":"#1"},"west":{"uv":[1.33333,12.66667,2,13.33333],"texture":"#1"},"up":{"uv":[13.33333,2,12.66667,1.33333],"texture":"#1"},"down":{"uv":[2.66667,12.66667,2,13.33333],"texture":"#1"}}},{"from":[7.6,7.75,7.6],"to":[8.4,15.75,8.4],"rotation":{"angle":0,"axis":"y","origin":[7.5,1,7.5]},"faces":{"north":{"uv":[4,0,4.5,5.33333],"texture":"#1"},"east":{"uv":[4.66667,0,5.16667,5.33333],"texture":"#1"},"south":{"uv":[5.33333,0,5.83333,5.33333],"texture":"#1"},"west":{"uv":[4,5.33333,4.5,10.66667],"texture":"#1"}}},{"from":[7.3,18.75,7.3],"to":[8.7,19.25,8.7],"rotation":{"angle":0,"axis":"y","origin":[7.5,16.75,7.5]},"faces":{"north":{"uv":[0,13.33333,1,13.66667],"texture":"#1"},"east":{"uv":[13.33333,0,14.33333,0.33333],"texture":"#1"},"south":{"uv":[13.33333,0.66667,14.33333,1],"texture":"#1"},"west":{"uv":[1.33333,13.33333,2.33333,13.66667],"texture":"#1"},"up":{"uv":[10.33333,7,9.33333,6],"texture":"#1"},"down":{"uv":[7.66667,9.33333,6.66667,10.33333],"texture":"#1"}}},{"from":[7.3,17.25,7.3],"to":[8.7,17.75,8.7],"rotation":{"angle":0,"axis":"y","origin":[7.5,15.25,7.5]},"faces":{"north":{"uv":[13.33333,1.33333,14.33333,1.66667],"texture":"#1"},"east":{"uv":[13.33333,2,14.33333,2.33333],"texture":"#1"},"south":{"uv":[2.66667,13.33333,3.66667,13.66667],"texture":"#1"},"west":{"uv":[13.33333,2.66667,14.33333,3],"texture":"#1"},"up":{"uv":[10.33333,8.33333,9.33333,7.33333],"texture":"#1"},"down":{"uv":[9,9.33333,8,10.33333],"texture":"#1"}}},{"from":[7.3,21.25,7.3],"to":[8.7,21.75,8.7],"rotation":{"angle":0,"axis":"y","origin":[7.5,19.25,7.5]},"faces":{"north":{"uv":[13.33333,3.33333,14.33333,3.66667],"texture":"#1"},"east":{"uv":[4,13.33333,5,13.66667],"texture":"#1"},"south":{"uv":[13.33333,4,14.33333,4.33333],"texture":"#1"},"west":{"uv":[13.33333,4.66667,14.33333,5],"texture":"#1"},"up":{"uv":[10.33333,9.66667,9.33333,8.66667],"texture":"#1"},"down":{"uv":[1,10,0,11],"texture":"#1"}}},{"from":[7.4,21.75,7.4],"to":[8.6,22.25,8.6],"rotation":{"angle":0,"axis":"y","origin":[7.5,19.75,7.5]},"faces":{"north":{"uv":[14,10.66667,14.83333,11],"texture":"#1"},"east":{"uv":[11.33333,14,12.16667,14.33333],"texture":"#1"},"south":{"uv":[14,11.33333,14.83333,11.66667],"texture":"#1"},"west":{"uv":[14,12,14.83333,12.33333],"texture":"#1"}}},{"from":[7.5,17.75,7.5],"to":[8.5,18.75,8.5],"rotation":{"angle":0,"axis":"y","origin":[7.5,16.75,7.5]},"faces":{"north":{"uv":[12.66667,2,13.33333,2.66667],"texture":"#1"},"east":{"uv":[2.66667,12.66667,3.33333,13.33333],"texture":"#1"},"south":{"uv":[12.66667,2.66667,13.33333,3.33333],"texture":"#1"},"west":{"uv":[3.33333,12.66667,4,13.33333],"texture":"#1"},"up":{"uv":[13.33333,4,12.66667,3.33333],"texture":"#1"},"down":{"uv":[4.66667,12.66667,4,13.33333],"texture":"#1"}}},{"from":[7.39,0.265,7.39],"to":[8.61,1.485,8.61],"rotation":{"angle":-45,"axis":"x","origin":[8,0.875,8]},"faces":{"north":{"uv":[0,11.33333,0.83333,12.16667],"texture":"#1"},"east":{"uv":[11.33333,0,12.16667,0.83333],"texture":"#1"},"south":{"uv":[1.33333,11.33333,2.16667,12.16667],"texture":"#1"},"west":{"uv":[11.33333,1.33333,12.16667,2.16667],"texture":"#1"},"up":{"uv":[3.5,12.16667,2.66667,11.33333],"texture":"#1"},"down":{"uv":[12.16667,2.66667,11.33333,3.5],"texture":"#1"}}},{"from":[7.2,22.25,7],"to":[8.8,23.75,9],"rotation":{"angle":0,"axis":"y","origin":[7,22.25,7]},"faces":{"north":{"uv":[10,0,11,1],"texture":"#1"},"east":{"uv":[0.66667,6,2,7],"texture":"#1"},"south":{"uv":[1.33333,10,2.33333,11],"texture":"#1"},"west":{"uv":[2,6,3.33333,7],"texture":"#1"},"up":{"uv":[7,5.33333,6,4],"texture":"#1"},"down":{"uv":[7,5.33333,6,6.66667],"texture":"#1"}}},{"from":[7.205,21.76256,5.82322],"to":[8.795,23.26256,7.82322],"rotation":{"angle":-45,"axis":"x","origin":[8.005,22.51256,6.82322]},"faces":{"north":{"uv":[10,1.33333,11,2.33333],"texture":"#1"},"east":{"uv":[6.66667,0,8,1],"texture":"#1"},"west":{"uv":[6.66667,1.33333,8,2.33333],"texture":"#1"},"up":{"uv":[7.66667,4,6.66667,2.66667],"texture":"#1"},"down":{"uv":[7,6.66667,6,8],"texture":"#1"}}},{"from":[7.205,21.76256,8.17678],"to":[8.795,23.26256,10.17678],"rotation":{"angle":45,"axis":"x","origin":[8.005,22.51256,9.17678]},"faces":{"east":{"uv":[0.66667,7.33333,2,8.33333],"texture":"#1"},"south":{"uv":[2.66667,10,3.66667,11],"texture":"#1"},"west":{"uv":[2,7.33333,3.33333,8.33333],"texture":"#1"},"up":{"uv":[8.33333,5.33333,7.33333,4],"texture":"#1"},"down":{"uv":[8.33333,5.33333,7.33333,6.66667],"texture":"#1"}}},{"from":[7.5,22.8,4.55],"to":[8.5,23.8,7.05],"rotation":{"angle":0,"axis":"y","origin":[7.25,22.8,5.05]},"faces":{"north":{"uv":[12.66667,4,13.33333,4.66667],"texture":"#1"},"east":{"uv":[7.33333,6.66667,9,7.33333],"texture":"#1"},"south":{"uv":[4.66667,12.66667,5.33333,13.33333],"texture":"#1"},"west":{"uv":[7.33333,7.33333,9,8],"texture":"#1"},"up":{"uv":[4,7.66667,3.33333,6],"texture":"#1"},"down":{"uv":[8.66667,0,8,1.66667],"texture":"#1"}}},{"from":[7.5,23.8,6.3],"to":[8.5,24.8,7.05],"rotation":{"angle":0,"axis":"x","origin":[8,24.55,6.55]},"faces":{"north":{"uv":[12.66667,4.66667,13.33333,5.33333],"texture":"#1"},"east":{"uv":[5.33333,13.33333,5.83333,14],"texture":"#1"},"south":{"uv":[5.33333,12.66667,6,13.33333],"texture":"#1"},"west":{"uv":[13.33333,5.33333,13.83333,6],"texture":"#1"},"up":{"uv":[6.66667,13.83333,6,13.33333],"texture":"#1"},"down":{"uv":[14,6,13.33333,6.5],"texture":"#1"}}},{"from":[7.505,24.35604,6.33858],"to":[8.495,25.10604,7.33858],"rotation":{"angle":-22.5,"axis":"x","origin":[8.005,24.85604,7.08858]},"faces":{"north":{"uv":[6.66667,13.33333,7.33333,13.83333],"texture":"#1"},"east":{"uv":[13.33333,6.66667,14,7.16667],"texture":"#1"},"south":{"uv":[7.33333,13.33333,8,13.83333],"texture":"#1"},"west":{"uv":[13.33333,7.33333,14,7.83333],"texture":"#1"},"up":{"uv":[13.33333,6,12.66667,5.33333],"texture":"#1"},"down":{"uv":[6.66667,12.66667,6,13.33333],"texture":"#1"}}},{"from":[7.505,24.35604,8.66142],"to":[8.495,25.10604,9.66142],"rotation":{"angle":22.5,"axis":"x","origin":[8.005,24.85604,8.91142]},"faces":{"north":{"uv":[8,13.33333,8.66667,13.83333],"texture":"#1"},"east":{"uv":[13.33333,8,14,8.5],"texture":"#1"},"south":{"uv":[8.66667,13.33333,9.33333,13.83333],"texture":"#1"},"west":{"uv":[13.33333,8.66667,14,9.16667],"texture":"#1"},"up":{"uv":[13.33333,6.66667,12.66667,6],"texture":"#1"},"down":{"uv":[7.33333,12.66667,6.66667,13.33333],"texture":"#1"}}},{"from":[7.5,23.8,8.95],"to":[8.5,24.8,9.7],"rotation":{"angle":0,"axis":"x","origin":[8,24.55,9.45]},"faces":{"north":{"uv":[12.66667,6.66667,13.33333,7.33333],"texture":"#1"},"east":{"uv":[9.33333,13.33333,9.83333,14],"texture":"#1"},"south":{"uv":[7.33333,12.66667,8,13.33333],"texture":"#1"},"west":{"uv":[10,13.33333,10.5,14],"texture":"#1"},"up":{"uv":[11.33333,13.83333,10.66667,13.33333],"texture":"#1"},"down":{"uv":[12,13.33333,11.33333,13.83333],"texture":"#1"}}},{"from":[7.5,22.8,8.95],"to":[8.5,23.8,11.45],"rotation":{"angle":0,"axis":"y","origin":[7.25,22.8,10.95]},"faces":{"north":{"uv":[12.66667,7.33333,13.33333,8],"texture":"#1"},"east":{"uv":[8,2,9.66667,2.66667],"texture":"#1"},"south":{"uv":[8,12.66667,8.66667,13.33333],"texture":"#1"},"west":{"uv":[8,2.66667,9.66667,3.33333],"texture":"#1"},"up":{"uv":[4,9.66667,3.33333,8],"texture":"#1"},"down":{"uv":[6.66667,8,6,9.66667],"texture":"#1"}}},{"from":[7.605,21.08104,6.33858],"to":[8.395,21.83104,7.33858],"rotation":{"angle":-22.5,"axis":"x","origin":[8.005,21.58104,7.08858]},"faces":{"north":{"uv":[14,14,14.5,14.5],"texture":"#1"},"east":{"uv":[12,13.33333,12.66667,13.83333],"texture":"#1"},"south":{"uv":[0,14.66667,0.5,15.16667],"texture":"#1"},"west":{"uv":[12.66667,13.33333,13.33333,13.83333],"texture":"#1"},"up":{"uv":[13.83333,14,13.33333,13.33333],"texture":"#1"},"down":{"uv":[0.5,14,0,14.66667],"texture":"#1"}}},{"from":[7.6,19.025,6.3],"to":[8.4,21.525,7.05],"rotation":{"angle":0,"axis":"x","origin":[8,21.275,6.55]},"faces":{"north":{"uv":[4.66667,10.66667,5.16667,12.33333],"texture":"#1"},"east":{"uv":[5.33333,10.66667,5.83333,12.33333],"texture":"#1"},"south":{"uv":[10.66667,5.33333,11.16667,7],"texture":"#1"},"west":{"uv":[6.66667,10.66667,7.16667,12.33333],"texture":"#1"},"up":{"uv":[15.16667,0.5,14.66667,0],"texture":"#1"},"down":{"uv":[1.16667,14.66667,0.66667,15.16667],"texture":"#1"}}},{"from":[7.605,18.71896,6.33858],"to":[8.395,19.46896,7.33858],"rotation":{"angle":22.5,"axis":"x","origin":[8.005,18.96896,7.08858]},"faces":{"north":{"uv":[14.66667,0.66667,15.16667,1.16667],"texture":"#1"},"east":{"uv":[0.66667,14,1.33333,14.5],"texture":"#1"},"south":{"uv":[1.33333,14.66667,1.83333,15.16667],"texture":"#1"},"west":{"uv":[1.33333,14,2,14.5],"texture":"#1"},"up":{"uv":[2.5,14.66667,2,14],"texture":"#1"},"down":{"uv":[3.16667,14,2.66667,14.66667],"texture":"#1"}}},{"from":[7.605,18.71896,8.66142],"to":[8.395,19.46896,9.66142],"rotation":{"angle":-22.5,"axis":"x","origin":[8.005,18.96896,8.91142]},"faces":{"north":{"uv":[14.66667,1.33333,15.16667,1.83333],"texture":"#1"},"east":{"uv":[3.33333,14,4,14.5],"texture":"#1"},"south":{"uv":[2,14.66667,2.5,15.16667],"texture":"#1"},"west":{"uv":[4,14,4.66667,14.5],"texture":"#1"},"up":{"uv":[5.16667,14.66667,4.66667,14],"texture":"#1"},"down":{"uv":[5.83333,14,5.33333,14.66667],"texture":"#1"}}},{"from":[7.605,21.08104,8.66142],"to":[8.395,21.83104,9.66142],"rotation":{"angle":22.5,"axis":"x","origin":[8.005,21.58104,8.91142]},"faces":{"north":{"uv":[14.66667,2,15.16667,2.5],"texture":"#1"},"east":{"uv":[14,5.33333,14.66667,5.83333],"texture":"#1"},"south":{"uv":[2.66667,14.66667,3.16667,15.16667],"texture":"#1"},"west":{"uv":[6,14,6.66667,14.5],"texture":"#1"},"up":{"uv":[14.5,6.66667,14,6],"texture":"#1"},"down":{"uv":[7.16667,14,6.66667,14.66667],"texture":"#1"}}},{"from":[7.6,19.025,8.95],"to":[8.4,21.525,9.7],"rotation":{"angle":0,"axis":"x","origin":[8,21.275,9.45]},"faces":{"north":{"uv":[7.33333,10.66667,7.83333,12.33333],"texture":"#1"},"east":{"uv":[10.66667,7.33333,11.16667,9],"texture":"#1"},"south":{"uv":[8,10.66667,8.5,12.33333],"texture":"#1"},"west":{"uv":[8.66667,10.66667,9.16667,12.33333],"texture":"#1"},"up":{"uv":[15.16667,3.16667,14.66667,2.66667],"texture":"#1"},"down":{"uv":[3.83333,14.66667,3.33333,15.16667],"texture":"#1"}}},{"from":[7.605,26.61745,6.49067],"to":[8.395,27.36745,7.49067],"rotation":{"angle":-45,"axis":"x","origin":[8,26.025,6.46522]},"faces":{"north":{"uv":[13.33333,14,13.83333,14.5],"texture":"#1"},"east":{"uv":[12.66667,8,13.33333,8.5],"texture":"#1"},"south":{"uv":[14,13.33333,14.5,13.83333],"texture":"#1"},"west":{"uv":[8.66667,12.66667,9.33333,13.16667],"texture":"#1"},"up":{"uv":[13.16667,9.33333,12.66667,8.66667],"texture":"#1"},"down":{"uv":[9.83333,12.66667,9.33333,13.33333],"texture":"#1"}}},{"from":[7.6,24.775,5.975],"to":[8.4,27.275,6.725],"rotation":{"angle":-22.5,"axis":"x","origin":[8,26.025,6.46522]},"faces":{"north":{"uv":[6,10,6.5,11.66667],"texture":"#1"},"east":{"uv":[9.33333,10,9.83333,11.66667],"texture":"#1"},"south":{"uv":[10,10,10.5,11.66667],"texture":"#1"},"west":{"uv":[4,10.66667,4.5,12.33333],"texture":"#1"},"up":{"uv":[13.16667,14.5,12.66667,14],"texture":"#1"},"down":{"uv":[14.5,12.66667,14,13.16667],"texture":"#1"}}},{"from":[7.6,24.775,9.275],"to":[8.4,27.275,10.025],"rotation":{"angle":22.5,"axis":"x","origin":[8,26.025,9.53478]},"faces":{"north":{"uv":[10.5,10,10,11.66667],"texture":"#1"},"east":{"uv":[9.83333,10,9.33333,11.66667],"texture":"#1"},"south":{"uv":[6.5,10,6,11.66667],"texture":"#1"},"west":{"uv":[4.5,10.66667,4,12.33333],"texture":"#1"},"up":{"uv":[13.16667,14,12.66667,14.5],"texture":"#1"},"down":{"uv":[14.5,13.16667,14,12.66667],"texture":"#1"}}},{"from":[7.605,26.61745,8.50933],"to":[8.395,27.36745,9.50933],"rotation":{"angle":45,"axis":"x","origin":[8,26.025,9.53478]},"faces":{"north":{"uv":[14.5,13.33333,14,13.83333],"texture":"#1"},"east":{"uv":[13.33333,8,12.66667,8.5],"texture":"#1"},"south":{"uv":[13.83333,14,13.33333,14.5],"texture":"#1"},"west":{"uv":[9.33333,12.66667,8.66667,13.16667],"texture":"#1"},"up":{"uv":[13.16667,8.66667,12.66667,9.33333],"texture":"#1"},"down":{"uv":[9.83333,13.33333,9.33333,12.66667],"texture":"#1"}}},{"from":[7.6,23.74627,7.625],"to":[8.4,29.24627,8.375],"rotation":{"angle":0,"axis":"x","origin":[8,26.74627,8]},"faces":{"north":{"uv":[4.66667,5.33333,5.16667,9],"texture":"#1"},"east":{"uv":[5.33333,5.33333,5.83333,9],"texture":"#1"},"south":{"uv":[0,6,0.5,9.66667],"texture":"#1"},"west":{"uv":[6,0,6.5,3.66667],"texture":"#1"},"up":{"uv":[15.16667,3.83333,14.66667,3.33333],"texture":"#1"}}},{"from":[7.575,29.02127,7.625],"to":[8.425,29.57127,8.175],"rotation":{"angle":-45,"axis":"x","origin":[8,29.39627,8]},"faces":{"north":{"uv":[4,14.66667,4.5,15],"texture":"#1"},"east":{"uv":[5.33333,14.66667,5.66667,15],"texture":"#1"},"south":{"uv":[14.66667,4,15.16667,4.33333],"texture":"#1"},"west":{"uv":[14.66667,5.33333,15,5.66667],"texture":"#1"},"up":{"uv":[5.16667,15,4.66667,14.66667],"texture":"#1"},"down":{"uv":[15.16667,4.66667,14.66667,5],"texture":"#1"}}},{"from":[7.7475,23.16154,7],"to":[8.2525,24.57954,8.418],"rotation":{"angle":-45,"axis":"x","origin":[7.9975,24.16154,8]},"faces":{"north":{"uv":[14,6.66667,14.33333,7.66667],"texture":"#1"},"east":{"uv":[10,2.66667,11,3.66667],"texture":"#1"},"south":{"uv":[7.33333,14,7.66667,15],"texture":"#1"},"west":{"uv":[10,4,11,5],"texture":"#1"},"up":{"uv":[8.33333,15,8,14],"texture":"#1"},"down":{"uv":[14.33333,8,14,9],"texture":"#1"}}},{"from":[7.4,19.25,7.4],"to":[8.6,21.25,8.6],"rotation":{"angle":0,"axis":"y","origin":[6.8,20.5,6.8]},"faces":{"north":{"uv":[6.66667,8,7.5,9.33333],"texture":"#1"},"east":{"uv":[8,8,8.83333,9.33333],"texture":"#1"},"south":{"uv":[8.66667,0,9.5,1.33333],"texture":"#1"},"west":{"uv":[0.66667,8.66667,1.5,10],"texture":"#1"}}},{"from":[7.975,23.75,5],"to":[8.025,32,11],"rotation":{"angle":0,"axis":"y","origin":[7.975,4,6]},"faces":{"east":{"uv":[4,0,0,5.5],"texture":"#1"},"west":{"uv":[0,0,4,5.5],"texture":"#1"}}},{"from":[7.4,22.475,8.35],"to":[7.4,27.475,13.35],"rotation":{"angle":-22.5,"axis":"x","origin":[7.4,22.475,10.1]},"faces":{"west":{"uv":[0,10.33333,10.33333,0],"rotation":270,"texture":"#2"}}},{"from":[7.4,22.475,2.65],"to":[7.4,27.475,7.65],"rotation":{"angle":22.5,"axis":"x","origin":[7.4,22.475,5.9]},"faces":{"west":{"uv":[0,0,10.33333,10.33333],"rotation":270,"texture":"#2"}}},{"from":[8.6,22.475,8.35],"to":[8.6,27.475,13.35],"rotation":{"angle":-22.5,"axis":"x","origin":[8.6,22.475,10.1]},"faces":{"east":{"uv":[0,0,10.33333,10.33333],"rotation":270,"texture":"#2"}}},{"from":[8.6,22.475,2.65],"to":[8.6,27.475,7.65],"rotation":{"angle":22.5,"axis":"x","origin":[8.6,22.475,5.9]},"faces":{"east":{"uv":[0,10.33333,10.33333,0],"rotation":270,"texture":"#2"}}}],"gui_light":"front","display":{"thirdperson_righthand":{"translation":[0,-5.75,1]},"thirdperson_lefthand":{"translation":[0,-5.75,1]},"firstperson_righthand":{"rotation":[-5,0,0],"translation":[-0.5,-6.5,0.5]},"firstperson_lefthand":{"rotation":[-5,0,0],"translation":[-0.5,-6.5,0.5]},"ground":{"translation":[0,9.25,0]},"gui":{"rotation":[-90,-45,-90],"translation":[-4.5,-4.25,0],"scale":[0.76563,0.76563,0.76563]},"head":{"rotation":[0,90,0],"scale":[1.5,1.5,1.5]},"fixed":{"rotation":[0,90,0],"translation":[0,-13.5,-1.5],"scale":[2,2,2]}}}