{"textures":{"0":"modelengine:entity/xiddri_rock_fly_vfx"},"elements":[{"from":[7.450308,-4.111248,4.0679665],"to":[17.450308,7.888752,17.067966],"faces":{"east":{"uv":[5.75,8.0,6.5625,8.75],"tintindex":0,"rotation":0,"texture":"#0"},"south":{"uv":[4.75,8.6875,5.375,9.4375],"tintindex":0,"rotation":0,"texture":"#0"},"north":{"uv":[4.125,8.6875,4.75,9.4375],"tintindex":0,"rotation":0,"texture":"#0"},"west":{"uv":[6.5625,8.0,7.375,8.75],"tintindex":0,"rotation":0,"texture":"#0"},"up":{"uv":[8.8125,8.8125,8.1875,8.0],"tintindex":0,"rotation":0,"texture":"#0"},"down":{"uv":[0.625,8.375,0.0,9.1875],"tintindex":0,"rotation":0,"texture":"#0"}},"rotation":{"origin":[12.450308,-4.111248,10.567966],"angle":22.5,"axis":"x"}},{"from":[-1.5496922,6.888752,2.0679665],"to":[15.450308,22.888752,18.067966],"faces":{"east":{"uv":[0.0,5.5,1.0,6.5],"tintindex":0,"rotation":0,"texture":"#0"},"south":{"uv":[0.0,2.5,1.0625,3.5],"tintindex":0,"rotation":0,"texture":"#0"},"north":{"uv":[2.125,2.0,3.1875,3.0],"tintindex":0,"rotation":0,"texture":"#0"},"west":{"uv":[1.0,5.5,2.0,6.5],"tintindex":0,"rotation":0,"texture":"#0"},"up":{"uv":[2.125,3.5,1.0625,2.5],"tintindex":0,"rotation":0,"texture":"#0"},"down":{"uv":[3.75,0.0,2.6875,1.0],"tintindex":0,"rotation":0,"texture":"#0"}},"rotation":{"origin":[-1.5496922,8.888752,21.067966],"angle":-22.5,"axis":"z"}},{"from":[-5.549692,6.888752,-5.9320335],"to":[11.450308,15.888752,8.067966],"faces":{"east":{"uv":[2.375,8.6875,3.25,9.25],"tintindex":0,"rotation":0,"texture":"#0"},"south":{"uv":[8.1875,3.0625,9.25,3.625],"tintindex":0,"rotation":0,"texture":"#0"},"north":{"uv":[8.125,7.4375,9.1875,8.0],"tintindex":0,"rotation":0,"texture":"#0"},"west":{"uv":[3.25,8.6875,4.125,9.25],"tintindex":0,"rotation":0,"texture":"#0"},"up":{"uv":[8.0625,1.75,7.0,0.875],"tintindex":0,"rotation":0,"texture":"#0"},"down":{"uv":[2.125,7.0,1.0625,7.875],"tintindex":0,"rotation":0,"texture":"#0"}},"rotation":{"origin":[2.9503078,11.388752,1.0679665],"angle":-22.5,"axis":"x"}}],"display":{"gui":{"rotation":[30,225,0]}}}