{"credit":"Made by PolygonMC","texture_size":[28,28],"textures":{"0":"tavern:items/sets/halloween2/wings","1":"tavern:items/sets/halloween2/animations/animations_3","2":"tavern:items/sets/halloween2/animations/animations_4","particle":"tavern:items/sets/halloween2/wings"},"elements":[{"from":[7.375,-7.125,7.6],"to":[8.625,-5.875,8.4],"rotation":{"angle":45,"axis":"z","origin":[8,-6.5,8]},"faces":{"north":{"uv":[0.14286,11.57143,1.57143,13],"texture":"#0","tintindex":0},"east":{"uv":[12.14286,4.14286,13,5.57143],"texture":"#0","tintindex":0},"south":{"uv":[1.85714,11.57143,3.28571,13],"texture":"#0","tintindex":0},"west":{"uv":[12.14286,5.85714,13,7.28571],"texture":"#0","tintindex":0},"up":{"uv":[13.57143,8.42857,12.14286,7.57143],"texture":"#0","tintindex":0},"down":{"uv":[13.57143,8.71429,12.14286,9.57143],"texture":"#0","tintindex":0}}},{"from":[7.5,-7,7.425],"to":[8.5,-6,8.575],"rotation":{"angle":45,"axis":"z","origin":[8,-6.5,8]},"faces":{"north":{"uv":[12.14286,1.85714,13.28571,3],"texture":"#0","tintindex":0},"east":{"uv":[8.14286,11.57143,9.42857,12.71429],"texture":"#0","tintindex":0},"south":{"uv":[12.14286,3,13.28571,4.14286],"texture":"#0","tintindex":0},"west":{"uv":[9.85714,11.57143,11.14286,12.71429],"texture":"#0","tintindex":0},"up":{"uv":[12.71429,12.85714,11.57143,11.57143],"texture":"#0","tintindex":0},"down":{"uv":[13.28571,0.14286,12.14286,1.42857],"texture":"#0","tintindex":0}}},{"from":[7.21139,-6,7.75],"to":[7.71139,-5.25,8.25],"rotation":{"angle":0,"axis":"z","origin":[7.21139,-6.5,8]},"faces":{"north":{"uv":[8.71429,12.71429,9.28571,13.57143],"texture":"#0","tintindex":0},"east":{"uv":[9.28571,12.71429,9.85714,13.57143],"texture":"#0","tintindex":0},"south":{"uv":[9.85714,12.71429,10.42857,13.57143],"texture":"#0","tintindex":0},"west":{"uv":[12.71429,9.85714,13.28571,10.71429],"texture":"#0","tintindex":0},"up":{"uv":[13.85714,3,13.28571,2.42857],"texture":"#0","tintindex":0},"down":{"uv":[3.57143,13.28571,3,13.85714],"texture":"#0","tintindex":0}}},{"from":[6.71139,-7.25,7.75],"to":[7.21139,-5.75,8.25],"rotation":{"angle":0,"axis":"z","origin":[7.21139,-6.5,8]},"faces":{"north":{"uv":[12.14286,9.85714,12.71429,11.57143],"texture":"#0","tintindex":0},"east":{"uv":[3.57143,12.71429,4.14286,14.42857],"texture":"#0","tintindex":0},"south":{"uv":[4.14286,12.71429,4.71429,14.42857],"texture":"#0","tintindex":0},"west":{"uv":[4.71429,12.71429,5.28571,14.42857],"texture":"#0","tintindex":0},"up":{"uv":[13.85714,3.57143,13.28571,3],"texture":"#0","tintindex":0},"down":{"uv":[13.85714,3.57143,13.28571,4.14286],"texture":"#0","tintindex":0}}},{"from":[7.38816,-7.38388,7.751],"to":[8.09516,-6.88388,8.249],"rotation":{"angle":-45,"axis":"z","origin":[7.21139,-6.5,8]},"faces":{"north":{"uv":[13.28571,0.14286,14.14286,0.71429],"texture":"#0","tintindex":0},"east":{"uv":[13.28571,5.28571,13.85714,5.85714],"texture":"#0","tintindex":0},"south":{"uv":[0.71429,13.28571,1.57143,13.85714],"texture":"#0","tintindex":0},"down":{"uv":[14.14286,0.71429,13.28571,1.28571],"texture":"#0","tintindex":0}}},{"from":[6.3275,-6.32322,7.751],"to":[6.8275,-5.61622,8.249],"rotation":{"angle":-45,"axis":"z","origin":[7.21139,-6.5,8]},"faces":{"north":{"uv":[13.28571,1.28571,13.85714,2.14286],"texture":"#0","tintindex":0},"south":{"uv":[1.85714,13.28571,2.42857,14.14286],"texture":"#0","tintindex":0},"west":{"uv":[2.42857,13.28571,3,14.14286],"texture":"#0","tintindex":0}}},{"from":[7.21139,-7.75,7.75],"to":[7.71139,-7,8.25],"rotation":{"angle":0,"axis":"z","origin":[7.21139,-6.5,8]},"faces":{"north":{"uv":[10.42857,12.71429,11,13.57143],"texture":"#0","tintindex":0},"east":{"uv":[11,12.71429,11.57143,13.57143],"texture":"#0","tintindex":0},"south":{"uv":[12.71429,11,13.28571,11.85714],"texture":"#0","tintindex":0},"west":{"uv":[12.71429,12.14286,13.28571,13],"texture":"#0","tintindex":0},"up":{"uv":[13.85714,4.71429,13.28571,4.14286],"texture":"#0","tintindex":0},"down":{"uv":[13.85714,4.71429,13.28571,5.28571],"texture":"#0","tintindex":0}}},{"from":[7.21139,-7,7.8],"to":[7.66139,-6,8.2],"rotation":{"angle":0,"axis":"z","origin":[7.21139,-6.5,8]},"faces":{"north":{"uv":[7.57143,12.71429,8.14286,13.85714],"texture":"#0","tintindex":0},"east":{"uv":[0.14286,13.28571,0.57143,14.42857],"texture":"#0","tintindex":0},"south":{"uv":[8.14286,12.71429,8.71429,13.85714],"texture":"#0","tintindex":0}}},{"from":[8.28862,-6,7.75],"to":[8.78862,-5.25,8.25],"rotation":{"angle":0,"axis":"z","origin":[8.78862,-6.5,8]},"faces":{"north":{"uv":[9.28571,12.71429,8.71429,13.57143],"texture":"#0","tintindex":0},"east":{"uv":[13.28571,9.85714,12.71429,10.71429],"texture":"#0","tintindex":0},"south":{"uv":[10.42857,12.71429,9.85714,13.57143],"texture":"#0","tintindex":0},"west":{"uv":[9.85714,12.71429,9.28571,13.57143],"texture":"#0","tintindex":0},"up":{"uv":[13.28571,3,13.85714,2.42857],"texture":"#0","tintindex":0},"down":{"uv":[3,13.28571,3.57143,13.85714],"texture":"#0","tintindex":0}}},{"from":[9.1725,-6.32322,7.751],"to":[9.6725,-5.61622,8.249],"rotation":{"angle":45,"axis":"z","origin":[8.78862,-6.5,8]},"faces":{"north":{"uv":[13.85714,1.28571,13.28571,2.14286],"texture":"#0","tintindex":0},"east":{"uv":[3,13.28571,2.42857,14.14286],"texture":"#0","tintindex":0},"south":{"uv":[2.42857,13.28571,1.85714,14.14286],"texture":"#0","tintindex":0}}},{"from":[8.78862,-7.25,7.75],"to":[9.28862,-5.75,8.25],"rotation":{"angle":0,"axis":"z","origin":[8.78862,-6.5,8]},"faces":{"north":{"uv":[12.71429,9.85714,12.14286,11.57143],"texture":"#0","tintindex":0},"east":{"uv":[5.28571,12.71429,4.71429,14.42857],"texture":"#0","tintindex":0},"south":{"uv":[4.71429,12.71429,4.14286,14.42857],"texture":"#0","tintindex":0},"west":{"uv":[4.14286,12.71429,3.57143,14.42857],"texture":"#0","tintindex":0},"up":{"uv":[13.28571,3.57143,13.85714,3],"texture":"#0","tintindex":0},"down":{"uv":[13.28571,3.57143,13.85714,4.14286],"texture":"#0","tintindex":0}}},{"from":[7.90484,-7.38388,7.751],"to":[8.61184,-6.88388,8.249],"rotation":{"angle":45,"axis":"z","origin":[8.78862,-6.5,8]},"faces":{"north":{"uv":[14.14286,0.14286,13.28571,0.71429],"texture":"#0","tintindex":0},"south":{"uv":[1.57143,13.28571,0.71429,13.85714],"texture":"#0","tintindex":0},"west":{"uv":[13.85714,5.28571,13.28571,5.85714],"texture":"#0","tintindex":0},"down":{"uv":[13.28571,0.71429,14.14286,1.28571],"texture":"#0","tintindex":0}}},{"from":[8.28862,-7.75,7.75],"to":[8.78862,-7,8.25],"rotation":{"angle":0,"axis":"z","origin":[8.78862,-6.5,8]},"faces":{"north":{"uv":[11,12.71429,10.42857,13.57143],"texture":"#0","tintindex":0},"east":{"uv":[13.28571,12.14286,12.71429,13],"texture":"#0","tintindex":0},"south":{"uv":[13.28571,11,12.71429,11.85714],"texture":"#0","tintindex":0},"west":{"uv":[11.57143,12.71429,11,13.57143],"texture":"#0","tintindex":0},"up":{"uv":[13.28571,4.71429,13.85714,4.14286],"texture":"#0","tintindex":0},"down":{"uv":[13.28571,4.71429,13.85714,5.28571],"texture":"#0","tintindex":0}}},{"from":[8.33862,-7,7.8],"to":[8.78862,-6,8.2],"rotation":{"angle":0,"axis":"z","origin":[8.78862,-6.5,8]},"faces":{"north":{"uv":[8.14286,12.71429,7.57143,13.85714],"texture":"#0","tintindex":0},"south":{"uv":[8.71429,12.71429,8.14286,13.85714],"texture":"#0","tintindex":0},"west":{"uv":[0.57143,13.28571,0.14286,14.42857],"texture":"#0","tintindex":0}}},{"from":[8.90456,-5.58589,7.651],"to":[9.15456,-4.58589,8.351],"rotation":{"angle":-22.5,"axis":"z","origin":[9.02956,-5.08589,8.001]},"faces":{"north":{"uv":[13.28571,5.85714,13.57143,7],"texture":"#0","tintindex":0},"east":{"uv":[5.28571,12.71429,6.14286,13.85714],"texture":"#0","tintindex":0},"south":{"uv":[13.28571,9.85714,13.57143,11],"texture":"#0","tintindex":0},"west":{"uv":[6.42857,12.71429,7.28571,13.85714],"texture":"#0","tintindex":0},"up":{"uv":[13.57143,11.85714,13.28571,11],"texture":"#0","tintindex":0},"down":{"uv":[11.85714,13.28571,11.57143,14.14286],"texture":"#0","tintindex":0}}},{"from":[6.84545,-5.58589,7.651],"to":[7.09545,-4.58589,8.351],"rotation":{"angle":22.5,"axis":"z","origin":[6.97045,-5.08589,8.001]},"faces":{"north":{"uv":[13.57143,5.85714,13.28571,7],"texture":"#0","tintindex":0},"east":{"uv":[7.28571,12.71429,6.42857,13.85714],"texture":"#0","tintindex":0},"south":{"uv":[13.57143,9.85714,13.28571,11],"texture":"#0","tintindex":0},"west":{"uv":[6.14286,12.71429,5.28571,13.85714],"texture":"#0","tintindex":0},"up":{"uv":[13.28571,11.85714,13.57143,11],"texture":"#0","tintindex":0},"down":{"uv":[11.57143,13.28571,11.85714,14.14286],"texture":"#0","tintindex":0}}},{"from":[7,-5.1875,7.9925],"to":[9,-4.5625,8.0075],"rotation":{"angle":-45,"axis":"x","origin":[8,-4.875,8]},"faces":{"north":{"uv":[3.57143,11.57143,5.85714,12.28571],"texture":"#0","tintindex":0},"south":{"uv":[5.85714,11.57143,3.57143,12.28571],"texture":"#0","tintindex":0}}},{"from":[7,-4.8825,7.6875],"to":[9,-4.8675,8.3125],"rotation":{"angle":-45,"axis":"x","origin":[8,-4.875,8]},"faces":{"up":{"uv":[8.14286,12.28571,5.85714,11.57143],"texture":"#0","tintindex":0},"down":{"uv":[8.14286,11.57143,5.85714,12.28571],"texture":"#0","tintindex":0}}},{"from":[6.84545,-8.4141,7.651],"to":[7.09545,-7.4141,8.351],"rotation":{"angle":-22.5,"axis":"z","origin":[6.97045,-7.9141,8.001]},"faces":{"north":{"uv":[13.57143,7,13.28571,5.85714],"texture":"#0","tintindex":0},"east":{"uv":[7.28571,13.85714,6.42857,12.71429],"texture":"#0","tintindex":0},"south":{"uv":[13.57143,11,13.28571,9.85714],"texture":"#0","tintindex":0},"west":{"uv":[6.14286,13.85714,5.28571,12.71429],"texture":"#0","tintindex":0},"up":{"uv":[11.57143,14.14286,11.85714,13.28571],"texture":"#0","tintindex":0},"down":{"uv":[13.28571,11,13.57143,11.85714],"texture":"#0","tintindex":0}}},{"from":[7,-8.4375,7.9925],"to":[9,-7.8125,8.0075],"rotation":{"angle":45,"axis":"x","origin":[8,-8.125,8]},"faces":{"north":{"uv":[3.57143,12.28571,5.85714,11.57143],"texture":"#0","tintindex":0},"south":{"uv":[5.85714,12.28571,3.57143,11.57143],"texture":"#0","tintindex":0}}},{"from":[7,-8.1325,7.6875],"to":[9,-8.1175,8.3125],"rotation":{"angle":45,"axis":"x","origin":[8,-8.125,8]},"faces":{"up":{"uv":[8.14286,12.28571,5.85714,11.57143],"texture":"#0","tintindex":0},"down":{"uv":[8.14286,11.57143,5.85714,12.28571],"texture":"#0","tintindex":0}}},{"from":[8.90456,-8.4141,7.651],"to":[9.15456,-7.4141,8.351],"rotation":{"angle":22.5,"axis":"z","origin":[9.02956,-7.9141,8.001]},"faces":{"north":{"uv":[13.28571,7,13.57143,5.85714],"texture":"#0","tintindex":0},"east":{"uv":[5.28571,13.85714,6.14286,12.71429],"texture":"#0","tintindex":0},"south":{"uv":[13.28571,11,13.57143,9.85714],"texture":"#0","tintindex":0},"west":{"uv":[6.42857,13.85714,7.28571,12.71429],"texture":"#0","tintindex":0},"up":{"uv":[11.85714,14.14286,11.57143,13.28571],"texture":"#0","tintindex":0},"down":{"uv":[13.57143,11,13.28571,11.85714],"texture":"#0","tintindex":0}}},{"from":[9.4,-12.75,9.775],"to":[12.9,-2.75,9.79],"rotation":{"angle":-22.5,"axis":"y","origin":[14.25786,-7.75,8.49518]},"faces":{"north":{"uv":[8,0,12,11.42857],"texture":"#0","tintindex":0},"south":{"uv":[12,0,8,11.42857],"texture":"#0","tintindex":0}}},{"from":[12.50786,-12.75,9.15681],"to":[16.00786,-2.75,9.17181],"rotation":{"angle":0,"axis":"y","origin":[14.25786,-7.75,8.49518]},"faces":{"north":{"uv":[4,0,8,11.42857],"texture":"#0","tintindex":0},"south":{"uv":[8,0,4,11.42857],"texture":"#0","tintindex":0}}},{"from":[15.61571,-12.75,9.775],"to":[19.11571,-2.75,9.79],"rotation":{"angle":22.5,"axis":"y","origin":[14.25786,-7.75,8.49518]},"faces":{"north":{"uv":[0,0,4,11.42857],"texture":"#0","tintindex":0},"south":{"uv":[4,0,0,11.42857],"texture":"#0","tintindex":0}}},{"from":[3.1,-12.75,9.775],"to":[6.6,-2.75,9.79],"rotation":{"angle":22.5,"axis":"y","origin":[1.74214,-7.75,8.49518]},"faces":{"north":{"uv":[12,0,8,11.42857],"texture":"#0","tintindex":0},"south":{"uv":[8,0,12,11.42857],"texture":"#0","tintindex":0}}},{"from":[-0.00785,-12.75,9.15681],"to":[3.49215,-2.75,9.17181],"rotation":{"angle":0,"axis":"y","origin":[1.74214,-7.75,8.49518]},"faces":{"north":{"uv":[8,0,4,11.42857],"texture":"#0","tintindex":0},"south":{"uv":[4,0,8,11.42857],"texture":"#0","tintindex":0}}},{"from":[-3.11571,-12.75,9.775],"to":[0.38429,-2.75,9.79],"rotation":{"angle":-22.5,"axis":"y","origin":[1.74214,-7.75,8.49518]},"faces":{"north":{"uv":[4,0,0,11.42857],"texture":"#0","tintindex":0},"south":{"uv":[0,0,4,11.42857],"texture":"#0","tintindex":0}}},{"from":[6,-5.5,9.125],"to":[10,0,9.14],"rotation":{"angle":22.5,"axis":"x","origin":[8,-5,9.125]},"faces":{"north":{"uv":[5.71429,0,10.28571,6.28571],"texture":"#2","tintindex":0},"south":{"uv":[10.28571,0,5.71429,6.28571],"texture":"#2","tintindex":0}}},{"from":[9.25,-6.5,9.125],"to":[11.75,-2.75,9.14],"rotation":{"angle":-22.5,"axis":"y","origin":[9.25,-6.5,9.125]},"faces":{"north":{"uv":[1,0,6,7.5],"texture":"#1","tintindex":0},"south":{"uv":[6,0,1,7.5],"texture":"#1","tintindex":0}}},{"from":[4.25,-6.5,9.125],"to":[6.75,-2.75,9.14],"rotation":{"angle":22.5,"axis":"y","origin":[6.75,-6.5,9.125]},"faces":{"north":{"uv":[11,0,16,7.5],"texture":"#1","tintindex":0},"south":{"uv":[16,0,11,7.5],"texture":"#1","tintindex":0}}},{"from":[8,-5.25,9.125],"to":[11.75,-2.75,9.14],"rotation":{"angle":22.5,"axis":"x","origin":[8,-5.25,9.125]},"faces":{"north":{"uv":[8.5,5,1,0],"rotation":180,"texture":"#1","tintindex":0},"south":{"uv":[1,5,8.5,0],"rotation":180,"texture":"#1","tintindex":0}}},{"from":[4.25,-5.25,9.125],"to":[8,-2.75,9.14],"rotation":{"angle":22.5,"axis":"x","origin":[8,-5.25,9.125]},"faces":{"north":{"uv":[16,5,8.5,0],"rotation":180,"texture":"#1","tintindex":0},"south":{"uv":[8.5,5,16,0],"rotation":180,"texture":"#1","tintindex":0}}},{"from":[1.5,-8.5,9.125],"to":[7,-4.5,9.14],"rotation":{"angle":22.5,"axis":"y","origin":[6.5,-6.5,9.125]},"faces":{"north":{"uv":[9.71429,5.71429,16,10.28571],"texture":"#2","tintindex":0},"south":{"uv":[16,5.71429,9.71429,10.28571],"texture":"#2","tintindex":0}}},{"from":[6.75,-7.75,9.125],"to":[9.25,-5.25,9.14],"rotation":{"angle":0,"axis":"y","origin":[8,-6.5,9.125]},"faces":{"north":{"uv":[6,5,11,10],"texture":"#1","tintindex":0},"south":{"uv":[11,5,6,10],"texture":"#1","tintindex":0}}},{"from":[9,-8.5,9.125],"to":[14.5,-4.5,9.14],"rotation":{"angle":-22.5,"axis":"y","origin":[9.5,-6.5,9.125]},"faces":{"north":{"uv":[0,5.71429,6.28571,10.28571],"texture":"#2","tintindex":0},"south":{"uv":[6.28571,5.71429,0,10.28571],"texture":"#2","tintindex":0}}},{"from":[8,-10.25,9.125],"to":[11.75,-7.75,9.14],"rotation":{"angle":-22.5,"axis":"x","origin":[8,-7.75,9.125]},"faces":{"north":{"uv":[1,10,8.5,15],"texture":"#1","tintindex":0},"south":{"uv":[8.5,10,1,15],"texture":"#1","tintindex":0}}},{"from":[9.25,-10.25,9.125],"to":[11.75,-6.5,9.14],"rotation":{"angle":-22.5,"axis":"y","origin":[9.25,-6.5,9.125]},"faces":{"north":{"uv":[6,15,1,7.5],"rotation":180,"texture":"#1","tintindex":0},"south":{"uv":[1,15,6,7.5],"rotation":180,"texture":"#1","tintindex":0}}},{"from":[6,-13,9.125],"to":[10,-7.5,9.14],"rotation":{"angle":-22.5,"axis":"x","origin":[8,-8,9.125]},"faces":{"north":{"uv":[5.71429,9.71429,10.28571,16],"texture":"#2","tintindex":0},"south":{"uv":[10.28571,9.71429,5.71429,16],"texture":"#2","tintindex":0}}},{"from":[4.25,-10.25,9.125],"to":[6.75,-6.5,9.14],"rotation":{"angle":22.5,"axis":"y","origin":[6.75,-6.5,9.125]},"faces":{"north":{"uv":[11,7.5,16,15],"texture":"#1","tintindex":0},"south":{"uv":[16,7.5,11,15],"texture":"#1","tintindex":0}}},{"from":[4.25,-10.25,9.125],"to":[8,-7.75,9.14],"rotation":{"angle":-22.5,"axis":"x","origin":[8,-7.75,9.125]},"faces":{"north":{"uv":[8.5,10,16,15],"texture":"#1","tintindex":0},"south":{"uv":[16,10,8.5,15],"texture":"#1","tintindex":0}}}],"gui_light":"front","display":{"thirdperson_righthand":{"rotation":[-139,0,-180],"scale":[0.70117,0.70117,0.70117]},"thirdperson_lefthand":{"rotation":[68,0,0],"translation":[-5.5,-7.25,10],"scale":[1.3,1.3,1.3]},"firstperson_righthand":{"rotation":[157.5,0,-180],"translation":[1.25,2,0.5],"scale":[0.76953,0.76953,0.76953]},"firstperson_lefthand":{"rotation":[157.5,0,-180],"translation":[1.25,2,0.5],"scale":[0,0,0]},"ground":{"rotation":[-45,0,0],"translation":[0,7.25,0]},"gui":{"rotation":[0,180,0],"translation":[0,13.5,0],"scale":[0.81,0.81,0.81]},"head":{"translation":[0,-52.25,7.75],"scale":[4,4,4]},"fixed":{"rotation":[0,180,0],"translation":[0,0,-2.5],"scale":[2,2,2]}}}