{"credit":"Cr HelloWorld","texture_size":[128,128],"textures":{"0":"tavern:items/mythicals/kirly/lightning_bolt_small_6","particle":"tavern:items/mythicals/kirly/lightning_bolt_small_6"},"elements":[{"from":[8,-2,-2],"to":[8,18,18],"rotation":{"angle":-45,"axis":"y","origin":[8,8,8]},"faces":{"north":{"uv":[0,0,16,15.75],"texture":"#0"},"east":{"uv":[0,0,16,15.75],"texture":"#0"},"south":{"uv":[0,0,16,15.75],"texture":"#0"},"west":{"uv":[0,0,16,15.75],"texture":"#0"},"up":{"uv":[0,0,16,15.75],"rotation":90,"texture":"#0"},"down":{"uv":[0,0,16,15.75],"rotation":270,"texture":"#0"}}},{"from":[-2,-2,8],"to":[18,18,8],"rotation":{"angle":-45,"axis":"y","origin":[8,8,8]},"faces":{"north":{"uv":[0,0,16,15.75],"texture":"#0"},"east":{"uv":[0,0,16,15.75],"texture":"#0"},"south":{"uv":[0,0,16,15.75],"texture":"#0"},"west":{"uv":[0,0,16,15.75],"texture":"#0"},"up":{"uv":[0,0,16,15.75],"texture":"#0"},"down":{"uv":[0,0,16,15.75],"texture":"#0"}}}],"gui_light":"front","display":{"gui":{"scale":[0.5,0.5,0.5]}}}