{"credit":"Cr HelloWorld","texture_size":[128,128],"textures":{"0":"tavern:items/mythicals/kirly/lightning_cast_3","particle":"tavern:items/mythicals/kirly/lightning_cast_3"},"elements":[{"from":[-16,32,-16],"to":[32,32,32],"rotation":{"angle":0,"axis":"y","origin":[8,32,8]},"faces":{"north":{"uv":[0,0,16,16],"texture":"#0"},"east":{"uv":[0,0,16,16],"texture":"#0"},"south":{"uv":[0,0,16,16],"texture":"#0"},"west":{"uv":[0,0,16,16],"texture":"#0"},"up":{"uv":[16,0,0,16],"texture":"#0"},"down":{"uv":[0,0,16,16],"texture":"#0"}}}],"display":{"thirdperson_righthand":{"rotation":[90,0,0],"translation":[-5.5,-2.5,10.75],"scale":[4,4,4]},"thirdperson_lefthand":{"rotation":[90,0,0],"translation":[-6,-2,-1.5],"scale":[0.82,0.82,0.82]},"gui":{"translation":[-0.25,-1.25,-1.25],"scale":[0,0,0]},"head":{"translation":[0,-22.75,0],"scale":[1.17,1.17,1.17]}}}