{"credit":"Cr HelloWorld","texture_size":[128,128],"textures":{"0":"tavern:items/mythicals/kirly/lightning_ring_5","particle":"tavern:items/mythicals/kirly/lightning_ring_5"},"elements":[{"from":[-16,1,-16],"to":[32,1,32],"faces":{"north":{"uv":[0,0,16,16],"texture":"#0"},"east":{"uv":[0,0,16,16],"texture":"#0"},"south":{"uv":[0,0,16,16],"texture":"#0"},"west":{"uv":[0,0,16,16],"texture":"#0"},"up":{"uv":[0,0,16,16],"texture":"#0"},"down":{"uv":[0,0,16,16],"texture":"#0"}}},{"from":[-8,2,-8],"to":[24,2,24],"rotation":{"angle":0,"axis":"y","origin":[8,2,8]},"faces":{"north":{"uv":[0,0,16,16],"texture":"#0"},"east":{"uv":[0,0,16,16],"texture":"#0"},"south":{"uv":[0,0,16,16],"texture":"#0"},"west":{"uv":[0,0,16,16],"texture":"#0"},"up":{"uv":[0,0,16,16],"texture":"#0"},"down":{"uv":[0,0,16,16],"texture":"#0"}}}],"display":{"thirdperson_righthand":{"rotation":[90,0,0],"translation":[-6,-2,23.75],"scale":[4,4,4]},"head":{"scale":[4,4,4]}}}