{"credit":"Cr HelloWorld","texture_size":[128,128],"textures":{"0":"tavern:items/mythicals/kirly/lightning_wall_2","particle":"tavern:items/mythicals/kirly/lightning_wall_2"},"elements":[{"from":[5,-16,-16],"to":[11,32,32],"rotation":{"angle":0,"axis":"y","origin":[8,8,8]},"faces":{"north":{"uv":[16,0,16,0],"texture":"#0"},"east":{"uv":[0,0,16,16],"texture":"#0"},"south":{"uv":[16,0,16,0.75],"texture":"#0"},"west":{"uv":[0,0,16,16],"texture":"#0"},"up":{"uv":[0,16,0,16],"rotation":90,"texture":"#0"},"down":{"uv":[0,16,0.125,16],"rotation":270,"texture":"#0"}}},{"from":[-16,-16,5],"to":[32,32,11],"rotation":{"angle":0,"axis":"x","origin":[8,8,8]},"faces":{"north":{"uv":[0,0,16,16],"texture":"#0"},"east":{"uv":[0,16,0,16],"texture":"#0"},"south":{"uv":[0,0,16,16],"texture":"#0"},"west":{"uv":[16,0,16,0.125],"texture":"#0"},"up":{"uv":[0,16,0,16],"texture":"#0"},"down":{"uv":[0,16,0.125,16],"texture":"#0"}}}],"gui_light":"front","display":{"thirdperson_righthand":{"rotation":[90,0,0],"translation":[-6,-2.25,80],"scale":[1.35,4,1.35]},"gui":{"scale":[0.2,0.2,0.2]}}}