{"credit":"Made with Blockbench","texture_size":[256,256],"textures":{"0":"tavern:items/mythicals/kirly/lightning_spear_9","particle":"tavern:items/mythicals/kirly/lightning_spear_9"},"elements":[{"from":[-16,-16,8],"to":[32,32,8],"rotation":{"angle":0,"axis":"z","origin":[8,8,8]},"faces":{"north":{"uv":[16,0,0,16],"rotation":270,"texture":"#0"},"east":{"uv":[0,0,16,16],"rotation":90,"texture":"#0"},"south":{"uv":[0,0,16,16],"rotation":90,"texture":"#0"},"west":{"uv":[0,0,16,16],"rotation":90,"texture":"#0"},"up":{"uv":[0,0,16,16],"rotation":90,"texture":"#0"},"down":{"uv":[0,0,16,16],"rotation":90,"texture":"#0"}}},{"from":[8,-16,-16],"to":[8,32,32],"rotation":{"angle":0,"axis":"x","origin":[8,8,8]},"faces":{"north":{"uv":[0,0,16,16],"rotation":270,"texture":"#0"},"east":{"uv":[0,16,16,0],"rotation":90,"texture":"#0"},"south":{"uv":[0,0,16,16],"rotation":270,"texture":"#0"},"west":{"uv":[16,16,0,0],"rotation":270,"texture":"#0"},"up":{"uv":[0,0,16,16],"texture":"#0"},"down":{"uv":[0,0,16,16],"rotation":180,"texture":"#0"}}},{"from":[-16,-16,8],"to":[32,32,8],"rotation":{"angle":-45,"axis":"y","origin":[8,8,8]},"faces":{"north":{"uv":[16,0,0,16],"rotation":270,"texture":"#0"},"east":{"uv":[0,0,16,16],"rotation":90,"texture":"#0"},"south":{"uv":[0,0,16,16],"rotation":90,"texture":"#0"},"west":{"uv":[0,0,16,16],"rotation":90,"texture":"#0"},"up":{"uv":[0,0,16,16],"rotation":90,"texture":"#0"},"down":{"uv":[0,0,16,16],"rotation":90,"texture":"#0"}}},{"from":[8,-16,-16],"to":[8,32,32],"rotation":{"angle":-45,"axis":"y","origin":[8,8,8]},"faces":{"north":{"uv":[0,0,16,16],"rotation":270,"texture":"#0"},"east":{"uv":[0,16,16,0],"rotation":90,"texture":"#0"},"south":{"uv":[0,0,16,16],"rotation":270,"texture":"#0"},"west":{"uv":[16,16,0,0],"rotation":270,"texture":"#0"},"up":{"uv":[0,0,16,16],"texture":"#0"},"down":{"uv":[0,0,16,16],"rotation":180,"texture":"#0"}}},{"from":[-16,-16,8],"to":[32,32,8],"rotation":{"angle":-22.5,"axis":"y","origin":[8,8,8]},"faces":{"north":{"uv":[0,0,16,16],"rotation":90,"texture":"#0"},"east":{"uv":[0,0,16,16],"rotation":90,"texture":"#0"},"south":{"uv":[16,0,0,16],"rotation":270,"texture":"#0"},"west":{"uv":[0,0,16,16],"rotation":90,"texture":"#0"},"up":{"uv":[0,0,16,16],"rotation":270,"texture":"#0"},"down":{"uv":[0,0,16,16],"rotation":270,"texture":"#0"}}},{"from":[8,-16,-16],"to":[8,32,32],"rotation":{"angle":22.5,"axis":"y","origin":[8,8,8]},"faces":{"north":{"uv":[0,0,16,16],"rotation":270,"texture":"#0"},"east":{"uv":[16,16,0,0],"rotation":270,"texture":"#0"},"south":{"uv":[0,0,16,16],"rotation":270,"texture":"#0"},"west":{"uv":[0,16,16,0],"rotation":90,"texture":"#0"},"up":{"uv":[0,0,16,16],"rotation":180,"texture":"#0"},"down":{"uv":[0,0,16,16],"texture":"#0"}}},{"from":[-16,-16,8],"to":[32,32,8],"rotation":{"angle":22.5,"axis":"y","origin":[8,8,8]},"faces":{"north":{"uv":[0,0,16,16],"rotation":90,"texture":"#0"},"east":{"uv":[0,0,16,16],"rotation":90,"texture":"#0"},"south":{"uv":[16,0,0,16],"rotation":270,"texture":"#0"},"west":{"uv":[0,0,16,16],"rotation":90,"texture":"#0"},"up":{"uv":[0,0,16,16],"rotation":270,"texture":"#0"},"down":{"uv":[0,0,16,16],"rotation":270,"texture":"#0"}}},{"from":[8,-16,-16],"to":[8,32,32],"rotation":{"angle":-22.5,"axis":"y","origin":[8,8,8]},"faces":{"north":{"uv":[0,0,16,16],"rotation":270,"texture":"#0"},"east":{"uv":[16,16,0,0],"rotation":270,"texture":"#0"},"south":{"uv":[0,0,16,16],"rotation":270,"texture":"#0"},"west":{"uv":[0,16,16,0],"rotation":90,"texture":"#0"},"up":{"uv":[0,0,16,16],"rotation":180,"texture":"#0"},"down":{"uv":[0,0,16,16],"texture":"#0"}}}],"gui_light":"front","display":{"thirdperson_righthand":{"scale":[4,4,4]},"thirdperson_lefthand":{"translation":[-6,-0.25,15],"scale":[1.5,1.5,1.5]},"ground":{"translation":[0,6.5,0],"scale":[0.3,0.3,0.3]},"gui":{"scale":[0.3,0.3,0.3]},"head":{"rotation":[90,0,0],"translation":[0,-1.25,0],"scale":[3,3,3]},"fixed":{"scale":[0.3,0.3,0.3]}}}