{"credit":"Cr HelloWorld","texture_size":[128,128],"textures":{"1":"tavern:items/mythicals/kirly/linghtning_strike_3"},"elements":[{"from":[-16,8,-16],"to":[32,8,32],"rotation":{"angle":0,"axis":"y","origin":[8,8,8]},"faces":{"north":{"uv":[0,0,16,16],"rotation":180,"texture":"#1"},"east":{"uv":[0,0,16,16],"rotation":90,"texture":"#1"},"south":{"uv":[0,0,16,16],"texture":"#1"},"west":{"uv":[0,0,16,16],"rotation":270,"texture":"#1"},"up":{"uv":[0,0,16,16],"texture":"#1"},"down":{"uv":[0,0,16,16],"rotation":180,"texture":"#1"}}},{"from":[8,-16,-16],"to":[8,32,32],"rotation":{"angle":0,"axis":"y","origin":[8,8,8]},"faces":{"north":{"uv":[0,0,16,16],"rotation":180,"texture":"#1"},"east":{"uv":[0,0,16,16],"rotation":90,"texture":"#1"},"south":{"uv":[0,0,16,16],"texture":"#1"},"west":{"uv":[0,0,16,16],"rotation":270,"texture":"#1"},"up":{"uv":[0,0,16,16],"texture":"#1"},"down":{"uv":[0,0,16,16],"rotation":180,"texture":"#1"}}}],"display":{"thirdperson_righthand":{"rotation":[-90,0,0],"translation":[-5.75,80,0],"scale":[1,0.74,3.35]},"thirdperson_lefthand":{"translation":[-5.75,-2,68.5],"scale":[1,0.74,3.35]},"head":{"rotation":[-90,0,0],"translation":[0,-80,0],"scale":[1.98,1.98,3.53]}}}