{"textures":{"0":"modelengine:entity/octanaguard"},"elements":[{"from":[6.4697647,9.497883,4.0982294],"to":[9.709097,12.737215,7.3375635],"faces":{"east":{"uv":[12.90625,3.5625,13.28125,3.9375],"tintindex":0,"rotation":0,"texture":"#0"},"south":{"uv":[12.90625,3.5625,13.28125,3.9375],"tintindex":0,"rotation":0,"texture":"#0"},"north":{"uv":[12.90625,3.5625,13.28125,3.9375],"tintindex":0,"rotation":0,"texture":"#0"},"west":{"uv":[12.90625,3.5625,13.28125,3.9375],"tintindex":0,"rotation":0,"texture":"#0"},"up":{"uv":[13.3125,11.1875,12.9375,10.8125],"tintindex":0,"rotation":0,"texture":"#0"},"down":{"uv":[13.3125,11.1875,12.9375,11.5625],"tintindex":0,"rotation":0,"texture":"#0"}},"rotation":{"origin":[4.0673294,5.280733,-4.5427885],"angle":22.5,"axis":"x"}},{"from":[7.279598,2.5422263,6.7706785],"to":[8.899264,6.5913916,8.390346],"faces":{"east":{"uv":[7.3125,13.34375,7.5,13.84375],"tintindex":0,"rotation":0,"texture":"#0"},"south":{"uv":[13.375,0.375,13.5625,0.875],"tintindex":0,"rotation":0,"texture":"#0"},"north":{"uv":[7.125,13.34375,7.3125,13.84375],"tintindex":0,"rotation":0,"texture":"#0"},"west":{"uv":[0.0,13.40625,0.1875,13.90625],"tintindex":0,"rotation":0,"texture":"#0"},"up":{"uv":[4.40625,8.9375,4.21875,8.75],"tintindex":0,"rotation":0,"texture":"#0"},"down":{"uv":[2.5,9.34375,2.3125,9.53125],"tintindex":0,"rotation":0,"texture":"#0"}},"rotation":{"origin":[4.0673294,3.1563134,8.27819],"angle":-22.5,"axis":"x"}}],"display":{"gui":{"rotation":[30,225,0]}}}