{"credit":"Made with Blockbench","texture_size":[256,256],"textures":{"2":"custom/elitecreatures/jupiter/jupiterarcher"},"elements":[{"from":[8.245,-4.325,5.545],"to":[8.245,10.525,7.745],"rotation":{"angle":0,"axis":"x","origin":[8.3,3.1,6.7]},"faces":{"north":{"uv":[0,0,0,1.6875],"texture":"#2"},"east":{"uv":[3.625,3.8125,3.375,5.5],"texture":"#2"},"south":{"uv":[0,0,0,1.6875],"texture":"#2"},"west":{"uv":[3.375,3.6875,3.125,5.375],"texture":"#2"},"up":{"uv":[0,0.25,0,0],"texture":"#2"},"down":{"uv":[0,0,0,0.25],"texture":"#2"}}},{"from":[7.255,-4.325,6.755],"to":[9.455,10.525,6.755],"rotation":{"angle":0,"axis":"x","origin":[8.3,3.1,6.7]},"faces":{"north":{"uv":[3.875,3.8125,3.625,5.5],"texture":"#2"},"east":{"uv":[0,0,0,1.6875],"texture":"#2"},"south":{"uv":[3.875,5.5,3.625,3.8125],"rotation":180,"texture":"#2"},"west":{"uv":[0,0,0,1.6875],"texture":"#2"},"up":{"uv":[0,0,0.25,0],"texture":"#2"},"down":{"uv":[0,0,0.25,0],"texture":"#2"}}}],"display":{"thirdperson_righthand":{"translation":[0,7.5,0]},"ground":{"translation":[0,9.75,0]},"head":{"rotation":[15.76,10.35,-2.91],"translation":[1,-25.75,3],"scale":[2,2,2]}},"groups":[{"name":"arrow","origin":[0.3,3.1,0.7],"color":0,"boneType":"","children":[0,1]}]}