{"credit":"Made with Blockbench","texture_size":[256,256],"textures":{"6":"custom/elitecreatures/jupiter/jupiter"},"elements":[{"from":[6.7065,0.39,8.077],"to":[6.7645,5.9,19.967],"rotation":{"angle":0,"axis":"y","origin":[6.7355,3.145,14.022]},"faces":{"north":{"uv":[10.28125,10.5,10.25,11.6875],"texture":"#6"},"east":{"uv":[2.5625,1.1875,0,2.375],"texture":"#6"},"south":{"uv":[10.34375,10.5,10.3125,11.6875],"texture":"#6"},"west":{"uv":[2.5625,0,0,1.1875],"texture":"#6"},"up":{"uv":[9.8125,14,9.84375,11.4375],"texture":"#6"},"down":{"uv":[3.0625,11.6875,3.09375,14.25],"texture":"#6"}}},{"from":[6.7065,-0.045,-3.813],"to":[6.7645,5.465,8.077],"rotation":{"angle":0,"axis":"y","origin":[6.7355,2.71,2.132]},"faces":{"north":{"uv":[9.78125,11.6875,9.75,12.875],"texture":"#6"},"east":{"uv":[5.125,0,2.5625,1.1875],"texture":"#6"},"south":{"uv":[6.96875,11.875,6.9375,13.0625],"texture":"#6"},"west":{"uv":[2.5625,2.375,0,3.5625],"texture":"#6"},"up":{"uv":[3.125,14.25,3.15625,11.6875],"texture":"#6"},"down":{"uv":[9.6875,11.6875,9.71875,14.25],"texture":"#6"}}},{"from":[6.518,2.48735,8.05735],"to":[6.953,3.51265,9.08265],"rotation":{"angle":45,"axis":"x","origin":[6.7355,3,8.57]},"faces":{"north":{"uv":[9.53125,6.3125,9.4375,6.53125],"texture":"#6"},"east":{"uv":[9.59375,12,9.375,12.21875],"texture":"#6"},"south":{"uv":[0.40625,9.875,0.3125,10.09375],"texture":"#6"},"west":{"uv":[9.34375,12,9.125,12.21875],"texture":"#6"},"up":{"uv":[10,6.84375,10.09375,6.625],"texture":"#6"},"down":{"uv":[0.6875,10.5625,0.78125,10.78125],"texture":"#6"}}},{"from":[6.518,2.48735,6.31735],"to":[6.953,3.51265,7.34265],"rotation":{"angle":45,"axis":"x","origin":[6.7355,3,6.83]},"faces":{"north":{"uv":[9.96875,10.75,9.875,10.96875],"texture":"#6"},"east":{"uv":[11.84375,12,11.625,12.21875],"texture":"#6"},"south":{"uv":[2.46875,10.8125,2.375,11.03125],"texture":"#6"},"west":{"uv":[11.59375,12,11.375,12.21875],"texture":"#6"},"up":{"uv":[7.875,11.21875,7.96875,11],"texture":"#6"},"down":{"uv":[4,11.0625,4.09375,11.28125],"texture":"#6"}}},{"from":[6.547,2.275,6.83],"to":[6.924,3.725,8.57],"rotation":{"angle":0,"axis":"y","origin":[6.7355,3,7.7]},"faces":{"north":{"uv":[3.21875,7.9375,3.125,8.25],"texture":"#6"},"east":{"uv":[11.8125,3.5625,11.4375,3.875],"texture":"#6"},"south":{"uv":[9.40625,5.75,9.3125,6.0625],"texture":"#6"},"west":{"uv":[2.0625,11.4375,1.6875,11.75],"texture":"#6"},"up":{"uv":[3.8125,8.625,3.90625,8.25],"texture":"#6"},"down":{"uv":[1.4375,9.8125,1.53125,10.1875],"texture":"#6"}}}],"display":{"ground":{"translation":[5.75,20.75,0],"scale":[4,4,4]},"head":{"translation":[5.5,0,0.5],"scale":[4,4,4]}},"groups":[{"name":"bone2","origin":[-0.25,3,0.7],"color":0,"boneType":"","children":[0,1,2,3,4]}]}