{
	"credit": "Made with Blockbench",
	"texture_size": [256, 256],
	"textures": {
		"5": "custom/elitecreatures/jupiter/jupiterguard"
	},
	"elements": [
		{
			"from": [8.14854, 3.27371, 10.55791],
			"to": [8.86254, 3.95371, 11.23791],
			"rotation": {"angle": 45, "axis": "x", "origin": [8.50554, 3.61371, 10.89791]},
			"faces": {
				"north": {"uv": [5.8125, 4.0625, 5.6875, 4.1875], "texture": "#5"},
				"east": {"uv": [2.8125, 6.25, 2.6875, 6.375], "texture": "#5"},
				"south": {"uv": [6.3125, 2.9375, 6.1875, 3.0625], "texture": "#5"},
				"west": {"uv": [6.125, 2.3125, 6, 2.4375], "texture": "#5"},
				"up": {"uv": [5.6875, 6.9375, 5.8125, 6.8125], "texture": "#5"},
				"down": {"uv": [4.25, 7.125, 4.375, 7.25], "texture": "#5"}
			}
		},
		{
			"from": [8.16554, 1.77771, 10.89066],
			"to": [8.84554, 2.45771, 14.63066],
			"rotation": {"angle": 0, "axis": "y", "origin": [8.50554, 2.11771, 12.76066]},
			"faces": {
				"north": {"uv": [2, 7.25, 1.875, 7.375], "texture": "#5"},
				"east": {"uv": [9.375, 5.8125, 8.6875, 5.9375], "texture": "#5"},
				"south": {"uv": [2.125, 7.25, 2, 7.375], "texture": "#5"},
				"west": {"uv": [9.25, 7.75, 8.5625, 7.875], "texture": "#5"},
				"up": {"uv": [4.3125, 9.1875, 4.4375, 8.5], "texture": "#5"},
				"down": {"uv": [7.1875, 8.6875, 7.3125, 9.375], "texture": "#5"}
			}
		},
		{
			"from": [8.04654, 1.65871, 14.51166],
			"to": [8.96454, 2.57671, 15.42966],
			"rotation": {"angle": 0, "axis": "y", "origin": [8.50554, 2.11771, 14.97066]},
			"faces": {
				"north": {"uv": [3.5, 7.625, 3.375, 7.75], "texture": "#5"},
				"east": {"uv": [8, 0.1875, 7.875, 0.3125], "texture": "#5"},
				"south": {"uv": [7.8125, 5.75, 7.6875, 5.875], "texture": "#5"},
				"west": {"uv": [3.625, 7.625, 3.5, 7.75], "texture": "#5"},
				"up": {"uv": [8, 0.3125, 8.125, 0.1875], "texture": "#5"},
				"down": {"uv": [4.0625, 8.0625, 4.1875, 8.1875], "texture": "#5"}
			}
		},
		{
			"from": [8.14854, 0.28171, 10.55791],
			"to": [8.86254, 0.96171, 11.23791],
			"rotation": {"angle": -45, "axis": "x", "origin": [8.50554, 0.62171, 10.89791]},
			"faces": {
				"north": {"uv": [4.5625, 8.1875, 4.4375, 8.3125], "texture": "#5"},
				"east": {"uv": [9.25, 4.75, 9.125, 4.875], "texture": "#5"},
				"south": {"uv": [2.4375, 8.875, 2.3125, 9], "texture": "#5"},
				"west": {"uv": [8.375, 5.9375, 8.25, 6.0625], "texture": "#5"},
				"up": {"uv": [9.125, 6.25, 9.25, 6.125], "texture": "#5"},
				"down": {"uv": [9.25, 6.625, 9.375, 6.75], "texture": "#5"}
			}
		},
		{
			"from": [8.16554, 0.75771, 10.55066],
			"to": [8.84554, 3.47771, 11.23066],
			"rotation": {"angle": 0, "axis": "y", "origin": [8.50554, 2.11771, 10.89066]},
			"faces": {
				"north": {"uv": [0.375, 7.8125, 0.25, 8.3125], "texture": "#5"},
				"east": {"uv": [3.8125, 9.0625, 3.6875, 9.5625], "texture": "#5"},
				"south": {"uv": [2.625, 9.0625, 2.5, 9.5625], "texture": "#5"},
				"west": {"uv": [8.8125, 8.875, 8.6875, 9.375], "texture": "#5"},
				"up": {"uv": [9.25, 7.3125, 9.375, 7.1875], "texture": "#5"},
				"down": {"uv": [9.3125, 3.5, 9.4375, 3.625], "texture": "#5"}
			}
		},
		{
			"from": [8.11454, 1.60771, 10.39032],
			"to": [8.89654, 2.62771, 11.41032],
			"rotation": {"angle": 45, "axis": "x", "origin": [8.50554, 2.11771, 10.90032]},
			"faces": {
				"north": {"uv": [5.15625, 9.3125, 5, 9.5], "texture": "#5"},
				"east": {"uv": [9.5, 2.75, 9.3125, 2.9375], "texture": "#5"},
				"south": {"uv": [9.46875, 5.125, 9.3125, 5.3125], "texture": "#5"},
				"west": {"uv": [2.8125, 9.3125, 2.625, 9.5], "texture": "#5"},
				"up": {"uv": [5.1875, 9.5, 5.34375, 9.3125], "texture": "#5"},
				"down": {"uv": [9.3125, 5.3125, 9.46875, 5.5], "texture": "#5"}
			}
		},
		{
			"from": [8.28454, 1.41736, 10.02838],
			"to": [8.72654, 2.21557, 10.79259],
			"rotation": {"angle": 0, "axis": "y", "origin": [8.50554, 1.81647, 10.41048]},
			"faces": {
				"north": {"uv": [9.46875, 1.125, 9.375, 1.28125], "texture": "#5"},
				"east": {"uv": [6.625, 2.125, 6.5, 2.28125], "texture": "#5"},
				"south": {"uv": [1.65625, 9.375, 1.5625, 9.53125], "texture": "#5"},
				"west": {"uv": [4.625, 0.375, 4.5, 0.53125], "texture": "#5"},
				"up": {"uv": [9.3125, 8.125, 9.40625, 8], "texture": "#5"},
				"down": {"uv": [9.375, 2.1875, 9.46875, 2.3125], "texture": "#5"}
			}
		},
		{
			"from": [8.36954, 1.07736, 1.18838],
			"to": [8.64154, 2.89557, 10.79259],
			"rotation": {"angle": 0, "axis": "y", "origin": [8.50554, 1.98647, 5.99048]},
			"faces": {
				"north": {"uv": [5.5625, 4.8125, 5.5, 5.15625], "texture": "#5"},
				"east": {"uv": [4.9375, 2.125, 3.1875, 2.46875], "texture": "#5"},
				"south": {"uv": [2.25, 6.4375, 2.1875, 6.78125], "texture": "#5"},
				"west": {"uv": [4.9375, 1.75, 3.1875, 2.09375], "texture": "#5"},
				"up": {"uv": [6, 9.125, 6.0625, 7.375], "texture": "#5"},
				"down": {"uv": [6.0625, 7.375, 6.125, 9.125], "texture": "#5"}
			}
		},
		{
			"from": [8.26754, 1.82337, 7.98723],
			"to": [8.74354, 2.68958, 10.28144],
			"rotation": {"angle": 22.5, "axis": "x", "origin": [8.50554, 2.25648, 9.13434]},
			"faces": {
				"north": {"uv": [9.46875, 2, 9.375, 2.15625], "texture": "#5"},
				"east": {"uv": [9.46875, 0, 9.0625, 0.15625], "texture": "#5"},
				"south": {"uv": [9.46875, 4, 9.375, 4.15625], "texture": "#5"},
				"west": {"uv": [9.40625, 6.75, 9, 6.90625], "texture": "#5"},
				"up": {"uv": [4.5, 6.15625, 4.59375, 5.75], "texture": "#5"},
				"down": {"uv": [4.375, 6.375, 4.46875, 6.78125], "texture": "#5"}
			}
		},
		{
			"from": [8.21654, 2.48674, 7.47073],
			"to": [8.79454, 3.35294, 8.37093],
			"rotation": {"angle": -45, "axis": "x", "origin": [8.50554, 2.91984, 7.92083]},
			"faces": {
				"north": {"uv": [9.46875, 4.1875, 9.375, 4.34375], "texture": "#5"},
				"east": {"uv": [9.53125, 0.375, 9.375, 0.53125], "texture": "#5"},
				"south": {"uv": [5.46875, 9.375, 5.375, 9.53125], "texture": "#5"},
				"west": {"uv": [9.53125, 0.1875, 9.375, 0.34375], "texture": "#5"},
				"up": {"uv": [9.375, 5.90625, 9.46875, 5.75], "texture": "#5"},
				"down": {"uv": [6.125, 9.375, 6.21875, 9.53125], "texture": "#5"}
			}
		},
		{
			"from": [8.26754, 1.07736, 6.96838],
			"to": [8.74354, 1.87557, 8.41259],
			"rotation": {"angle": 0, "axis": "y", "origin": [8.50554, 1.47647, 7.69048]},
			"faces": {
				"north": {"uv": [6.34375, 9.375, 6.25, 9.53125], "texture": "#5"},
				"east": {"uv": [9.5, 6.125, 9.25, 6.28125], "texture": "#5"},
				"south": {"uv": [6.46875, 9.375, 6.375, 9.53125], "texture": "#5"},
				"west": {"uv": [5.8125, 9.25, 5.5625, 9.40625], "texture": "#5"},
				"up": {"uv": [5.8125, 6.4375, 5.90625, 6.1875], "texture": "#5"},
				"down": {"uv": [2.1875, 7.8125, 2.28125, 8.0625], "texture": "#5"}
			}
		},
		{
			"from": [8.25054, 1.43133, 5.18888],
			"to": [8.76054, 2.29754, 7.21109],
			"rotation": {"angle": 22.5, "axis": "x", "origin": [8.50554, 1.86443, 6.19998]},
			"faces": {
				"north": {"uv": [7.28125, 9.375, 7.1875, 9.53125], "texture": "#5"},
				"east": {"uv": [5.9375, 5.3125, 5.5625, 5.46875], "texture": "#5"},
				"south": {"uv": [8.28125, 9.375, 8.1875, 9.53125], "texture": "#5"},
				"west": {"uv": [3.5, 4.9375, 3.125, 5.09375], "texture": "#5"},
				"up": {"uv": [6.1875, 0.375, 6.28125, 0], "texture": "#5"},
				"down": {"uv": [5.6875, 7.75, 5.78125, 8.125], "texture": "#5"}
			}
		},
		{
			"from": [8.30154, 0.98802, 1.84037],
			"to": [8.70954, 1.85423, 4.47457],
			"rotation": {"angle": 22.5, "axis": "x", "origin": [8.50554, 1.42113, 3.15747]},
			"faces": {
				"north": {"uv": [6.375, 4.25, 6.3125, 4.40625], "texture": "#5"},
				"east": {"uv": [9.46875, 1.5625, 9, 1.71875], "texture": "#5"},
				"south": {"uv": [2.6875, 6.875, 2.625, 7.03125], "texture": "#5"},
				"west": {"uv": [9.46875, 1.375, 9, 1.53125], "texture": "#5"},
				"up": {"uv": [6.5, 8.65625, 6.5625, 8.1875], "texture": "#5"},
				"down": {"uv": [3.625, 8.5, 3.6875, 8.96875], "texture": "#5"}
			}
		},
		{
			"from": [8.25054, 1.16607, 8.06033],
			"to": [8.76054, 2.84828, 8.85854],
			"rotation": {"angle": -22.5, "axis": "x", "origin": [8.50554, 2.00717, 8.45943]},
			"faces": {
				"north": {"uv": [6.96875, 4.5, 6.875, 4.8125], "texture": "#5"},
				"east": {"uv": [6.96875, 9.125, 6.8125, 9.4375], "texture": "#5"},
				"south": {"uv": [5.40625, 8.0625, 5.3125, 8.375], "texture": "#5"},
				"west": {"uv": [6.78125, 9.125, 6.625, 9.4375], "texture": "#5"},
				"up": {"uv": [8.5, 9.53125, 8.59375, 9.375], "texture": "#5"},
				"down": {"uv": [8.625, 9.375, 8.71875, 9.53125], "texture": "#5"}
			}
		},
		{
			"from": [8.26754, 0.61472, 5.34606],
			"to": [8.74354, 2.05893, 6.14427],
			"rotation": {"angle": -22.5, "axis": "x", "origin": [8.50554, 1.33682, 5.74516]},
			"faces": {
				"north": {"uv": [8.09375, 5.1875, 8, 5.4375], "texture": "#5"},
				"east": {"uv": [9.40625, 6.9375, 9.25, 7.1875], "texture": "#5"},
				"south": {"uv": [0.84375, 8.4375, 0.75, 8.6875], "texture": "#5"},
				"west": {"uv": [9.40625, 6.3125, 9.25, 6.5625], "texture": "#5"},
				"up": {"uv": [9.375, 9.40625, 9.46875, 9.25], "texture": "#5"},
				"down": {"uv": [0, 9.4375, 0.09375, 9.59375], "texture": "#5"}
			}
		},
		{
			"from": [8.28454, 0.51696, 4.20857],
			"to": [8.72654, 1.31516, 5.65278],
			"rotation": {"angle": 0, "axis": "y", "origin": [8.50554, 0.91606, 4.93068]},
			"faces": {
				"north": {"uv": [9.53125, 0.5625, 9.4375, 0.71875], "texture": "#5"},
				"east": {"uv": [9.5, 7.625, 9.25, 7.78125], "texture": "#5"},
				"south": {"uv": [0.78125, 9.4375, 0.6875, 9.59375], "texture": "#5"},
				"west": {"uv": [9.5, 7.4375, 9.25, 7.59375], "texture": "#5"},
				"up": {"uv": [4.125, 9.5625, 4.21875, 9.3125], "texture": "#5"},
				"down": {"uv": [9.375, 0.875, 9.46875, 1.125], "texture": "#5"}
			}
		},
		{
			"from": [8.31854, 1.59573, 1.14738],
			"to": [8.69254, 3.03994, 1.94559],
			"rotation": {"angle": -45, "axis": "x", "origin": [8.50554, 2.31784, 1.54649]},
			"faces": {
				"north": {"uv": [5.125, 1.125, 5.0625, 1.375], "texture": "#5"},
				"east": {"uv": [8.96875, 9.25, 8.8125, 9.5], "texture": "#5"},
				"south": {"uv": [0.4375, 6.75, 0.375, 7], "texture": "#5"},
				"west": {"uv": [7.46875, 9.25, 7.3125, 9.5], "texture": "#5"},
				"up": {"uv": [1.875, 7.09375, 1.9375, 6.9375], "texture": "#5"},
				"down": {"uv": [7.3125, 1.4375, 7.375, 1.59375], "texture": "#5"}
			}
		},
		{
			"from": [8.43769, 1.66698, 9.90483],
			"to": [8.60769, 5.74698, 11.53683],
			"rotation": {"angle": 0, "axis": "y", "origin": [8.52269, 3.70698, 10.72083]},
			"faces": {
				"north": {"uv": [7.15625, 9.1875, 7.125, 9.9375], "texture": "#5"},
				"east": {"uv": [4.0625, 6.375, 3.75, 7.125], "texture": "#5"},
				"south": {"uv": [8.15625, 9.1875, 8.125, 9.9375], "texture": "#5"},
				"west": {"uv": [3.75, 6.375, 3.4375, 7.125], "texture": "#5"},
				"up": {"uv": [1.0625, 8.3125, 1.09375, 8], "texture": "#5"},
				"down": {"uv": [0.5, 8.3125, 0.53125, 8.625], "texture": "#5"}
			}
		},
		{
			"from": [8.43769, -1.51156, 9.90483],
			"to": [8.60769, 2.56844, 11.53683],
			"rotation": {"angle": 0, "axis": "y", "origin": [8.52269, 0.52844, 10.72083]},
			"faces": {
				"north": {"uv": [0.40625, 9.25, 0.375, 10], "texture": "#5"},
				"east": {"uv": [1.4375, 6.4375, 1.125, 7.1875], "texture": "#5"},
				"south": {"uv": [3.65625, 9.25, 3.625, 10], "texture": "#5"},
				"west": {"uv": [4.375, 6.375, 4.0625, 7.125], "texture": "#5"},
				"up": {"uv": [8.1875, 9, 8.21875, 8.6875], "texture": "#5"},
				"down": {"uv": [6.4375, 8.75, 6.46875, 9.0625], "texture": "#5"}
			}
		}
	],
	"gui_light": "front",
	"display": {
		"thirdperson_righthand": {
			"rotation": [90, 0, 0],
			"translation": [-1, 7.25, 11.5],
			"scale": [1.8, 1.8, 1.8]
		},
		"thirdperson_lefthand": {
			"rotation": [90, 0, 0],
			"translation": [0.75, 7.25, 11.5],
			"scale": [1.8, 1.8, 1.8]
		},
		"firstperson_righthand": {
			"rotation": [100.75, -8, 0],
			"translation": [7.75, 0.75, 2.75],
			"scale": [1.5, 1.5, 1.5]
		},
		"firstperson_lefthand": {
			"rotation": [100.75, -8, 0],
			"translation": [9.25, 0.75, 2.75],
			"scale": [1.5, 1.5, 1.5]
		},
		"ground": {
			"rotation": [0, 0, 90],
			"translation": [-10.25, -4.5, 0],
			"scale": [1.8, 1.8, 1.8]
		},
		"gui": {
			"rotation": [90, 45, 90],
			"translation": [-5.75, -4.25, 0],
			"scale": [1.3, 1.3, 1.3]
		},
		"fixed": {
			"rotation": [90, 0, 90],
			"translation": [-18.25, 0, -2.25],
			"scale": [3, 3, 3]
		}
	},
	"groups": [
		{
			"name": "bone",
			"origin": [-0.5058, 1.65708, 12.34723],
			"color": 0,
			"boneType": "",
			"children": [0, 1, 2, 3, 4, 5, 6, 7, 8, 9, 10, 11, 12, 13, 14, 15, 16, 17, 18]
		}
	]
}