{
	"credit": "Made with Blockbench",
	"texture_size": [256, 256],
	"textures": {
		"1": "custom/elitecreatures/jupiter/tornado_storm"
	},
	"elements": [
		{
			"from": [0, -5, 0],
			"to": [16, 18, 16],
			"faces": {
				"north": {"uv": [4.59375, 12.96875, 5.59375, 14.40625], "texture": "#1"},
				"east": {"uv": [3.5, 12.96875, 4.5, 14.40625], "texture": "#1"},
				"south": {"uv": [2.4375, 12.96875, 3.4375, 14.40625], "texture": "#1"},
				"west": {"uv": [5.65625, 12.96875, 6.65625, 14.40625], "texture": "#1"},
				"up": {"uv": [1.28125, 15.71875, 0.28125, 14.71875], "texture": "#1"},
				"down": {"uv": [1.28125, 14.71875, 0.28125, 15.71875], "texture": "#1"}
			}
		},
		{
			"from": [-6, 24, -6],
			"to": [22, 31, 22],
			"faces": {
				"north": {"uv": [5.9375, 11.9375, 8.0625, 12.375], "texture": "#1"},
				"east": {"uv": [3.78125, 11.90625, 5.90625, 12.34375], "texture": "#1"},
				"south": {"uv": [1.59375, 11.9375, 3.71875, 12.375], "texture": "#1"},
				"west": {"uv": [8.09375, 11.9375, 10.21875, 12.375], "texture": "#1"},
				"up": {"uv": [1.5, 16, 0, 14.5], "texture": "#1"},
				"down": {"uv": [2.125, 8.71875, 0, 10.84375], "texture": "#1"}
			}
		},
		{
			"from": [-4, 18, -4],
			"to": [20, 24, 20],
			"faces": {
				"north": {"uv": [4.5625, 12.53125, 6.0625, 12.90625], "texture": "#1"},
				"east": {"uv": [3, 12.53125, 4.5, 12.90625], "texture": "#1"},
				"south": {"uv": [1.4375, 12.53125, 2.9375, 12.90625], "texture": "#1"},
				"west": {"uv": [6.15625, 12.53125, 7.65625, 12.90625], "texture": "#1"},
				"down": {"uv": [1.5, 10.9375, 0, 12.4375], "texture": "#1"}
			}
		},
		{
			"from": [-4, -16, -4],
			"to": [20, -5, 20],
			"rotation": {"angle": 0, "axis": "y", "origin": [0, 16, 0]},
			"faces": {
				"north": {"uv": [4.53125, 14.5, 6.03125, 15.1875], "texture": "#1"},
				"east": {"uv": [3, 14.5, 4.5, 15.1875], "texture": "#1"},
				"south": {"uv": [1.5, 14.5, 3, 15.1875], "texture": "#1"},
				"west": {"uv": [6.0625, 14.5, 7.5625, 15.1875], "texture": "#1"},
				"up": {"uv": [1.5, 16, 0, 14.5], "texture": "#1"},
				"down": {"uv": [1.5, 16, 0, 14.5], "texture": "#1"}
			}
		},
		{
			"from": [-2, -16, -8],
			"to": [18, 19, -8],
			"rotation": {"angle": 0, "axis": "z", "origin": [-4, -16, 8]},
			"faces": {
				"north": {"uv": [12.875, 6.3125, 14.125, 8.5], "texture": "#1"},
				"east": {"uv": [0, 0, 0, 2.1875], "texture": "#1"},
				"south": {"uv": [14.125, 6.3125, 12.875, 8.5], "texture": "#1"},
				"west": {"uv": [0, 0, 0, 2.1875], "texture": "#1"},
				"up": {"uv": [0, 1.25, 0, 0], "rotation": 90, "texture": "#1"},
				"down": {"uv": [0, 0, 0, 1.25], "rotation": 270, "texture": "#1"}
			}
		},
		{
			"from": [-2, -16, 24],
			"to": [18, 19, 24],
			"rotation": {"angle": 0, "axis": "z", "origin": [-4, -16, 8]},
			"faces": {
				"north": {"uv": [10.5, 6.3125, 9.25, 8.5], "texture": "#1"},
				"east": {"uv": [0, 0, 0, 2.1875], "texture": "#1"},
				"south": {"uv": [9.25, 6.3125, 10.5, 8.5], "texture": "#1"},
				"west": {"uv": [0, 0, 0, 2.1875], "texture": "#1"},
				"up": {"uv": [0, 1.25, 0, 0], "rotation": 90, "texture": "#1"},
				"down": {"uv": [0, 0, 0, 1.25], "rotation": 270, "texture": "#1"}
			}
		},
		{
			"from": [-10.43503, -16, 3.53553],
			"to": [-10.43503, 19, 12.53553],
			"rotation": {"angle": -45, "axis": "y", "origin": [8, -15, 8]},
			"faces": {
				"east": {"uv": [14.6875, 6.3125, 14.125, 8.5], "texture": "#1"},
				"west": {"uv": [14.125, 6.3125, 14.6875, 8.5], "texture": "#1"},
				"up": {"uv": [0.5625, 0, 0, 0], "rotation": 90, "texture": "#1"},
				"down": {"uv": [0.5625, 0, 0, 0], "rotation": 270, "texture": "#1"}
			}
		},
		{
			"from": [24, -16, -2],
			"to": [24, 19, 18],
			"rotation": {"angle": 0, "axis": "z", "origin": [8, -16, -4]},
			"faces": {
				"north": {"uv": [0, 0, 0, 2.1875], "texture": "#1"},
				"east": {"uv": [11.0625, 6.3125, 12.3125, 8.5], "texture": "#1"},
				"south": {"uv": [0, 0, 0, 2.1875], "texture": "#1"},
				"west": {"uv": [12.3125, 6.3125, 11.0625, 8.5], "texture": "#1"},
				"up": {"uv": [0, 1.25, 0, 0], "rotation": 180, "texture": "#1"},
				"down": {"uv": [0, 0, 0, 1.25], "rotation": 180, "texture": "#1"}
			}
		},
		{
			"from": [-8, -16, -2],
			"to": [-8, 19, 18],
			"rotation": {"angle": 0, "axis": "z", "origin": [8, -16, -4]},
			"faces": {
				"north": {"uv": [0, 0, 0, 2.1875], "texture": "#1"},
				"east": {"uv": [8.6875, 6.3125, 7.4375, 8.5], "texture": "#1"},
				"south": {"uv": [0, 0, 0, 2.1875], "texture": "#1"},
				"west": {"uv": [7.4375, 6.3125, 8.6875, 8.5], "texture": "#1"},
				"up": {"uv": [0, 1.25, 0, 0], "rotation": 180, "texture": "#1"},
				"down": {"uv": [0, 0, 0, 1.25], "rotation": 180, "texture": "#1"}
			}
		},
		{
			"from": [3.46447, -16, -10.43503],
			"to": [12.46447, 19, -10.43503],
			"rotation": {"angle": -45, "axis": "y", "origin": [8, -15, 8]},
			"faces": {
				"north": {"uv": [12.3125, 6.3125, 12.875, 8.5], "texture": "#1"},
				"south": {"uv": [12.875, 6.3125, 12.3125, 8.5], "texture": "#1"},
				"up": {"uv": [0.5625, 0, 0, 0], "rotation": 180, "texture": "#1"},
				"down": {"uv": [0.5625, 0, 0, 0], "rotation": 180, "texture": "#1"}
			}
		},
		{
			"from": [3.46447, -16, 26.43503],
			"to": [12.46447, 19, 26.43503],
			"rotation": {"angle": 45, "axis": "y", "origin": [8, -15, 8]},
			"faces": {
				"north": {"uv": [11.0625, 6.3125, 10.5, 8.5], "texture": "#1"},
				"south": {"uv": [10.5, 6.3125, 11.0625, 8.5], "texture": "#1"},
				"up": {"uv": [0.5625, 0, 0, 0], "rotation": 180, "texture": "#1"},
				"down": {"uv": [0.5625, 0, 0, 0], "rotation": 180, "texture": "#1"}
			}
		},
		{
			"from": [3.53553, -16, 26.43503],
			"to": [12.53553, 19, 26.43503],
			"rotation": {"angle": -45, "axis": "y", "origin": [8, -15, 8]},
			"faces": {
				"north": {"uv": [9.25, 6.3125, 8.6875, 8.5], "texture": "#1"},
				"south": {"uv": [8.6875, 6.3125, 9.25, 8.5], "texture": "#1"},
				"up": {"uv": [0, 0, 0.5625, 0], "rotation": 180, "texture": "#1"},
				"down": {"uv": [0, 0, 0.5625, 0], "rotation": 180, "texture": "#1"}
			}
		},
		{
			"from": [-2, -4, -11],
			"to": [18, 32, -11],
			"rotation": {"angle": 0, "axis": "z", "origin": [-4, -8, 8]},
			"faces": {
				"north": {"uv": [12.875, 6.375, 14.125, 8.625], "texture": "#1"},
				"east": {"uv": [0, 0.0625, 0, 2.3125], "texture": "#1"},
				"south": {"uv": [14.125, 6.375, 12.875, 8.625], "texture": "#1"},
				"west": {"uv": [0, 0.0625, 0, 2.3125], "texture": "#1"},
				"up": {"uv": [0, 1.25, 0, 0], "rotation": 90, "texture": "#1"},
				"down": {"uv": [0, 0, 0, 1.25], "rotation": 270, "texture": "#1"}
			}
		},
		{
			"from": [-2, -4, 26],
			"to": [18, 32, 26],
			"rotation": {"angle": 0, "axis": "z", "origin": [-4, -8, 8]},
			"faces": {
				"north": {"uv": [10.5, 6.375, 9.25, 8.625], "texture": "#1"},
				"east": {"uv": [0, 0.0625, 0, 2.3125], "texture": "#1"},
				"south": {"uv": [9.25, 6.375, 10.5, 8.625], "texture": "#1"},
				"west": {"uv": [0, 0.0625, 0, 2.3125], "texture": "#1"},
				"up": {"uv": [0, 1.25, 0, 0], "rotation": 90, "texture": "#1"},
				"down": {"uv": [0, 0, 0, 1.25], "rotation": 270, "texture": "#1"}
			}
		},
		{
			"from": [-12.43503, -4, 1.38553],
			"to": [-12.43503, 32, 14.38553],
			"rotation": {"angle": -45, "axis": "y", "origin": [8, -7, 8]},
			"faces": {
				"east": {"uv": [14.6875, 6.34375, 14.09375, 8.59375], "texture": "#1"},
				"west": {"uv": [14.09375, 6.34375, 14.6875, 8.59375], "texture": "#1"},
				"up": {"uv": [0.5625, 0, 0, 0], "rotation": 90, "texture": "#1"},
				"down": {"uv": [0.5625, 0, 0, 0], "rotation": 270, "texture": "#1"}
			}
		},
		{
			"from": [26, -4, -2.75],
			"to": [26, 32, 18],
			"rotation": {"angle": 0, "axis": "z", "origin": [8, -8, -4]},
			"faces": {
				"north": {"uv": [0, 0.0625, 0, 2.3125], "texture": "#1"},
				"east": {"uv": [11.0625, 6.375, 12.3125, 8.625], "texture": "#1"},
				"south": {"uv": [0, 0.0625, 0, 2.3125], "texture": "#1"},
				"west": {"uv": [12.3125, 6.375, 11.0625, 8.625], "texture": "#1"},
				"up": {"uv": [0, 1.25, 0, 0], "rotation": 180, "texture": "#1"},
				"down": {"uv": [0, 0, 0, 1.25], "rotation": 180, "texture": "#1"}
			}
		},
		{
			"from": [-10, -4, -2],
			"to": [-10, 32, 18],
			"rotation": {"angle": 0, "axis": "z", "origin": [8, -8, -4]},
			"faces": {
				"north": {"uv": [0, 0.0625, 0, 2.3125], "texture": "#1"},
				"east": {"uv": [8.6875, 6.375, 7.4375, 8.625], "texture": "#1"},
				"south": {"uv": [0, 0.0625, 0, 2.3125], "texture": "#1"},
				"west": {"uv": [7.4375, 6.375, 8.6875, 8.625], "texture": "#1"},
				"up": {"uv": [0, 1.25, 0, 0], "rotation": 180, "texture": "#1"},
				"down": {"uv": [0, 0, 0, 1.25], "rotation": 180, "texture": "#1"}
			}
		},
		{
			"from": [1.21447, -4, -12.43503],
			"to": [13.71447, 32, -12.43503],
			"rotation": {"angle": -45, "axis": "y", "origin": [8, -7, 8]},
			"faces": {
				"north": {"uv": [12.3125, 6.375, 12.875, 8.625], "texture": "#1"},
				"south": {"uv": [12.875, 6.375, 12.3125, 8.625], "texture": "#1"},
				"up": {"uv": [0.5625, 0, 0, 0], "rotation": 180, "texture": "#1"},
				"down": {"uv": [0.5625, 0, 0, 0], "rotation": 180, "texture": "#1"}
			}
		},
		{
			"from": [2.21447, -4, 27.93503],
			"to": [14.21447, 32, 27.93503],
			"rotation": {"angle": 45, "axis": "y", "origin": [8, -7, 8]},
			"faces": {
				"north": {"uv": [11.125, 6.375, 10.5, 8.625], "texture": "#1"},
				"south": {"uv": [10.5, 6.375, 11.125, 8.625], "texture": "#1"},
				"up": {"uv": [0.5625, 0, 0, 0], "rotation": 180, "texture": "#1"},
				"down": {"uv": [0.5625, 0, 0, 0], "rotation": 180, "texture": "#1"}
			}
		},
		{
			"from": [2.03553, -4, 27.93503],
			"to": [14.03553, 32, 27.93503],
			"rotation": {"angle": -45, "axis": "y", "origin": [8, -7, 8]},
			"faces": {
				"north": {"uv": [9.4375, 6.375, 8.6875, 8.625], "texture": "#1"},
				"south": {"uv": [8.6875, 6.375, 9.4375, 8.625], "texture": "#1"},
				"up": {"uv": [0, 0, 0.5625, 0], "rotation": 180, "texture": "#1"},
				"down": {"uv": [0, 0, 0.5625, 0], "rotation": 180, "texture": "#1"}
			}
		}
	],
	"display": {
		"head": {
			"translation": [0, 51.5, 0],
			"scale": [4, 4, 4]
		}
	},
	"groups": [
		0,
		1,
		2,
		3,
		{
			"name": "group",
			"origin": [0, 0, 0],
			"color": 0,
			"boneType": "",
			"children": [4, 5, 6, 7, 8, 9, 10, 11]
		},
		{
			"name": "group",
			"origin": [0, 0, 0],
			"color": 0,
			"boneType": "",
			"children": [12, 13, 14, 15, 16, 17, 18, 19]
		}
	]
}