{"textures":{"0":"modelengine:entity/f3267d94f5a35281"},"elements":[{"from":[8.0,2.0,4.0],"to":[11.0,8.0,8.0],"faces":{"east":{"uv":[8.0,14.5,9.0,16.0],"tintindex":0,"rotation":0,"texture":"#0"},"south":{"uv":[10.75,14.5,11.5,16.0],"tintindex":0,"rotation":0,"texture":"#0"},"north":{"uv":[9.0,14.5,9.75,16.0],"tintindex":0,"rotation":0,"texture":"#0"},"west":{"uv":[9.75,14.5,10.75,16.0],"tintindex":0,"rotation":0,"texture":"#0"},"up":{"uv":[9.75,14.5,9.0,13.5],"tintindex":0,"rotation":0,"texture":"#0"},"down":{"uv":[10.5,13.5,9.75,14.5],"tintindex":0,"rotation":0,"texture":"#0"}}},{"from":[7.75,1.75,3.75],"to":[11.25,8.25,8.25],"faces":{"east":{"uv":[12.0,13.0,13.0,14.5],"tintindex":0,"rotation":0,"texture":"#0"},"south":{"uv":[14.75,13.0,15.5,14.5],"tintindex":0,"rotation":0,"texture":"#0"},"north":{"uv":[13.0,13.0,13.75,14.5],"tintindex":0,"rotation":0,"texture":"#0"},"west":{"uv":[13.75,13.0,14.75,14.5],"tintindex":0,"rotation":0,"texture":"#0"},"up":{"uv":[13.75,13.0,13.0,12.0],"tintindex":0,"rotation":0,"texture":"#0"},"down":{"uv":[14.5,12.0,13.75,13.0],"tintindex":0,"rotation":0,"texture":"#0"}}}],"display":{"gui":{"rotation":[30,225,0]}}}