{"textures":{"0":"modelengine:entity/f3267d94f5a35281"},"elements":[{"from":[7.0,4.0,6.0],"to":[10.0,10.0,10.0],"faces":{"east":{"uv":[10.0,5.0,11.0,6.5],"tintindex":0,"rotation":0,"texture":"#0"},"south":{"uv":[12.75,5.0,13.5,6.5],"tintindex":0,"rotation":0,"texture":"#0"},"north":{"uv":[11.0,5.0,11.75,6.5],"tintindex":0,"rotation":0,"texture":"#0"},"west":{"uv":[11.75,5.0,12.75,6.5],"tintindex":0,"rotation":0,"texture":"#0"},"up":{"uv":[11.75,5.0,11.0,4.0],"tintindex":0,"rotation":0,"texture":"#0"},"down":{"uv":[12.5,4.0,11.75,5.0],"tintindex":0,"rotation":0,"texture":"#0"}}},{"from":[6.75,3.75,5.75],"to":[10.25,10.25,10.25],"faces":{"east":{"uv":[10.0,9.0,11.0,10.5],"tintindex":0,"rotation":0,"texture":"#0"},"south":{"uv":[12.75,9.0,13.5,10.5],"tintindex":0,"rotation":0,"texture":"#0"},"north":{"uv":[11.0,9.0,11.75,10.5],"tintindex":0,"rotation":0,"texture":"#0"},"west":{"uv":[11.75,9.0,12.75,10.5],"tintindex":0,"rotation":0,"texture":"#0"},"up":{"uv":[11.75,9.0,11.0,8.0],"tintindex":0,"rotation":0,"texture":"#0"},"down":{"uv":[9.75,8.25,9.0,9.25],"tintindex":0,"rotation":0,"texture":"#0"}}}],"display":{"gui":{"rotation":[30,225,0]}}}