{"credit":"Made with Blockbench","texture_size":[64,64],"textures":{"1":"tavern:items/sets/warden/warden_weapon_1","2":"tavern:items/sets/warden/animation_1","3":"tavern:items/sets/warden/animation_2","4":"tavern:items/sets/warden/animation_3","particle":"tavern:items/sets/warden/animation_1"},"elements":[{"from":[7.14,-9.71,6.71],"to":[8.86,-8.85,8.43],"rotation":{"angle":0,"axis":"y","origin":[8,-10.14,8]},"faces":{"north":{"uv":[4.75,1,5.75,1.5],"texture":"#1"},"east":{"uv":[4.75,0,5.75,0.5],"texture":"#1"},"south":{"uv":[5.75,1,4.75,1.5],"texture":"#1"},"west":{"uv":[5.75,0,4.75,0.5],"texture":"#1"},"up":{"uv":[0,13.75,1,12.75],"rotation":90,"texture":"#1"},"down":{"uv":[1.75,3.75,2.75,4.75],"rotation":270,"texture":"#1"}}},{"from":[7.14,-13.15,6.71],"to":[8.86,-11.43,7.57],"rotation":{"angle":0,"axis":"y","origin":[8,-10.14,8]},"faces":{"north":{"uv":[5.5,2.75,4.5,3.75],"rotation":90,"texture":"#1"},"east":{"uv":[5.5,4,6.5,3.5],"rotation":270,"texture":"#1"},"south":{"uv":[4,5.5,3,4.5],"rotation":90,"texture":"#1"},"west":{"uv":[5.5,4,6.5,3.5],"rotation":90,"texture":"#1"},"up":{"uv":[5.5,4.5,6.5,4],"rotation":180,"texture":"#1"},"down":{"uv":[6.5,4.5,5.5,4],"texture":"#1"}}},{"from":[7.14,-11.43,6.71],"to":[8.86,-9.71,8.43],"rotation":{"angle":0,"axis":"y","origin":[8,-10.14,8]},"faces":{"north":{"uv":[4,4.75,5,5.75],"texture":"#1"},"east":{"uv":[4.5,3.75,5.5,4.75],"texture":"#1"},"south":{"uv":[5,4.75,4,5.75],"texture":"#1"},"west":{"uv":[5.5,3.75,4.5,4.75],"texture":"#1"},"down":{"uv":[0,5,1,6],"rotation":270,"texture":"#1"}}},{"from":[1.765,-9.28,7.57],"to":[4.775,-7.13,7.57],"rotation":{"angle":45,"axis":"z","origin":[5.205,-9.065,7.57]},"faces":{"north":{"uv":[10,3.25,8.25,4.5],"texture":"#1"},"east":{"uv":[1.5,8.5,0,10.5],"rotation":270,"texture":"#1"},"south":{"uv":[8.25,3.25,10,4.5],"texture":"#1"},"west":{"uv":[1.5,8.5,0,10.5],"rotation":270,"texture":"#1"},"up":{"uv":[1.5,10.5,3.5,8.5],"rotation":270,"texture":"#1"},"down":{"uv":[1.5,8.5,3.5,6.5],"rotation":270,"texture":"#1"}}},{"from":[4.40745,-6.62495,6.538],"to":[6.55745,-4.90495,8.172],"rotation":{"angle":22.5,"axis":"z","origin":[3.915,-7.087,7.355]},"faces":{"north":{"uv":[1,14.5,2,15.75],"rotation":270,"texture":"#1"},"east":{"uv":[2,14.5,1,13.5],"rotation":180,"texture":"#1"},"south":{"uv":[1,14.5,2,15.75],"rotation":90,"texture":"#1"},"west":{"uv":[2,14.5,1,13.5],"texture":"#1"},"up":{"uv":[2,14.5,3,15.75],"rotation":90,"texture":"#1"},"down":{"uv":[2,14.5,3,15.75],"rotation":90,"texture":"#1"}}},{"from":[3.8075,-7.947,6.968],"to":[5.9575,-6.657,7.742],"rotation":{"angle":-45,"axis":"z","origin":[3.915,-7.087,7.355]},"faces":{"north":{"uv":[0,11.5,1.25,12.25],"texture":"#1"},"east":{"uv":[1.25,11.5,1.75,12.5],"texture":"#1"},"south":{"uv":[1.25,11.5,0,12.25],"texture":"#1"},"west":{"uv":[1.25,11.5,1.75,12.5],"texture":"#1"},"up":{"uv":[5,5,5.5,6.25],"rotation":90,"texture":"#1"},"down":{"uv":[5,5,5.5,6.25],"rotation":90,"texture":"#1"}}},{"from":[2.0875,-8.377,6.495],"to":[3.8075,-5.797,8.215],"rotation":{"angle":-45,"axis":"z","origin":[3.915,-7.087,7.355]},"faces":{"north":{"uv":[0,14,1,15.5],"texture":"#1"},"east":{"uv":[0,12.5,1,14],"texture":"#1"},"south":{"uv":[1,14,0,15.5],"texture":"#1"},"west":{"uv":[0,12.5,1,14],"texture":"#1"},"up":{"uv":[2,13.5,1,12.5],"rotation":90,"texture":"#1"},"down":{"uv":[2,13.5,1,12.5],"rotation":270,"texture":"#1"}}},{"from":[1.73295,-9.72945,6.452],"to":[3.45295,-7.57945,8.258],"rotation":{"angle":-22.5,"axis":"z","origin":[3.915,-7.087,7.355]},"faces":{"north":{"uv":[2.25,10.5,3.25,11.75],"texture":"#1"},"east":{"uv":[3.25,10.5,4.25,11.75],"texture":"#1"},"south":{"uv":[3.25,10.5,2.25,11.75],"texture":"#1"},"west":{"uv":[3.25,10.5,4.25,11.75],"texture":"#1"},"up":{"uv":[3.25,12.75,2.25,11.75],"rotation":90,"texture":"#1"},"down":{"uv":[3.25,12.75,2.25,11.75],"rotation":270,"texture":"#1"}}},{"from":[3.27,-11.86,7.57],"to":[6.71,-9.71,7.57],"rotation":{"angle":22.5,"axis":"z","origin":[5.85,-10.57,7.57]},"faces":{"north":{"uv":[9.5,1.25,7.5,0],"texture":"#1"},"south":{"uv":[7.5,1.25,9.5,0],"texture":"#1"}}},{"from":[4.775,-11.86,7.355],"to":[7.355,-9.71,7.355],"rotation":{"angle":22.5,"axis":"z","origin":[5.85,-10.57,7.57]},"faces":{"north":{"uv":[9,2.5,7.5,1.25],"texture":"#1"},"south":{"uv":[7.5,2.5,9,1.25],"texture":"#1"}}},{"from":[4.775,-11.86,7.8925],"to":[7.355,-9.71,7.8925],"rotation":{"angle":22.5,"axis":"z","origin":[5.85,-10.57,6.8175]},"faces":{"north":{"uv":[9,2.5,7.5,1.25],"texture":"#1"},"south":{"uv":[7.5,2.5,9,1.25],"texture":"#1"}}},{"from":[0.69,-7.56,7.355],"to":[4.13,-1.54,7.355],"rotation":{"angle":45,"axis":"z","origin":[2.84,-8.85,7.785]},"faces":{"north":{"uv":[13.5,12.5,15.5,16],"texture":"#1"},"south":{"uv":[15.5,12.5,13.5,16],"texture":"#1"}}},{"from":[2.45321,-4.77687,7.57],"to":[6.32321,-3.05687,7.57],"rotation":{"angle":22.5,"axis":"z","origin":[5.893,-6.0335,7.57]},"faces":{"north":{"uv":[16,2.25,13.75,1.25],"texture":"#1"},"east":{"uv":[4.5,3.75,5.5,4.75],"texture":"#1"},"south":{"uv":[16,1.25,13.75,2.25],"rotation":180,"texture":"#1"},"west":{"uv":[5.5,4.75,4.5,3.75],"texture":"#1"},"up":{"uv":[6.5,10.5,6,10],"texture":"#1"},"down":{"uv":[3,14.5,2.5,14],"texture":"#1"}}},{"from":[-2.32,-9.71,7.57],"to":[1.98,-7.56,7.57],"rotation":{"angle":-22.5,"axis":"z","origin":[2.84,-8.85,7.785]},"faces":{"north":{"uv":[13.5,16,12.25,13.5],"rotation":270,"texture":"#1"},"south":{"uv":[12.25,16,13.5,13.5],"rotation":90,"texture":"#1"}}},{"from":[4.56,-10.14,6.925],"to":[7.14,-8.85,7.785],"rotation":{"angle":-22.5,"axis":"z","origin":[7.14,-10.14,7.355]},"faces":{"north":{"uv":[4.5,2,6,2.75],"rotation":180,"texture":"#1"},"east":{"uv":[4.5,5.75,4,6.5],"rotation":180,"texture":"#1"},"south":{"uv":[6,2,4.5,2.75],"rotation":180,"texture":"#1"},"west":{"uv":[6,5,5.5,5.75],"rotation":180,"texture":"#1"},"up":{"uv":[5,4.75,5.5,6.25],"rotation":90,"texture":"#1"},"down":{"uv":[2.25,6.5,2.75,5],"rotation":270,"texture":"#1"}}},{"from":[11.225,-9.28,7.57],"to":[14.235,-7.13,7.57],"rotation":{"angle":-45,"axis":"z","origin":[10.795,-9.065,7.57]},"faces":{"north":{"uv":[8.25,3.25,10,4.5],"texture":"#1"},"east":{"uv":[1.5,10.5,0,8.5],"rotation":270,"texture":"#1"},"south":{"uv":[10,3.25,8.25,4.5],"texture":"#1"},"west":{"uv":[1.5,10.5,0,8.5],"rotation":270,"texture":"#1"},"up":{"uv":[1.5,8.5,3.5,10.5],"rotation":270,"texture":"#1"},"down":{"uv":[1.5,6.5,3.5,8.5],"rotation":270,"texture":"#1"}}},{"from":[9.44255,-6.62495,6.538],"to":[11.59255,-4.90495,8.172],"rotation":{"angle":-22.5,"axis":"z","origin":[12.085,-7.087,7.355]},"faces":{"north":{"uv":[1,15.75,2,14.5],"rotation":270,"texture":"#1"},"east":{"uv":[1,14.5,2,13.5],"texture":"#1"},"south":{"uv":[1,15.75,2,14.5],"rotation":90,"texture":"#1"},"west":{"uv":[1,14.5,2,13.5],"rotation":180,"texture":"#1"},"up":{"uv":[2,15.75,3,14.5],"rotation":90,"texture":"#1"},"down":{"uv":[2,15.75,3,14.5],"rotation":90,"texture":"#1"}}},{"from":[9.01255,-7.05495,6.108],"to":[10.30255,-4.47495,8.602],"rotation":{"angle":-22.5,"axis":"z","origin":[12.085,-7.087,7.355]},"faces":{"north":{"uv":[0,0,16,16],"rotation":90,"texture":"#2"},"east":{"uv":[0,0,16,16],"rotation":90,"texture":"#2"},"south":{"uv":[0,0,16,16],"rotation":90,"texture":"#2"},"west":{"uv":[0,0,16,16],"rotation":90,"texture":"#2"},"up":{"uv":[0,0,16,16],"rotation":90,"texture":"#2"},"down":{"uv":[0,0,16,16],"rotation":90,"texture":"#2"}}},{"from":[5.69745,-7.05495,6.108],"to":[6.98745,-4.47495,8.602],"rotation":{"angle":22.5,"axis":"z","origin":[3.915,-7.087,7.355]},"faces":{"north":{"uv":[0,16,16,0],"rotation":90,"texture":"#2"},"east":{"uv":[0,16,16,0],"rotation":90,"texture":"#2"},"south":{"uv":[0,16,16,0],"rotation":90,"texture":"#2"},"west":{"uv":[0,16,16,0],"rotation":90,"texture":"#2"},"up":{"uv":[0,16,16,0],"rotation":90,"texture":"#2"},"down":{"uv":[0,16,16,0],"rotation":90,"texture":"#2"}}},{"from":[10.0425,-7.947,6.968],"to":[12.1925,-6.657,7.742],"rotation":{"angle":45,"axis":"z","origin":[12.085,-7.087,7.355]},"faces":{"north":{"uv":[1.25,11.5,0,12.25],"texture":"#1"},"east":{"uv":[1.75,11.5,1.25,12.5],"texture":"#1"},"south":{"uv":[0,11.5,1.25,12.25],"texture":"#1"},"west":{"uv":[1.75,11.5,1.25,12.5],"texture":"#1"},"up":{"uv":[5,6.25,5.5,5],"rotation":90,"texture":"#1"},"down":{"uv":[5,6.25,5.5,5],"rotation":90,"texture":"#1"}}},{"from":[12.1925,-8.377,6.495],"to":[13.9125,-5.797,8.215],"rotation":{"angle":45,"axis":"z","origin":[12.085,-7.087,7.355]},"faces":{"north":{"uv":[1,14,0,15.5],"texture":"#1"},"east":{"uv":[1,12.5,0,14],"texture":"#1"},"south":{"uv":[0,14,1,15.5],"texture":"#1"},"west":{"uv":[1,12.5,0,14],"texture":"#1"},"up":{"uv":[2,12.5,1,13.5],"rotation":90,"texture":"#1"},"down":{"uv":[2,12.5,1,13.5],"rotation":270,"texture":"#1"}}},{"from":[12.54705,-9.72945,6.452],"to":[14.26705,-7.57945,8.258],"rotation":{"angle":22.5,"axis":"z","origin":[12.085,-7.087,7.355]},"faces":{"north":{"uv":[3.25,10.5,2.25,11.75],"texture":"#1"},"east":{"uv":[4.25,10.5,3.25,11.75],"texture":"#1"},"south":{"uv":[2.25,10.5,3.25,11.75],"texture":"#1"},"west":{"uv":[4.25,10.5,3.25,11.75],"texture":"#1"},"up":{"uv":[3.25,11.75,2.25,12.75],"rotation":90,"texture":"#1"},"down":{"uv":[3.25,11.75,2.25,12.75],"rotation":270,"texture":"#1"}}},{"from":[9.29,-11.86,7.57],"to":[12.73,-9.71,7.57],"rotation":{"angle":-22.5,"axis":"z","origin":[10.15,-10.57,7.57]},"faces":{"north":{"uv":[7.5,1.25,9.5,0],"texture":"#1"},"south":{"uv":[9.5,1.25,7.5,0],"texture":"#1"}}},{"from":[8.645,-11.86,7.355],"to":[11.225,-9.71,7.355],"rotation":{"angle":-22.5,"axis":"z","origin":[10.15,-10.57,7.57]},"faces":{"north":{"uv":[7.5,2.5,9,1.25],"texture":"#1"},"south":{"uv":[9,2.5,7.5,1.25],"texture":"#1"}}},{"from":[8.645,-11.86,7.8925],"to":[11.225,-9.71,7.8925],"rotation":{"angle":-22.5,"axis":"z","origin":[10.15,-10.57,6.8175]},"faces":{"north":{"uv":[7.5,2.5,9,1.25],"texture":"#1"},"south":{"uv":[9,2.5,7.5,1.25],"texture":"#1"}}},{"from":[11.87,-7.56,7.355],"to":[15.31,-1.54,7.355],"rotation":{"angle":-45,"axis":"z","origin":[13.16,-8.85,7.785]},"faces":{"north":{"uv":[15.5,12.5,13.5,16],"texture":"#1"},"south":{"uv":[13.5,12.5,15.5,16],"texture":"#1"}}},{"from":[9.67679,-4.77687,7.57],"to":[13.54679,-3.05687,7.57],"rotation":{"angle":-22.5,"axis":"z","origin":[10.107,-6.0335,7.57]},"faces":{"north":{"uv":[13.75,2.25,16,1.25],"texture":"#1"},"east":{"uv":[4.5,4.75,5.5,3.75],"texture":"#1"},"south":{"uv":[13.75,1.25,16,2.25],"rotation":180,"texture":"#1"},"west":{"uv":[5.5,3.75,4.5,4.75],"texture":"#1"},"up":{"uv":[6,10.5,6.5,10],"texture":"#1"},"down":{"uv":[2.5,14.5,3,14],"texture":"#1"}}},{"from":[14.02,-9.71,7.57],"to":[18.32,-7.56,7.57],"rotation":{"angle":22.5,"axis":"z","origin":[13.16,-8.85,7.785]},"faces":{"north":{"uv":[13.5,13.5,12.25,16],"rotation":270,"texture":"#1"},"south":{"uv":[12.25,13.5,13.5,16],"rotation":90,"texture":"#1"}}},{"from":[8.86,-10.14,6.925],"to":[11.44,-8.85,7.785],"rotation":{"angle":22.5,"axis":"z","origin":[8.86,-10.14,7.355]},"faces":{"north":{"uv":[6,2,4.5,2.75],"rotation":180,"texture":"#1"},"east":{"uv":[5.5,5,6,5.75],"rotation":180,"texture":"#1"},"south":{"uv":[4.5,2,6,2.75],"rotation":180,"texture":"#1"},"west":{"uv":[4,5.75,4.5,6.5],"rotation":180,"texture":"#1"},"up":{"uv":[5,6.25,5.5,4.75],"rotation":90,"texture":"#1"},"down":{"uv":[2.25,5,2.75,6.5],"rotation":270,"texture":"#1"}}},{"from":[4.56,-14.01,8.645],"to":[11.44,-7.13,8.645],"rotation":{"angle":0,"axis":"y","origin":[8,-4.12,14.88]},"faces":{"north":{"uv":[16,0,0,16],"texture":"#3"},"east":{"uv":[7.5,7.5,2,11],"texture":"#3"},"south":{"uv":[0,0,16,16],"texture":"#3"},"west":{"uv":[13,4,7.5,7.5],"texture":"#3"}}},{"from":[-1.03,-15.3,7.57],"to":[5.85,-8.42,7.57],"rotation":{"angle":0,"axis":"y","origin":[8,-12.29,14.88]},"faces":{"north":{"uv":[0,0,16,16],"texture":"#4"},"east":{"uv":[0.25,10.5,1.5,8.5],"rotation":90,"texture":"#1"},"south":{"uv":[16,0,0,16],"texture":"#4"},"west":{"uv":[0.25,10.5,1.5,8.5],"rotation":90,"texture":"#1"},"up":{"uv":[1.5,10.5,3.5,8.5],"rotation":270,"texture":"#1"},"down":{"uv":[1.5,8.5,3.5,6.5],"rotation":270,"texture":"#1"}}},{"from":[10.15,-15.3,7.57],"to":[17.03,-8.42,7.57],"rotation":{"angle":0,"axis":"y","origin":[8,-12.29,14.88]},"faces":{"north":{"uv":[16,0,0,16],"texture":"#4"},"east":{"uv":[0.25,8.5,1.5,10.5],"rotation":90,"texture":"#1"},"south":{"uv":[0,0,16,16],"texture":"#4"},"west":{"uv":[0.25,8.5,1.5,10.5],"rotation":90,"texture":"#1"},"up":{"uv":[1.5,8.5,3.5,10.5],"rotation":270,"texture":"#1"},"down":{"uv":[1.5,6.5,3.5,8.5],"rotation":270,"texture":"#1"}}}],"gui_light":"front","display":{"thirdperson_righthand":{"rotation":[68.5,0,0],"translation":[0,0.75,0.75],"scale":[0.41016,0.41016,0.41016]},"thirdperson_lefthand":{"rotation":[68.5,0,0],"translation":[-5.5,-5.25,13.5]},"firstperson_righthand":{"translation":[-0.5,5.25,2.25],"scale":[0.5,0.5,0.5]},"firstperson_lefthand":{"translation":[-0.5,3.75,2.25],"scale":[0,0,0]},"ground":{"rotation":[-71,0,0],"translation":[0,5.75,0],"scale":[0.64453,0.64453,0.64453]},"gui":{"translation":[0,11.25,-2],"scale":[0.7461,0.7461,0.7461]},"head":{"rotation":[-1.75,0,0],"translation":[0,-49.75,5.5],"scale":[3.62969,3.62969,3.62969]},"fixed":{"translation":[0.75,1.75,-2],"scale":[1.36016,1.36016,1.36016]}}}