{"textures":{"0":"modelengine:entity/prison"},"elements":[{"from":[3.299375,-1.0562496,7.611875],"to":[14.339375,0.3237505,8.991875],"faces":{"east":{"uv":[0.75,6.5,1.0,6.75],"tintindex":0,"rotation":0,"texture":"#0"},"south":{"uv":[6.25,1.75,8.25,2.0],"tintindex":0,"rotation":0,"texture":"#0"},"north":{"uv":[6.25,2.0,8.25,2.25],"tintindex":0,"rotation":0,"texture":"#0"},"west":{"uv":[0.5,6.5,0.75,6.75],"tintindex":0,"rotation":0,"texture":"#0"},"up":{"uv":[8.25,2.5,6.25,2.25],"tintindex":0,"rotation":180,"texture":"#0"},"down":{"uv":[8.25,2.5,6.25,2.75],"tintindex":0,"rotation":180,"texture":"#0"}}},{"from":[1.2293749,-7.956249,6.921875],"to":[3.299375,25.16375,8.991875],"faces":{"east":{"uv":[5.875,0.0,6.25,6.0],"tintindex":0,"rotation":0,"texture":"#0"},"south":{"uv":[4.75,0.0,5.125,6.0],"tintindex":0,"rotation":0,"texture":"#0"},"north":{"uv":[5.5,0.0,5.875,6.0],"tintindex":0,"rotation":0,"texture":"#0"},"west":{"uv":[5.125,0.0,5.5,6.0],"tintindex":0,"rotation":0,"texture":"#0"},"up":{"uv":[5.625,6.625,5.25,6.25],"tintindex":0,"rotation":180,"texture":"#0"},"down":{"uv":[6.625,5.5,6.25,5.875],"tintindex":0,"rotation":180,"texture":"#0"}}},{"from":[3.299375,4.463751,7.611875],"to":[14.339375,5.84375,8.991875],"faces":{"east":{"uv":[1.25,6.5,1.5,6.75],"tintindex":0,"rotation":0,"texture":"#0"},"south":{"uv":[6.25,2.75,8.25,3.0],"tintindex":0,"rotation":0,"texture":"#0"},"north":{"uv":[6.25,3.0,8.25,3.25],"tintindex":0,"rotation":0,"texture":"#0"},"west":{"uv":[1.0,6.5,1.25,6.75],"tintindex":0,"rotation":0,"texture":"#0"},"up":{"uv":[8.25,3.5,6.25,3.25],"tintindex":0,"rotation":180,"texture":"#0"},"down":{"uv":[8.25,3.5,6.25,3.75],"tintindex":0,"rotation":180,"texture":"#0"}}},{"from":[3.299375,16.88375,7.611875],"to":[14.339375,18.26375,8.991875],"faces":{"east":{"uv":[0.25,6.5,0.5,6.75],"tintindex":0,"rotation":0,"texture":"#0"},"south":{"uv":[6.25,0.75,8.25,1.0],"tintindex":0,"rotation":0,"texture":"#0"},"north":{"uv":[6.25,1.0,8.25,1.25],"tintindex":0,"rotation":0,"texture":"#0"},"west":{"uv":[0.0,6.5,0.25,6.75],"tintindex":0,"rotation":0,"texture":"#0"},"up":{"uv":[8.25,1.5,6.25,1.25],"tintindex":0,"rotation":180,"texture":"#0"},"down":{"uv":[8.25,1.5,6.25,1.75],"tintindex":0,"rotation":180,"texture":"#0"}}},{"from":[8.129375,-7.956249,6.921875],"to":[9.509375,22.403751,8.301875],"faces":{"east":{"uv":[5.0,6.0,5.25,11.5],"tintindex":0,"rotation":0,"texture":"#0"},"south":{"uv":[4.25,6.0,4.5,11.5],"tintindex":0,"rotation":0,"texture":"#0"},"north":{"uv":[4.75,6.0,5.0,11.5],"tintindex":0,"rotation":0,"texture":"#0"},"west":{"uv":[4.5,6.0,4.75,11.5],"tintindex":0,"rotation":0,"texture":"#0"},"up":{"uv":[6.375,6.5,6.125,6.25],"tintindex":0,"rotation":180,"texture":"#0"},"down":{"uv":[6.625,6.25,6.375,6.5],"tintindex":0,"rotation":180,"texture":"#0"}}},{"from":[4.6793747,-7.956249,6.921875],"to":[6.059375,22.403751,8.301875],"faces":{"east":{"uv":[3.75,6.0,3.5,11.5],"tintindex":0,"rotation":0,"texture":"#0"},"south":{"uv":[3.5,6.0,3.25,11.5],"tintindex":0,"rotation":0,"texture":"#0"},"north":{"uv":[4.0,6.0,3.75,11.5],"tintindex":0,"rotation":0,"texture":"#0"},"west":{"uv":[4.25,6.0,4.0,11.5],"tintindex":0,"rotation":0,"texture":"#0"},"up":{"uv":[5.625,6.5,5.875,6.25],"tintindex":0,"rotation":180,"texture":"#0"},"down":{"uv":[5.875,6.25,6.125,6.5],"tintindex":0,"rotation":180,"texture":"#0"}}},{"from":[3.299375,10.67375,7.611875],"to":[14.339375,12.053751,8.991875],"faces":{"east":{"uv":[1.75,6.5,2.0,6.75],"tintindex":0,"rotation":0,"texture":"#0"},"south":{"uv":[6.25,3.75,8.25,4.0],"tintindex":0,"rotation":0,"texture":"#0"},"north":{"uv":[6.25,4.0,8.25,4.25],"tintindex":0,"rotation":0,"texture":"#0"},"west":{"uv":[1.5,6.5,1.75,6.75],"tintindex":0,"rotation":0,"texture":"#0"},"up":{"uv":[8.25,4.5,6.25,4.25],"tintindex":0,"rotation":180,"texture":"#0"},"down":{"uv":[8.25,4.5,6.25,4.75],"tintindex":0,"rotation":180,"texture":"#0"}}},{"from":[11.579375,-7.956249,6.921875],"to":[12.959375,22.403751,8.301875],"faces":{"east":{"uv":[4.0,6.0,4.25,11.5],"tintindex":0,"rotation":0,"texture":"#0"},"south":{"uv":[3.25,6.0,3.5,11.5],"tintindex":0,"rotation":0,"texture":"#0"},"north":{"uv":[3.75,6.0,4.0,11.5],"tintindex":0,"rotation":0,"texture":"#0"},"west":{"uv":[3.5,6.0,3.75,11.5],"tintindex":0,"rotation":0,"texture":"#0"},"up":{"uv":[5.875,6.5,5.625,6.25],"tintindex":0,"rotation":180,"texture":"#0"},"down":{"uv":[6.125,6.25,5.875,6.5],"tintindex":0,"rotation":180,"texture":"#0"}}}],"display":{"gui":{"rotation":[30,225,0]}}}