{"credit":"MadewithBlockbench","texture_size":[32,32],"textures":{"2":"tavern:items/sets/cyber/purple/chest","3":"tavern:items/sets/cyber/purple/animation_2-sheet","particle":"tavern:items/sets/cyber/purple/chest"},"elements":[{"from":[12.5,10.53051,8.29081],"to":[12.5,14.23051,14.29081],"rotation":{"angle":45,"axis":"x","origin":[8,12.23761,11.29081]},"faces":{"north":{"uv":[0,0,0,1.875],"texture":"#2"},"east":{"uv":[0,8,3,9.875],"texture":"#2"},"south":{"uv":[0,0,0,1.875],"texture":"#2"},"up":{"uv":[0,3,0,0],"texture":"#2"},"down":{"uv":[0,0,0,3],"texture":"#2"}}},{"from":[12,10.53051,7.29081],"to":[13,13.53051,8.29081],"rotation":{"angle":45,"axis":"x","origin":[8,12.23761,11.29081]},"faces":{"north":{"uv":[8,11.5,8.5,13],"texture":"#2"},"east":{"uv":[8.5,11.5,9,13],"texture":"#2"},"south":{"uv":[9,11.5,9.5,13],"texture":"#2"},"west":{"uv":[9,11.5,8.5,13],"texture":"#2"},"up":{"uv":[2.5,14.5,2,14],"texture":"#2"},"down":{"uv":[14.5,2,14,2.5],"texture":"#2"}}},{"from":[12,13.94472,8.70581],"to":[13,14.94472,13.87581],"rotation":{"angle":45,"axis":"x","origin":[8,12.23761,11.29081]},"faces":{"north":{"uv":[2.5,14,3,14.5],"texture":"#2"},"east":{"uv":[10.5,3.5,13.125,4],"texture":"#2"},"south":{"uv":[14,2.5,14.5,3],"texture":"#2"},"west":{"uv":[10.5,3.5,13.125,4],"texture":"#2"},"up":{"uv":[6.5,13.125,6,10.5],"texture":"#2"},"down":{"uv":[7,10.5,6.5,13.125],"texture":"#2"}}},{"from":[12.0125,14.98025,9.3766],"to":[12.9875,15.98025,11.3766],"rotation":{"angle":0,"axis":"x","origin":[8,12.23761,11.29081]},"faces":{"north":{"uv":[14.5,3,14,3.5],"rotation":180,"texture":"#2"},"east":{"uv":[1.5,13.5,2,14.5],"rotation":270,"texture":"#2"},"south":{"uv":[3.5,14.5,3,14],"texture":"#2"},"west":{"uv":[2,13.5,1.5,14.5],"rotation":90,"texture":"#2"},"up":{"uv":[1,13.5,1.5,14.5],"rotation":180,"texture":"#2"},"down":{"uv":[13.5,2,14,3],"texture":"#2"}}},{"from":[4,10.53051,8.29081],"to":[12,10.53051,14.29081],"rotation":{"angle":45,"axis":"x","origin":[8,12.23761,11.29081]},"faces":{"north":{"uv":[0,0,4,0],"texture":"#2"},"east":{"uv":[0,0,3,0],"texture":"#2"},"south":{"uv":[0,0,4,0],"texture":"#2"},"west":{"uv":[0,0,3,0],"texture":"#2"},"down":{"uv":[8,0,4,3],"texture":"#2"}}},{"from":[4,15.27793,9.77893],"to":[12,15.27793,11.07893],"rotation":{"angle":0,"axis":"x","origin":[8,12.23761,11.29081]},"faces":{"north":{"uv":[0,0,4,0],"texture":"#2"},"east":{"uv":[0,0,0.625,0],"texture":"#2"},"south":{"uv":[0,0,4,0],"texture":"#2"},"west":{"uv":[0,0,0.625,0],"texture":"#2"},"up":{"uv":[12,2.125,8,1.5],"texture":"#2"}}},{"from":[4,14.23762,8.99116],"to":[12,14.23762,13.59116],"rotation":{"angle":45,"axis":"x","origin":[8,12.23761,11.29081]},"faces":{"north":{"uv":[0,0,4,0],"texture":"#2"},"east":{"uv":[0,0,2.25,0],"texture":"#2"},"south":{"uv":[0,0,4,0],"texture":"#2"},"west":{"uv":[0,0,2.25,0],"texture":"#2"},"up":{"uv":[8,5.25,4,3],"texture":"#2"}}},{"from":[4,10.51938,8.07222],"to":[12,13.31938,8.07222],"rotation":{"angle":45,"axis":"x","origin":[8,12.23761,11.29081]},"faces":{"north":{"uv":[8,0,12,1.375],"texture":"#2"},"east":{"uv":[0,0,0,1.375],"texture":"#2"},"west":{"uv":[0,0,0,1.375],"texture":"#2"},"up":{"uv":[4,0,0,0],"texture":"#2"},"down":{"uv":[4,0,0,0],"texture":"#2"}}},{"from":[12.23411,10.13051,7.77492],"to":[14.23411,15.13051,7.77492],"rotation":{"angle":45,"axis":"x","origin":[8,12.23761,11.29081]},"faces":{"north":{"uv":[8,2.5,10.5,3.5],"rotation":270,"texture":"#2"},"east":{"uv":[0,2.5,0,0],"texture":"#2"},"south":{"uv":[8,3.5,10.5,4.5],"rotation":90,"texture":"#2"},"west":{"uv":[0,0,0,2.5],"rotation":180,"texture":"#2"},"up":{"uv":[0,0,0,1],"rotation":90,"texture":"#2"},"down":{"uv":[0,0,0,1],"rotation":90,"texture":"#2"}}},{"from":[12,9.53051,8.29081],"to":[13,10.53051,14.29081],"rotation":{"angle":45,"axis":"x","origin":[8,12.23761,11.29081]},"faces":{"north":{"uv":[12.5,10,13,9.5],"texture":"#2"},"east":{"uv":[10,8.5,13,8],"texture":"#2"},"south":{"uv":[7.5,14,8,13.5],"texture":"#2"},"west":{"uv":[10,9,13,8.5],"texture":"#2"},"up":{"uv":[1,13.5,0.5,10.5],"texture":"#2"},"down":{"uv":[0.5,10.5,0,13.5],"texture":"#2"}}},{"from":[4,9.53051,7.29081],"to":[12,10.53051,8.29081],"rotation":{"angle":45,"axis":"x","origin":[8,12.23761,11.29081]},"faces":{"north":{"uv":[8,7,12,6.5],"texture":"#2"},"east":{"uv":[13.5,13.5,14,13],"texture":"#2"},"south":{"uv":[8,7.5,12,7],"texture":"#2"},"west":{"uv":[13.5,14,14,13.5],"texture":"#2"},"up":{"uv":[11,10,7,9.5],"texture":"#2"},"down":{"uv":[7,9.5,3,10],"texture":"#2"}}},{"from":[12,9.53051,6.59081],"to":[13.6,10.53051,8.29081],"rotation":{"angle":45,"axis":"x","origin":[8,12.23761,11.29081]},"faces":{"north":{"uv":[13.5,9.5,14.25,10],"texture":"#2"},"east":{"uv":[3,9,3.875,9.5],"texture":"#2"},"south":{"uv":[13.5,10,14.25,10.5],"texture":"#2"},"west":{"uv":[12.5,1,13.375,1.5],"texture":"#2"},"up":{"uv":[12.75,6.375,12,5.5],"texture":"#2"},"down":{"uv":[12.75,6.5,12,7.375],"texture":"#2"}}},{"from":[4,10.51938,14.5094],"to":[12,13.31938,14.5094],"rotation":{"angle":45,"axis":"x","origin":[8,12.23761,11.29081]},"faces":{"east":{"uv":[0,0,0,1.375],"texture":"#2"},"south":{"uv":[12,0,8,1.375],"texture":"#2"},"west":{"uv":[0,0,0,1.375],"texture":"#2"},"up":{"uv":[4,0,0,0],"texture":"#2"},"down":{"uv":[4,0,0,0],"texture":"#2"}}},{"from":[4,10.72573,14.33112],"to":[12,12.02573,14.33112],"rotation":{"angle":0,"axis":"x","origin":[8,12.23761,11.29081]},"faces":{"east":{"uv":[0.625,0,0,0],"rotation":270,"texture":"#2"},"south":{"uv":[12,1.5,8,2.125],"texture":"#2"},"west":{"uv":[0.625,0,0,0],"rotation":90,"texture":"#2"},"up":{"uv":[4,0,0,0],"rotation":180,"texture":"#2"},"down":{"uv":[4,0,0,0],"texture":"#2"}}},{"from":[3,9.53051,8.29081],"to":[4,10.53051,14.29081],"rotation":{"angle":45,"axis":"x","origin":[8,12.23761,11.29081]},"faces":{"north":{"uv":[13,10,12.5,9.5],"texture":"#2"},"east":{"uv":[13,9,10,8.5],"texture":"#2"},"south":{"uv":[8,14,7.5,13.5],"texture":"#2"},"west":{"uv":[13,8.5,10,8],"texture":"#2"},"up":{"uv":[0.5,13.5,1,10.5],"texture":"#2"},"down":{"uv":[0,10.5,0.5,13.5],"texture":"#2"}}},{"from":[2.4,9.53051,6.59081],"to":[4,10.53051,8.29081],"rotation":{"angle":45,"axis":"x","origin":[8,12.23761,11.29081]},"faces":{"north":{"uv":[14.25,9.5,13.5,10],"texture":"#2"},"east":{"uv":[13.375,1,12.5,1.5],"texture":"#2"},"south":{"uv":[14.25,10,13.5,10.5],"texture":"#2"},"west":{"uv":[3.875,9,3,9.5],"texture":"#2"},"up":{"uv":[12,6.375,12.75,5.5],"texture":"#2"},"down":{"uv":[12,6.5,12.75,7.375],"texture":"#2"}}},{"from":[1.76589,10.13051,7.77492],"to":[3.76589,15.13051,7.77492],"rotation":{"angle":45,"axis":"x","origin":[8,12.23761,11.29081]},"faces":{"north":{"uv":[8,3.5,10.5,2.5],"rotation":270,"texture":"#2"},"east":{"uv":[0,0,0,2.5],"rotation":180,"texture":"#2"},"south":{"uv":[8,4.5,10.5,3.5],"rotation":90,"texture":"#2"},"west":{"uv":[0,2.5,0,0],"texture":"#2"},"up":{"uv":[0,1,0,0],"rotation":90,"texture":"#2"},"down":{"uv":[0,1,0,0],"rotation":90,"texture":"#2"}}},{"from":[3,10.53051,7.29081],"to":[4,13.53051,8.29081],"rotation":{"angle":45,"axis":"x","origin":[8,12.23761,11.29081]},"faces":{"north":{"uv":[8.5,11.5,8,13],"texture":"#2"},"east":{"uv":[8.5,11.5,9,13],"texture":"#2"},"south":{"uv":[9.5,11.5,9,13],"texture":"#2"},"west":{"uv":[9,11.5,8.5,13],"texture":"#2"},"up":{"uv":[2,14.5,2.5,14],"texture":"#2"},"down":{"uv":[14,2,14.5,2.5],"texture":"#2"}}},{"from":[3.0125,14.98025,9.3766],"to":[3.9875,15.98025,11.3766],"rotation":{"angle":0,"axis":"x","origin":[8,12.23761,11.29081]},"faces":{"north":{"uv":[14,3,14.5,3.5],"rotation":180,"texture":"#2"},"east":{"uv":[1.5,13.5,2,14.5],"rotation":270,"texture":"#2"},"south":{"uv":[3,14.5,3.5,14],"texture":"#2"},"west":{"uv":[2,13.5,1.5,14.5],"rotation":90,"texture":"#2"},"up":{"uv":[1.5,13.5,1,14.5],"rotation":180,"texture":"#2"},"down":{"uv":[14,2,13.5,3],"texture":"#2"}}},{"from":[3,13.94472,8.70581],"to":[4,14.94472,13.87581],"rotation":{"angle":45,"axis":"x","origin":[8,12.23761,11.29081]},"faces":{"north":{"uv":[3,14,2.5,14.5],"texture":"#2"},"east":{"uv":[13.125,3.5,10.5,4],"texture":"#2"},"south":{"uv":[14.5,2.5,14,3],"texture":"#2"},"west":{"uv":[13.125,3.5,10.5,4],"texture":"#2"},"up":{"uv":[6,13.125,6.5,10.5],"texture":"#2"},"down":{"uv":[6.5,10.5,7,13.125],"texture":"#2"}}},{"from":[3.5,10.53051,8.29081],"to":[3.5,14.23051,14.29081],"rotation":{"angle":45,"axis":"x","origin":[8,12.23761,11.29081]},"faces":{"north":{"uv":[0,0,0,1.875],"texture":"#2"},"south":{"uv":[0,0,0,1.875],"texture":"#2"},"west":{"uv":[3,8,0,9.875],"texture":"#2"},"up":{"uv":[0,3,0,0],"texture":"#2"},"down":{"uv":[0,0,0,3],"texture":"#2"}}},{"from":[4,9.53051,14.29081],"to":[12,10.53051,15.29081],"rotation":{"angle":45,"axis":"x","origin":[8,12.23761,11.29081]},"faces":{"north":{"uv":[12,7.5,8,7],"texture":"#2"},"east":{"uv":[14,13.5,13.5,13],"texture":"#2"},"south":{"uv":[12,7,8,6.5],"texture":"#2"},"west":{"uv":[14,14,13.5,13.5],"texture":"#2"},"up":{"uv":[11,9.5,7,10],"texture":"#2"},"down":{"uv":[7,10,3,9.5],"texture":"#2"}}},{"from":[1.76589,10.13051,14.8067],"to":[3.76589,15.13051,14.8067],"rotation":{"angle":45,"axis":"x","origin":[8,12.23761,11.29081]},"faces":{"north":{"uv":[8,3.5,10.5,4.5],"rotation":90,"texture":"#2"},"east":{"uv":[0,0,0,2.5],"rotation":180,"texture":"#2"},"south":{"uv":[8,2.5,10.5,3.5],"rotation":270,"texture":"#2"},"west":{"uv":[0,2.5,0,0],"texture":"#2"},"up":{"uv":[0,1,0,0],"rotation":90,"texture":"#2"},"down":{"uv":[0,1,0,0],"rotation":90,"texture":"#2"}}},{"from":[12.23411,10.13051,14.8067],"to":[14.23411,15.13051,14.8067],"rotation":{"angle":45,"axis":"x","origin":[8,12.23761,11.29081]},"faces":{"north":{"uv":[8,4.5,10.5,3.5],"rotation":90,"texture":"#2"},"east":{"uv":[0,2.5,0,0],"texture":"#2"},"south":{"uv":[8,3.5,10.5,2.5],"rotation":270,"texture":"#2"},"west":{"uv":[0,0,0,2.5],"rotation":180,"texture":"#2"},"up":{"uv":[0,0,0,1],"rotation":90,"texture":"#2"},"down":{"uv":[0,0,0,1],"rotation":90,"texture":"#2"}}},{"from":[12,9.53051,14.29081],"to":[13.6,10.53051,15.99081],"rotation":{"angle":45,"axis":"x","origin":[8,12.23761,11.29081]},"faces":{"north":{"uv":[14.25,10,13.5,10.5],"texture":"#2"},"east":{"uv":[3.875,9,3,9.5],"texture":"#2"},"south":{"uv":[14.25,9.5,13.5,10],"texture":"#2"},"west":{"uv":[13.375,1,12.5,1.5],"texture":"#2"},"up":{"uv":[12.75,5.5,12,6.375],"texture":"#2"},"down":{"uv":[12.75,7.375,12,6.5],"texture":"#2"}}},{"from":[2.4,9.53051,14.29081],"to":[4,10.53051,15.99081],"rotation":{"angle":45,"axis":"x","origin":[8,12.23761,11.29081]},"faces":{"north":{"uv":[13.5,10,14.25,10.5],"texture":"#2"},"east":{"uv":[12.5,1,13.375,1.5],"texture":"#2"},"south":{"uv":[13.5,9.5,14.25,10],"texture":"#2"},"west":{"uv":[3,9,3.875,9.5],"texture":"#2"},"up":{"uv":[12,5.5,12.75,6.375],"texture":"#2"},"down":{"uv":[12,7.375,12.75,6.5],"texture":"#2"}}},{"from":[3,10.53051,14.29081],"to":[4,13.53051,15.29081],"rotation":{"angle":45,"axis":"x","origin":[8,12.23761,11.29081]},"faces":{"north":{"uv":[9,11.5,9.5,13],"texture":"#2"},"east":{"uv":[9,11.5,8.5,13],"texture":"#2"},"south":{"uv":[8,11.5,8.5,13],"texture":"#2"},"west":{"uv":[8.5,11.5,9,13],"texture":"#2"},"up":{"uv":[2,14,2.5,14.5],"texture":"#2"},"down":{"uv":[14,2.5,14.5,2],"texture":"#2"}}},{"from":[3.0125,10.3234,14.03345],"to":[3.9875,12.3234,15.03345],"rotation":{"angle":0,"axis":"x","origin":[8,12.23761,11.29081]},"faces":{"north":{"uv":[13.5,2,14,3],"texture":"#2"},"east":{"uv":[2,13.5,1.5,14.5],"texture":"#2"},"south":{"uv":[1,13.5,1.5,14.5],"texture":"#2"},"west":{"uv":[1.5,13.5,2,14.5],"texture":"#2"},"up":{"uv":[3,14,3.5,14.5],"texture":"#2"},"down":{"uv":[14,3.5,14.5,3],"texture":"#2"}}},{"from":[12.0125,10.3234,14.03345],"to":[12.9875,12.3234,15.03345],"rotation":{"angle":0,"axis":"x","origin":[8,12.23761,11.29081]},"faces":{"north":{"uv":[14,2,13.5,3],"texture":"#2"},"east":{"uv":[2,13.5,1.5,14.5],"texture":"#2"},"south":{"uv":[1.5,13.5,1,14.5],"texture":"#2"},"west":{"uv":[1.5,13.5,2,14.5],"texture":"#2"},"up":{"uv":[3.5,14,3,14.5],"texture":"#2"},"down":{"uv":[14.5,3.5,14,3],"texture":"#2"}}},{"from":[12,10.53051,14.29081],"to":[13,13.53051,15.29081],"rotation":{"angle":45,"axis":"x","origin":[8,12.23761,11.29081]},"faces":{"north":{"uv":[9.5,11.5,9,13],"texture":"#2"},"east":{"uv":[9,11.5,8.5,13],"texture":"#2"},"south":{"uv":[8.5,11.5,8,13],"texture":"#2"},"west":{"uv":[8.5,11.5,9,13],"texture":"#2"},"up":{"uv":[2.5,14,2,14.5],"texture":"#2"},"down":{"uv":[14.5,2.5,14,2],"texture":"#2"}}},{"from":[3.99647,6.00441,3.44411],"to":[6.03647,6.68441,4.12411],"rotation":{"angle":-22.5,"axis":"z","origin":[6.10447,6.46341,3.78411]},"faces":{"north":{"uv":[13.5,2,12,2.5],"texture":"#2"},"east":{"uv":[14.5,7.5,14,8],"texture":"#2"},"south":{"uv":[13.5,1.5,12,2],"texture":"#2"},"west":{"uv":[8,14,7.5,14.5],"texture":"#2"},"up":{"uv":[1.5,12,1,13.5],"rotation":90,"texture":"#2"},"down":{"uv":[2,13.5,1.5,12],"rotation":270,"texture":"#2"}}},{"from":[12,0,3],"to":[14,2,5],"rotation":{"angle":0,"axis":"y","origin":[14,0,3]},"faces":{"north":{"uv":[3,8,4,9],"texture":"#2"},"east":{"uv":[7,10.5,8,11.5],"texture":"#2"},"south":{"uv":[8,10.5,9,11.5],"texture":"#2"},"west":{"uv":[9,10.5,10,11.5],"texture":"#2"},"up":{"uv":[11,11.5,10,10.5],"texture":"#2"},"down":{"uv":[2,11,1,12],"texture":"#2"}}},{"from":[12,6,3.3],"to":[13.6,7,5],"rotation":{"angle":0,"axis":"y","origin":[13,7,4]},"faces":{"north":{"uv":[13.5,9.5,14.25,10],"texture":"#2"},"east":{"uv":[3,9,3.875,9.5],"texture":"#2"},"south":{"uv":[13.5,10,14.25,10.5],"texture":"#2"},"west":{"uv":[12.5,1,13.375,1.5],"texture":"#2"},"up":{"uv":[12.75,6.375,12,5.5],"texture":"#2"},"down":{"uv":[12.75,6.5,12,7.375],"texture":"#2"}}},{"from":[12,1,5],"to":[13,2,11],"rotation":{"angle":0,"axis":"y","origin":[14,0,5]},"faces":{"north":{"uv":[12.5,9.5,13,10],"texture":"#2"},"east":{"uv":[10,8,13,8.5],"texture":"#2"},"south":{"uv":[7.5,13.5,8,14],"texture":"#2"},"west":{"uv":[10,8.5,13,9],"texture":"#2"},"up":{"uv":[0.5,13.5,0,10.5],"texture":"#2"},"down":{"uv":[1,10.5,0.5,13.5],"texture":"#2"}}},{"from":[12,2,4],"to":[13,6,5],"rotation":{"angle":0,"axis":"y","origin":[14,1,4]},"faces":{"north":{"uv":[2,11,2.5,13],"texture":"#2"},"east":{"uv":[2.5,11,3,13],"texture":"#2"},"south":{"uv":[3,11,3.5,13],"texture":"#2"},"west":{"uv":[3.5,11,4,13],"texture":"#2"},"up":{"uv":[11.5,14,11,13.5],"texture":"#2"},"down":{"uv":[14,11.5,13.5,12],"texture":"#2"}}},{"from":[12.25,2,3.5],"to":[12.75,6,4],"rotation":{"angle":0,"axis":"y","origin":[12.75,4,3.5]},"faces":{"north":{"uv":[13,12.5,13.25,14.5],"texture":"#2"},"east":{"uv":[0,13.5,0.25,15.5],"texture":"#2"},"south":{"uv":[13.5,0,13.75,2],"texture":"#2"},"west":{"uv":[0.5,13.5,0.75,15.5],"texture":"#2"},"up":{"uv":[2.25,14.75,2,14.5],"texture":"#2"},"down":{"uv":[14.75,2,14.5,2.25],"texture":"#2"}}},{"from":[13,2,4.25],"to":[13.5,6,4.75],"rotation":{"angle":0,"axis":"y","origin":[13.5,4,4.75]},"faces":{"north":{"uv":[0.5,13.5,0.75,15.5],"texture":"#2"},"east":{"uv":[13,12.5,13.25,14.5],"texture":"#2"},"south":{"uv":[0,13.5,0.25,15.5],"texture":"#2"},"west":{"uv":[13.5,0,13.75,2],"texture":"#2"},"up":{"uv":[2.25,14.75,2,14.5],"rotation":90,"texture":"#2"},"down":{"uv":[14.75,2,14.5,2.25],"rotation":270,"texture":"#2"}}},{"from":[4,1,4],"to":[12,2,5],"rotation":{"angle":0,"axis":"y","origin":[13,0,10]},"faces":{"north":{"uv":[8,6.5,12,7],"texture":"#2"},"east":{"uv":[13.5,13,14,13.5],"texture":"#2"},"south":{"uv":[8,7,12,7.5],"texture":"#2"},"west":{"uv":[13.5,13.5,14,14],"texture":"#2"},"up":{"uv":[7,10,3,9.5],"texture":"#2"},"down":{"uv":[11,9.5,7,10],"texture":"#2"}}},{"from":[4,1,11],"to":[12,2,12],"rotation":{"angle":0,"axis":"y","origin":[13,0,6]},"faces":{"north":{"uv":[12,7,8,7.5],"texture":"#2"},"east":{"uv":[14,13,13.5,13.5],"texture":"#2"},"south":{"uv":[12,6.5,8,7],"texture":"#2"},"west":{"uv":[14,13.5,13.5,14],"texture":"#2"},"up":{"uv":[7,9.5,3,10],"texture":"#2"},"down":{"uv":[11,10,7,9.5],"texture":"#2"}}},{"from":[4,6,4],"to":[12,7,5],"rotation":{"angle":0,"axis":"y","origin":[13,5,10]},"faces":{"north":{"uv":[8,6.5,12,7],"texture":"#2"},"east":{"uv":[13.5,13,14,13.5],"texture":"#2"},"south":{"uv":[8,7,12,7.5],"texture":"#2"},"west":{"uv":[13.5,13.5,14,14],"texture":"#2"},"up":{"uv":[7,10,3,9.5],"texture":"#2"},"down":{"uv":[11,9.5,7,10],"texture":"#2"}}},{"from":[4,6,11],"to":[12,7,12],"rotation":{"angle":0,"axis":"y","origin":[13,5,6]},"faces":{"north":{"uv":[12,7,8,7.5],"texture":"#2"},"east":{"uv":[14,13,13.5,13.5],"texture":"#2"},"south":{"uv":[12,6.5,8,7],"texture":"#2"},"west":{"uv":[14,13.5,13.5,14],"texture":"#2"},"up":{"uv":[7,9.5,3,10],"texture":"#2"},"down":{"uv":[11,10,7,9.5],"texture":"#2"}}},{"from":[12,6,5],"to":[13,7,11],"rotation":{"angle":0,"axis":"y","origin":[14,5,5]},"faces":{"north":{"uv":[12.5,9.5,13,10],"texture":"#2"},"east":{"uv":[10,8,13,8.5],"texture":"#2"},"south":{"uv":[7.5,13.5,8,14],"texture":"#2"},"west":{"uv":[10,8.5,13,9],"texture":"#2"},"up":{"uv":[0.5,13.5,0,10.5],"texture":"#2"},"down":{"uv":[1,10.5,0.5,13.5],"texture":"#2"}}},{"from":[2.4,6,3.3],"to":[4,7,5],"rotation":{"angle":0,"axis":"y","origin":[3,7,4]},"faces":{"north":{"uv":[14.25,9.5,13.5,10],"texture":"#2"},"east":{"uv":[13.375,1,12.5,1.5],"texture":"#2"},"south":{"uv":[14.25,10,13.5,10.5],"texture":"#2"},"west":{"uv":[3.875,9,3,9.5],"texture":"#2"},"up":{"uv":[12,6.375,12.75,5.5],"texture":"#2"},"down":{"uv":[12,6.5,12.75,7.375],"texture":"#2"}}},{"from":[3.25,2,3.5],"to":[3.75,6,4],"rotation":{"angle":0,"axis":"y","origin":[3.25,4,3.5]},"faces":{"north":{"uv":[13.25,12.5,13,14.5],"texture":"#2"},"east":{"uv":[0.75,13.5,0.5,15.5],"texture":"#2"},"south":{"uv":[13.75,0,13.5,2],"texture":"#2"},"west":{"uv":[0.25,13.5,0,15.5],"texture":"#2"},"up":{"uv":[2,14.75,2.25,14.5],"texture":"#2"},"down":{"uv":[14.5,2,14.75,2.25],"texture":"#2"}}},{"from":[3,2,4],"to":[4,6,5],"rotation":{"angle":0,"axis":"y","origin":[2,1,4]},"faces":{"north":{"uv":[2.5,11,2,13],"texture":"#2"},"east":{"uv":[4,11,3.5,13],"texture":"#2"},"south":{"uv":[3.5,11,3,13],"texture":"#2"},"west":{"uv":[3,11,2.5,13],"texture":"#2"},"up":{"uv":[11,14,11.5,13.5],"texture":"#2"},"down":{"uv":[13.5,11.5,14,12],"texture":"#2"}}},{"from":[2.5,2,4.25],"to":[3,6,4.75],"rotation":{"angle":0,"axis":"y","origin":[2.5,4,4.75]},"faces":{"north":{"uv":[0.75,13.5,0.5,15.5],"texture":"#2"},"east":{"uv":[13.75,0,13.5,2],"texture":"#2"},"south":{"uv":[0.25,13.5,0,15.5],"texture":"#2"},"west":{"uv":[13.25,12.5,13,14.5],"texture":"#2"},"up":{"uv":[2.25,14.5,2,14.75],"rotation":90,"texture":"#2"},"down":{"uv":[14.75,2.25,14.5,2],"rotation":270,"texture":"#2"}}},{"from":[2,0,3],"to":[4,2,5],"rotation":{"angle":0,"axis":"y","origin":[2,0,3]},"faces":{"north":{"uv":[4,8,3,9],"texture":"#2"},"east":{"uv":[10,10.5,9,11.5],"texture":"#2"},"south":{"uv":[9,10.5,8,11.5],"texture":"#2"},"west":{"uv":[8,10.5,7,11.5],"texture":"#2"},"up":{"uv":[10,11.5,11,10.5],"texture":"#2"},"down":{"uv":[1,11,2,12],"texture":"#2"}}},{"from":[12,6,11],"to":[13.6,7,12.7],"rotation":{"angle":0,"axis":"y","origin":[13,7,12]},"faces":{"north":{"uv":[14.25,10,13.5,10.5],"texture":"#2"},"east":{"uv":[3.875,9,3,9.5],"texture":"#2"},"south":{"uv":[14.25,9.5,13.5,10],"texture":"#2"},"west":{"uv":[13.375,1,12.5,1.5],"texture":"#2"},"up":{"uv":[12.75,5.5,12,6.375],"texture":"#2"},"down":{"uv":[12.75,7.375,12,6.5],"texture":"#2"}}},{"from":[13,2,11.25],"to":[13.5,6,11.75],"rotation":{"angle":0,"axis":"y","origin":[13.5,4,11.25]},"faces":{"north":{"uv":[0.25,13.5,0,15.5],"texture":"#2"},"east":{"uv":[13.25,12.5,13,14.5],"texture":"#2"},"south":{"uv":[0.75,13.5,0.5,15.5],"texture":"#2"},"west":{"uv":[13.75,0,13.5,2],"texture":"#2"},"up":{"uv":[2,14.75,2.25,14.5],"rotation":90,"texture":"#2"},"down":{"uv":[14.5,2,14.75,2.25],"rotation":270,"texture":"#2"}}},{"from":[12,2,11],"to":[13,6,12],"rotation":{"angle":0,"axis":"y","origin":[14,1,12]},"faces":{"north":{"uv":[3.5,11,3,13],"texture":"#2"},"east":{"uv":[3,11,2.5,13],"texture":"#2"},"south":{"uv":[2.5,11,2,13],"texture":"#2"},"west":{"uv":[4,11,3.5,13],"texture":"#2"},"up":{"uv":[11.5,13.5,11,14],"texture":"#2"},"down":{"uv":[14,12,13.5,11.5],"texture":"#2"}}},{"from":[12.25,2,12],"to":[12.75,6,12.5],"rotation":{"angle":0,"axis":"y","origin":[12.75,4,12.5]},"faces":{"north":{"uv":[13.75,0,13.5,2],"texture":"#2"},"east":{"uv":[0.25,13.5,0,15.5],"texture":"#2"},"south":{"uv":[13.25,12.5,13,14.5],"texture":"#2"},"west":{"uv":[0.75,13.5,0.5,15.5],"texture":"#2"},"up":{"uv":[2.25,14.5,2,14.75],"texture":"#2"},"down":{"uv":[14.75,2.25,14.5,2],"texture":"#2"}}},{"from":[12,0,11],"to":[14,2,13],"rotation":{"angle":0,"axis":"y","origin":[14,0,13]},"faces":{"north":{"uv":[9,10.5,8,11.5],"texture":"#2"},"east":{"uv":[8,10.5,7,11.5],"texture":"#2"},"south":{"uv":[4,8,3,9],"texture":"#2"},"west":{"uv":[10,10.5,9,11.5],"texture":"#2"},"up":{"uv":[11,10.5,10,11.5],"texture":"#2"},"down":{"uv":[2,12,1,11],"texture":"#2"}}},{"from":[3.25,2,12],"to":[3.75,6,12.5],"rotation":{"angle":0,"axis":"y","origin":[3.25,4,12.5]},"faces":{"north":{"uv":[13.5,0,13.75,2],"texture":"#2"},"east":{"uv":[0.5,13.5,0.75,15.5],"texture":"#2"},"south":{"uv":[13,12.5,13.25,14.5],"texture":"#2"},"west":{"uv":[0,13.5,0.25,15.5],"texture":"#2"},"up":{"uv":[2,14.5,2.25,14.75],"texture":"#2"},"down":{"uv":[14.5,2.25,14.75,2],"texture":"#2"}}},{"from":[3,2,11],"to":[4,6,12],"rotation":{"angle":0,"axis":"y","origin":[2,1,12]},"faces":{"north":{"uv":[3,11,3.5,13],"texture":"#2"},"east":{"uv":[3.5,11,4,13],"texture":"#2"},"south":{"uv":[2,11,2.5,13],"texture":"#2"},"west":{"uv":[2.5,11,3,13],"texture":"#2"},"up":{"uv":[11,13.5,11.5,14],"texture":"#2"},"down":{"uv":[13.5,12,14,11.5],"texture":"#2"}}},{"from":[2.5,2,11.25],"to":[3,6,11.75],"rotation":{"angle":0,"axis":"y","origin":[2.5,4,11.25]},"faces":{"north":{"uv":[0,13.5,0.25,15.5],"texture":"#2"},"east":{"uv":[13.5,0,13.75,2],"texture":"#2"},"south":{"uv":[0.5,13.5,0.75,15.5],"texture":"#2"},"west":{"uv":[13,12.5,13.25,14.5],"texture":"#2"},"up":{"uv":[2,14.5,2.25,14.75],"rotation":90,"texture":"#2"},"down":{"uv":[14.5,2.25,14.75,2],"rotation":270,"texture":"#2"}}},{"from":[2,0,11],"to":[4,2,13],"rotation":{"angle":0,"axis":"y","origin":[2,0,13]},"faces":{"north":{"uv":[8,10.5,9,11.5],"texture":"#2"},"east":{"uv":[9,10.5,10,11.5],"texture":"#2"},"south":{"uv":[3,8,4,9],"texture":"#2"},"west":{"uv":[7,10.5,8,11.5],"texture":"#2"},"up":{"uv":[10,10.5,11,11.5],"texture":"#2"},"down":{"uv":[1,12,2,11],"texture":"#2"}}},{"from":[2.4,6,11],"to":[4,7,12.7],"rotation":{"angle":0,"axis":"y","origin":[3,7,12]},"faces":{"north":{"uv":[13.5,10,14.25,10.5],"texture":"#2"},"east":{"uv":[12.5,1,13.375,1.5],"texture":"#2"},"south":{"uv":[13.5,9.5,14.25,10],"texture":"#2"},"west":{"uv":[3,9,3.875,9.5],"texture":"#2"},"up":{"uv":[12,5.5,12.75,6.375],"texture":"#2"},"down":{"uv":[12,7.375,12.75,6.5],"texture":"#2"}}},{"from":[3,1,5],"to":[4,2,11],"rotation":{"angle":0,"axis":"y","origin":[2,0,5]},"faces":{"north":{"uv":[13,9.5,12.5,10],"texture":"#2"},"east":{"uv":[13,8.5,10,9],"texture":"#2"},"south":{"uv":[8,13.5,7.5,14],"texture":"#2"},"west":{"uv":[13,8,10,8.5],"texture":"#2"},"up":{"uv":[0,13.5,0.5,10.5],"texture":"#2"},"down":{"uv":[0.5,10.5,1,13.5],"texture":"#2"}}},{"from":[3,6,5],"to":[4,7,11],"rotation":{"angle":0,"axis":"y","origin":[2,5,5]},"faces":{"north":{"uv":[13,9.5,12.5,10],"texture":"#2"},"east":{"uv":[13,8.5,10,9],"texture":"#2"},"south":{"uv":[8,13.5,7.5,14],"texture":"#2"},"west":{"uv":[13,8,10,8.5],"texture":"#2"},"up":{"uv":[0,13.5,0.5,10.5],"texture":"#2"},"down":{"uv":[0.5,10.5,1,13.5],"texture":"#2"}}},{"from":[4,2,5],"to":[12,6,11],"rotation":{"angle":0,"axis":"y","origin":[13,0,11]},"faces":{"north":{"uv":[4,5.5,8,7.5],"texture":"#2"},"east":{"uv":[4,7.5,7,9.5],"texture":"#2"},"south":{"uv":[0,6,4,8],"texture":"#2"},"west":{"uv":[7,7.5,10,9.5],"texture":"#2"},"up":{"uv":[4,3,0,0],"texture":"#2"},"down":{"uv":[4,3,0,6],"texture":"#2"}}},{"from":[10.99159,6.43136,3.4607],"to":[11.63841,7.72499,4.10752],"rotation":{"angle":45,"axis":"z","origin":[11.315,7.07818,3.78411]},"faces":{"north":{"uv":[5,13.5,5.5,14.5],"texture":"#2"},"east":{"uv":[4,13.5,4.5,14.5],"texture":"#2"},"south":{"uv":[13.5,4,14,5],"texture":"#2"},"west":{"uv":[4.5,13.5,5,14.5],"texture":"#2"},"up":{"uv":[14.5,4.5,14,4],"rotation":90,"texture":"#2"},"down":{"uv":[14.5,4.5,14,5],"rotation":270,"texture":"#2"}}},{"from":[7.66,5.92424,3.37611],"to":[9.02,7.28424,4.19211],"rotation":{"angle":-45,"axis":"z","origin":[8,6.94424,3.71611]},"faces":{"north":{"uv":[7,11.5,8,12.5],"texture":"#2"},"east":{"uv":[12,11,12.625,12],"texture":"#2"},"south":{"uv":[11,10.5,12,11.5],"texture":"#2"},"west":{"uv":[12,12,12.625,13],"texture":"#2"},"up":{"uv":[13.125,1,12.5,0],"rotation":90,"texture":"#2"},"down":{"uv":[7.625,12.5,7,13.5],"rotation":270,"texture":"#2"}}},{"from":[7.796,6.06024,3.24011],"to":[8.884,7.14824,4.32811],"rotation":{"angle":-45,"axis":"z","origin":[8,6.94424,3.71611]},"faces":{"north":{"uv":[13,6.5,13.75,7.25],"texture":"#2"},"east":{"uv":[2,13,2.75,13.75],"texture":"#2"},"south":{"uv":[3,13,3.75,13.75],"texture":"#2"},"west":{"uv":[13,5.5,13.75,6.25],"texture":"#2"},"up":{"uv":[8.75,13.75,8,13],"rotation":90,"texture":"#2"},"down":{"uv":[13.75,8,13,8.75],"rotation":270,"texture":"#2"}}},{"from":[8.39469,5.30258,3.44411],"to":[9.07469,6.66258,4.12411],"rotation":{"angle":-45,"axis":"z","origin":[9.41469,5.98258,3.44411]},"faces":{"north":{"uv":[7,13.5,7.5,14.5],"texture":"#2"},"east":{"uv":[5.5,13.5,6,14.5],"texture":"#2"},"south":{"uv":[6,13.5,6.5,14.5],"texture":"#2"},"west":{"uv":[6.5,13.5,7,14.5],"texture":"#2"},"up":{"uv":[14.5,6,14,5.5],"rotation":90,"texture":"#2"},"down":{"uv":[14.5,6,14,6.5],"rotation":270,"texture":"#2"}}},{"from":[8.60353,6.32741,3.51211],"to":[10.64353,7.00741,4.05611],"rotation":{"angle":22.5,"axis":"z","origin":[9.89553,6.46341,3.78411]},"faces":{"north":{"uv":[10,11.5,11.5,12],"texture":"#2"},"east":{"uv":[8.5,14,8.875,14.5],"texture":"#2"},"south":{"uv":[11,9.5,12.5,10],"texture":"#2"},"west":{"uv":[14,8.5,14.375,9],"texture":"#2"},"up":{"uv":[11.375,13.5,11,12],"rotation":90,"texture":"#2"},"down":{"uv":[9.375,13,9,14.5],"rotation":270,"texture":"#2"}}},{"from":[10.18709,4.45177,3.51211],"to":[10.86709,6.49177,4.05611],"rotation":{"angle":-45,"axis":"z","origin":[11.34309,5.81177,3.78411]},"faces":{"north":{"uv":[12,0,12.5,1.5],"texture":"#2"},"east":{"uv":[13,9,13.375,10.5],"texture":"#2"},"south":{"uv":[11.5,11.5,12,13],"texture":"#2"},"west":{"uv":[9.5,13,9.875,14.5],"texture":"#2"},"up":{"uv":[11.375,14.5,11,14],"rotation":90,"texture":"#2"},"down":{"uv":[14.375,11.5,14,12],"rotation":270,"texture":"#2"}}},{"from":[9.22401,6.08035,3.64811],"to":[9.90401,6.76035,3.92011],"rotation":{"angle":-45,"axis":"z","origin":[9.56401,6.14835,3.64811]},"faces":{"north":{"uv":[14,7,14.5,7.5],"texture":"#2"},"east":{"uv":[14.5,0,14.75,0.5],"texture":"#2"},"south":{"uv":[14,6.5,14.5,7],"texture":"#2"},"west":{"uv":[14.5,0.5,14.75,1],"texture":"#2"},"up":{"uv":[1.25,15,1,14.5],"rotation":90,"texture":"#2"},"down":{"uv":[14.75,1,14.5,1.5],"rotation":270,"texture":"#2"}}},{"from":[9.96353,6.00441,3.44411],"to":[12.00353,6.68441,4.12411],"rotation":{"angle":22.5,"axis":"z","origin":[9.89553,6.46341,3.78411]},"faces":{"north":{"uv":[12,2,13.5,2.5],"texture":"#2"},"east":{"uv":[7.5,14,8,14.5],"texture":"#2"},"south":{"uv":[12,1.5,13.5,2],"texture":"#2"},"west":{"uv":[14,7.5,14.5,8],"texture":"#2"},"up":{"uv":[1.5,13.5,1,12],"rotation":90,"texture":"#2"},"down":{"uv":[2,12,1.5,13.5],"rotation":270,"texture":"#2"}}},{"from":[4.36159,6.43136,3.4607],"to":[5.00841,7.72499,4.10752],"rotation":{"angle":-45,"axis":"z","origin":[4.685,7.07818,3.78411]},"faces":{"north":{"uv":[5.5,13.5,5,14.5],"texture":"#2"},"east":{"uv":[5,13.5,4.5,14.5],"texture":"#2"},"south":{"uv":[14,4,13.5,5],"texture":"#2"},"west":{"uv":[4.5,13.5,4,14.5],"texture":"#2"},"up":{"uv":[14.5,4,14,4.5],"rotation":90,"texture":"#2"},"down":{"uv":[14.5,5,14,4.5],"rotation":270,"texture":"#2"}}},{"from":[6.92531,5.30258,3.44411],"to":[7.60531,6.66258,4.12411],"rotation":{"angle":45,"axis":"z","origin":[6.58531,5.98258,3.44411]},"faces":{"north":{"uv":[7.5,13.5,7,14.5],"texture":"#2"},"east":{"uv":[7,13.5,6.5,14.5],"texture":"#2"},"south":{"uv":[6.5,13.5,6,14.5],"texture":"#2"},"west":{"uv":[6,13.5,5.5,14.5],"texture":"#2"},"up":{"uv":[14.5,5.5,14,6],"rotation":90,"texture":"#2"},"down":{"uv":[14.5,6.5,14,6],"rotation":270,"texture":"#2"}}},{"from":[5.35647,6.32741,3.51211],"to":[7.39647,7.00741,4.05611],"rotation":{"angle":-22.5,"axis":"z","origin":[6.10447,6.46341,3.78411]},"faces":{"north":{"uv":[11.5,11.5,10,12],"texture":"#2"},"east":{"uv":[14.375,8.5,14,9],"texture":"#2"},"south":{"uv":[12.5,9.5,11,10],"texture":"#2"},"west":{"uv":[8.875,14,8.5,14.5],"texture":"#2"},"up":{"uv":[11.375,12,11,13.5],"rotation":90,"texture":"#2"},"down":{"uv":[9.375,14.5,9,13],"rotation":270,"texture":"#2"}}},{"from":[5.13291,4.45177,3.51211],"to":[5.81291,6.49177,4.05611],"rotation":{"angle":45,"axis":"z","origin":[4.65691,5.81177,3.78411]},"faces":{"north":{"uv":[12.5,0,12,1.5],"texture":"#2"},"east":{"uv":[9.875,13,9.5,14.5],"texture":"#2"},"south":{"uv":[12,11.5,11.5,13],"texture":"#2"},"west":{"uv":[13.375,9,13,10.5],"texture":"#2"},"up":{"uv":[11.375,14,11,14.5],"rotation":90,"texture":"#2"},"down":{"uv":[14.375,12,14,11.5],"rotation":270,"texture":"#2"}}},{"from":[6.09599,6.08035,3.64811],"to":[6.77599,6.76035,3.92011],"rotation":{"angle":45,"axis":"z","origin":[6.43599,6.14835,3.64811]},"faces":{"north":{"uv":[14.5,7,14,7.5],"texture":"#2"},"east":{"uv":[14.75,0.5,14.5,1],"texture":"#2"},"south":{"uv":[14.5,6.5,14,7],"texture":"#2"},"west":{"uv":[14.75,0,14.5,0.5],"texture":"#2"},"up":{"uv":[1.25,14.5,1,15],"rotation":90,"texture":"#2"},"down":{"uv":[14.75,1.5,14.5,1],"rotation":270,"texture":"#2"}}},{"from":[8.13889,4.96685,7.35787],"to":[11.73889,13.60685,7.35787],"rotation":{"angle":22.5,"axis":"x","origin":[10.37089,9.79085,7.35787]},"faces":{"north":{"uv":[0,0,6.5,16],"texture":"#3"},"east":{"uv":[0,0,0,6],"texture":"#3"},"south":{"uv":[6.5,0,0,16],"texture":"#3"},"west":{"uv":[0,0,0,6],"texture":"#3"},"up":{"uv":[0,2.5,0,0],"rotation":90,"texture":"#3"},"down":{"uv":[0,0,0,2.5],"rotation":270,"texture":"#3"}}},{"from":[4.26111,4.96685,7.35787],"to":[7.86111,13.60685,7.35787],"rotation":{"angle":22.5,"axis":"x","origin":[5.62911,9.79085,7.35787]},"faces":{"north":{"uv":[6.5,0,0,16],"texture":"#3"},"east":{"uv":[0,0,0,6],"texture":"#3"},"south":{"uv":[0,0,6.5,16],"texture":"#3"},"west":{"uv":[0,0,0,6],"texture":"#3"},"up":{"uv":[0,0,0,2.5],"rotation":90,"texture":"#3"},"down":{"uv":[0,2.5,0,0],"rotation":270,"texture":"#3"}}}],"gui_light":"front","display":{"thirdperson_righthand":{"rotation":[56,0,0],"translation":[0,3.25,1.75],"scale":[0.76953,0.76953,0.76953]},"thirdperson_lefthand":{"rotation":[56,0,0],"translation":[0,3.25,1.75],"scale":[0.76953,0.76953,0.76953]},"firstperson_righthand":{"rotation":[3,-180,0],"translation":[-9,6,-2.25]},"firstperson_lefthand":{"rotation":[3,-180,0],"translation":[-9,6,-2.25]},"ground":{"translation":[0,5,0],"scale":[0.85938,0.85938,0.85938]},"gui":{"rotation":[-167.5,21.75,-180],"translation":[0,0.5,-22.25],"scale":[0.81836,0.81836,0.81836]},"head":{"translation":[0,-25.5,0],"scale":[2.5,2.5,2.5]},"fixed":{"rotation":[-90,0,0],"translation":[0,0,-22.25],"scale":[3,3,3]}}}