{"parent":"item/generated","textures":{"layer0":"item/bow"},"display":{"thirdperson_righthand":{"rotation":[-80,260,-40],"translation":[-1,-2,2.5],"scale":[0.9,0.9,0.9]},"thirdperson_lefthand":{"rotation":[-80,-280,40],"translation":[-1,-2,2.5],"scale":[0.9,0.9,0.9]},"firstperson_righthand":{"rotation":[0,-90,25],"translation":[1.13,3.2,1.13],"scale":[0.68,0.68,0.68]},"firstperson_lefthand":{"rotation":[0,90,-25],"translation":[1.13,3.2,1.13],"scale":[0.68,0.68,0.68]}},"overrides":[{"predicate":{"pulling":1},"model":"item/bow_pulling_0"},{"predicate":{"pulling":1,"pull":0.65},"model":"item/bow_pulling_1"},{"predicate":{"pulling":1,"pull":0.9},"model":"item/bow_pulling_2"},{"predicate":{"custom_model_data":10000},"model":"tavern:items/sets/malika/bow"},{"predicate":{"pulling":1,"custom_model_data":10000},"model":"tavern:items/sets/malika/bow_0"},{"predicate":{"pulling":1,"pull":0.65,"custom_model_data":10000},"model":"tavern:items/sets/malika/bow_1"},{"predicate":{"pulling":1,"pull":0.9,"custom_model_data":10000},"model":"tavern:items/sets/malika/bow_2"},{"predicate":{"custom_model_data":10001},"model":"tavern:items/sets/cyber/orange/bow"},{"predicate":{"pulling":1,"custom_model_data":10001},"model":"tavern:items/sets/cyber/orange/bow_0"},{"predicate":{"pulling":1,"pull":0.65,"custom_model_data":10001},"model":"tavern:items/sets/cyber/orange/bow_1"},{"predicate":{"pulling":1,"pull":0.9,"custom_model_data":10001},"model":"tavern:items/sets/cyber/orange/bow_2"},{"predicate":{"custom_model_data":10002},"model":"tavern:items/sets/cyber/original/bow"},{"predicate":{"pulling":1,"custom_model_data":10002},"model":"tavern:items/sets/cyber/original/bow_0"},{"predicate":{"pulling":1,"pull":0.65,"custom_model_data":10002},"model":"tavern:items/sets/cyber/original/bow_1"},{"predicate":{"pulling":1,"pull":0.9,"custom_model_data":10002},"model":"tavern:items/sets/cyber/original/bow_2"},{"predicate":{"custom_model_data":10003},"model":"tavern:items/sets/cyber/pink/bow"},{"predicate":{"pulling":1,"custom_model_data":10003},"model":"tavern:items/sets/cyber/pink/bow_0"},{"predicate":{"pulling":1,"pull":0.65,"custom_model_data":10003},"model":"tavern:items/sets/cyber/pink/bow_1"},{"predicate":{"pulling":1,"pull":0.9,"custom_model_data":10003},"model":"tavern:items/sets/cyber/pink/bow_2"},{"predicate":{"custom_model_data":10004},"model":"tavern:items/sets/cyber/blue/bow"},{"predicate":{"pulling":1,"custom_model_data":10004},"model":"tavern:items/sets/cyber/blue/bow_0"},{"predicate":{"pulling":1,"pull":0.65,"custom_model_data":10004},"model":"tavern:items/sets/cyber/blue/bow_1"},{"predicate":{"pulling":1,"pull":0.9,"custom_model_data":10004},"model":"tavern:items/sets/cyber/blue/bow_2"},{"predicate":{"custom_model_data":10005},"model":"tavern:items/sets/cyber/purple/bow"},{"predicate":{"pulling":1,"custom_model_data":10005},"model":"tavern:items/sets/cyber/purple/bow_0"},{"predicate":{"pulling":1,"pull":0.65,"custom_model_data":10005},"model":"tavern:items/sets/cyber/purple/bow_1"},{"predicate":{"pulling":1,"pull":0.9,"custom_model_data":10005},"model":"tavern:items/sets/cyber/purple/bow_2"},{"predicate":{"custom_model_data":10006},"model":"tavern:items/sets/cyber/red/bow"},{"predicate":{"pulling":1,"custom_model_data":10006},"model":"tavern:items/sets/cyber/red/bow_0"},{"predicate":{"pulling":1,"pull":0.65,"custom_model_data":10006},"model":"tavern:items/sets/cyber/red/bow_1"},{"predicate":{"pulling":1,"pull":0.9,"custom_model_data":10006},"model":"tavern:items/sets/cyber/red/bow_2"},{"predicate":{"custom_model_data":10007},"model":"tavern:items/sets/cyber/green/bow"},{"predicate":{"pulling":1,"custom_model_data":10007},"model":"tavern:items/sets/cyber/green/bow_0"},{"predicate":{"pulling":1,"pull":0.65,"custom_model_data":10007},"model":"tavern:items/sets/cyber/green/bow_1"},{"predicate":{"pulling":1,"pull":0.9,"custom_model_data":10007},"model":"tavern:items/sets/cyber/green/bow_2"},{"predicate":{"custom_model_data":10008},"model":"tavern:items/sets/yggdrasil/bow"},{"predicate":{"pulling":1,"custom_model_data":10008},"model":"tavern:items/sets/yggdrasil/bow_0"},{"predicate":{"pulling":1,"pull":0.65,"custom_model_data":10008},"model":"tavern:items/sets/yggdrasil/bow_1"},{"predicate":{"pulling":1,"pull":0.9,"custom_model_data":10008},"model":"tavern:items/sets/yggdrasil/bow_2"},{"predicate":{"custom_model_data":10009},"model":"tavern:items/sets/xmas/bow"},{"predicate":{"pulling":1,"custom_model_data":10009},"model":"tavern:items/sets/xmas/bow_0"},{"predicate":{"pulling":1,"pull":0.65,"custom_model_data":10009},"model":"tavern:items/sets/xmas/bow_1"},{"predicate":{"pulling":1,"pull":0.9,"custom_model_data":10009},"model":"tavern:items/sets/xmas/bow_2"},{"predicate":{"custom_model_data":10010},"model":"tavern:items/sets/dragonsoul/bow"},{"predicate":{"pulling":1,"custom_model_data":10010},"model":"tavern:items/sets/dragonsoul/bow_0"},{"predicate":{"pulling":1,"pull":0.65,"custom_model_data":10010},"model":"tavern:items/sets/dragonsoul/bow_1"},{"predicate":{"pulling":1,"pull":0.9,"custom_model_data":10010},"model":"tavern:items/sets/dragonsoul/bow_2"},{"predicate":{"custom_model_data":10012},"model":"tavern:items/sets/winter/bow"},{"predicate":{"pulling":1,"custom_model_data":10012},"model":"tavern:items/sets/winter/bow_0"},{"predicate":{"pulling":1,"pull":0.65,"custom_model_data":10012},"model":"tavern:items/sets/winter/bow_1"},{"predicate":{"pulling":1,"pull":0.9,"custom_model_data":10012},"model":"tavern:items/sets/winter/bow_2"},{"predicate":{"custom_model_data":10013},"model":"tavern:items/sets/littlebunny/bow"},{"predicate":{"pulling":1,"custom_model_data":10013},"model":"tavern:items/sets/littlebunny/bow_0"},{"predicate":{"pulling":1,"pull":0.65,"custom_model_data":10013},"model":"tavern:items/sets/littlebunny/bow_1"},{"predicate":{"pulling":1,"pull":0.9,"custom_model_data":10013},"model":"tavern:items/sets/littlebunny/bow_2"},{"predicate":{"custom_model_data":10014},"model":"tavern:items/sets/evergreen/bow"},{"predicate":{"pulling":1,"custom_model_data":10014},"model":"tavern:items/sets/evergreen/bow_0"},{"predicate":{"pulling":1,"pull":0.65,"custom_model_data":10014},"model":"tavern:items/sets/evergreen/bow_1"},{"predicate":{"pulling":1,"pull":0.9,"custom_model_data":10014},"model":"tavern:items/sets/evergreen/bow_2"},{"predicate":{"custom_model_data":10015},"model":"tavern:items/sets/littleshark/bow"},{"predicate":{"pulling":1,"custom_model_data":10015},"model":"tavern:items/sets/littleshark/bow_0"},{"predicate":{"pulling":1,"pull":0.65,"custom_model_data":10015},"model":"tavern:items/sets/littleshark/bow_1"},{"predicate":{"pulling":1,"pull":0.9,"custom_model_data":10015},"model":"tavern:items/sets/littleshark/bow_2"},{"predicate":{"custom_model_data":10024},"model":"tavern:items/sets/beats/bow"},{"predicate":{"pulling":1,"custom_model_data":10024},"model":"tavern:items/sets/beats/bow_0"},{"predicate":{"pulling":1,"pull":0.65,"custom_model_data":10024},"model":"tavern:items/sets/beats/bow_1"},{"predicate":{"pulling":1,"pull":0.9,"custom_model_data":10024},"model":"tavern:items/sets/beats/bow_2"},{"predicate":{"custom_model_data":10025},"model":"tavern:items/sets/azure/bow"},{"predicate":{"pulling":1,"custom_model_data":10025},"model":"tavern:items/sets/azure/bow_0"},{"predicate":{"pulling":1,"pull":0.65,"custom_model_data":10025},"model":"tavern:items/sets/azure/bow_1"},{"predicate":{"pulling":1,"pull":0.9,"custom_model_data":10025},"model":"tavern:items/sets/azure/bow_2"},{"predicate":{"custom_model_data":10026},"model":"tavern:items/sets/berserker/bow"},{"predicate":{"pulling":1,"custom_model_data":10026},"model":"tavern:items/sets/berserker/bow_0"},{"predicate":{"pulling":1,"pull":0.65,"custom_model_data":10026},"model":"tavern:items/sets/berserker/bow_1"},{"predicate":{"pulling":1,"pull":0.9,"custom_model_data":10026},"model":"tavern:items/sets/berserker/bow_2"},{"predicate":{"custom_model_data":10027},"model":"tavern:items/sets/warden/bow"},{"predicate":{"pulling":1,"custom_model_data":10027},"model":"tavern:items/sets/warden/bow_0"},{"predicate":{"pulling":1,"pull":0.65,"custom_model_data":10027},"model":"tavern:items/sets/warden/bow_1"},{"predicate":{"pulling":1,"pull":0.9,"custom_model_data":10027},"model":"tavern:items/sets/warden/bow_2"},{"predicate":{"custom_model_data":10028},"model":"tavern:items/sets/littlepanda/bow"},{"predicate":{"pulling":1,"custom_model_data":10028},"model":"tavern:items/sets/littlepanda/bow_0"},{"predicate":{"pulling":1,"pull":0.65,"custom_model_data":10028},"model":"tavern:items/sets/littlepanda/bow_1"},{"predicate":{"pulling":1,"pull":0.9,"custom_model_data":10028},"model":"tavern:items/sets/littlepanda/bow_2"},{"predicate":{"custom_model_data":10029},"model":"tavern:items/sets/fiendskull/bow"},{"predicate":{"pulling":1,"custom_model_data":10029},"model":"tavern:items/sets/fiendskull/bow_0"},{"predicate":{"pulling":1,"pull":0.65,"custom_model_data":10029},"model":"tavern:items/sets/fiendskull/bow_1"},{"predicate":{"pulling":1,"pull":0.9,"custom_model_data":10029},"model":"tavern:items/sets/fiendskull/bow_2"},{"predicate":{"custom_model_data":10030},"model":"tavern:items/sets/asura/bow"},{"predicate":{"pulling":1,"custom_model_data":10030},"model":"tavern:items/sets/asura/bow_0"},{"predicate":{"pulling":1,"pull":0.65,"custom_model_data":10030},"model":"tavern:items/sets/asura/bow_1"},{"predicate":{"pulling":1,"pull":0.9,"custom_model_data":10030},"model":"tavern:items/sets/asura/bow_2"},{"predicate":{"custom_model_data":10032},"model":"tavern:items/sets/bonita/bow"},{"predicate":{"pulling":1,"custom_model_data":10032},"model":"tavern:items/sets/bonita/bow_0"},{"predicate":{"pulling":1,"pull":0.65,"custom_model_data":10032},"model":"tavern:items/sets/bonita/bow_1"},{"predicate":{"pulling":1,"pull":0.9,"custom_model_data":10032},"model":"tavern:items/sets/bonita/bow_2"},{"predicate":{"custom_model_data":10033},"model":"tavern:ia_auto_gen/rpgbundle_vol3_bow"},{"predicate":{"pulling":1,"custom_model_data":10033},"model":"tavern:ia_auto_gen/rpgbundle_vol3_bow_0"},{"predicate":{"pulling":1,"pull":0.65,"custom_model_data":10033},"model":"tavern:ia_auto_gen/rpgbundle_vol3_bow_1"},{"predicate":{"pulling":1,"pull":0.9,"custom_model_data":10033},"model":"tavern:ia_auto_gen/rpgbundle_vol3_bow_2"},{"predicate":{"custom_model_data":10034},"model":"tavern:ia_auto_gen/rpgbundle_vol3_bow1"},{"predicate":{"pulling":1,"custom_model_data":10034},"model":"tavern:ia_auto_gen/rpgbundle_vol3_bow1_0"},{"predicate":{"pulling":1,"pull":0.65,"custom_model_data":10034},"model":"tavern:ia_auto_gen/rpgbundle_vol3_bow1_1"},{"predicate":{"pulling":1,"pull":0.9,"custom_model_data":10034},"model":"tavern:ia_auto_gen/rpgbundle_vol3_bow1_2"},{"predicate":{"custom_model_data":10035},"model":"tavern:ia_auto_gen/rpgbundle_vol3_bow2"},{"predicate":{"pulling":1,"custom_model_data":10035},"model":"tavern:ia_auto_gen/rpgbundle_vol3_bow2_0"},{"predicate":{"pulling":1,"pull":0.65,"custom_model_data":10035},"model":"tavern:ia_auto_gen/rpgbundle_vol3_bow2_1"},{"predicate":{"pulling":1,"pull":0.9,"custom_model_data":10035},"model":"tavern:ia_auto_gen/rpgbundle_vol3_bow2_2"},{"predicate":{"custom_model_data":10036},"model":"tavern:ia_auto_gen/rpgbundle_vol3_bow3"},{"predicate":{"pulling":1,"custom_model_data":10036},"model":"tavern:ia_auto_gen/rpgbundle_vol3_bow3_0"},{"predicate":{"pulling":1,"pull":0.65,"custom_model_data":10036},"model":"tavern:ia_auto_gen/rpgbundle_vol3_bow3_1"},{"predicate":{"pulling":1,"pull":0.9,"custom_model_data":10036},"model":"tavern:ia_auto_gen/rpgbundle_vol3_bow3_2"},{"predicate":{"custom_model_data":10037},"model":"tavern:ia_auto_gen/rpgbundle_vol3_bow4"},{"predicate":{"pulling":1,"custom_model_data":10037},"model":"tavern:ia_auto_gen/rpgbundle_vol3_bow4_0"},{"predicate":{"pulling":1,"pull":0.65,"custom_model_data":10037},"model":"tavern:ia_auto_gen/rpgbundle_vol3_bow4_1"},{"predicate":{"pulling":1,"pull":0.9,"custom_model_data":10037},"model":"tavern:ia_auto_gen/rpgbundle_vol3_bow4_2"},{"predicate":{"custom_model_data":10038},"model":"tavern:ia_auto_gen/rpgbundle_vol3_bow5"},{"predicate":{"pulling":1,"custom_model_data":10038},"model":"tavern:ia_auto_gen/rpgbundle_vol3_bow5_0"},{"predicate":{"pulling":1,"pull":0.65,"custom_model_data":10038},"model":"tavern:ia_auto_gen/rpgbundle_vol3_bow5_1"},{"predicate":{"pulling":1,"pull":0.9,"custom_model_data":10038},"model":"tavern:ia_auto_gen/rpgbundle_vol3_bow5_2"},{"predicate":{"custom_model_data":10045},"model":"tavern:ia_auto_gen/rpgbundle_vol6_bow"},{"predicate":{"pulling":1,"custom_model_data":10045},"model":"tavern:ia_auto_gen/rpgbundle_vol6_bow_0"},{"predicate":{"pulling":1,"pull":0.65,"custom_model_data":10045},"model":"tavern:ia_auto_gen/rpgbundle_vol6_bow_1"},{"predicate":{"pulling":1,"pull":0.9,"custom_model_data":10045},"model":"tavern:ia_auto_gen/rpgbundle_vol6_bow_2"},{"predicate":{"custom_model_data":10046},"model":"tavern:ia_auto_gen/rpgbundle_vol6_bow1"},{"predicate":{"pulling":1,"custom_model_data":10046},"model":"tavern:ia_auto_gen/rpgbundle_vol6_bow1_0"},{"predicate":{"pulling":1,"pull":0.65,"custom_model_data":10046},"model":"tavern:ia_auto_gen/rpgbundle_vol6_bow1_1"},{"predicate":{"pulling":1,"pull":0.9,"custom_model_data":10046},"model":"tavern:ia_auto_gen/rpgbundle_vol6_bow1_2"},{"predicate":{"custom_model_data":10047},"model":"tavern:ia_auto_gen/rpgbundle_vol6_bow2"},{"predicate":{"pulling":1,"custom_model_data":10047},"model":"tavern:ia_auto_gen/rpgbundle_vol6_bow2_0"},{"predicate":{"pulling":1,"pull":0.65,"custom_model_data":10047},"model":"tavern:ia_auto_gen/rpgbundle_vol6_bow2_1"},{"predicate":{"pulling":1,"pull":0.9,"custom_model_data":10047},"model":"tavern:ia_auto_gen/rpgbundle_vol6_bow2_2"},{"predicate":{"custom_model_data":10048},"model":"tavern:ia_auto_gen/rpgbundle_vol6_bow3"},{"predicate":{"pulling":1,"custom_model_data":10048},"model":"tavern:ia_auto_gen/rpgbundle_vol6_bow3_0"},{"predicate":{"pulling":1,"pull":0.65,"custom_model_data":10048},"model":"tavern:ia_auto_gen/rpgbundle_vol6_bow3_1"},{"predicate":{"pulling":1,"pull":0.9,"custom_model_data":10048},"model":"tavern:ia_auto_gen/rpgbundle_vol6_bow3_2"},{"predicate":{"custom_model_data":10049},"model":"tavern:ia_auto_gen/rpgbundle_vol6_bow4"},{"predicate":{"pulling":1,"custom_model_data":10049},"model":"tavern:ia_auto_gen/rpgbundle_vol6_bow4_0"},{"predicate":{"pulling":1,"pull":0.65,"custom_model_data":10049},"model":"tavern:ia_auto_gen/rpgbundle_vol6_bow4_1"},{"predicate":{"pulling":1,"pull":0.9,"custom_model_data":10049},"model":"tavern:ia_auto_gen/rpgbundle_vol6_bow4_2"},{"predicate":{"custom_model_data":10050},"model":"tavern:ia_auto_gen/rpgbundle_vol6_bow5"},{"predicate":{"pulling":1,"custom_model_data":10050},"model":"tavern:ia_auto_gen/rpgbundle_vol6_bow5_0"},{"predicate":{"pulling":1,"pull":0.65,"custom_model_data":10050},"model":"tavern:ia_auto_gen/rpgbundle_vol6_bow5_1"},{"predicate":{"pulling":1,"pull":0.9,"custom_model_data":10050},"model":"tavern:ia_auto_gen/rpgbundle_vol6_bow5_2"},{"predicate":{"custom_model_data":10052},"model":"tavern:items/sets/darkworldpack/normal/bow"},{"predicate":{"pulling":1,"custom_model_data":10052},"model":"tavern:items/sets/darkworldpack/normal/bow_0"},{"predicate":{"pulling":1,"pull":0.65,"custom_model_data":10052},"model":"tavern:items/sets/darkworldpack/normal/bow_1"},{"predicate":{"pulling":1,"pull":0.9,"custom_model_data":10052},"model":"tavern:items/sets/darkworldpack/normal/bow_2"},{"predicate":{"custom_model_data":10053},"model":"tavern:items/sets/skeleton_overlord/bow"},{"predicate":{"pulling":1,"custom_model_data":10053},"model":"tavern:items/sets/skeleton_overlord/bow_0"},{"predicate":{"pulling":1,"pull":0.65,"custom_model_data":10053},"model":"tavern:items/sets/skeleton_overlord/bow_1"},{"predicate":{"pulling":1,"pull":0.9,"custom_model_data":10053},"model":"tavern:items/sets/skeleton_overlord/bow_2"},{"predicate":{"custom_model_data":10054},"model":"tavern:items/sets/merry_christmas/bow"},{"predicate":{"pulling":1,"custom_model_data":10054},"model":"tavern:items/sets/merry_christmas/bow_0"},{"predicate":{"pulling":1,"pull":0.65,"custom_model_data":10054},"model":"tavern:items/sets/merry_christmas/bow_1"},{"predicate":{"pulling":1,"pull":0.9,"custom_model_data":10054},"model":"tavern:items/sets/merry_christmas/bow_2"},{"predicate":{"custom_model_data":10055},"model":"tavern:items/sets/christmas_2023/bow"},{"predicate":{"pulling":1,"custom_model_data":10055},"model":"tavern:items/sets/christmas_2023/bow_0"},{"predicate":{"pulling":1,"pull":0.65,"custom_model_data":10055},"model":"tavern:items/sets/christmas_2023/bow_1"},{"predicate":{"pulling":1,"pull":0.9,"custom_model_data":10055},"model":"tavern:items/sets/christmas_2023/bow_2"},{"predicate":{"custom_model_data":10057},"model":"tavern:items/sets/nexus/bow"},{"predicate":{"pulling":1,"custom_model_data":10057},"model":"tavern:items/sets/nexus/bow_0"},{"predicate":{"pulling":1,"pull":0.65,"custom_model_data":10057},"model":"tavern:items/sets/nexus/bow_1"},{"predicate":{"pulling":1,"pull":0.9,"custom_model_data":10057},"model":"tavern:items/sets/nexus/bow_2"},{"predicate":{"custom_model_data":10058},"model":"tavern:items/sets/fairy/bow"},{"predicate":{"pulling":1,"custom_model_data":10058},"model":"tavern:items/sets/fairy/bow_0"},{"predicate":{"pulling":1,"pull":0.65,"custom_model_data":10058},"model":"tavern:items/sets/fairy/bow_1"},{"predicate":{"pulling":1,"pull":0.9,"custom_model_data":10058},"model":"tavern:items/sets/fairy/bow_2"},{"predicate":{"custom_model_data":10059},"model":"tavern:items/sets/lunar/bow"},{"predicate":{"pulling":1,"custom_model_data":10059},"model":"tavern:items/sets/lunar/bow_0"},{"predicate":{"pulling":1,"pull":0.65,"custom_model_data":10059},"model":"tavern:items/sets/lunar/bow_1"},{"predicate":{"pulling":1,"pull":0.9,"custom_model_data":10059},"model":"tavern:items/sets/lunar/bow_2"},{"predicate":{"custom_model_data":10060},"model":"tavern:items/sets/thunderbolt/bow"},{"predicate":{"pulling":1,"custom_model_data":10060},"model":"tavern:items/sets/thunderbolt/bow_0"},{"predicate":{"pulling":1,"pull":0.65,"custom_model_data":10060},"model":"tavern:items/sets/thunderbolt/bow_1"},{"predicate":{"pulling":1,"pull":0.9,"custom_model_data":10060},"model":"tavern:items/sets/thunderbolt/bow_2"},{"predicate":{"custom_model_data":10061},"model":"tavern:items/sets/valentine/bow"},{"predicate":{"pulling":1,"custom_model_data":10061},"model":"tavern:items/sets/valentine/bow_0"},{"predicate":{"pulling":1,"pull":0.65,"custom_model_data":10061},"model":"tavern:items/sets/valentine/bow_1"},{"predicate":{"pulling":1,"pull":0.9,"custom_model_data":10061},"model":"tavern:items/sets/valentine/bow_2"},{"predicate":{"custom_model_data":10062},"model":"tavern:items/sets/sweetheart/bow"},{"predicate":{"pulling":1,"custom_model_data":10062},"model":"tavern:items/sets/sweetheart/bow_0"},{"predicate":{"pulling":1,"pull":0.65,"custom_model_data":10062},"model":"tavern:items/sets/sweetheart/bow_1"},{"predicate":{"pulling":1,"pull":0.9,"custom_model_data":10062},"model":"tavern:items/sets/sweetheart/bow_2"},{"predicate":{"custom_model_data":10064},"model":"tavern:items/sets/valor/bow"},{"predicate":{"pulling":1,"custom_model_data":10064},"model":"tavern:items/sets/valor/bow_0"},{"predicate":{"pulling":1,"pull":0.65,"custom_model_data":10064},"model":"tavern:items/sets/valor/bow_1"},{"predicate":{"pulling":1,"pull":0.9,"custom_model_data":10064},"model":"tavern:items/sets/valor/bow_2"},{"predicate":{"custom_model_data":10065},"model":"tavern:items/sets/saintpatrick/bow"},{"predicate":{"pulling":1,"custom_model_data":10065},"model":"tavern:items/sets/saintpatrick/bow_0"},{"predicate":{"pulling":1,"pull":0.65,"custom_model_data":10065},"model":"tavern:items/sets/saintpatrick/bow_1"},{"predicate":{"pulling":1,"pull":0.9,"custom_model_data":10065},"model":"tavern:items/sets/saintpatrick/bow_2"},{"predicate":{"custom_model_data":10066},"model":"tavern:items/sets/easter2024/bow"},{"predicate":{"pulling":1,"custom_model_data":10066},"model":"tavern:items/sets/easter2024/bow_0"},{"predicate":{"pulling":1,"pull":0.65,"custom_model_data":10066},"model":"tavern:items/sets/easter2024/bow_1"},{"predicate":{"pulling":1,"pull":0.9,"custom_model_data":10066},"model":"tavern:items/sets/easter2024/bow_2"},{"predicate":{"custom_model_data":10067},"model":"tavern:items/sets/fuchsia/bow"},{"predicate":{"pulling":1,"custom_model_data":10067},"model":"tavern:items/sets/fuchsia/bow_0"},{"predicate":{"pulling":1,"pull":0.65,"custom_model_data":10067},"model":"tavern:items/sets/fuchsia/bow_1"},{"predicate":{"pulling":1,"pull":0.9,"custom_model_data":10067},"model":"tavern:items/sets/fuchsia/bow_2"},{"predicate":{"custom_model_data":10068},"model":"tavern:items/sets/littleduck/bow"},{"predicate":{"pulling":1,"custom_model_data":10068},"model":"tavern:items/sets/littleduck/bow_0"},{"predicate":{"pulling":1,"pull":0.65,"custom_model_data":10068},"model":"tavern:items/sets/littleduck/bow_1"},{"predicate":{"pulling":1,"pull":0.9,"custom_model_data":10068},"model":"tavern:items/sets/littleduck/bow_2"},{"predicate":{"custom_model_data":10069},"model":"tavern:items/sets/littlecrocodile/bow"},{"predicate":{"pulling":1,"custom_model_data":10069},"model":"tavern:items/sets/littlecrocodile/bow_0"},{"predicate":{"pulling":1,"pull":0.65,"custom_model_data":10069},"model":"tavern:items/sets/littlecrocodile/bow_1"},{"predicate":{"pulling":1,"pull":0.9,"custom_model_data":10069},"model":"tavern:items/sets/littlecrocodile/bow_2"},{"predicate":{"custom_model_data":10070},"model":"tavern:items/sets/yin/bow"},{"predicate":{"pulling":1,"custom_model_data":10070},"model":"tavern:items/sets/yin/bow_0"},{"predicate":{"pulling":1,"pull":0.65,"custom_model_data":10070},"model":"tavern:items/sets/yin/bow_1"},{"predicate":{"pulling":1,"pull":0.9,"custom_model_data":10070},"model":"tavern:items/sets/yin/bow_2"},{"predicate":{"custom_model_data":10071},"model":"tavern:items/sets/yang/bow"},{"predicate":{"pulling":1,"custom_model_data":10071},"model":"tavern:items/sets/yang/bow_0"},{"predicate":{"pulling":1,"pull":0.65,"custom_model_data":10071},"model":"tavern:items/sets/yang/bow_1"},{"predicate":{"pulling":1,"pull":0.9,"custom_model_data":10071},"model":"tavern:items/sets/yang/bow_2"},{"predicate":{"custom_model_data":10072},"model":"tavern:items/sets/goku/bow"},{"predicate":{"pulling":1,"custom_model_data":10072},"model":"tavern:items/sets/goku/bow_0"},{"predicate":{"pulling":1,"pull":0.65,"custom_model_data":10072},"model":"tavern:items/sets/goku/bow_1"},{"predicate":{"pulling":1,"pull":0.9,"custom_model_data":10072},"model":"tavern:items/sets/goku/bow_2"},{"predicate":{"custom_model_data":10073},"model":"tavern:items/sets/vegeta/bow"},{"predicate":{"pulling":1,"custom_model_data":10073},"model":"tavern:items/sets/vegeta/bow_0"},{"predicate":{"pulling":1,"pull":0.65,"custom_model_data":10073},"model":"tavern:items/sets/vegeta/bow_1"},{"predicate":{"pulling":1,"pull":0.9,"custom_model_data":10073},"model":"tavern:items/sets/vegeta/bow_2"},{"predicate":{"custom_model_data":10074},"model":"tavern:items/sets/summer/bow"},{"predicate":{"pulling":1,"custom_model_data":10074},"model":"tavern:items/sets/summer/bow_0"},{"predicate":{"pulling":1,"pull":0.65,"custom_model_data":10074},"model":"tavern:items/sets/summer/bow_1"},{"predicate":{"pulling":1,"pull":0.9,"custom_model_data":10074},"model":"tavern:items/sets/summer/bow_2"},{"predicate":{"custom_model_data":10075},"model":"tavern:items/sets/wild/bow"},{"predicate":{"pulling":1,"custom_model_data":10075},"model":"tavern:items/sets/wild/bow_0"},{"predicate":{"pulling":1,"pull":0.65,"custom_model_data":10075},"model":"tavern:items/sets/wild/bow_1"},{"predicate":{"pulling":1,"pull":0.9,"custom_model_data":10075},"model":"tavern:items/sets/wild/bow_2"},{"predicate":{"custom_model_data":10076},"model":"tavern:items/sets/spartan/bow"},{"predicate":{"pulling":1,"custom_model_data":10076},"model":"tavern:items/sets/spartan/bow_0"},{"predicate":{"pulling":1,"pull":0.65,"custom_model_data":10076},"model":"tavern:items/sets/spartan/bow_1"},{"predicate":{"pulling":1,"pull":0.9,"custom_model_data":10076},"model":"tavern:items/sets/spartan/bow_2"},{"predicate":{"custom_model_data":10077},"model":"tavern:items/sets/demon_edge/bow"},{"predicate":{"pulling":1,"custom_model_data":10077},"model":"tavern:items/sets/demon_edge/bow_0"},{"predicate":{"pulling":1,"pull":0.65,"custom_model_data":10077},"model":"tavern:items/sets/demon_edge/bow_1"},{"predicate":{"pulling":1,"pull":0.9,"custom_model_data":10077},"model":"tavern:items/sets/demon_edge/bow_2"},{"predicate":{"custom_model_data":10078},"model":"tavern:items/sets/halloween2/bow"},{"predicate":{"pulling":1,"custom_model_data":10078},"model":"tavern:items/sets/halloween2/bow_0"},{"predicate":{"pulling":1,"pull":0.65,"custom_model_data":10078},"model":"tavern:items/sets/halloween2/bow_1"},{"predicate":{"pulling":1,"pull":0.9,"custom_model_data":10078},"model":"tavern:items/sets/halloween2/bow_2"},{"predicate":{"custom_model_data":10079},"model":"tavern:items/sets/halloween1/bow"},{"predicate":{"pulling":1,"custom_model_data":10079},"model":"tavern:items/sets/halloween1/bow_0"},{"predicate":{"pulling":1,"pull":0.65,"custom_model_data":10079},"model":"tavern:items/sets/halloween1/bow_1"},{"predicate":{"pulling":1,"pull":0.9,"custom_model_data":10079},"model":"tavern:items/sets/halloween1/bow_2"},{"predicate":{"custom_model_data":10080},"model":"tavern:items/sets/ender_dragon/bow"},{"predicate":{"pulling":1,"custom_model_data":10080},"model":"tavern:items/sets/ender_dragon/bow_0"},{"predicate":{"pulling":1,"pull":0.65,"custom_model_data":10080},"model":"tavern:items/sets/ender_dragon/bow_1"},{"predicate":{"pulling":1,"pull":0.9,"custom_model_data":10080},"model":"tavern:items/sets/ender_dragon/bow_2"},{"predicate":{"custom_model_data":10081},"model":"tavern:items/sets/nanoedge/bow"},{"predicate":{"pulling":1,"custom_model_data":10081},"model":"tavern:items/sets/nanoedge/bow_0"},{"predicate":{"pulling":1,"pull":0.65,"custom_model_data":10081},"model":"tavern:items/sets/nanoedge/bow_1"},{"predicate":{"pulling":1,"pull":0.9,"custom_model_data":10081},"model":"tavern:items/sets/nanoedge/bow_2"},{"predicate":{"custom_model_data":10082},"model":"tavern:items/sets/mysticcyan/bow"},{"predicate":{"pulling":1,"custom_model_data":10082},"model":"tavern:items/sets/mysticcyan/bow_0"},{"predicate":{"pulling":1,"pull":0.65,"custom_model_data":10082},"model":"tavern:items/sets/mysticcyan/bow_1"},{"predicate":{"pulling":1,"pull":0.9,"custom_model_data":10082},"model":"tavern:items/sets/mysticcyan/bow_2"},{"predicate":{"custom_model_data":10083},"model":"tavern:items/sets/arcanist/bow"},{"predicate":{"pulling":1,"custom_model_data":10083},"model":"tavern:items/sets/arcanist/bow_0"},{"predicate":{"pulling":1,"pull":0.65,"custom_model_data":10083},"model":"tavern:items/sets/arcanist/bow_1"},{"predicate":{"pulling":1,"pull":0.9,"custom_model_data":10083},"model":"tavern:items/sets/arcanist/bow_2"},{"predicate":{"custom_model_data":10084},"model":"tavern:items/sets/merry_christmas_2024/bow"},{"predicate":{"pulling":1,"custom_model_data":10084},"model":"tavern:items/sets/merry_christmas_2024/bow_0"},{"predicate":{"pulling":1,"pull":0.65,"custom_model_data":10084},"model":"tavern:items/sets/merry_christmas_2024/bow_1"},{"predicate":{"pulling":1,"pull":0.9,"custom_model_data":10084},"model":"tavern:items/sets/merry_christmas_2024/bow_2"},{"predicate":{"custom_model_data":10085},"model":"tavern:items/sets/frostbiteset/bow"},{"predicate":{"pulling":1,"custom_model_data":10085},"model":"tavern:items/sets/frostbiteset/bow_0"},{"predicate":{"pulling":1,"pull":0.65,"custom_model_data":10085},"model":"tavern:items/sets/frostbiteset/bow_1"},{"predicate":{"pulling":1,"pull":0.9,"custom_model_data":10085},"model":"tavern:items/sets/frostbiteset/bow_2"},{"predicate":{"custom_model_data":151002},"model":"tavern:items/sets/discordnitro/bow"},{"predicate":{"pulling":1,"custom_model_data":151002},"model":"tavern:items/sets/discordnitro/bow_0"},{"predicate":{"pulling":1,"pull":0.65,"custom_model_data":151002},"model":"tavern:items/sets/discordnitro/bow_1"},{"predicate":{"pulling":1,"pull":0.9,"custom_model_data":151002},"model":"tavern:items/sets/discordnitro/bow_2"},{"predicate":{"custom_model_data":151003},"model":"item/bow"}]}