{"parent":"item/generated","textures":{"layer0":"item/crossbow_standby"},"display":{"thirdperson_righthand":{"rotation":[-90,0,-60],"translation":[2,0.1,-3],"scale":[0.9,0.9,0.9]},"thirdperson_lefthand":{"rotation":[-90,0,30],"translation":[2,0.1,-3],"scale":[0.9,0.9,0.9]},"firstperson_righthand":{"rotation":[-90,0,-55],"translation":[1.13,3.2,1.13],"scale":[0.68,0.68,0.68]},"firstperson_lefthand":{"rotation":[-90,0,35],"translation":[1.13,3.2,1.13],"scale":[0.68,0.68,0.68]}},"overrides":[{"predicate":{"pulling":1},"model":"item/crossbow_pulling_0"},{"predicate":{"pulling":1,"pull":0.58},"model":"item/crossbow_pulling_1"},{"predicate":{"pulling":1,"pull":1.0},"model":"item/crossbow_pulling_2"},{"predicate":{"charged":1},"model":"item/crossbow_arrow"},{"predicate":{"charged":1,"firework":1},"model":"item/crossbow_firework"},{"predicate":{"pulling":1},"model":"item/crossbow_pulling_0"},{"predicate":{"pulling":1,"pull":0.58},"model":"item/crossbow_pulling_1"},{"predicate":{"pulling":1,"pull":1.0},"model":"item/crossbow_pulling_2"},{"predicate":{"charged":1},"model":"item/crossbow_arrow"},{"predicate":{"charged":1,"firework":1},"model":"item/crossbow_firework"},{"predicate":{"custom_model_data":10000},"model":"tavern:items/sets/malika/crossbow"},{"predicate":{"pulling":1,"custom_model_data":10000},"model":"tavern:items/sets/malika/crossbow_0"},{"predicate":{"pulling":1,"pull":0.58,"custom_model_data":10000},"model":"tavern:items/sets/malika/crossbow_1"},{"predicate":{"pulling":1,"pull":1.0,"custom_model_data":10000},"model":"tavern:items/sets/malika/crossbow_2"},{"predicate":{"charged":1,"custom_model_data":10000},"model":"tavern:items/sets/malika/crossbow_charged"},{"predicate":{"charged":1,"firework":1,"custom_model_data":10000},"model":"tavern:items/sets/malika/crossbow_firework"},{"predicate":{"custom_model_data":10001},"model":"tavern:items/sets/ginger_bread_gear/crossbow"},{"predicate":{"pulling":1,"custom_model_data":10001},"model":"tavern:items/sets/ginger_bread_gear/crossbow_0"},{"predicate":{"pulling":1,"pull":0.58,"custom_model_data":10001},"model":"tavern:items/sets/ginger_bread_gear/crossbow_1"},{"predicate":{"pulling":1,"pull":1.0,"custom_model_data":10001},"model":"tavern:items/sets/ginger_bread_gear/crossbow_2"},{"predicate":{"charged":1,"custom_model_data":10001},"model":"tavern:items/sets/ginger_bread_gear/crossbow_charged"},{"predicate":{"charged":1,"firework":1,"custom_model_data":10001},"model":"tavern:items/sets/ginger_bread_gear/crossbow_firework"},{"predicate":{"custom_model_data":10001},"model":"tavern:items/sets/winter/crossbow"},{"predicate":{"pulling":1,"custom_model_data":10001},"model":"tavern:items/sets/winter/crossbow_0"},{"predicate":{"pulling":1,"pull":0.58,"custom_model_data":10001},"model":"tavern:items/sets/winter/crossbow_1"},{"predicate":{"pulling":1,"pull":1.0,"custom_model_data":10001},"model":"tavern:items/sets/winter/crossbow_2"},{"predicate":{"charged":1,"custom_model_data":10001},"model":"tavern:items/sets/winter/crossbow_charged"},{"predicate":{"charged":1,"firework":1,"custom_model_data":10001},"model":"tavern:items/sets/winter/crossbow_firework"},{"predicate":{"custom_model_data":10002},"model":"tavern:items/sets/xmas/crossbow"},{"predicate":{"pulling":1,"custom_model_data":10002},"model":"tavern:items/sets/xmas/crossbow_0"},{"predicate":{"pulling":1,"pull":0.58,"custom_model_data":10002},"model":"tavern:items/sets/xmas/crossbow_1"},{"predicate":{"pulling":1,"pull":1.0,"custom_model_data":10002},"model":"tavern:items/sets/xmas/crossbow_2"},{"predicate":{"charged":1,"custom_model_data":10002},"model":"tavern:items/sets/xmas/crossbow_charged"},{"predicate":{"charged":1,"firework":1,"custom_model_data":10002},"model":"tavern:items/sets/xmas/crossbow_firework"},{"predicate":{"custom_model_data":10003},"model":"tavern:items/sets/dragonsoul/crossbow"},{"predicate":{"pulling":1,"custom_model_data":10003},"model":"tavern:items/sets/dragonsoul/crossbow_0"},{"predicate":{"pulling":1,"pull":0.58,"custom_model_data":10003},"model":"tavern:items/sets/dragonsoul/crossbow_1"},{"predicate":{"pulling":1,"pull":1.0,"custom_model_data":10003},"model":"tavern:items/sets/dragonsoul/crossbow_2"},{"predicate":{"charged":1,"custom_model_data":10003},"model":"tavern:items/sets/dragonsoul/crossbow_charged"},{"predicate":{"charged":1,"firework":1,"custom_model_data":10003},"model":"tavern:items/sets/dragonsoul/crossbow_firework"},{"predicate":{"custom_model_data":10004},"model":"tavern:items/sets/merry_christmas/crossbow"},{"predicate":{"pulling":1,"custom_model_data":10004},"model":"tavern:items/sets/merry_christmas/crossbow_0"},{"predicate":{"pulling":1,"pull":0.58,"custom_model_data":10004},"model":"tavern:items/sets/merry_christmas/crossbow_1"},{"predicate":{"pulling":1,"pull":1.0,"custom_model_data":10004},"model":"tavern:items/sets/merry_christmas/crossbow_2"},{"predicate":{"charged":1,"custom_model_data":10004},"model":"tavern:items/sets/merry_christmas/crossbow_charged"},{"predicate":{"charged":1,"firework":1,"custom_model_data":10004},"model":"tavern:items/sets/merry_christmas/crossbow_firework"},{"predicate":{"custom_model_data":10005},"model":"tavern:items/sets/nexus/crossbow"},{"predicate":{"pulling":1,"custom_model_data":10005},"model":"tavern:items/sets/nexus/crossbow_0"},{"predicate":{"pulling":1,"pull":0.58,"custom_model_data":10005},"model":"tavern:items/sets/nexus/crossbow_1"},{"predicate":{"pulling":1,"pull":1.0,"custom_model_data":10005},"model":"tavern:items/sets/nexus/crossbow_2"},{"predicate":{"charged":1,"custom_model_data":10005},"model":"tavern:items/sets/nexus/crossbow_charged"},{"predicate":{"charged":1,"firework":1,"custom_model_data":10005},"model":"tavern:items/sets/nexus/crossbow_firework"},{"predicate":{"custom_model_data":10006},"model":"tavern:items/sets/littlebunny/crossbow"},{"predicate":{"pulling":1,"custom_model_data":10006},"model":"tavern:items/sets/littlebunny/crossbow_0"},{"predicate":{"pulling":1,"pull":0.58,"custom_model_data":10006},"model":"tavern:items/sets/littlebunny/crossbow_1"},{"predicate":{"pulling":1,"pull":1.0,"custom_model_data":10006},"model":"tavern:items/sets/littlebunny/crossbow_2"},{"predicate":{"charged":1,"custom_model_data":10006},"model":"tavern:items/sets/littlebunny/crossbow_charged"},{"predicate":{"charged":1,"firework":1,"custom_model_data":10006},"model":"tavern:items/sets/littlebunny/crossbow_firework"},{"predicate":{"custom_model_data":10007},"model":"tavern:items/sets/evergreen/crossbow"},{"predicate":{"pulling":1,"custom_model_data":10007},"model":"tavern:items/sets/evergreen/crossbow_0"},{"predicate":{"pulling":1,"pull":0.58,"custom_model_data":10007},"model":"tavern:items/sets/evergreen/crossbow_1"},{"predicate":{"pulling":1,"pull":1.0,"custom_model_data":10007},"model":"tavern:items/sets/evergreen/crossbow_2"},{"predicate":{"charged":1,"custom_model_data":10007},"model":"tavern:items/sets/evergreen/crossbow_charged"},{"predicate":{"charged":1,"firework":1,"custom_model_data":10007},"model":"tavern:items/sets/evergreen/crossbow_firework"},{"predicate":{"custom_model_data":10008},"model":"tavern:items/sets/littleshark/crossbow"},{"predicate":{"pulling":1,"custom_model_data":10008},"model":"tavern:items/sets/littleshark/crossbow_0"},{"predicate":{"pulling":1,"pull":0.58,"custom_model_data":10008},"model":"tavern:items/sets/littleshark/crossbow_1"},{"predicate":{"pulling":1,"pull":1.0,"custom_model_data":10008},"model":"tavern:items/sets/littleshark/crossbow_2"},{"predicate":{"charged":1,"custom_model_data":10008},"model":"tavern:items/sets/littleshark/crossbow_charged"},{"predicate":{"charged":1,"firework":1,"custom_model_data":10008},"model":"tavern:items/sets/littleshark/crossbow_firework"},{"predicate":{"custom_model_data":10009},"model":"tavern:items/sets/beats/crossbow"},{"predicate":{"pulling":1,"custom_model_data":10009},"model":"tavern:items/sets/beats/crossbow_0"},{"predicate":{"pulling":1,"pull":0.58,"custom_model_data":10009},"model":"tavern:items/sets/beats/crossbow_1"},{"predicate":{"pulling":1,"pull":1.0,"custom_model_data":10009},"model":"tavern:items/sets/beats/crossbow_2"},{"predicate":{"charged":1,"custom_model_data":10009},"model":"tavern:items/sets/beats/crossbow_charged"},{"predicate":{"charged":1,"firework":1,"custom_model_data":10009},"model":"tavern:items/sets/beats/crossbow_firework"},{"predicate":{"custom_model_data":10010},"model":"tavern:items/sets/azure/crossbow"},{"predicate":{"pulling":1,"custom_model_data":10010},"model":"tavern:items/sets/azure/crossbow_0"},{"predicate":{"pulling":1,"pull":0.58,"custom_model_data":10010},"model":"tavern:items/sets/azure/crossbow_1"},{"predicate":{"pulling":1,"pull":1.0,"custom_model_data":10010},"model":"tavern:items/sets/azure/crossbow_2"},{"predicate":{"charged":1,"custom_model_data":10010},"model":"tavern:items/sets/azure/crossbow_charged"},{"predicate":{"charged":1,"firework":1,"custom_model_data":10010},"model":"tavern:items/sets/azure/crossbow_firework"},{"predicate":{"custom_model_data":10011},"model":"tavern:items/sets/littlepanda/crossbow"},{"predicate":{"pulling":1,"custom_model_data":10011},"model":"tavern:items/sets/littlepanda/crossbow_0"},{"predicate":{"pulling":1,"pull":0.58,"custom_model_data":10011},"model":"tavern:items/sets/littlepanda/crossbow_1"},{"predicate":{"pulling":1,"pull":1.0,"custom_model_data":10011},"model":"tavern:items/sets/littlepanda/crossbow_2"},{"predicate":{"charged":1,"custom_model_data":10011},"model":"tavern:items/sets/littlepanda/crossbow_charged"},{"predicate":{"charged":1,"firework":1,"custom_model_data":10011},"model":"tavern:items/sets/littlepanda/crossbow_firework"},{"predicate":{"custom_model_data":10012},"model":"tavern:items/sets/fiendskull/crossbow"},{"predicate":{"pulling":1,"custom_model_data":10012},"model":"tavern:items/sets/fiendskull/crossbow_0"},{"predicate":{"pulling":1,"pull":0.58,"custom_model_data":10012},"model":"tavern:items/sets/fiendskull/crossbow_1"},{"predicate":{"pulling":1,"pull":1.0,"custom_model_data":10012},"model":"tavern:items/sets/fiendskull/crossbow_2"},{"predicate":{"charged":1,"custom_model_data":10012},"model":"tavern:items/sets/fiendskull/crossbow_charged"},{"predicate":{"charged":1,"firework":1,"custom_model_data":10012},"model":"tavern:items/sets/fiendskull/crossbow_firework"},{"predicate":{"custom_model_data":10013},"model":"tavern:items/sets/bonita/crossbow"},{"predicate":{"pulling":1,"custom_model_data":10013},"model":"tavern:items/sets/bonita/crossbow_0"},{"predicate":{"pulling":1,"pull":0.58,"custom_model_data":10013},"model":"tavern:items/sets/bonita/crossbow_1"},{"predicate":{"pulling":1,"pull":1.0,"custom_model_data":10013},"model":"tavern:items/sets/bonita/crossbow_2"},{"predicate":{"charged":1,"custom_model_data":10013},"model":"tavern:items/sets/bonita/crossbow_charged"},{"predicate":{"charged":1,"firework":1,"custom_model_data":10013},"model":"tavern:items/sets/bonita/crossbow_firework"},{"predicate":{"custom_model_data":10014},"model":"tavern:items/sets/darkworldpack/normal/crossbow"},{"predicate":{"pulling":1,"custom_model_data":10014},"model":"tavern:items/sets/darkworldpack/normal/crossbow_0"},{"predicate":{"pulling":1,"pull":0.58,"custom_model_data":10014},"model":"tavern:items/sets/darkworldpack/normal/crossbow_1"},{"predicate":{"pulling":1,"pull":1.0,"custom_model_data":10014},"model":"tavern:items/sets/darkworldpack/normal/crossbow_2"},{"predicate":{"charged":1,"custom_model_data":10014},"model":"tavern:items/sets/darkworldpack/normal/crossbow_charged"},{"predicate":{"charged":1,"firework":1,"custom_model_data":10014},"model":"tavern:items/sets/darkworldpack/normal/crossbow_firework"},{"predicate":{"custom_model_data":10015},"model":"tavern:items/sets/fairy/crossbow"},{"predicate":{"pulling":1,"custom_model_data":10015},"model":"tavern:items/sets/fairy/crossbow_0"},{"predicate":{"pulling":1,"pull":0.58,"custom_model_data":10015},"model":"tavern:items/sets/fairy/crossbow_1"},{"predicate":{"pulling":1,"pull":1.0,"custom_model_data":10015},"model":"tavern:items/sets/fairy/crossbow_2"},{"predicate":{"charged":1,"custom_model_data":10015},"model":"tavern:items/sets/fairy/crossbow_charged"},{"predicate":{"charged":1,"firework":1,"custom_model_data":10015},"model":"tavern:items/sets/fairy/crossbow_firework"},{"predicate":{"custom_model_data":10016},"model":"tavern:items/sets/lunar/crossbow"},{"predicate":{"pulling":1,"custom_model_data":10016},"model":"tavern:items/sets/lunar/crossbow_0"},{"predicate":{"pulling":1,"pull":0.58,"custom_model_data":10016},"model":"tavern:items/sets/lunar/crossbow_1"},{"predicate":{"pulling":1,"pull":1.0,"custom_model_data":10016},"model":"tavern:items/sets/lunar/crossbow_2"},{"predicate":{"charged":1,"custom_model_data":10016},"model":"tavern:items/sets/lunar/crossbow_charged"},{"predicate":{"charged":1,"firework":1,"custom_model_data":10016},"model":"tavern:items/sets/lunar/crossbow_firework"},{"predicate":{"custom_model_data":10017},"model":"tavern:items/sets/thunderbolt/crossbow"},{"predicate":{"pulling":1,"custom_model_data":10017},"model":"tavern:items/sets/thunderbolt/crossbow_0"},{"predicate":{"pulling":1,"pull":0.58,"custom_model_data":10017},"model":"tavern:items/sets/thunderbolt/crossbow_1"},{"predicate":{"pulling":1,"pull":1.0,"custom_model_data":10017},"model":"tavern:items/sets/thunderbolt/crossbow_2"},{"predicate":{"charged":1,"custom_model_data":10017},"model":"tavern:items/sets/thunderbolt/crossbow_charged"},{"predicate":{"charged":1,"firework":1,"custom_model_data":10017},"model":"tavern:items/sets/thunderbolt/crossbow_firework"},{"predicate":{"custom_model_data":10018},"model":"tavern:items/sets/valentine/crossbow"},{"predicate":{"pulling":1,"custom_model_data":10018},"model":"tavern:items/sets/valentine/crossbow_0"},{"predicate":{"pulling":1,"pull":0.58,"custom_model_data":10018},"model":"tavern:items/sets/valentine/crossbow_1"},{"predicate":{"pulling":1,"pull":1.0,"custom_model_data":10018},"model":"tavern:items/sets/valentine/crossbow_2"},{"predicate":{"charged":1,"custom_model_data":10018},"model":"tavern:items/sets/valentine/crossbow_charged"},{"predicate":{"charged":1,"firework":1,"custom_model_data":10018},"model":"tavern:items/sets/valentine/crossbow_firework"},{"predicate":{"custom_model_data":10019},"model":"tavern:items/sets/sweetheart/crossbow"},{"predicate":{"pulling":1,"custom_model_data":10019},"model":"tavern:items/sets/sweetheart/crossbow_0"},{"predicate":{"pulling":1,"pull":0.58,"custom_model_data":10019},"model":"tavern:items/sets/sweetheart/crossbow_1"},{"predicate":{"pulling":1,"pull":1.0,"custom_model_data":10019},"model":"tavern:items/sets/sweetheart/crossbow_2"},{"predicate":{"charged":1,"custom_model_data":10019},"model":"tavern:items/sets/sweetheart/crossbow_charged"},{"predicate":{"charged":1,"firework":1,"custom_model_data":10019},"model":"tavern:items/sets/sweetheart/crossbow_firework"},{"predicate":{"custom_model_data":10021},"model":"tavern:items/sets/valor/crossbow"},{"predicate":{"pulling":1,"custom_model_data":10021},"model":"tavern:items/sets/valor/crossbow_0"},{"predicate":{"pulling":1,"pull":0.58,"custom_model_data":10021},"model":"tavern:items/sets/valor/crossbow_1"},{"predicate":{"pulling":1,"pull":1.0,"custom_model_data":10021},"model":"tavern:items/sets/valor/crossbow_2"},{"predicate":{"charged":1,"custom_model_data":10021},"model":"tavern:items/sets/valor/crossbow_charged"},{"predicate":{"charged":1,"firework":1,"custom_model_data":10021},"model":"tavern:items/sets/valor/crossbow_firework"},{"predicate":{"custom_model_data":10022},"model":"tavern:items/sets/saintpatrick/crossbow"},{"predicate":{"pulling":1,"custom_model_data":10022},"model":"tavern:items/sets/saintpatrick/crossbow_0"},{"predicate":{"pulling":1,"pull":0.58,"custom_model_data":10022},"model":"tavern:items/sets/saintpatrick/crossbow_1"},{"predicate":{"pulling":1,"pull":1.0,"custom_model_data":10022},"model":"tavern:items/sets/saintpatrick/crossbow_2"},{"predicate":{"charged":1,"custom_model_data":10022},"model":"tavern:items/sets/saintpatrick/crossbow_charged"},{"predicate":{"charged":1,"firework":1,"custom_model_data":10022},"model":"tavern:items/sets/saintpatrick/crossbow_firework"},{"predicate":{"custom_model_data":10024},"model":"tavern:items/sets/easter2024/crossbow"},{"predicate":{"pulling":1,"custom_model_data":10024},"model":"tavern:items/sets/easter2024/crossbow_0"},{"predicate":{"pulling":1,"pull":0.58,"custom_model_data":10024},"model":"tavern:items/sets/easter2024/crossbow_1"},{"predicate":{"pulling":1,"pull":1.0,"custom_model_data":10024},"model":"tavern:items/sets/easter2024/crossbow_2"},{"predicate":{"charged":1,"custom_model_data":10024},"model":"tavern:items/sets/easter2024/crossbow_charged"},{"predicate":{"charged":1,"firework":1,"custom_model_data":10024},"model":"tavern:items/sets/easter2024/crossbow_firework"},{"predicate":{"custom_model_data":10025},"model":"tavern:items/sets/fuchsia/crossbow"},{"predicate":{"pulling":1,"custom_model_data":10025},"model":"tavern:items/sets/fuchsia/crossbow_0"},{"predicate":{"pulling":1,"pull":0.58,"custom_model_data":10025},"model":"tavern:items/sets/fuchsia/crossbow_1"},{"predicate":{"pulling":1,"pull":1.0,"custom_model_data":10025},"model":"tavern:items/sets/fuchsia/crossbow_2"},{"predicate":{"charged":1,"custom_model_data":10025},"model":"tavern:items/sets/fuchsia/crossbow_charged"},{"predicate":{"charged":1,"firework":1,"custom_model_data":10025},"model":"tavern:items/sets/fuchsia/crossbow_firework"},{"predicate":{"custom_model_data":10026},"model":"tavern:items/sets/littleduck/crossbow"},{"predicate":{"pulling":1,"custom_model_data":10026},"model":"tavern:items/sets/littleduck/crossbow_0"},{"predicate":{"pulling":1,"pull":0.58,"custom_model_data":10026},"model":"tavern:items/sets/littleduck/crossbow_1"},{"predicate":{"pulling":1,"pull":1.0,"custom_model_data":10026},"model":"tavern:items/sets/littleduck/crossbow_2"},{"predicate":{"charged":1,"custom_model_data":10026},"model":"tavern:items/sets/littleduck/crossbow_charged"},{"predicate":{"charged":1,"firework":1,"custom_model_data":10026},"model":"tavern:items/sets/littleduck/crossbow_firework"},{"predicate":{"custom_model_data":10027},"model":"tavern:items/sets/littlecrocodile/crossbow"},{"predicate":{"pulling":1,"custom_model_data":10027},"model":"tavern:items/sets/littlecrocodile/crossbow_0"},{"predicate":{"pulling":1,"pull":0.58,"custom_model_data":10027},"model":"tavern:items/sets/littlecrocodile/crossbow_1"},{"predicate":{"pulling":1,"pull":1.0,"custom_model_data":10027},"model":"tavern:items/sets/littlecrocodile/crossbow_2"},{"predicate":{"charged":1,"custom_model_data":10027},"model":"tavern:items/sets/littlecrocodile/crossbow_charged"},{"predicate":{"charged":1,"firework":1,"custom_model_data":10027},"model":"tavern:items/sets/littlecrocodile/crossbow_firework"},{"predicate":{"custom_model_data":10028},"model":"tavern:items/sets/yang/crossbow"},{"predicate":{"pulling":1,"custom_model_data":10028},"model":"tavern:items/sets/yang/crossbow_0"},{"predicate":{"pulling":1,"pull":0.58,"custom_model_data":10028},"model":"tavern:items/sets/yang/crossbow_1"},{"predicate":{"pulling":1,"pull":1.0,"custom_model_data":10028},"model":"tavern:items/sets/yang/crossbow_2"},{"predicate":{"charged":1,"custom_model_data":10028},"model":"tavern:items/sets/yang/crossbow_charged"},{"predicate":{"charged":1,"firework":1,"custom_model_data":10028},"model":"tavern:items/sets/yang/crossbow_firework"},{"predicate":{"custom_model_data":10029},"model":"tavern:items/sets/yin/crossbow"},{"predicate":{"pulling":1,"custom_model_data":10029},"model":"tavern:items/sets/yin/crossbow_0"},{"predicate":{"pulling":1,"pull":0.58,"custom_model_data":10029},"model":"tavern:items/sets/yin/crossbow_1"},{"predicate":{"pulling":1,"pull":1.0,"custom_model_data":10029},"model":"tavern:items/sets/yin/crossbow_2"},{"predicate":{"charged":1,"custom_model_data":10029},"model":"tavern:items/sets/yin/crossbow_charged"},{"predicate":{"charged":1,"firework":1,"custom_model_data":10029},"model":"tavern:items/sets/yin/crossbow_firework"},{"predicate":{"custom_model_data":10030},"model":"tavern:items/sets/goku/crossbow"},{"predicate":{"pulling":1,"custom_model_data":10030},"model":"tavern:items/sets/goku/crossbow_0"},{"predicate":{"pulling":1,"pull":0.58,"custom_model_data":10030},"model":"tavern:items/sets/goku/crossbow_1"},{"predicate":{"pulling":1,"pull":1.0,"custom_model_data":10030},"model":"tavern:items/sets/goku/crossbow_2"},{"predicate":{"charged":1,"custom_model_data":10030},"model":"tavern:items/sets/goku/crossbow_charged"},{"predicate":{"charged":1,"firework":1,"custom_model_data":10030},"model":"tavern:items/sets/goku/crossbow_firework"},{"predicate":{"custom_model_data":10031},"model":"tavern:items/sets/vegeta/crossbow"},{"predicate":{"pulling":1,"custom_model_data":10031},"model":"tavern:items/sets/vegeta/crossbow_0"},{"predicate":{"pulling":1,"pull":0.58,"custom_model_data":10031},"model":"tavern:items/sets/vegeta/crossbow_1"},{"predicate":{"pulling":1,"pull":1.0,"custom_model_data":10031},"model":"tavern:items/sets/vegeta/crossbow_2"},{"predicate":{"charged":1,"custom_model_data":10031},"model":"tavern:items/sets/vegeta/crossbow_charged"},{"predicate":{"charged":1,"firework":1,"custom_model_data":10031},"model":"tavern:items/sets/vegeta/crossbow_firework"},{"predicate":{"custom_model_data":10032},"model":"tavern:items/sets/summer/crossbow"},{"predicate":{"pulling":1,"custom_model_data":10032},"model":"tavern:items/sets/summer/crossbow_0"},{"predicate":{"pulling":1,"pull":0.58,"custom_model_data":10032},"model":"tavern:items/sets/summer/crossbow_1"},{"predicate":{"pulling":1,"pull":1.0,"custom_model_data":10032},"model":"tavern:items/sets/summer/crossbow_2"},{"predicate":{"charged":1,"custom_model_data":10032},"model":"tavern:items/sets/summer/crossbow_charged"},{"predicate":{"charged":1,"firework":1,"custom_model_data":10032},"model":"tavern:items/sets/summer/crossbow_firework"},{"predicate":{"custom_model_data":10033},"model":"tavern:items/sets/wild/crossbow"},{"predicate":{"pulling":1,"custom_model_data":10033},"model":"tavern:items/sets/wild/crossbow_0"},{"predicate":{"pulling":1,"pull":0.58,"custom_model_data":10033},"model":"tavern:items/sets/wild/crossbow_1"},{"predicate":{"pulling":1,"pull":1.0,"custom_model_data":10033},"model":"tavern:items/sets/wild/crossbow_2"},{"predicate":{"charged":1,"custom_model_data":10033},"model":"tavern:items/sets/wild/crossbow_charged"},{"predicate":{"charged":1,"firework":1,"custom_model_data":10033},"model":"tavern:items/sets/wild/crossbow_firework"},{"predicate":{"custom_model_data":10034},"model":"tavern:items/sets/spartan/crossbow"},{"predicate":{"pulling":1,"custom_model_data":10034},"model":"tavern:items/sets/spartan/crossbow_0"},{"predicate":{"pulling":1,"pull":0.58,"custom_model_data":10034},"model":"tavern:items/sets/spartan/crossbow_1"},{"predicate":{"pulling":1,"pull":1.0,"custom_model_data":10034},"model":"tavern:items/sets/spartan/crossbow_2"},{"predicate":{"charged":1,"custom_model_data":10034},"model":"tavern:items/sets/spartan/crossbow_charged"},{"predicate":{"charged":1,"firework":1,"custom_model_data":10034},"model":"tavern:items/sets/spartan/crossbow_firework"},{"predicate":{"custom_model_data":10035},"model":"tavern:items/sets/demon_edge/crossbow"},{"predicate":{"pulling":1,"custom_model_data":10035},"model":"tavern:items/sets/demon_edge/crossbow_0"},{"predicate":{"pulling":1,"pull":0.58,"custom_model_data":10035},"model":"tavern:items/sets/demon_edge/crossbow_1"},{"predicate":{"pulling":1,"pull":1.0,"custom_model_data":10035},"model":"tavern:items/sets/demon_edge/crossbow_2"},{"predicate":{"charged":1,"custom_model_data":10035},"model":"tavern:items/sets/demon_edge/crossbow_charged"},{"predicate":{"charged":1,"firework":1,"custom_model_data":10035},"model":"tavern:items/sets/demon_edge/crossbow_firework"},{"predicate":{"custom_model_data":10036},"model":"tavern:items/sets/halloween2/crossbow"},{"predicate":{"pulling":1,"custom_model_data":10036},"model":"tavern:items/sets/halloween2/crossbow_0"},{"predicate":{"pulling":1,"pull":0.58,"custom_model_data":10036},"model":"tavern:items/sets/halloween2/crossbow_1"},{"predicate":{"pulling":1,"pull":1.0,"custom_model_data":10036},"model":"tavern:items/sets/halloween2/crossbow_2"},{"predicate":{"charged":1,"custom_model_data":10036},"model":"tavern:items/sets/halloween2/crossbow_charged"},{"predicate":{"charged":1,"firework":1,"custom_model_data":10036},"model":"tavern:items/sets/halloween2/crossbow_firework"},{"predicate":{"custom_model_data":10037},"model":"tavern:items/sets/nanoedge/crossbow"},{"predicate":{"pulling":1,"custom_model_data":10037},"model":"tavern:items/sets/nanoedge/crossbow_0"},{"predicate":{"pulling":1,"pull":0.58,"custom_model_data":10037},"model":"tavern:items/sets/nanoedge/crossbow_1"},{"predicate":{"pulling":1,"pull":1.0,"custom_model_data":10037},"model":"tavern:items/sets/nanoedge/crossbow_2"},{"predicate":{"charged":1,"custom_model_data":10037},"model":"tavern:items/sets/nanoedge/crossbow_charged"},{"predicate":{"charged":1,"firework":1,"custom_model_data":10037},"model":"tavern:items/sets/nanoedge/crossbow_firework"},{"predicate":{"custom_model_data":10038},"model":"tavern:items/sets/ender_dragon/crossbow"},{"predicate":{"pulling":1,"custom_model_data":10038},"model":"tavern:items/sets/ender_dragon/crossbow_0"},{"predicate":{"pulling":1,"pull":0.58,"custom_model_data":10038},"model":"tavern:items/sets/ender_dragon/crossbow_1"},{"predicate":{"pulling":1,"pull":1.0,"custom_model_data":10038},"model":"tavern:items/sets/ender_dragon/crossbow_2"},{"predicate":{"charged":1,"custom_model_data":10038},"model":"tavern:items/sets/ender_dragon/crossbow_charged"},{"predicate":{"charged":1,"firework":1,"custom_model_data":10038},"model":"tavern:items/sets/ender_dragon/crossbow_firework"},{"predicate":{"custom_model_data":10039},"model":"tavern:items/sets/mysticcyan/crossbow"},{"predicate":{"pulling":1,"custom_model_data":10039},"model":"tavern:items/sets/mysticcyan/crossbow_0"},{"predicate":{"pulling":1,"pull":0.58,"custom_model_data":10039},"model":"tavern:items/sets/mysticcyan/crossbow_1"},{"predicate":{"pulling":1,"pull":1.0,"custom_model_data":10039},"model":"tavern:items/sets/mysticcyan/crossbow_2"},{"predicate":{"charged":1,"custom_model_data":10039},"model":"tavern:items/sets/mysticcyan/crossbow_charged"},{"predicate":{"charged":1,"firework":1,"custom_model_data":10039},"model":"tavern:items/sets/mysticcyan/crossbow_firework"},{"predicate":{"custom_model_data":10040},"model":"tavern:items/sets/arcanist/crossbow"},{"predicate":{"pulling":1,"custom_model_data":10040},"model":"tavern:items/sets/arcanist/crossbow_0"},{"predicate":{"pulling":1,"pull":0.58,"custom_model_data":10040},"model":"tavern:items/sets/arcanist/crossbow_1"},{"predicate":{"pulling":1,"pull":1.0,"custom_model_data":10040},"model":"tavern:items/sets/arcanist/crossbow_2"},{"predicate":{"charged":1,"custom_model_data":10040},"model":"tavern:items/sets/arcanist/crossbow_charged"},{"predicate":{"charged":1,"firework":1,"custom_model_data":10040},"model":"tavern:items/sets/arcanist/crossbow_firework"},{"predicate":{"custom_model_data":10041},"model":"tavern:items/sets/merry_christmas_2024/crossbow"},{"predicate":{"pulling":1,"custom_model_data":10041},"model":"tavern:items/sets/merry_christmas_2024/crossbow_0"},{"predicate":{"pulling":1,"pull":0.58,"custom_model_data":10041},"model":"tavern:items/sets/merry_christmas_2024/crossbow_1"},{"predicate":{"pulling":1,"pull":1.0,"custom_model_data":10041},"model":"tavern:items/sets/merry_christmas_2024/crossbow_2"},{"predicate":{"charged":1,"custom_model_data":10041},"model":"tavern:items/sets/merry_christmas_2024/crossbow_charged"},{"predicate":{"charged":1,"firework":1,"custom_model_data":10041},"model":"tavern:items/sets/merry_christmas_2024/crossbow_firework"},{"predicate":{"custom_model_data":10042},"model":"tavern:items/sets/frostbiteset/crossbow"},{"predicate":{"pulling":1,"custom_model_data":10042},"model":"tavern:items/sets/frostbiteset/crossbow_0"},{"predicate":{"pulling":1,"pull":0.58,"custom_model_data":10042},"model":"tavern:items/sets/frostbiteset/crossbow_1"},{"predicate":{"pulling":1,"pull":1.0,"custom_model_data":10042},"model":"tavern:items/sets/frostbiteset/crossbow_2"},{"predicate":{"charged":1,"custom_model_data":10042},"model":"tavern:items/sets/frostbiteset/crossbow_charged"},{"predicate":{"charged":1,"firework":1,"custom_model_data":10042},"model":"tavern:items/sets/frostbiteset/crossbow_firework"},{"predicate":{"custom_model_data":10043},"model":"tavern:items/sets/fireworkset/crossbow"},{"predicate":{"pulling":1,"custom_model_data":10043},"model":"tavern:items/sets/fireworkset/crossbow_0"},{"predicate":{"pulling":1,"pull":0.58,"custom_model_data":10043},"model":"tavern:items/sets/fireworkset/crossbow_1"},{"predicate":{"pulling":1,"pull":1.0,"custom_model_data":10043},"model":"tavern:items/sets/fireworkset/crossbow_2"},{"predicate":{"charged":1,"custom_model_data":10043},"model":"tavern:items/sets/fireworkset/crossbow_charged"},{"predicate":{"charged":1,"firework":1,"custom_model_data":10043},"model":"tavern:items/sets/fireworkset/crossbow_firework"},{"predicate":{"custom_model_data":151003},"model":"tavern:items/sets/discordnitro/crossbow"},{"predicate":{"pulling":1,"custom_model_data":151003},"model":"tavern:items/sets/discordnitro/crossbow_0"},{"predicate":{"pulling":1,"pull":0.58,"custom_model_data":151003},"model":"tavern:items/sets/discordnitro/crossbow_1"},{"predicate":{"pulling":1,"pull":1.0,"custom_model_data":151003},"model":"tavern:items/sets/discordnitro/crossbow_2"},{"predicate":{"charged":1,"custom_model_data":151003},"model":"tavern:items/sets/discordnitro/crossbow_charged"},{"predicate":{"charged":1,"firework":1,"custom_model_data":151003},"model":"tavern:items/sets/discordnitro/crossbow_firework"},{"predicate":{"custom_model_data":151004},"model":"item/crossbow"}]}