{"parent":"minecraft:item/handheld","textures":{"layer0":"minecraft:item/diamond_pickaxe"},"overrides":[{"predicate":{"custom_model_data":10000},"model":"tavern:items/sets/cyber/orange/hammer"},{"predicate":{"custom_model_data":10001},"model":"tavern:items/sets/cyber/orange/pickaxe"},{"predicate":{"custom_model_data":10004},"model":"tavern:items/sets/cyber/pink/hammer"},{"predicate":{"custom_model_data":10005},"model":"tavern:items/sets/cyber/pink/pickaxe"},{"predicate":{"custom_model_data":10006},"model":"tavern:items/sets/cyber/blue/hammer"},{"predicate":{"custom_model_data":10007},"model":"tavern:items/sets/cyber/blue/pickaxe"},{"predicate":{"custom_model_data":10008},"model":"tavern:items/sets/cyber/purple/hammer"},{"predicate":{"custom_model_data":10009},"model":"tavern:items/sets/cyber/purple/pickaxe"},{"predicate":{"custom_model_data":10010},"model":"tavern:items/sets/cyber/red/hammer"},{"predicate":{"custom_model_data":10011},"model":"tavern:items/sets/cyber/red/pickaxe"},{"predicate":{"custom_model_data":10012},"model":"tavern:items/sets/cyber/green/hammer"},{"predicate":{"custom_model_data":10013},"model":"tavern:items/sets/cyber/green/pickaxe"},{"predicate":{"custom_model_data":10015},"model":"tavern:items/sets/warden/pickaxe"},{"predicate":{"custom_model_data":10016},"model":"tavern:items/sets/asura/pickaxe"},{"predicate":{"custom_model_data":10018},"model":"tavern:items/sets/darkworldpack/normal/pickaxe"},{"predicate":{"custom_model_data":10019},"model":"tavern:items/sets/yggdrasil/pickaxe"},{"predicate":{"custom_model_data":10020},"model":"item/diamond_pickaxe"}]}