{"parent":"minecraft:item/generated","textures":{"layer0":"minecraft:item/diamond"},"overrides":[{"predicate":{"custom_model_data":11000},"model":"tavern:items/sets/malika/wings"},{"predicate":{"custom_model_data":11001},"model":"tavern:items/sets/cyber/orange/chest"},{"predicate":{"custom_model_data":11002},"model":"tavern:items/sets/cyber/orange/chest_opening"},{"predicate":{"custom_model_data":11003},"model":"tavern:items/sets/cyber/orange/key"},{"predicate":{"custom_model_data":11004},"model":"tavern:items/sets/cyber/orange/wings"},{"predicate":{"custom_model_data":11011},"model":"tavern:items/sets/cyber/pink/chest"},{"predicate":{"custom_model_data":11012},"model":"tavern:items/sets/cyber/pink/chest_opening"},{"predicate":{"custom_model_data":11013},"model":"tavern:items/sets/cyber/pink/key"},{"predicate":{"custom_model_data":11014},"model":"tavern:items/sets/cyber/pink/wings"},{"predicate":{"custom_model_data":11016},"model":"tavern:items/sets/cyber/blue/chest"},{"predicate":{"custom_model_data":11017},"model":"tavern:items/sets/cyber/blue/chest_opening"},{"predicate":{"custom_model_data":11018},"model":"tavern:items/sets/cyber/blue/key"},{"predicate":{"custom_model_data":11019},"model":"tavern:items/sets/cyber/blue/wings"},{"predicate":{"custom_model_data":11021},"model":"tavern:items/sets/cyber/purple/chest"},{"predicate":{"custom_model_data":11022},"model":"tavern:items/sets/cyber/purple/chest_opening"},{"predicate":{"custom_model_data":11023},"model":"tavern:items/sets/cyber/purple/key"},{"predicate":{"custom_model_data":11024},"model":"tavern:items/sets/cyber/purple/wings"},{"predicate":{"custom_model_data":11026},"model":"tavern:items/sets/cyber/red/chest"},{"predicate":{"custom_model_data":11027},"model":"tavern:items/sets/cyber/red/chest_opening"},{"predicate":{"custom_model_data":11028},"model":"tavern:items/sets/cyber/red/key"},{"predicate":{"custom_model_data":11029},"model":"tavern:items/sets/cyber/red/wings"},{"predicate":{"custom_model_data":11031},"model":"tavern:items/sets/cyber/green/chest"},{"predicate":{"custom_model_data":11032},"model":"tavern:items/sets/cyber/green/chest_opening"},{"predicate":{"custom_model_data":11033},"model":"tavern:items/sets/cyber/green/key"},{"predicate":{"custom_model_data":11034},"model":"tavern:items/sets/cyber/green/wings"},{"predicate":{"custom_model_data":11037},"model":"tavern:items/sets/cyber/purple/summer_chest"},{"predicate":{"custom_model_data":11038},"model":"tavern:items/sets/cyber/purple/summer_key"},{"predicate":{"custom_model_data":11041},"model":"tavern:items/sets/darkworldpack/normal/key"},{"predicate":{"custom_model_data":11042},"model":"tavern:items/sets/darkworldpack/normal/wings"},{"predicate":{"custom_model_data":11043},"model":"tavern:items/sets/darkworldpack/normal/wings_self"},{"predicate":{"custom_model_data":11044},"model":"tavern:items/sets/cyber/blue/helmet"},{"predicate":{"custom_model_data":11045},"model":"item/diamond"}]}