{"parent":"minecraft:item/handheld","textures":{"layer0":"minecraft:item/diamond_sword"},"overrides":[{"predicate":{"custom_model_data":10000},"model":"tavern:items/sets/cyber/orange/knife"},{"predicate":{"custom_model_data":10001},"model":"tavern:items/sets/cyber/orange/spear"},{"predicate":{"custom_model_data":10002},"model":"tavern:items/sets/cyber/orange/sickle"},{"predicate":{"custom_model_data":10003},"model":"tavern:items/sets/cyber/orange/staff"},{"predicate":{"custom_model_data":10004},"model":"tavern:items/sets/cyber/orange/sword"},{"predicate":{"custom_model_data":10010},"model":"tavern:items/sets/cyber/pink/knife"},{"predicate":{"custom_model_data":10011},"model":"tavern:items/sets/cyber/pink/spear"},{"predicate":{"custom_model_data":10012},"model":"tavern:items/sets/cyber/pink/sickle"},{"predicate":{"custom_model_data":10013},"model":"tavern:items/sets/cyber/pink/staff"},{"predicate":{"custom_model_data":10014},"model":"tavern:items/sets/cyber/pink/sword"},{"predicate":{"custom_model_data":10015},"model":"tavern:items/sets/cyber/blue/knife"},{"predicate":{"custom_model_data":10016},"model":"tavern:items/sets/cyber/blue/spear"},{"predicate":{"custom_model_data":10017},"model":"tavern:items/sets/cyber/blue/sickle"},{"predicate":{"custom_model_data":10018},"model":"tavern:items/sets/cyber/blue/staff"},{"predicate":{"custom_model_data":10019},"model":"tavern:items/sets/cyber/blue/sword"},{"predicate":{"custom_model_data":10020},"model":"tavern:items/sets/cyber/purple/knife"},{"predicate":{"custom_model_data":10021},"model":"tavern:items/sets/cyber/purple/spear"},{"predicate":{"custom_model_data":10022},"model":"tavern:items/sets/cyber/purple/sickle"},{"predicate":{"custom_model_data":10023},"model":"tavern:items/sets/cyber/purple/staff"},{"predicate":{"custom_model_data":10024},"model":"tavern:items/sets/cyber/purple/sword"},{"predicate":{"custom_model_data":10025},"model":"tavern:items/sets/cyber/red/knife"},{"predicate":{"custom_model_data":10026},"model":"tavern:items/sets/cyber/red/spear"},{"predicate":{"custom_model_data":10027},"model":"tavern:items/sets/cyber/red/sickle"},{"predicate":{"custom_model_data":10028},"model":"tavern:items/sets/cyber/red/staff"},{"predicate":{"custom_model_data":10029},"model":"tavern:items/sets/cyber/red/sword"},{"predicate":{"custom_model_data":10030},"model":"tavern:items/sets/cyber/green/knife"},{"predicate":{"custom_model_data":10031},"model":"tavern:items/sets/cyber/green/spear"},{"predicate":{"custom_model_data":10032},"model":"tavern:items/sets/cyber/green/sickle"},{"predicate":{"custom_model_data":10033},"model":"tavern:items/sets/cyber/green/staff"},{"predicate":{"custom_model_data":10034},"model":"tavern:items/sets/cyber/green/sword"},{"predicate":{"custom_model_data":10042},"model":"tavern:items/sets/warden/knife"},{"predicate":{"custom_model_data":10043},"model":"tavern:items/sets/warden/sword"},{"predicate":{"custom_model_data":10044},"model":"tavern:items/sets/asura/blade"},{"predicate":{"custom_model_data":10045},"model":"tavern:items/sets/asura/halberd"},{"predicate":{"custom_model_data":10046},"model":"tavern:items/sets/asura/spear"},{"predicate":{"custom_model_data":10047},"model":"tavern:items/sets/asura/staff"},{"predicate":{"custom_model_data":10048},"model":"tavern:items/sets/asura/sword"},{"predicate":{"custom_model_data":10058},"model":"tavern:ia_auto_gen/rpgbundle_vol3_weapon1"},{"predicate":{"custom_model_data":10059},"model":"tavern:ia_auto_gen/rpgbundle_vol3_weapon10"},{"predicate":{"custom_model_data":10060},"model":"tavern:ia_auto_gen/rpgbundle_vol3_weapon11"},{"predicate":{"custom_model_data":10061},"model":"tavern:ia_auto_gen/rpgbundle_vol3_weapon12"},{"predicate":{"custom_model_data":10062},"model":"tavern:ia_auto_gen/rpgbundle_vol3_weapon13"},{"predicate":{"custom_model_data":10063},"model":"tavern:ia_auto_gen/rpgbundle_vol3_weapon14"},{"predicate":{"custom_model_data":10064},"model":"tavern:ia_auto_gen/rpgbundle_vol3_weapon15"},{"predicate":{"custom_model_data":10065},"model":"tavern:ia_auto_gen/rpgbundle_vol3_weapon16"},{"predicate":{"custom_model_data":10066},"model":"tavern:ia_auto_gen/rpgbundle_vol3_weapon17"},{"predicate":{"custom_model_data":10067},"model":"tavern:ia_auto_gen/rpgbundle_vol3_weapon18"},{"predicate":{"custom_model_data":10068},"model":"tavern:ia_auto_gen/rpgbundle_vol3_weapon19"},{"predicate":{"custom_model_data":10069},"model":"tavern:ia_auto_gen/rpgbundle_vol3_weapon2"},{"predicate":{"custom_model_data":10070},"model":"tavern:ia_auto_gen/rpgbundle_vol3_weapon20"},{"predicate":{"custom_model_data":10071},"model":"tavern:ia_auto_gen/rpgbundle_vol3_weapon21"},{"predicate":{"custom_model_data":10072},"model":"tavern:ia_auto_gen/rpgbundle_vol3_weapon22"},{"predicate":{"custom_model_data":10073},"model":"tavern:ia_auto_gen/rpgbundle_vol3_weapon23"},{"predicate":{"custom_model_data":10074},"model":"tavern:ia_auto_gen/rpgbundle_vol3_weapon24"},{"predicate":{"custom_model_data":10075},"model":"tavern:ia_auto_gen/rpgbundle_vol3_weapon25"},{"predicate":{"custom_model_data":10076},"model":"tavern:ia_auto_gen/rpgbundle_vol3_weapon26"},{"predicate":{"custom_model_data":10077},"model":"tavern:ia_auto_gen/rpgbundle_vol3_weapon27"},{"predicate":{"custom_model_data":10078},"model":"tavern:ia_auto_gen/rpgbundle_vol3_weapon28"},{"predicate":{"custom_model_data":10079},"model":"tavern:ia_auto_gen/rpgbundle_vol3_weapon29"},{"predicate":{"custom_model_data":10080},"model":"tavern:ia_auto_gen/rpgbundle_vol3_weapon3"},{"predicate":{"custom_model_data":10081},"model":"tavern:ia_auto_gen/rpgbundle_vol3_weapon4"},{"predicate":{"custom_model_data":10082},"model":"tavern:ia_auto_gen/rpgbundle_vol3_weapon5"},{"predicate":{"custom_model_data":10083},"model":"tavern:ia_auto_gen/rpgbundle_vol3_weapon6"},{"predicate":{"custom_model_data":10084},"model":"tavern:ia_auto_gen/rpgbundle_vol3_weapon7"},{"predicate":{"custom_model_data":10085},"model":"tavern:ia_auto_gen/rpgbundle_vol3_weapon8"},{"predicate":{"custom_model_data":10086},"model":"tavern:ia_auto_gen/rpgbundle_vol3_weapon9"},{"predicate":{"custom_model_data":10116},"model":"tavern:ia_auto_gen/rpgbundle_vol6_weapon1"},{"predicate":{"custom_model_data":10117},"model":"tavern:ia_auto_gen/rpgbundle_vol6_weapon10"},{"predicate":{"custom_model_data":10118},"model":"tavern:ia_auto_gen/rpgbundle_vol6_weapon11"},{"predicate":{"custom_model_data":10119},"model":"tavern:ia_auto_gen/rpgbundle_vol6_weapon12"},{"predicate":{"custom_model_data":10120},"model":"tavern:ia_auto_gen/rpgbundle_vol6_weapon13"},{"predicate":{"custom_model_data":10121},"model":"tavern:ia_auto_gen/rpgbundle_vol6_weapon14"},{"predicate":{"custom_model_data":10122},"model":"tavern:ia_auto_gen/rpgbundle_vol6_weapon15"},{"predicate":{"custom_model_data":10123},"model":"tavern:ia_auto_gen/rpgbundle_vol6_weapon16"},{"predicate":{"custom_model_data":10124},"model":"tavern:ia_auto_gen/rpgbundle_vol6_weapon17"},{"predicate":{"custom_model_data":10125},"model":"tavern:ia_auto_gen/rpgbundle_vol6_weapon18"},{"predicate":{"custom_model_data":10126},"model":"tavern:ia_auto_gen/rpgbundle_vol6_weapon19"},{"predicate":{"custom_model_data":10127},"model":"tavern:ia_auto_gen/rpgbundle_vol6_weapon2"},{"predicate":{"custom_model_data":10128},"model":"tavern:ia_auto_gen/rpgbundle_vol6_weapon20"},{"predicate":{"custom_model_data":10129},"model":"tavern:ia_auto_gen/rpgbundle_vol6_weapon21"},{"predicate":{"custom_model_data":10130},"model":"tavern:ia_auto_gen/rpgbundle_vol6_weapon22"},{"predicate":{"custom_model_data":10131},"model":"tavern:ia_auto_gen/rpgbundle_vol6_weapon23"},{"predicate":{"custom_model_data":10132},"model":"tavern:ia_auto_gen/rpgbundle_vol6_weapon24"},{"predicate":{"custom_model_data":10133},"model":"tavern:ia_auto_gen/rpgbundle_vol6_weapon25"},{"predicate":{"custom_model_data":10134},"model":"tavern:ia_auto_gen/rpgbundle_vol6_weapon26"},{"predicate":{"custom_model_data":10135},"model":"tavern:ia_auto_gen/rpgbundle_vol6_weapon27"},{"predicate":{"custom_model_data":10136},"model":"tavern:ia_auto_gen/rpgbundle_vol6_weapon28"},{"predicate":{"custom_model_data":10137},"model":"tavern:ia_auto_gen/rpgbundle_vol6_weapon29"},{"predicate":{"custom_model_data":10138},"model":"tavern:ia_auto_gen/rpgbundle_vol6_weapon3"},{"predicate":{"custom_model_data":10139},"model":"tavern:ia_auto_gen/rpgbundle_vol6_weapon4"},{"predicate":{"custom_model_data":10140},"model":"tavern:ia_auto_gen/rpgbundle_vol6_weapon5"},{"predicate":{"custom_model_data":10141},"model":"tavern:ia_auto_gen/rpgbundle_vol6_weapon6"},{"predicate":{"custom_model_data":10142},"model":"tavern:ia_auto_gen/rpgbundle_vol6_weapon7"},{"predicate":{"custom_model_data":10143},"model":"tavern:ia_auto_gen/rpgbundle_vol6_weapon8"},{"predicate":{"custom_model_data":10144},"model":"tavern:ia_auto_gen/rpgbundle_vol6_weapon9"},{"predicate":{"custom_model_data":10162},"model":"tavern:items/sets/darkworldpack/normal/bigsword"},{"predicate":{"custom_model_data":10163},"model":"tavern:items/sets/darkworldpack/normal/dagger"},{"predicate":{"custom_model_data":10164},"model":"tavern:items/sets/darkworldpack/normal/halberd"},{"predicate":{"custom_model_data":10165},"model":"tavern:items/sets/darkworldpack/normal/katana"},{"predicate":{"custom_model_data":10166},"model":"tavern:items/sets/darkworldpack/normal/sickle"},{"predicate":{"custom_model_data":10167},"model":"tavern:items/sets/darkworldpack/normal/spear"},{"predicate":{"custom_model_data":10168},"model":"tavern:items/sets/darkworldpack/normal/staff"},{"predicate":{"custom_model_data":10169},"model":"tavern:items/sets/darkworldpack/normal/sword"},{"predicate":{"custom_model_data":10170},"model":"tavern:items/sets/yggdrasil/battleaxe"},{"predicate":{"custom_model_data":10171},"model":"tavern:items/sets/yggdrasil/blade"},{"predicate":{"custom_model_data":10172},"model":"tavern:items/sets/yggdrasil/halberd"},{"predicate":{"custom_model_data":10173},"model":"tavern:items/sets/yggdrasil/spear"},{"predicate":{"custom_model_data":10174},"model":"tavern:items/sets/yggdrasil/sword"},{"predicate":{"custom_model_data":10175},"model":"item/diamond_sword"}]}