{"parent":"item/handheld_rod","textures":{"layer0":"item/fishing_rod"},"overrides":[{"predicate":{"cast":1},"model":"item/fishing_rod_cast"},{"predicate":{"cast":1},"model":"item/fishing_rod_cast"},{"predicate":{"cast":1},"model":"item/fishing_rod_cast"},{"predicate":{"custom_model_data":10000},"model":"tavern:items/sets/malika/fishing_rod"},{"predicate":{"cast":1,"custom_model_data":10000},"model":"tavern:items/sets/malika/fishing_rod_cast"},{"predicate":{"custom_model_data":10001},"model":"tavern:items/sets/cyber/orange/rod"},{"predicate":{"cast":1,"custom_model_data":10001},"model":"tavern:items/sets/cyber/orange/rod_cast"},{"predicate":{"custom_model_data":10002},"model":"tavern:items/sets/cyber/original/rod"},{"predicate":{"cast":1,"custom_model_data":10002},"model":"tavern:items/sets/cyber/original/rod_cast"},{"predicate":{"custom_model_data":10003},"model":"tavern:items/sets/cyber/pink/rod"},{"predicate":{"cast":1,"custom_model_data":10003},"model":"tavern:items/sets/cyber/pink/rod_cast"},{"predicate":{"custom_model_data":10004},"model":"tavern:items/sets/cyber/blue/rod"},{"predicate":{"cast":1,"custom_model_data":10004},"model":"tavern:items/sets/cyber/blue/rod_cast"},{"predicate":{"custom_model_data":10005},"model":"tavern:items/sets/cyber/purple/rod"},{"predicate":{"cast":1,"custom_model_data":10005},"model":"tavern:items/sets/cyber/purple/rod_cast"},{"predicate":{"custom_model_data":10006},"model":"tavern:items/sets/cyber/red/rod"},{"predicate":{"cast":1,"custom_model_data":10006},"model":"tavern:items/sets/cyber/red/rod_cast"},{"predicate":{"custom_model_data":10007},"model":"tavern:items/sets/cyber/green/rod"},{"predicate":{"cast":1,"custom_model_data":10007},"model":"tavern:items/sets/cyber/green/rod_cast"},{"predicate":{"custom_model_data":10008},"model":"tavern:items/sets/ginger_bread_gear/fishing_rod"},{"predicate":{"cast":1,"custom_model_data":10008},"model":"tavern:items/sets/ginger_bread_gear/fishing_rod_cast"},{"predicate":{"custom_model_data":10008},"model":"tavern:items/sets/yggdrasil/fishing_rod"},{"predicate":{"cast":1,"custom_model_data":10008},"model":"tavern:items/sets/yggdrasil/fishing_rod_cast"},{"predicate":{"custom_model_data":10009},"model":"tavern:items/sets/xmas/fishing_rod"},{"predicate":{"cast":1,"custom_model_data":10009},"model":"tavern:items/sets/xmas/fishing_rod_cast"},{"predicate":{"custom_model_data":10010},"model":"tavern:items/sets/dragonsoul/fishing_rod"},{"predicate":{"cast":1,"custom_model_data":10010},"model":"tavern:items/sets/dragonsoul/fishing_rod_cast"},{"predicate":{"custom_model_data":10012},"model":"tavern:items/sets/winter/fishing_rod"},{"predicate":{"cast":1,"custom_model_data":10012},"model":"tavern:items/sets/winter/fishing_rod_cast"},{"predicate":{"custom_model_data":10013},"model":"tavern:items/sets/littlebunny/fishing_rod"},{"predicate":{"cast":1,"custom_model_data":10013},"model":"tavern:items/sets/littlebunny/fishing_rod_cast"},{"predicate":{"custom_model_data":10014},"model":"tavern:items/sets/evergreen/fishing_rod"},{"predicate":{"cast":1,"custom_model_data":10014},"model":"tavern:items/sets/evergreen/fishing_rod_cast"},{"predicate":{"custom_model_data":10015},"model":"tavern:items/sets/littleshark/fishing_rod"},{"predicate":{"cast":1,"custom_model_data":10015},"model":"tavern:items/sets/littleshark/fishing_rod_cast"},{"predicate":{"custom_model_data":10024},"model":"tavern:items/sets/beats/fishing_rod"},{"predicate":{"cast":1,"custom_model_data":10024},"model":"tavern:items/sets/beats/fishing_rod_cast"},{"predicate":{"custom_model_data":10025},"model":"tavern:items/sets/azure/fishing_rod"},{"predicate":{"cast":1,"custom_model_data":10025},"model":"tavern:items/sets/azure/fishing_rod_cast"},{"predicate":{"custom_model_data":10026},"model":"tavern:items/sets/berserker/fishing_rod"},{"predicate":{"cast":1,"custom_model_data":10026},"model":"tavern:items/sets/berserker/fishing_rod_cast"},{"predicate":{"custom_model_data":10027},"model":"tavern:items/sets/warden/fishing_rod"},{"predicate":{"cast":1,"custom_model_data":10027},"model":"tavern:items/sets/warden/fishing_rod_cast"},{"predicate":{"custom_model_data":10028},"model":"tavern:items/sets/littlepanda/fishing_rod"},{"predicate":{"cast":1,"custom_model_data":10028},"model":"tavern:items/sets/littlepanda/fishing_rod_cast"},{"predicate":{"custom_model_data":10029},"model":"tavern:items/sets/fiendskull/fishing_rod"},{"predicate":{"cast":1,"custom_model_data":10029},"model":"tavern:items/sets/fiendskull/fishing_rod_cast"},{"predicate":{"custom_model_data":10030},"model":"tavern:items/sets/asura/fishing_rod"},{"predicate":{"cast":1,"custom_model_data":10030},"model":"tavern:items/sets/asura/fishing_rod_cast"},{"predicate":{"custom_model_data":10032},"model":"tavern:items/sets/bonita/fishing_rod"},{"predicate":{"cast":1,"custom_model_data":10032},"model":"tavern:items/sets/bonita/fishing_rod_cast"},{"predicate":{"custom_model_data":10033},"model":"tavern:items/sets/skeleton_overlord/fishing_rod"},{"predicate":{"cast":1,"custom_model_data":10033},"model":"tavern:items/sets/skeleton_overlord/fishing_rod_cast"},{"predicate":{"custom_model_data":10034},"model":"tavern:items/sets/merry_christmas/fishing_rod"},{"predicate":{"cast":1,"custom_model_data":10034},"model":"tavern:items/sets/merry_christmas/fishing_rod_cast"},{"predicate":{"custom_model_data":10035},"model":"tavern:items/sets/christmas_2023/fishing_rod"},{"predicate":{"cast":1,"custom_model_data":10035},"model":"tavern:items/sets/christmas_2023/fishing_rod_cast"},{"predicate":{"custom_model_data":10036},"model":"tavern:items/sets/nexus/fishing_rod"},{"predicate":{"cast":1,"custom_model_data":10036},"model":"tavern:items/sets/nexus/fishing_rod_cast"},{"predicate":{"custom_model_data":10037},"model":"tavern:items/sets/fairy/fishing_rod"},{"predicate":{"cast":1,"custom_model_data":10037},"model":"tavern:items/sets/fairy/fishing_rod_cast"},{"predicate":{"custom_model_data":10038},"model":"tavern:items/sets/lunar/fishing_rod"},{"predicate":{"cast":1,"custom_model_data":10038},"model":"tavern:items/sets/lunar/fishing_rod_cast"},{"predicate":{"custom_model_data":10039},"model":"tavern:items/sets/thunderbolt/fishing_rod"},{"predicate":{"cast":1,"custom_model_data":10039},"model":"tavern:items/sets/thunderbolt/fishing_rod_cast"},{"predicate":{"custom_model_data":10040},"model":"tavern:items/sets/valentine/fishing_rod"},{"predicate":{"cast":1,"custom_model_data":10040},"model":"tavern:items/sets/valentine/fishing_rod_cast"},{"predicate":{"custom_model_data":10041},"model":"tavern:items/sets/sweetheart/fishing_rod"},{"predicate":{"cast":1,"custom_model_data":10041},"model":"tavern:items/sets/sweetheart/fishing_rod_cast"},{"predicate":{"custom_model_data":10043},"model":"tavern:items/sets/queenbee/fishing_rod"},{"predicate":{"cast":1,"custom_model_data":10043},"model":"tavern:items/sets/queenbee/fishing_rod_cast"},{"predicate":{"custom_model_data":10044},"model":"tavern:items/sets/valor/fishing_rod"},{"predicate":{"cast":1,"custom_model_data":10044},"model":"tavern:items/sets/valor/fishing_rod_cast"},{"predicate":{"custom_model_data":10045},"model":"tavern:items/sets/saintpatrick/fishing_rod"},{"predicate":{"cast":1,"custom_model_data":10045},"model":"tavern:items/sets/saintpatrick/fishing_rod_cast"},{"predicate":{"custom_model_data":10046},"model":"tavern:items/sets/levian/fishing_rod"},{"predicate":{"cast":1,"custom_model_data":10046},"model":"tavern:items/sets/levian/fishing_rod_cast"},{"predicate":{"custom_model_data":10047},"model":"tavern:items/sets/valkyrie/fishing_rod"},{"predicate":{"cast":1,"custom_model_data":10047},"model":"tavern:items/sets/valkyrie/fishing_rod_cast"},{"predicate":{"custom_model_data":10048},"model":"tavern:items/sets/minotaur/fishing_rod"},{"predicate":{"cast":1,"custom_model_data":10048},"model":"tavern:items/sets/minotaur/fishing_rod_cast"},{"predicate":{"custom_model_data":10051},"model":"tavern:items/sets/serpent/fishing_rod"},{"predicate":{"cast":1,"custom_model_data":10051},"model":"tavern:items/sets/serpent/fishing_rod_cast"},{"predicate":{"custom_model_data":10052},"model":"tavern:items/sets/easter2024/fishing_rod"},{"predicate":{"cast":1,"custom_model_data":10052},"model":"tavern:items/sets/easter2024/fishing_rod_cast"},{"predicate":{"custom_model_data":10053},"model":"tavern:items/sets/azalea/fishing_rod"},{"predicate":{"cast":1,"custom_model_data":10053},"model":"tavern:items/sets/azalea/fishing_rod_cast"},{"predicate":{"custom_model_data":10054},"model":"tavern:items/sets/fuchsia/fishing_rod"},{"predicate":{"cast":1,"custom_model_data":10054},"model":"tavern:items/sets/fuchsia/fishing_rod_cast"},{"predicate":{"custom_model_data":10055},"model":"tavern:items/sets/littleduck/fishing_rod"},{"predicate":{"cast":1,"custom_model_data":10055},"model":"tavern:items/sets/littleduck/fishing_rod_cast"},{"predicate":{"custom_model_data":10056},"model":"tavern:items/sets/littlecrocodile/fishing_rod"},{"predicate":{"cast":1,"custom_model_data":10056},"model":"tavern:items/sets/littlecrocodile/fishing_rod_cast"},{"predicate":{"custom_model_data":10057},"model":"tavern:items/sets/yang/fishing_rod"},{"predicate":{"cast":1,"custom_model_data":10057},"model":"tavern:items/sets/yang/fishing_rod_cast"},{"predicate":{"custom_model_data":10058},"model":"tavern:items/sets/yin/fishing_rod"},{"predicate":{"cast":1,"custom_model_data":10058},"model":"tavern:items/sets/yin/fishing_rod_cast"},{"predicate":{"custom_model_data":10059},"model":"tavern:items/sets/goku/fishing_rod"},{"predicate":{"cast":1,"custom_model_data":10059},"model":"tavern:items/sets/goku/fishing_rod_cast"},{"predicate":{"custom_model_data":10060},"model":"tavern:items/sets/vegeta/fishing_rod"},{"predicate":{"cast":1,"custom_model_data":10060},"model":"tavern:items/sets/vegeta/fishing_rod_cast"},{"predicate":{"custom_model_data":10061},"model":"tavern:items/sets/summer/fishing_rod"},{"predicate":{"cast":1,"custom_model_data":10061},"model":"tavern:items/sets/summer/fishing_rod_cast"},{"predicate":{"custom_model_data":10062},"model":"tavern:items/sets/wild/fishing_rod"},{"predicate":{"cast":1,"custom_model_data":10062},"model":"tavern:items/sets/wild/fishing_rod_cast"},{"predicate":{"custom_model_data":10063},"model":"tavern:items/sets/spartan/fishing_rod"},{"predicate":{"cast":1,"custom_model_data":10063},"model":"tavern:items/sets/spartan/fishing_rod_cast"},{"predicate":{"custom_model_data":10064},"model":"tavern:items/sets/demon_edge/fishing_rod"},{"predicate":{"cast":1,"custom_model_data":10064},"model":"tavern:items/sets/demon_edge/fishing_rod_cast"},{"predicate":{"custom_model_data":10065},"model":"tavern:items/sets/halloween2/fishing_rod"},{"predicate":{"cast":1,"custom_model_data":10065},"model":"tavern:items/sets/halloween2/fishing_rod_cast"},{"predicate":{"custom_model_data":10066},"model":"tavern:items/sets/halloween1/fishing_rod"},{"predicate":{"cast":1,"custom_model_data":10066},"model":"tavern:items/sets/halloween1/fishing_rod_cast"},{"predicate":{"custom_model_data":10067},"model":"tavern:items/sets/ender_dragon/fishing_rod"},{"predicate":{"cast":1,"custom_model_data":10067},"model":"tavern:items/sets/ender_dragon/fishing_rod_cast"},{"predicate":{"custom_model_data":10068},"model":"tavern:items/sets/nanoedge/fishing_rod"},{"predicate":{"cast":1,"custom_model_data":10068},"model":"tavern:items/sets/nanoedge/fishing_rod_cast"},{"predicate":{"custom_model_data":10069},"model":"tavern:items/sets/mysticcyan/fishing_rod"},{"predicate":{"cast":1,"custom_model_data":10069},"model":"tavern:items/sets/mysticcyan/fishing_rod_cast"},{"predicate":{"custom_model_data":10070},"model":"tavern:items/sets/arcanist/fishing_rod"},{"predicate":{"cast":1,"custom_model_data":10070},"model":"tavern:items/sets/arcanist/fishing_rod_cast"},{"predicate":{"custom_model_data":10071},"model":"tavern:items/sets/merry_christmas_2024/fishing_rod"},{"predicate":{"cast":1,"custom_model_data":10071},"model":"tavern:items/sets/merry_christmas_2024/fishing_rod_cast"},{"predicate":{"custom_model_data":10072},"model":"tavern:items/sets/frostbiteset/fishing_rod"},{"predicate":{"cast":1,"custom_model_data":10072},"model":"tavern:items/sets/frostbiteset/fishing_rod_cast"},{"predicate":{"custom_model_data":151019},"model":"tavern:items/sets/discordnitro/fishing_rod"},{"predicate":{"cast":1,"custom_model_data":151019},"model":"tavern:items/sets/discordnitro/fishing_rod_cast"},{"predicate":{"custom_model_data":151020},"model":"item/fishing_rod"}]}