{"parent":"item/generated","textures":{"layer0":"item/gold_nugget"},"overrides":[{"predicate":{"custom_model_data":7000},"model":"tavern:items/gui/battlepass/air"},{"predicate":{"custom_model_data":7001},"model":"tavern:items/gui/battlepass/locked"},{"predicate":{"custom_model_data":7002},"model":"tavern:items/gui/battlepass/unlocked"},{"predicate":{"custom_model_data":7003},"model":"tavern:items/gui/battlepass/reward_unclaimed"},{"predicate":{"custom_model_data":7004},"model":"tavern:items/gui/battlepass/reward_claimed"},{"predicate":{"custom_model_data":7005},"model":"tavern:items/gui/battlepass/questbook"},{"predicate":{"custom_model_data":7006},"model":"tavern:items/gui/battlepass/questbook_gray"},{"predicate":{"custom_model_data":7007},"model":"tavern:items/gui/battlepass/reward_locked_gray"},{"predicate":{"custom_model_data":7008},"model":"tavern:items/gui/battlepass/reward_locked_green"},{"predicate":{"custom_model_data":2000001},"model":"custom/elitecreatures/ninetailfox/slashtry"},{"predicate":{"custom_model_data":2000003},"model":"custom/elitecreatures/ninetailfox/foxballprojectile"},{"predicate":{"custom_model_data":2000004},"model":"custom/elitecreatures/ninetailfox/slashjump"},{"predicate":{"custom_model_data":2000005},"model":"custom/elitecreatures/ninetailfox/slashwhirl"},{"predicate":{"custom_model_data":2000006},"model":"custom/elitecreatures/ninetailfox/slashcombo1"},{"predicate":{"custom_model_data":2000007},"model":"custom/elitecreatures/ninetailfox/slashcombo2"},{"predicate":{"custom_model_data":2000008},"model":"custom/elitecreatures/ninetailfox/slashdeflect"},{"predicate":{"custom_model_data":2000009},"model":"custom/elitecreatures/ninetailfox/slashwhirl2"},{"predicate":{"custom_model_data":2000010},"model":"custom/elitecreatures/ninetailfox/foxball1"},{"predicate":{"custom_model_data":2000011},"model":"custom/elitecreatures/ninetailfox/foxball2"},{"predicate":{"custom_model_data":2000012},"model":"custom/elitecreatures/ninetailfox/foxball3"},{"predicate":{"custom_model_data":2000013},"model":"custom/elitecreatures/ninetailfox/foxball4"},{"predicate":{"custom_model_data":2000014},"model":"custom/elitecreatures/ninetailfox/foxball5"},{"predicate":{"custom_model_data":2000015},"model":"custom/elitecreatures/ninetailfox/foxball6"},{"predicate":{"custom_model_data":2000016},"model":"custom/elitecreatures/ninetailfox/foxball7"},{"predicate":{"custom_model_data":2000017},"model":"custom/elitecreatures/ninetailfox/foxball8"},{"predicate":{"custom_model_data":2000018},"model":"custom/elitecreatures/ninetailfox/foxball9"},{"predicate":{"custom_model_data":2000019},"model":"custom/elitecreatures/ninetailfox/foxball10"},{"predicate":{"custom_model_data":2000020},"model":"custom/elitecreatures/ninetailfox/slash2hdeflect"},{"predicate":{"custom_model_data":2000021},"model":"custom/elitecreatures/ninetailfox/mistshield"},{"predicate":{"custom_model_data":2000022},"model":"custom/elitecreatures/ninetailfox/beastbomb"},{"predicate":{"custom_model_data":2000023},"model":"custom/elitecreatures/ninetailfox/devastation1"},{"predicate":{"custom_model_data":2000024},"model":"custom/elitecreatures/ninetailfox/devastation2"},{"predicate":{"custom_model_data":2000025},"model":"custom/elitecreatures/ninetailfox/devastation3"},{"predicate":{"custom_model_data":2000026},"model":"custom/elitecreatures/ninetailfox/devastation4"},{"predicate":{"custom_model_data":2000027},"model":"custom/elitecreatures/ninetailfox/devastation5"},{"predicate":{"custom_model_data":2000028},"model":"custom/elitecreatures/ninetailfox/devastation6"},{"predicate":{"custom_model_data":2000029},"model":"custom/elitecreatures/ninetailfox/devastation7"},{"predicate":{"custom_model_data":2000032},"model":"custom/elitecreatures/ninetailfox/cloudjump"},{"predicate":{"custom_model_data":2000033},"model":"custom/elitecreatures/ninetailfox/foxportal"},{"predicate":{"custom_model_data":2000034},"model":"custom/elitecreatures/ninetailfox/swordfall"},{"predicate":{"custom_model_data":2000035},"model":"custom/elitecreatures/ninetailfox/katanaleftdummy"},{"predicate":{"custom_model_data":2000036},"model":"custom/elitecreatures/ninetailfox/katanaleftdummyground"},{"predicate":{"custom_model_data":2000037},"model":"custom/elitecreatures/ninetailfox/petal1"},{"predicate":{"custom_model_data":2000038},"model":"custom/elitecreatures/ninetailfox/petal2"},{"predicate":{"custom_model_data":2000039},"model":"custom/elitecreatures/ninetailfox/petal3"},{"predicate":{"custom_model_data":2000040},"model":"custom/elitecreatures/ninetailfox/sakura1"},{"predicate":{"custom_model_data":2000041},"model":"custom/elitecreatures/ninetailfox/sakura2"},{"predicate":{"custom_model_data":2000042},"model":"custom/elitecreatures/ninetailfox/sakura3"},{"predicate":{"custom_model_data":2000043},"model":"custom/elitecreatures/ninetailfox/sakura4"},{"predicate":{"custom_model_data":2000044},"model":"custom/elitecreatures/ninetailfox/sakura5"},{"predicate":{"custom_model_data":2000045},"model":"custom/elitecreatures/ninetailfox/sakura6"},{"predicate":{"custom_model_data":2000046},"model":"custom/elitecreatures/ninetailfox/ninetailfoxtrophy"},{"predicate":{"custom_model_data":2000047},"model":"item/gold_nugget"}]}