{"parent":"item/handheld","textures":{"layer0":"item/iron_hoe"},"overrides":[{"predicate":{"custom_model_data":10000},"model":"tavern:items/sets/malika/hoe"},{"predicate":{"custom_model_data":10001},"model":"tavern:items/sets/ginger_bread_gear/hoe"},{"predicate":{"custom_model_data":10002},"model":"tavern:items/sets/xmas/hoe"},{"predicate":{"custom_model_data":10003},"model":"tavern:items/sets/dragonsoul/hoe"},{"predicate":{"custom_model_data":10004},"model":"tavern:items/sets/winter/hoe"},{"predicate":{"custom_model_data":10006},"model":"tavern:items/sets/littlebunny/hoe"},{"predicate":{"custom_model_data":10007},"model":"tavern:items/sets/evergreen/hoe"},{"predicate":{"custom_model_data":10008},"model":"tavern:items/sets/littleshark/hoe"},{"predicate":{"custom_model_data":10010},"model":"tavern:items/sets/azure/hoe"},{"predicate":{"custom_model_data":10011},"model":"tavern:items/sets/berserker/hoe"},{"predicate":{"custom_model_data":10012},"model":"tavern:items/sets/littlepanda/hoe"},{"predicate":{"custom_model_data":10015},"model":"tavern:items/sets/bonita/hoe"},{"predicate":{"custom_model_data":10016},"model":"tavern:items/sets/skeleton_overlord/hoe"},{"predicate":{"custom_model_data":10025},"model":"tavern:items/sets/littleduck/hoe"},{"predicate":{"custom_model_data":10026},"model":"tavern:items/sets/littlecrocodile/hoe"},{"predicate":{"custom_model_data":10027},"model":"tavern:items/sets/halloween2/hoe"},{"predicate":{"custom_model_data":10029},"model":"tavern:items/sets/ender_dragon/hoe"},{"predicate":{"custom_model_data":10030},"model":"item/iron_hoe"}]}