{"parent":"item/handheld","textures":{"layer0":"item/iron_pickaxe"},"overrides":[{"predicate":{"custom_model_data":10000},"model":"tavern:items/sets/malika/pickaxe"},{"predicate":{"custom_model_data":10001},"model":"tavern:items/sets/ginger_bread_gear/pickaxe"},{"predicate":{"custom_model_data":10002},"model":"tavern:items/sets/xmas/pickaxe"},{"predicate":{"custom_model_data":10003},"model":"tavern:items/sets/dragonsoul/pickaxe"},{"predicate":{"custom_model_data":10004},"model":"tavern:items/sets/winter/pickaxe"},{"predicate":{"custom_model_data":10006},"model":"tavern:items/sets/littlebunny/pickaxe"},{"predicate":{"custom_model_data":10007},"model":"tavern:items/sets/evergreen/pickaxe"},{"predicate":{"custom_model_data":10008},"model":"tavern:items/sets/littleshark/pickaxe"},{"predicate":{"custom_model_data":10010},"model":"tavern:items/sets/azure/pickaxe"},{"predicate":{"custom_model_data":10011},"model":"tavern:items/sets/berserker/pickaxe"},{"predicate":{"custom_model_data":10012},"model":"tavern:items/sets/littlepanda/pickaxe"},{"predicate":{"custom_model_data":10014},"model":"tavern:items/sets/bonita/pickaxe"},{"predicate":{"custom_model_data":10015},"model":"tavern:items/sets/skeleton_overlord/pickaxe"},{"predicate":{"custom_model_data":10025},"model":"tavern:items/sets/littleduck/pickaxe"},{"predicate":{"custom_model_data":10026},"model":"tavern:items/sets/littlecrocodile/pickaxe"},{"predicate":{"custom_model_data":10027},"model":"tavern:items/sets/halloween2/pickaxe"},{"predicate":{"custom_model_data":10029},"model":"tavern:items/sets/ender_dragon/pickaxe"},{"predicate":{"custom_model_data":10030},"model":"item/iron_pickaxe"}]}