{"parent":"item/handheld","textures":{"layer0":"item/iron_sword"},"overrides":[{"predicate":{"custom_model_data":10000},"model":"tavern:items/sets/malika/scythe"},{"predicate":{"custom_model_data":10001},"model":"tavern:items/sets/malika/spear"},{"predicate":{"custom_model_data":10002},"model":"tavern:items/sets/malika/staff"},{"predicate":{"custom_model_data":10003},"model":"tavern:items/sets/malika/sword"},{"predicate":{"custom_model_data":10004},"model":"tavern:items/sets/ginger_bread_gear/mace"},{"predicate":{"custom_model_data":10005},"model":"tavern:items/sets/ginger_bread_gear/sword"},{"predicate":{"custom_model_data":10006},"model":"tavern:items/sets/ginger_bread_gear/trident"},{"predicate":{"custom_model_data":10007},"model":"tavern:items/sets/xmas/hammer"},{"predicate":{"custom_model_data":10008},"model":"tavern:items/sets/xmas/scythe"},{"predicate":{"custom_model_data":10009},"model":"tavern:items/sets/xmas/spear"},{"predicate":{"custom_model_data":10010},"model":"tavern:items/sets/xmas/trident"},{"predicate":{"custom_model_data":10011},"model":"tavern:items/sets/xmas/staff"},{"predicate":{"custom_model_data":10012},"model":"tavern:items/sets/xmas/greatsword"},{"predicate":{"custom_model_data":10013},"model":"tavern:items/sets/xmas/sword"},{"predicate":{"custom_model_data":10014},"model":"tavern:items/sets/dragonsoul/hammer"},{"predicate":{"custom_model_data":10015},"model":"tavern:items/sets/dragonsoul/scythe"},{"predicate":{"custom_model_data":10016},"model":"tavern:items/sets/dragonsoul/spear"},{"predicate":{"custom_model_data":10017},"model":"tavern:items/sets/dragonsoul/trident"},{"predicate":{"custom_model_data":10018},"model":"tavern:items/sets/dragonsoul/staff"},{"predicate":{"custom_model_data":10019},"model":"tavern:items/sets/dragonsoul/greatsword"},{"predicate":{"custom_model_data":10020},"model":"tavern:items/sets/dragonsoul/sword"},{"predicate":{"custom_model_data":10028},"model":"tavern:items/sets/winter/hammer"},{"predicate":{"custom_model_data":10029},"model":"tavern:items/sets/winter/scythe"},{"predicate":{"custom_model_data":10030},"model":"tavern:items/sets/winter/spear"},{"predicate":{"custom_model_data":10031},"model":"tavern:items/sets/winter/staff"},{"predicate":{"custom_model_data":10032},"model":"tavern:items/sets/malika/greatsword"},{"predicate":{"custom_model_data":10033},"model":"tavern:items/sets/malika/hammer"},{"predicate":{"custom_model_data":10034},"model":"tavern:items/sets/malika/trident"},{"predicate":{"custom_model_data":10035},"model":"tavern:items/sets/littlebunny/hammer"},{"predicate":{"custom_model_data":10036},"model":"tavern:items/sets/littlebunny/spear"},{"predicate":{"custom_model_data":10037},"model":"tavern:items/sets/littlebunny/staff"},{"predicate":{"custom_model_data":10038},"model":"tavern:items/sets/littlebunny/sword"},{"predicate":{"custom_model_data":10039},"model":"tavern:items/sets/evergreen/greatsword"},{"predicate":{"custom_model_data":10040},"model":"tavern:items/sets/evergreen/hammer"},{"predicate":{"custom_model_data":10041},"model":"tavern:items/sets/evergreen/scythe"},{"predicate":{"custom_model_data":10042},"model":"tavern:items/sets/evergreen/spear"},{"predicate":{"custom_model_data":10043},"model":"tavern:items/sets/evergreen/staff"},{"predicate":{"custom_model_data":10044},"model":"tavern:items/sets/evergreen/sword"},{"predicate":{"custom_model_data":10045},"model":"tavern:items/sets/evergreen/trident"},{"predicate":{"custom_model_data":10046},"model":"tavern:items/sets/littleshark/hammer"},{"predicate":{"custom_model_data":10047},"model":"tavern:items/sets/littleshark/spear"},{"predicate":{"custom_model_data":10048},"model":"tavern:items/sets/littleshark/trident"},{"predicate":{"custom_model_data":10049},"model":"tavern:items/sets/littleshark/staff"},{"predicate":{"custom_model_data":10050},"model":"tavern:items/sets/littleshark/sword"},{"predicate":{"custom_model_data":10061},"model":"tavern:items/sets/azure/greatsword"},{"predicate":{"custom_model_data":10062},"model":"tavern:items/sets/azure/hammer"},{"predicate":{"custom_model_data":10063},"model":"tavern:items/sets/azure/scythe"},{"predicate":{"custom_model_data":10064},"model":"tavern:items/sets/azure/spear"},{"predicate":{"custom_model_data":10065},"model":"tavern:items/sets/azure/staff"},{"predicate":{"custom_model_data":10066},"model":"tavern:items/sets/azure/sword"},{"predicate":{"custom_model_data":10067},"model":"tavern:items/sets/azure/trident"},{"predicate":{"custom_model_data":10068},"model":"tavern:items/sets/berserker/blade"},{"predicate":{"custom_model_data":10069},"model":"tavern:items/sets/berserker/halberd"},{"predicate":{"custom_model_data":10070},"model":"tavern:items/sets/berserker/spear"},{"predicate":{"custom_model_data":10071},"model":"tavern:items/sets/berserker/staff"},{"predicate":{"custom_model_data":10072},"model":"tavern:items/sets/berserker/sword"},{"predicate":{"custom_model_data":10073},"model":"tavern:items/sets/littlepanda/greatsword"},{"predicate":{"custom_model_data":10074},"model":"tavern:items/sets/littlepanda/hammer"},{"predicate":{"custom_model_data":10075},"model":"tavern:items/sets/littlepanda/scythe"},{"predicate":{"custom_model_data":10076},"model":"tavern:items/sets/littlepanda/spear"},{"predicate":{"custom_model_data":10077},"model":"tavern:items/sets/littlepanda/staff"},{"predicate":{"custom_model_data":10078},"model":"tavern:items/sets/littlepanda/sword"},{"predicate":{"custom_model_data":10079},"model":"tavern:items/sets/littlepanda/trident"},{"predicate":{"custom_model_data":10080},"model":"tavern:items/sets/fiendskull/knife"},{"predicate":{"custom_model_data":10081},"model":"tavern:items/sets/fiendskull/hammer"},{"predicate":{"custom_model_data":10082},"model":"tavern:items/sets/fiendskull/scythe"},{"predicate":{"custom_model_data":10083},"model":"tavern:items/sets/fiendskull/spear"},{"predicate":{"custom_model_data":10084},"model":"tavern:items/sets/fiendskull/staff"},{"predicate":{"custom_model_data":10085},"model":"tavern:items/sets/fiendskull/sword"},{"predicate":{"custom_model_data":10086},"model":"tavern:items/sets/fiendskull/trident"},{"predicate":{"custom_model_data":10091},"model":"tavern:items/mythicals/baruka/baruka"},{"predicate":{"custom_model_data":10094},"model":"tavern:items/mythicals/bloodmoon/bloodmoon"},{"predicate":{"custom_model_data":10097},"model":"tavern:items/mythicals/kirly/kirly"},{"predicate":{"custom_model_data":10108},"model":"tavern:items/sets/bonita/greatsword"},{"predicate":{"custom_model_data":10109},"model":"tavern:items/sets/bonita/hammer"},{"predicate":{"custom_model_data":10110},"model":"tavern:items/sets/bonita/scythe"},{"predicate":{"custom_model_data":10111},"model":"tavern:items/sets/bonita/spear"},{"predicate":{"custom_model_data":10112},"model":"tavern:items/sets/bonita/staff"},{"predicate":{"custom_model_data":10113},"model":"tavern:items/sets/bonita/sword"},{"predicate":{"custom_model_data":10114},"model":"tavern:items/sets/bonita/trident"},{"predicate":{"custom_model_data":10115},"model":"tavern:items/sets/skeleton_overlord/big_sword"},{"predicate":{"custom_model_data":10116},"model":"tavern:items/sets/skeleton_overlord/dagger"},{"predicate":{"custom_model_data":10117},"model":"tavern:items/sets/skeleton_overlord/spear"},{"predicate":{"custom_model_data":10118},"model":"tavern:items/sets/skeleton_overlord/staff"},{"predicate":{"custom_model_data":10119},"model":"tavern:items/sets/skeleton_overlord/sword"},{"predicate":{"custom_model_data":10120},"model":"tavern:items/sets/winter/sword"},{"predicate":{"custom_model_data":10121},"model":"tavern:items/sets/winter/trident"},{"predicate":{"custom_model_data":10122},"model":"tavern:items/sets/winter/greatsword"},{"predicate":{"custom_model_data":10183},"model":"tavern:items/sets/easter2024/trident"},{"predicate":{"custom_model_data":10184},"model":"tavern:items/sets/fuchsia/trident"},{"predicate":{"custom_model_data":10185},"model":"tavern:items/sets/littleduck/hammer"},{"predicate":{"custom_model_data":10186},"model":"tavern:items/sets/littleduck/spear"},{"predicate":{"custom_model_data":10187},"model":"tavern:items/sets/littleduck/staff"},{"predicate":{"custom_model_data":10188},"model":"tavern:items/sets/littleduck/sword"},{"predicate":{"custom_model_data":10189},"model":"tavern:items/sets/littlecrocodile/hammer"},{"predicate":{"custom_model_data":10190},"model":"tavern:items/sets/littlecrocodile/knife"},{"predicate":{"custom_model_data":10191},"model":"tavern:items/sets/littlecrocodile/scythe"},{"predicate":{"custom_model_data":10192},"model":"tavern:items/sets/littlecrocodile/spear"},{"predicate":{"custom_model_data":10193},"model":"tavern:items/sets/littlecrocodile/staff"},{"predicate":{"custom_model_data":10194},"model":"tavern:items/sets/littlecrocodile/sword"},{"predicate":{"custom_model_data":10195},"model":"tavern:items/sets/littlecrocodile/trident"},{"predicate":{"custom_model_data":10200},"model":"tavern:items/mythicals/celestial_staff/celestial_staff"},{"predicate":{"custom_model_data":10201},"model":"tavern:items/mythicals/twilight_grandstaff/twilight_grandstaff"},{"predicate":{"custom_model_data":10202},"model":"tavern:items/mythicals/kuzans_wrath/kuzans_wrath"},{"predicate":{"custom_model_data":10203},"model":"tavern:items/mythicals/water_glaive/axe"},{"predicate":{"custom_model_data":10204},"model":"tavern:items/sets/halloween2/knife"},{"predicate":{"custom_model_data":10205},"model":"tavern:items/sets/halloween2/hammer"},{"predicate":{"custom_model_data":10206},"model":"tavern:items/sets/halloween2/scythe"},{"predicate":{"custom_model_data":10207},"model":"tavern:items/sets/halloween2/spear"},{"predicate":{"custom_model_data":10208},"model":"tavern:items/sets/halloween2/staff"},{"predicate":{"custom_model_data":10209},"model":"tavern:items/sets/halloween2/sword"},{"predicate":{"custom_model_data":10210},"model":"tavern:items/sets/halloween2/trident"},{"predicate":{"custom_model_data":10218},"model":"tavern:items/sets/ender_dragon/hammer"},{"predicate":{"custom_model_data":10219},"model":"tavern:items/sets/ender_dragon/scythe"},{"predicate":{"custom_model_data":10220},"model":"tavern:items/sets/ender_dragon/spear"},{"predicate":{"custom_model_data":10221},"model":"tavern:items/sets/ender_dragon/staff"},{"predicate":{"custom_model_data":10222},"model":"tavern:items/sets/ender_dragon/sword"},{"predicate":{"custom_model_data":10223},"model":"tavern:items/sets/ender_dragon/trident"},{"predicate":{"custom_model_data":1499001},"model":"tavern:items/special/watergun_1"},{"predicate":{"custom_model_data":1499002},"model":"tavern:items/special/watergun_2"},{"predicate":{"custom_model_data":1499003},"model":"tavern:items/special/watergun_3"},{"predicate":{"custom_model_data":1499004},"model":"tavern:items/special/watergun_4"},{"predicate":{"custom_model_data":1499005},"model":"tavern:items/special/watergun_5"},{"predicate":{"custom_model_data":1499006},"model":"tavern:items/special/watergun_6"},{"predicate":{"custom_model_data":1499007},"model":"item/iron_sword"}]}