{"parent":"item/generated","textures":{"layer0":"item/leather_boots","layer1":"item/leather_boots_overlay"},"overrides":[{"predicate":{"custom_model_data":10000},"model":"tavern:ia_auto_gen/malika_boots"},{"predicate":{"custom_model_data":10001},"model":"tavern:ia_auto_gen/cyber_red_boots"},{"predicate":{"custom_model_data":10002},"model":"tavern:ia_auto_gen/cyber_blue_boots"},{"predicate":{"custom_model_data":10003},"model":"tavern:ia_auto_gen/cyber_purple_boots"},{"predicate":{"custom_model_data":10004},"model":"tavern:ia_auto_gen/cyber_pink_boots"},{"predicate":{"custom_model_data":10005},"model":"tavern:ia_auto_gen/cyber_orange_boots"},{"predicate":{"custom_model_data":10006},"model":"tavern:ia_auto_gen/cyber_original_boots"},{"predicate":{"custom_model_data":10007},"model":"tavern:ia_auto_gen/cyber_green_boots"},{"predicate":{"custom_model_data":10008},"model":"tavern:items/sets/ginger_bread_gear/armor/boots"},{"predicate":{"custom_model_data":10008},"model":"tavern:ia_auto_gen/yggdrasil_boots"},{"predicate":{"custom_model_data":10009},"model":"tavern:ia_auto_gen/xmasboots"},{"predicate":{"custom_model_data":10011},"model":"tavern:ia_auto_gen/dragonsoulboots"},{"predicate":{"custom_model_data":10012},"model":"tavern:ia_auto_gen/winterboots"},{"predicate":{"custom_model_data":10013},"model":"tavern:ia_auto_gen/evergreenboots"},{"predicate":{"custom_model_data":10015},"model":"tavern:ia_auto_gen/beatsboots"},{"predicate":{"custom_model_data":10016},"model":"tavern:ia_auto_gen/azureboots"},{"predicate":{"custom_model_data":10017},"model":"tavern:ia_auto_gen/berserker_boots"},{"predicate":{"custom_model_data":10018},"model":"tavern:ia_auto_gen/warden_boots"},{"predicate":{"custom_model_data":10019},"model":"tavern:ia_auto_gen/littlepandaboots"},{"predicate":{"custom_model_data":10020},"model":"tavern:ia_auto_gen/fiendskullboots"},{"predicate":{"custom_model_data":10021},"model":"tavern:ia_auto_gen/asura_boots"},{"predicate":{"custom_model_data":10023},"model":"tavern:ia_auto_gen/bonitaboots"},{"predicate":{"custom_model_data":10024},"model":"tavern:ia_auto_gen/skeleton_overlord_boots"},{"predicate":{"custom_model_data":10025},"model":"tavern:ia_auto_gen/darkworld_boots"},{"predicate":{"custom_model_data":10026},"model":"tavern:ia_auto_gen/merry_christmasboots"},{"predicate":{"custom_model_data":10027},"model":"tavern:ia_auto_gen/christmas_2023_boots"},{"predicate":{"custom_model_data":10030},"model":"tavern:ia_auto_gen/fairyboots"},{"predicate":{"custom_model_data":10031},"model":"tavern:ia_auto_gen/nexusboots"},{"predicate":{"custom_model_data":10032},"model":"tavern:ia_auto_gen/thunderboltboots"},{"predicate":{"custom_model_data":10033},"model":"tavern:ia_auto_gen/lunarboots"},{"predicate":{"custom_model_data":10034},"model":"tavern:ia_auto_gen/sweetheartboots"},{"predicate":{"custom_model_data":10035},"model":"tavern:ia_auto_gen/valentineboots"},{"predicate":{"custom_model_data":10036},"model":"tavern:ia_auto_gen/queenbeeboots"},{"predicate":{"custom_model_data":10038},"model":"tavern:ia_auto_gen/valorboots"},{"predicate":{"custom_model_data":10039},"model":"tavern:ia_auto_gen/saintpatrickboots"},{"predicate":{"custom_model_data":10040},"model":"tavern:ia_auto_gen/levianboots"},{"predicate":{"custom_model_data":10041},"model":"tavern:ia_auto_gen/valkyrieboots"},{"predicate":{"custom_model_data":10042},"model":"tavern:ia_auto_gen/minotaurboots"},{"predicate":{"custom_model_data":10043},"model":"tavern:ia_auto_gen/discordnitroboots"},{"predicate":{"custom_model_data":10044},"model":"tavern:ia_auto_gen/serpentboots"},{"predicate":{"custom_model_data":10045},"model":"tavern:ia_auto_gen/azaleaboots"},{"predicate":{"custom_model_data":10046},"model":"tavern:ia_auto_gen/easter2024boots"},{"predicate":{"custom_model_data":10047},"model":"tavern:ia_auto_gen/fuchsiaboots"},{"predicate":{"custom_model_data":10048},"model":"tavern:ia_auto_gen/littlecrocodileboots"},{"predicate":{"custom_model_data":10049},"model":"tavern:ia_auto_gen/yang_boots"},{"predicate":{"custom_model_data":10050},"model":"tavern:ia_auto_gen/yin_boots"},{"predicate":{"custom_model_data":10051},"model":"tavern:ia_auto_gen/goku_boots"},{"predicate":{"custom_model_data":10052},"model":"tavern:ia_auto_gen/vegeta_boots"},{"predicate":{"custom_model_data":10053},"model":"tavern:ia_auto_gen/summerboots"},{"predicate":{"custom_model_data":10054},"model":"tavern:ia_auto_gen/wildboots"},{"predicate":{"custom_model_data":10055},"model":"tavern:ia_auto_gen/spartanboots"},{"predicate":{"custom_model_data":10056},"model":"tavern:ia_auto_gen/demon_edgeboots"},{"predicate":{"custom_model_data":10057},"model":"tavern:ia_auto_gen/infernoboots"},{"predicate":{"custom_model_data":10058},"model":"tavern:ia_auto_gen/headlesshorseman_animated_weapon_set_boots"},{"predicate":{"custom_model_data":10059},"model":"tavern:ia_auto_gen/ender_dragonboots"},{"predicate":{"custom_model_data":10060},"model":"tavern:ia_auto_gen/nanoedge_boots"},{"predicate":{"custom_model_data":10061},"model":"tavern:ia_auto_gen/mysticcyan_boots"},{"predicate":{"custom_model_data":10062},"model":"tavern:ia_auto_gen/arcanistboots"},{"predicate":{"custom_model_data":10063},"model":"tavern:ia_auto_gen/merry_christmas_2024boots"},{"predicate":{"custom_model_data":10064},"model":"tavern:ia_auto_gen/frostbiteboots"},{"predicate":{"custom_model_data":10065},"model":"tavern:ia_auto_gen/fireworkboots"},{"predicate":{"custom_model_data":10066},"model":"item/leather_boots"}]}