{"parent":"item/generated","textures":{"layer0":"item/leather_helmet","layer1":"item/leather_helmet_overlay"},"overrides":[{"predicate":{"custom_model_data":10001},"model":"tavern:items/sets/ginger_bread_gear/armor/helmet"},{"predicate":{"custom_model_data":10001},"model":"tavern:ia_auto_gen/darkworld_helmet"},{"predicate":{"custom_model_data":10003},"model":"tavern:ia_auto_gen/malika_helmet"},{"predicate":{"custom_model_data":10004},"model":"tavern:ia_auto_gen/azurehelmet"},{"predicate":{"custom_model_data":10005},"model":"tavern:ia_auto_gen/berserker_helmet"},{"predicate":{"custom_model_data":10006},"model":"tavern:ia_auto_gen/warden_helmet"},{"predicate":{"custom_model_data":10007},"model":"tavern:ia_auto_gen/littlepandahelmet"},{"predicate":{"custom_model_data":10008},"model":"tavern:ia_auto_gen/fiendskullhelmet"},{"predicate":{"custom_model_data":10009},"model":"tavern:ia_auto_gen/asura_helmet"},{"predicate":{"custom_model_data":10010},"model":"tavern:ia_auto_gen/bonitahelmet"},{"predicate":{"custom_model_data":10011},"model":"tavern:ia_auto_gen/skeleton_overlord_helmet"},{"predicate":{"custom_model_data":10012},"model":"tavern:ia_auto_gen/yggdrasil_helmet"},{"predicate":{"custom_model_data":10014},"model":"tavern:ia_auto_gen/winterhelmet"},{"predicate":{"custom_model_data":10015},"model":"tavern:ia_auto_gen/merry_christmashelmet"},{"predicate":{"custom_model_data":10016},"model":"tavern:ia_auto_gen/christmas_2023_helmet"},{"predicate":{"custom_model_data":10019},"model":"tavern:ia_auto_gen/fairyhelmet"},{"predicate":{"custom_model_data":10020},"model":"tavern:ia_auto_gen/nexushelmet"},{"predicate":{"custom_model_data":10021},"model":"tavern:ia_auto_gen/cyber_blue_helmet"},{"predicate":{"custom_model_data":10022},"model":"tavern:ia_auto_gen/thunderbolthelmet"},{"predicate":{"custom_model_data":10023},"model":"tavern:ia_auto_gen/cyber_orange_helmet"},{"predicate":{"custom_model_data":10024},"model":"tavern:ia_auto_gen/cyber_green_helmet"},{"predicate":{"custom_model_data":10025},"model":"tavern:ia_auto_gen/cyber_red_helmet"},{"predicate":{"custom_model_data":10026},"model":"tavern:ia_auto_gen/cyber_purple_helmet"},{"predicate":{"custom_model_data":10027},"model":"tavern:ia_auto_gen/cyber_pink_helmet"},{"predicate":{"custom_model_data":10028},"model":"tavern:ia_auto_gen/sweethearthelmet"},{"predicate":{"custom_model_data":10029},"model":"tavern:ia_auto_gen/valentinehelmet"},{"predicate":{"custom_model_data":10030},"model":"tavern:ia_auto_gen/queenbeehelmet"},{"predicate":{"custom_model_data":10032},"model":"tavern:ia_auto_gen/valorhelmet"},{"predicate":{"custom_model_data":10033},"model":"tavern:ia_auto_gen/saintpatrickhelmet"},{"predicate":{"custom_model_data":10034},"model":"tavern:ia_auto_gen/levianhelmet"},{"predicate":{"custom_model_data":10035},"model":"tavern:ia_auto_gen/valkyriehelmet"},{"predicate":{"custom_model_data":10036},"model":"tavern:ia_auto_gen/minotaurhelmet"},{"predicate":{"custom_model_data":10037},"model":"tavern:ia_auto_gen/discordnitrohat"},{"predicate":{"custom_model_data":10038},"model":"tavern:ia_auto_gen/serpenthelmet"},{"predicate":{"custom_model_data":10039},"model":"tavern:ia_auto_gen/azaleahelmet"},{"predicate":{"custom_model_data":10040},"model":"tavern:ia_auto_gen/easter2024helmet"},{"predicate":{"custom_model_data":10041},"model":"tavern:ia_auto_gen/fuchsiahelmet"},{"predicate":{"custom_model_data":10042},"model":"tavern:ia_auto_gen/littlecrocodilehelmet"},{"predicate":{"custom_model_data":10043},"model":"tavern:ia_auto_gen/yang_helmet"},{"predicate":{"custom_model_data":10044},"model":"tavern:ia_auto_gen/yin_helmet"},{"predicate":{"custom_model_data":10045},"model":"tavern:ia_auto_gen/goku_helmet"},{"predicate":{"custom_model_data":10046},"model":"tavern:ia_auto_gen/vegeta_helmet"},{"predicate":{"custom_model_data":10047},"model":"tavern:ia_auto_gen/summerhelmet"},{"predicate":{"custom_model_data":10048},"model":"tavern:ia_auto_gen/wildhelmet"},{"predicate":{"custom_model_data":10049},"model":"tavern:ia_auto_gen/spartanhelmet"},{"predicate":{"custom_model_data":10050},"model":"tavern:ia_auto_gen/demon_edgehelmet"},{"predicate":{"custom_model_data":10051},"model":"tavern:ia_auto_gen/infernohelmet"},{"predicate":{"custom_model_data":10052},"model":"tavern:ia_auto_gen/headlesshorseman_animated_weapon_set_helmet"},{"predicate":{"custom_model_data":10053},"model":"tavern:ia_auto_gen/ender_dragonhelmet"},{"predicate":{"custom_model_data":10054},"model":"tavern:ia_auto_gen/nanoedge_helmet"},{"predicate":{"custom_model_data":10055},"model":"tavern:ia_auto_gen/mysticcyan_helmet"},{"predicate":{"custom_model_data":10056},"model":"tavern:ia_auto_gen/arcanisthelmet"},{"predicate":{"custom_model_data":10057},"model":"tavern:ia_auto_gen/merry_christmas_2024helmet"},{"predicate":{"custom_model_data":10058},"model":"tavern:ia_auto_gen/frostbitehelmet"},{"predicate":{"custom_model_data":10059},"model":"tavern:ia_auto_gen/fireworkhelmet"},{"predicate":{"custom_model_data":10060},"model":"tavern:ia_auto_gen/dragonsoulhelmet"},{"predicate":{"custom_model_data":10061},"model":"item/leather_helmet"}]}