{"parent":"item/generated","textures":{"layer0":"item/leather_chestplate","layer1":"item/leather_chestplate_overlay"},"overrides":[{"predicate":{"custom_model_data":10000},"model":"tavern:ia_auto_gen/malika_chestplate"},{"predicate":{"custom_model_data":10001},"model":"tavern:ia_auto_gen/cyber_red_chestplate"},{"predicate":{"custom_model_data":10002},"model":"tavern:ia_auto_gen/cyber_blue_chestplate"},{"predicate":{"custom_model_data":10003},"model":"tavern:ia_auto_gen/cyber_purple_chestplate"},{"predicate":{"custom_model_data":10004},"model":"tavern:ia_auto_gen/cyber_pink_chestplate"},{"predicate":{"custom_model_data":10005},"model":"tavern:ia_auto_gen/cyber_orange_chestplate"},{"predicate":{"custom_model_data":10007},"model":"tavern:ia_auto_gen/cyber_green_chestplate"},{"predicate":{"custom_model_data":10008},"model":"tavern:items/sets/ginger_bread_gear/armor/chestplate"},{"predicate":{"custom_model_data":10008},"model":"tavern:ia_auto_gen/yggdrasil_chestplate"},{"predicate":{"custom_model_data":10009},"model":"tavern:ia_auto_gen/xmaschestplate"},{"predicate":{"custom_model_data":10011},"model":"tavern:ia_auto_gen/dragonsoulchestplate"},{"predicate":{"custom_model_data":10012},"model":"tavern:ia_auto_gen/winterchestplate"},{"predicate":{"custom_model_data":10013},"model":"tavern:ia_auto_gen/evergreenchestplate"},{"predicate":{"custom_model_data":10014},"model":"tavern:ia_auto_gen/discordnitrochestplate"},{"predicate":{"custom_model_data":10019},"model":"tavern:ia_auto_gen/azurechestplate"},{"predicate":{"custom_model_data":10020},"model":"tavern:ia_auto_gen/berserker_chestplate"},{"predicate":{"custom_model_data":10021},"model":"tavern:ia_auto_gen/warden_chestplate"},{"predicate":{"custom_model_data":10022},"model":"tavern:ia_auto_gen/littlepandachestplate"},{"predicate":{"custom_model_data":10023},"model":"tavern:ia_auto_gen/fiendskullchestplate"},{"predicate":{"custom_model_data":10024},"model":"tavern:ia_auto_gen/asura_chestplate"},{"predicate":{"custom_model_data":10026},"model":"tavern:ia_auto_gen/bonitachestplate"},{"predicate":{"custom_model_data":10027},"model":"tavern:ia_auto_gen/merry_christmaschestplate"},{"predicate":{"custom_model_data":10028},"model":"tavern:ia_auto_gen/skeleton_overlord_chestplate"},{"predicate":{"custom_model_data":10029},"model":"tavern:ia_auto_gen/darkworld_chestplate"},{"predicate":{"custom_model_data":10030},"model":"tavern:ia_auto_gen/christmas_2023_chestplate"},{"predicate":{"custom_model_data":10033},"model":"tavern:ia_auto_gen/fairychestplate"},{"predicate":{"custom_model_data":10034},"model":"tavern:ia_auto_gen/nexuschestplate"},{"predicate":{"custom_model_data":10035},"model":"tavern:ia_auto_gen/thunderboltchestplate"},{"predicate":{"custom_model_data":10036},"model":"tavern:ia_auto_gen/lunarchestplate"},{"predicate":{"custom_model_data":10037},"model":"tavern:ia_auto_gen/sweetheartchestplate"},{"predicate":{"custom_model_data":10038},"model":"tavern:ia_auto_gen/valentinechestplate"},{"predicate":{"custom_model_data":10039},"model":"tavern:ia_auto_gen/queenbeechestplate"},{"predicate":{"custom_model_data":10041},"model":"tavern:ia_auto_gen/valorchestplate"},{"predicate":{"custom_model_data":10042},"model":"tavern:ia_auto_gen/saintpatrickchestplate"},{"predicate":{"custom_model_data":10043},"model":"tavern:ia_auto_gen/levianchestplate"},{"predicate":{"custom_model_data":10044},"model":"tavern:ia_auto_gen/valkyriechestplate"},{"predicate":{"custom_model_data":10045},"model":"tavern:ia_auto_gen/minotaurchestplate"},{"predicate":{"custom_model_data":10046},"model":"tavern:ia_auto_gen/serpentchestplate"},{"predicate":{"custom_model_data":10047},"model":"tavern:ia_auto_gen/azaleachestplate"},{"predicate":{"custom_model_data":10048},"model":"tavern:ia_auto_gen/easter2024chestplate"},{"predicate":{"custom_model_data":10049},"model":"tavern:ia_auto_gen/fuchsiachestplate"},{"predicate":{"custom_model_data":10050},"model":"tavern:ia_auto_gen/littlecrocodilechestplate"},{"predicate":{"custom_model_data":10051},"model":"tavern:ia_auto_gen/yang_chestplate"},{"predicate":{"custom_model_data":10052},"model":"tavern:ia_auto_gen/yin_chestplate"},{"predicate":{"custom_model_data":10053},"model":"tavern:ia_auto_gen/goku_chestplate"},{"predicate":{"custom_model_data":10054},"model":"tavern:ia_auto_gen/vegeta_chestplate"},{"predicate":{"custom_model_data":10055},"model":"tavern:ia_auto_gen/summerchestplate"},{"predicate":{"custom_model_data":10056},"model":"tavern:ia_auto_gen/wildchestplate"},{"predicate":{"custom_model_data":10057},"model":"tavern:ia_auto_gen/spartanchestplate"},{"predicate":{"custom_model_data":10058},"model":"tavern:ia_auto_gen/demon_edgechestplate"},{"predicate":{"custom_model_data":10059},"model":"tavern:ia_auto_gen/infernochestplate"},{"predicate":{"custom_model_data":10060},"model":"tavern:ia_auto_gen/headlesshorseman_animated_weapon_set_chestplate"},{"predicate":{"custom_model_data":10061},"model":"tavern:ia_auto_gen/ender_dragonchestplate"},{"predicate":{"custom_model_data":10062},"model":"tavern:ia_auto_gen/nanoedge_chestplate"},{"predicate":{"custom_model_data":10063},"model":"tavern:ia_auto_gen/mysticcyan_chestplate"},{"predicate":{"custom_model_data":10064},"model":"tavern:ia_auto_gen/arcanistchestplate"},{"predicate":{"custom_model_data":10065},"model":"tavern:ia_auto_gen/merry_christmas_2024chestplate"},{"predicate":{"custom_model_data":10066},"model":"tavern:ia_auto_gen/frostbitechestplate"},{"predicate":{"custom_model_data":10067},"model":"tavern:ia_auto_gen/fireworkchestplate"},{"predicate":{"custom_model_data":10068},"model":"item/leather_chestplate"}]}