{"parent":"item/generated","textures":{"layer0":"item/leather_leggings","layer1":"item/leather_leggings_overlay"},"overrides":[{"predicate":{"custom_model_data":10000},"model":"tavern:ia_auto_gen/malika_leggings"},{"predicate":{"custom_model_data":10001},"model":"tavern:ia_auto_gen/cyber_red_leggings"},{"predicate":{"custom_model_data":10002},"model":"tavern:ia_auto_gen/cyber_blue_leggings"},{"predicate":{"custom_model_data":10003},"model":"tavern:ia_auto_gen/cyber_purple_leggings"},{"predicate":{"custom_model_data":10004},"model":"tavern:ia_auto_gen/cyber_pink_leggings"},{"predicate":{"custom_model_data":10005},"model":"tavern:ia_auto_gen/cyber_orange_leggings"},{"predicate":{"custom_model_data":10006},"model":"tavern:ia_auto_gen/lunarnewyear2025_leggings"},{"predicate":{"custom_model_data":10007},"model":"tavern:ia_auto_gen/cyber_green_leggings"},{"predicate":{"custom_model_data":10008},"model":"tavern:items/sets/ginger_bread_gear/armor/leggings"},{"predicate":{"custom_model_data":10008},"model":"tavern:ia_auto_gen/yggdrasil_leggings"},{"predicate":{"custom_model_data":10009},"model":"tavern:ia_auto_gen/xmasleggings"},{"predicate":{"custom_model_data":10011},"model":"tavern:ia_auto_gen/dragonsoulleggings"},{"predicate":{"custom_model_data":10012},"model":"tavern:ia_auto_gen/winterleggings"},{"predicate":{"custom_model_data":10013},"model":"tavern:ia_auto_gen/evergreenleggings"},{"predicate":{"custom_model_data":10015},"model":"tavern:ia_auto_gen/azureleggings"},{"predicate":{"custom_model_data":10016},"model":"tavern:ia_auto_gen/berserker_leggings"},{"predicate":{"custom_model_data":10017},"model":"tavern:ia_auto_gen/warden_leggings"},{"predicate":{"custom_model_data":10018},"model":"tavern:ia_auto_gen/littlepandaleggings"},{"predicate":{"custom_model_data":10019},"model":"tavern:ia_auto_gen/fiendskullleggings"},{"predicate":{"custom_model_data":10020},"model":"tavern:ia_auto_gen/asura_leggings"},{"predicate":{"custom_model_data":10022},"model":"tavern:ia_auto_gen/bonitaleggings"},{"predicate":{"custom_model_data":10023},"model":"tavern:ia_auto_gen/skeleton_overlord_leggings"},{"predicate":{"custom_model_data":10024},"model":"tavern:ia_auto_gen/darkworld_leggings"},{"predicate":{"custom_model_data":10025},"model":"tavern:ia_auto_gen/merry_christmasleggings"},{"predicate":{"custom_model_data":10026},"model":"tavern:ia_auto_gen/christmas_2023_leggings"},{"predicate":{"custom_model_data":10029},"model":"tavern:ia_auto_gen/fairyleggings"},{"predicate":{"custom_model_data":10030},"model":"tavern:ia_auto_gen/nexusleggings"},{"predicate":{"custom_model_data":10031},"model":"tavern:ia_auto_gen/thunderboltleggings"},{"predicate":{"custom_model_data":10032},"model":"tavern:ia_auto_gen/lunarleggings"},{"predicate":{"custom_model_data":10033},"model":"tavern:ia_auto_gen/sweetheartleggings"},{"predicate":{"custom_model_data":10034},"model":"tavern:ia_auto_gen/valentineleggings"},{"predicate":{"custom_model_data":10035},"model":"tavern:ia_auto_gen/queenbeeleggings"},{"predicate":{"custom_model_data":10037},"model":"tavern:ia_auto_gen/valorleggings"},{"predicate":{"custom_model_data":10038},"model":"tavern:ia_auto_gen/saintpatrickleggings"},{"predicate":{"custom_model_data":10039},"model":"tavern:ia_auto_gen/levianleggings"},{"predicate":{"custom_model_data":10040},"model":"tavern:ia_auto_gen/valkyrieleggings"},{"predicate":{"custom_model_data":10041},"model":"tavern:ia_auto_gen/minotaurleggings"},{"predicate":{"custom_model_data":10042},"model":"tavern:ia_auto_gen/discordnitroleggings"},{"predicate":{"custom_model_data":10043},"model":"tavern:ia_auto_gen/serpentleggings"},{"predicate":{"custom_model_data":10044},"model":"tavern:ia_auto_gen/azalealeggings"},{"predicate":{"custom_model_data":10045},"model":"tavern:ia_auto_gen/easter2024leggings"},{"predicate":{"custom_model_data":10046},"model":"tavern:ia_auto_gen/fuchsialeggings"},{"predicate":{"custom_model_data":10047},"model":"tavern:ia_auto_gen/littlecrocodileleggings"},{"predicate":{"custom_model_data":10048},"model":"tavern:ia_auto_gen/yang_leggings"},{"predicate":{"custom_model_data":10049},"model":"tavern:ia_auto_gen/yin_leggings"},{"predicate":{"custom_model_data":10050},"model":"tavern:ia_auto_gen/goku_leggings"},{"predicate":{"custom_model_data":10051},"model":"tavern:ia_auto_gen/vegeta_leggings"},{"predicate":{"custom_model_data":10052},"model":"tavern:ia_auto_gen/summerleggings"},{"predicate":{"custom_model_data":10053},"model":"tavern:ia_auto_gen/wildleggings"},{"predicate":{"custom_model_data":10054},"model":"tavern:ia_auto_gen/spartanleggings"},{"predicate":{"custom_model_data":10055},"model":"tavern:ia_auto_gen/demon_edgeleggings"},{"predicate":{"custom_model_data":10056},"model":"tavern:ia_auto_gen/infernoleggings"},{"predicate":{"custom_model_data":10057},"model":"tavern:ia_auto_gen/headlesshorseman_animated_weapon_set_leggings"},{"predicate":{"custom_model_data":10058},"model":"tavern:ia_auto_gen/ender_dragonleggings"},{"predicate":{"custom_model_data":10059},"model":"tavern:ia_auto_gen/nanoedge_leggings"},{"predicate":{"custom_model_data":10060},"model":"tavern:ia_auto_gen/mysticcyan_leggings"},{"predicate":{"custom_model_data":10061},"model":"tavern:ia_auto_gen/arcanistleggings"},{"predicate":{"custom_model_data":10062},"model":"tavern:ia_auto_gen/merry_christmas_2024leggings"},{"predicate":{"custom_model_data":10063},"model":"tavern:ia_auto_gen/frostbiteleggings"},{"predicate":{"custom_model_data":10064},"model":"tavern:ia_auto_gen/fireworkleggings"},{"predicate":{"custom_model_data":10065},"model":"item/leather_leggings"}]}