{"parent":"minecraft:item/handheld","textures":{"layer0":"minecraft:item/netherite_hoe"},"overrides":[{"predicate":{"custom_model_data":10008},"model":"tavern:items/sets/merry_christmas/hoe"},{"predicate":{"custom_model_data":10009},"model":"tavern:items/sets/christmas_2023/hoe"},{"predicate":{"custom_model_data":10010},"model":"tavern:items/sets/fairy/hoe"},{"predicate":{"custom_model_data":10011},"model":"tavern:items/sets/nexus/hoe"},{"predicate":{"custom_model_data":10012},"model":"tavern:items/sets/thunderbolt/hoe"},{"predicate":{"custom_model_data":10013},"model":"tavern:items/sets/lunar/hoe"},{"predicate":{"custom_model_data":10014},"model":"tavern:items/sets/sweetheart/hoe"},{"predicate":{"custom_model_data":10015},"model":"tavern:items/sets/valentine/hoe"},{"predicate":{"custom_model_data":10017},"model":"tavern:items/sets/queenbee/hoe"},{"predicate":{"custom_model_data":10018},"model":"tavern:items/sets/valor/hoe"},{"predicate":{"custom_model_data":10019},"model":"tavern:items/sets/saintpatrick/hoe"},{"predicate":{"custom_model_data":10020},"model":"tavern:items/sets/levian/hoe"},{"predicate":{"custom_model_data":10021},"model":"tavern:items/sets/valkyrie/hoe"},{"predicate":{"custom_model_data":10022},"model":"tavern:items/sets/minotaur/hoe"},{"predicate":{"custom_model_data":10024},"model":"tavern:items/sets/serpent/hoe"},{"predicate":{"custom_model_data":10025},"model":"tavern:items/sets/easter2024/hoe"},{"predicate":{"custom_model_data":10026},"model":"tavern:items/sets/azalea/hoe"},{"predicate":{"custom_model_data":10027},"model":"tavern:items/sets/fuchsia/hoe"},{"predicate":{"custom_model_data":10029},"model":"tavern:items/sets/yang/hoe"},{"predicate":{"custom_model_data":10030},"model":"tavern:items/sets/yin/hoe"},{"predicate":{"custom_model_data":10031},"model":"tavern:items/sets/goku/hoe"},{"predicate":{"custom_model_data":10032},"model":"tavern:items/sets/vegeta/hoe"},{"predicate":{"custom_model_data":10033},"model":"tavern:items/sets/summer/hoe"},{"predicate":{"custom_model_data":10034},"model":"tavern:items/sets/wild/hoe"},{"predicate":{"custom_model_data":10035},"model":"tavern:items/sets/spartan/hoe"},{"predicate":{"custom_model_data":10036},"model":"tavern:items/sets/demon_edge/hoe"},{"predicate":{"custom_model_data":10037},"model":"tavern:items/sets/halloween1/hoe"},{"predicate":{"custom_model_data":10038},"model":"tavern:items/sets/fiendskull/hoe"},{"predicate":{"custom_model_data":10039},"model":"tavern:items/sets/nanoedge/hoe"},{"predicate":{"custom_model_data":10040},"model":"tavern:items/sets/mysticcyan/hoe"},{"predicate":{"custom_model_data":10041},"model":"tavern:items/sets/arcanist/hoe"},{"predicate":{"custom_model_data":10042},"model":"tavern:items/sets/merry_christmas_2024/hoe"},{"predicate":{"custom_model_data":10043},"model":"tavern:items/sets/frostbiteset/hoe"},{"predicate":{"custom_model_data":10044},"model":"tavern:items/sets/fireworkset/hoe"},{"predicate":{"custom_model_data":10045},"model":"tavern:items/sets/lunar_new_year_2025/hoe"},{"predicate":{"custom_model_data":151008},"model":"tavern:items/sets/discordnitro/hoe"},{"predicate":{"custom_model_data":151009},"model":"item/netherite_hoe"}]}