{"parent":"minecraft:item/handheld","textures":{"layer0":"minecraft:item/netherite_pickaxe"},"overrides":[{"predicate":{"custom_model_data":10008},"model":"tavern:items/sets/merry_christmas/pickaxe"},{"predicate":{"custom_model_data":10009},"model":"tavern:items/sets/christmas_2023/pickaxe"},{"predicate":{"custom_model_data":10010},"model":"tavern:items/sets/fairy/pickaxe"},{"predicate":{"custom_model_data":10011},"model":"tavern:items/sets/nexus/pickaxe"},{"predicate":{"custom_model_data":10012},"model":"tavern:items/sets/thunderbolt/pickaxe"},{"predicate":{"custom_model_data":10013},"model":"tavern:items/sets/lunar/pickaxe"},{"predicate":{"custom_model_data":10014},"model":"tavern:items/sets/sweetheart/pickaxe"},{"predicate":{"custom_model_data":10015},"model":"tavern:items/sets/valentine/pickaxe"},{"predicate":{"custom_model_data":10017},"model":"tavern:items/sets/queenbee/pickaxe"},{"predicate":{"custom_model_data":10018},"model":"tavern:items/sets/valor/pickaxe"},{"predicate":{"custom_model_data":10019},"model":"tavern:items/sets/saintpatrick/pickaxe"},{"predicate":{"custom_model_data":10020},"model":"tavern:items/sets/levian/pickaxe"},{"predicate":{"custom_model_data":10021},"model":"tavern:items/sets/valkyrie/pickaxe"},{"predicate":{"custom_model_data":10022},"model":"tavern:items/sets/minotaur/pickaxe"},{"predicate":{"custom_model_data":10024},"model":"tavern:items/sets/serpent/pickaxe"},{"predicate":{"custom_model_data":10025},"model":"tavern:items/sets/easter2024/pickaxe"},{"predicate":{"custom_model_data":10026},"model":"tavern:items/sets/azalea/pickaxe"},{"predicate":{"custom_model_data":10027},"model":"tavern:items/sets/fuchsia/pickaxe"},{"predicate":{"custom_model_data":10029},"model":"tavern:items/sets/yang/pickaxe"},{"predicate":{"custom_model_data":10030},"model":"tavern:items/sets/yin/pickaxe"},{"predicate":{"custom_model_data":10031},"model":"tavern:items/sets/goku/pickaxe"},{"predicate":{"custom_model_data":10032},"model":"tavern:items/sets/vegeta/pickaxe"},{"predicate":{"custom_model_data":10033},"model":"tavern:items/sets/summer/pickaxe"},{"predicate":{"custom_model_data":10034},"model":"tavern:items/sets/wild/pickaxe"},{"predicate":{"custom_model_data":10035},"model":"tavern:items/sets/spartan/pickaxe"},{"predicate":{"custom_model_data":10036},"model":"tavern:items/sets/demon_edge/pickaxe"},{"predicate":{"custom_model_data":10037},"model":"tavern:items/sets/halloween1/pickaxe"},{"predicate":{"custom_model_data":10038},"model":"tavern:items/sets/fiendskull/pickaxe"},{"predicate":{"custom_model_data":10039},"model":"tavern:items/sets/nanoedge/pickaxe"},{"predicate":{"custom_model_data":10040},"model":"tavern:items/sets/mysticcyan/pickaxe"},{"predicate":{"custom_model_data":10041},"model":"tavern:items/sets/arcanist/pickaxe"},{"predicate":{"custom_model_data":10042},"model":"tavern:items/sets/merry_christmas_2024/pickaxe"},{"predicate":{"custom_model_data":10043},"model":"tavern:items/sets/frostbiteset/pickaxe"},{"predicate":{"custom_model_data":10044},"model":"tavern:items/sets/fireworkset/pickaxe"},{"predicate":{"custom_model_data":151010},"model":"tavern:items/sets/discordnitro/pickaxe"},{"predicate":{"custom_model_data":151011},"model":"item/netherite_pickaxe"}]}