{"parent":"minecraft:item/handheld","textures":{"layer0":"minecraft:item/netherite_axe"},"overrides":[{"predicate":{"custom_model_data":10008},"model":"tavern:items/sets/merry_christmas/axe"},{"predicate":{"custom_model_data":10009},"model":"tavern:items/sets/christmas_2023/axe"},{"predicate":{"custom_model_data":10010},"model":"tavern:items/sets/fairy/axe"},{"predicate":{"custom_model_data":10011},"model":"tavern:items/sets/nexus/axe"},{"predicate":{"custom_model_data":10012},"model":"tavern:items/sets/thunderbolt/axe"},{"predicate":{"custom_model_data":10013},"model":"tavern:items/sets/lunar/axe"},{"predicate":{"custom_model_data":10014},"model":"tavern:items/sets/sweetheart/axe"},{"predicate":{"custom_model_data":10015},"model":"tavern:items/sets/valentine/axe"},{"predicate":{"custom_model_data":10017},"model":"tavern:items/sets/queenbee/axe"},{"predicate":{"custom_model_data":10018},"model":"tavern:items/sets/valor/axe"},{"predicate":{"custom_model_data":10019},"model":"tavern:items/sets/saintpatrick/axe"},{"predicate":{"custom_model_data":10020},"model":"tavern:items/sets/levian/axe"},{"predicate":{"custom_model_data":10021},"model":"tavern:items/sets/valkyrie/axe"},{"predicate":{"custom_model_data":10022},"model":"tavern:items/sets/minotaur/axe"},{"predicate":{"custom_model_data":10024},"model":"tavern:items/sets/serpent/axe"},{"predicate":{"custom_model_data":10025},"model":"tavern:items/sets/easter2024/axe"},{"predicate":{"custom_model_data":10026},"model":"tavern:items/sets/azalea/axe"},{"predicate":{"custom_model_data":10027},"model":"tavern:items/sets/fuchsia/axe"},{"predicate":{"custom_model_data":10029},"model":"tavern:items/sets/yang/axe"},{"predicate":{"custom_model_data":10030},"model":"tavern:items/sets/yin/axe"},{"predicate":{"custom_model_data":10031},"model":"tavern:items/sets/goku/axe"},{"predicate":{"custom_model_data":10032},"model":"tavern:items/sets/vegeta/axe"},{"predicate":{"custom_model_data":10033},"model":"tavern:items/sets/summer/axe"},{"predicate":{"custom_model_data":10034},"model":"tavern:items/sets/wild/axe"},{"predicate":{"custom_model_data":10035},"model":"tavern:items/sets/spartan/axe"},{"predicate":{"custom_model_data":10036},"model":"tavern:items/sets/demon_edge/axe"},{"predicate":{"custom_model_data":10037},"model":"tavern:items/sets/halloween1/axe"},{"predicate":{"custom_model_data":10038},"model":"tavern:items/sets/halloween1/club"},{"predicate":{"custom_model_data":10041},"model":"tavern:items/sets/fiendskull/axe"},{"predicate":{"custom_model_data":10042},"model":"tavern:items/sets/nanoedge/axe"},{"predicate":{"custom_model_data":10043},"model":"tavern:items/sets/mysticcyan/axe"},{"predicate":{"custom_model_data":10044},"model":"tavern:items/sets/arcanist/axe"},{"predicate":{"custom_model_data":10045},"model":"tavern:items/sets/merry_christmas_2024/axe"},{"predicate":{"custom_model_data":10046},"model":"tavern:items/sets/frostbiteset/axe"},{"predicate":{"custom_model_data":151001},"model":"tavern:items/sets/discordnitro/axe"},{"predicate":{"custom_model_data":151002},"model":"item/netherite_axe"}]}