{"parent":"item/handheld","textures":{"layer0":"item/netherite_sword"},"overrides":[{"predicate":{"custom_model_data":10013},"model":"tavern:items/sets/merry_christmas/hammer"},{"predicate":{"custom_model_data":10014},"model":"tavern:items/sets/merry_christmas/scythe"},{"predicate":{"custom_model_data":10015},"model":"tavern:items/sets/merry_christmas/spear"},{"predicate":{"custom_model_data":10016},"model":"tavern:items/sets/merry_christmas/staff"},{"predicate":{"custom_model_data":10017},"model":"tavern:items/sets/merry_christmas/sword"},{"predicate":{"custom_model_data":10018},"model":"tavern:items/sets/merry_christmas/trident"},{"predicate":{"custom_model_data":10019},"model":"tavern:items/sets/merry_christmas/greatsword"},{"predicate":{"custom_model_data":10020},"model":"tavern:items/sets/christmas_2023/bigsword"},{"predicate":{"custom_model_data":10021},"model":"tavern:items/sets/christmas_2023/cane"},{"predicate":{"custom_model_data":10022},"model":"tavern:items/sets/christmas_2023/club"},{"predicate":{"custom_model_data":10023},"model":"tavern:items/sets/christmas_2023/christmastree"},{"predicate":{"custom_model_data":10024},"model":"tavern:items/sets/christmas_2023/dagger"},{"predicate":{"custom_model_data":10025},"model":"tavern:items/sets/christmas_2023/halberd"},{"predicate":{"custom_model_data":10026},"model":"tavern:items/sets/christmas_2023/hammer"},{"predicate":{"custom_model_data":10027},"model":"tavern:items/sets/christmas_2023/spear"},{"predicate":{"custom_model_data":10028},"model":"tavern:items/sets/christmas_2023/staff"},{"predicate":{"custom_model_data":10029},"model":"tavern:items/sets/christmas_2023/sword"},{"predicate":{"custom_model_data":10030},"model":"tavern:items/sets/fairy/greatsword"},{"predicate":{"custom_model_data":10031},"model":"tavern:items/sets/fairy/hammer"},{"predicate":{"custom_model_data":10032},"model":"tavern:items/sets/fairy/scythe"},{"predicate":{"custom_model_data":10033},"model":"tavern:items/sets/fairy/spear"},{"predicate":{"custom_model_data":10034},"model":"tavern:items/sets/fairy/staff"},{"predicate":{"custom_model_data":10035},"model":"tavern:items/sets/fairy/sword"},{"predicate":{"custom_model_data":10036},"model":"tavern:items/sets/fairy/trident"},{"predicate":{"custom_model_data":10037},"model":"tavern:items/sets/nexus/greatsword"},{"predicate":{"custom_model_data":10038},"model":"tavern:items/sets/nexus/hammer"},{"predicate":{"custom_model_data":10039},"model":"tavern:items/sets/nexus/scythe"},{"predicate":{"custom_model_data":10040},"model":"tavern:items/sets/nexus/spear"},{"predicate":{"custom_model_data":10041},"model":"tavern:items/sets/nexus/staff"},{"predicate":{"custom_model_data":10042},"model":"tavern:items/sets/nexus/sword"},{"predicate":{"custom_model_data":10043},"model":"tavern:items/sets/nexus/trident"},{"predicate":{"custom_model_data":10044},"model":"tavern:items/sets/thunderbolt/hammer"},{"predicate":{"custom_model_data":10045},"model":"tavern:items/sets/thunderbolt/scythe"},{"predicate":{"custom_model_data":10046},"model":"tavern:items/sets/thunderbolt/spear"},{"predicate":{"custom_model_data":10047},"model":"tavern:items/sets/thunderbolt/staff"},{"predicate":{"custom_model_data":10048},"model":"tavern:items/sets/thunderbolt/sword"},{"predicate":{"custom_model_data":10049},"model":"tavern:items/sets/thunderbolt/greatsword"},{"predicate":{"custom_model_data":10050},"model":"tavern:items/sets/lunar/hammer"},{"predicate":{"custom_model_data":10051},"model":"tavern:items/sets/lunar/scythe"},{"predicate":{"custom_model_data":10052},"model":"tavern:items/sets/lunar/spear"},{"predicate":{"custom_model_data":10053},"model":"tavern:items/sets/lunar/trident"},{"predicate":{"custom_model_data":10054},"model":"tavern:items/sets/lunar/staff"},{"predicate":{"custom_model_data":10055},"model":"tavern:items/sets/lunar/greatsword"},{"predicate":{"custom_model_data":10056},"model":"tavern:items/sets/lunar/sword"},{"predicate":{"custom_model_data":10057},"model":"tavern:items/sets/sweetheart/hammer"},{"predicate":{"custom_model_data":10058},"model":"tavern:items/sets/sweetheart/scythe"},{"predicate":{"custom_model_data":10059},"model":"tavern:items/sets/sweetheart/spear"},{"predicate":{"custom_model_data":10060},"model":"tavern:items/sets/sweetheart/trident"},{"predicate":{"custom_model_data":10061},"model":"tavern:items/sets/sweetheart/staff"},{"predicate":{"custom_model_data":10062},"model":"tavern:items/sets/sweetheart/greatsword"},{"predicate":{"custom_model_data":10063},"model":"tavern:items/sets/sweetheart/sword"},{"predicate":{"custom_model_data":10064},"model":"tavern:items/sets/valentine/greatsword"},{"predicate":{"custom_model_data":10065},"model":"tavern:items/sets/valentine/hammer"},{"predicate":{"custom_model_data":10066},"model":"tavern:items/sets/valentine/scythe"},{"predicate":{"custom_model_data":10067},"model":"tavern:items/sets/valentine/spear"},{"predicate":{"custom_model_data":10068},"model":"tavern:items/sets/valentine/staff"},{"predicate":{"custom_model_data":10069},"model":"tavern:items/sets/valentine/sword"},{"predicate":{"custom_model_data":10070},"model":"tavern:items/sets/valentine/trident"},{"predicate":{"custom_model_data":10071},"model":"tavern:items/sets/fantasy/sickle"},{"predicate":{"custom_model_data":10079},"model":"tavern:items/sets/queenbee/sword"},{"predicate":{"custom_model_data":10080},"model":"tavern:items/sets/valor/greatsword"},{"predicate":{"custom_model_data":10081},"model":"tavern:items/sets/valor/hammer"},{"predicate":{"custom_model_data":10082},"model":"tavern:items/sets/valor/scythe"},{"predicate":{"custom_model_data":10083},"model":"tavern:items/sets/valor/spear"},{"predicate":{"custom_model_data":10084},"model":"tavern:items/sets/valor/staff"},{"predicate":{"custom_model_data":10085},"model":"tavern:items/sets/valor/sword"},{"predicate":{"custom_model_data":10086},"model":"tavern:items/sets/valor/trident"},{"predicate":{"custom_model_data":10087},"model":"tavern:items/sets/saintpatrick/greatsword"},{"predicate":{"custom_model_data":10088},"model":"tavern:items/sets/saintpatrick/hammer"},{"predicate":{"custom_model_data":10089},"model":"tavern:items/sets/saintpatrick/scythe"},{"predicate":{"custom_model_data":10090},"model":"tavern:items/sets/saintpatrick/spear"},{"predicate":{"custom_model_data":10091},"model":"tavern:items/sets/saintpatrick/staff"},{"predicate":{"custom_model_data":10092},"model":"tavern:items/sets/saintpatrick/sword"},{"predicate":{"custom_model_data":10093},"model":"tavern:items/sets/saintpatrick/trident"},{"predicate":{"custom_model_data":10094},"model":"tavern:items/sets/levian/sword"},{"predicate":{"custom_model_data":10095},"model":"tavern:items/sets/valkyrie/sword"},{"predicate":{"custom_model_data":10096},"model":"tavern:items/sets/minotaur/sword"},{"predicate":{"custom_model_data":10098},"model":"tavern:items/sets/serpent/sword"},{"predicate":{"custom_model_data":10099},"model":"tavern:items/sets/easter2024/hammer"},{"predicate":{"custom_model_data":10100},"model":"tavern:items/sets/easter2024/knife"},{"predicate":{"custom_model_data":10101},"model":"tavern:items/sets/easter2024/scythe"},{"predicate":{"custom_model_data":10102},"model":"tavern:items/sets/easter2024/spear"},{"predicate":{"custom_model_data":10103},"model":"tavern:items/sets/easter2024/staff"},{"predicate":{"custom_model_data":10104},"model":"tavern:items/sets/easter2024/sword"},{"predicate":{"custom_model_data":10106},"model":"tavern:items/sets/azalea/sword"},{"predicate":{"custom_model_data":10108},"model":"tavern:items/sets/fuchsia/greatsword"},{"predicate":{"custom_model_data":10109},"model":"tavern:items/sets/fuchsia/hammer"},{"predicate":{"custom_model_data":10110},"model":"tavern:items/sets/fuchsia/scythe"},{"predicate":{"custom_model_data":10111},"model":"tavern:items/sets/fuchsia/spear"},{"predicate":{"custom_model_data":10112},"model":"tavern:items/sets/fuchsia/staff"},{"predicate":{"custom_model_data":10113},"model":"tavern:items/sets/fuchsia/sword"},{"predicate":{"custom_model_data":10121},"model":"tavern:items/sets/yang/greatsword"},{"predicate":{"custom_model_data":10122},"model":"tavern:items/sets/yang/scythe"},{"predicate":{"custom_model_data":10123},"model":"tavern:items/sets/yang/spear"},{"predicate":{"custom_model_data":10124},"model":"tavern:items/sets/yang/staff"},{"predicate":{"custom_model_data":10125},"model":"tavern:items/sets/yang/sword"},{"predicate":{"custom_model_data":10126},"model":"tavern:items/sets/yin/greatsword"},{"predicate":{"custom_model_data":10127},"model":"tavern:items/sets/yin/scythe"},{"predicate":{"custom_model_data":10128},"model":"tavern:items/sets/yin/spear"},{"predicate":{"custom_model_data":10129},"model":"tavern:items/sets/yin/staff"},{"predicate":{"custom_model_data":10130},"model":"tavern:items/sets/yin/sword"},{"predicate":{"custom_model_data":10131},"model":"tavern:items/sets/yang/trident"},{"predicate":{"custom_model_data":10132},"model":"tavern:items/sets/yin/trident"},{"predicate":{"custom_model_data":10133},"model":"tavern:items/sets/goku/greatsword"},{"predicate":{"custom_model_data":10134},"model":"tavern:items/sets/goku/scythe"},{"predicate":{"custom_model_data":10135},"model":"tavern:items/sets/goku/spear"},{"predicate":{"custom_model_data":10136},"model":"tavern:items/sets/goku/staff"},{"predicate":{"custom_model_data":10137},"model":"tavern:items/sets/goku/sword"},{"predicate":{"custom_model_data":10138},"model":"tavern:items/sets/goku/trident"},{"predicate":{"custom_model_data":10139},"model":"tavern:items/sets/vegeta/greatsword"},{"predicate":{"custom_model_data":10140},"model":"tavern:items/sets/vegeta/scythe"},{"predicate":{"custom_model_data":10141},"model":"tavern:items/sets/vegeta/spear"},{"predicate":{"custom_model_data":10142},"model":"tavern:items/sets/vegeta/staff"},{"predicate":{"custom_model_data":10143},"model":"tavern:items/sets/vegeta/sword"},{"predicate":{"custom_model_data":10144},"model":"tavern:items/sets/vegeta/trident"},{"predicate":{"custom_model_data":10145},"model":"tavern:items/sets/summer/greatsword"},{"predicate":{"custom_model_data":10146},"model":"tavern:items/sets/summer/hammer"},{"predicate":{"custom_model_data":10147},"model":"tavern:items/sets/summer/scythe"},{"predicate":{"custom_model_data":10148},"model":"tavern:items/sets/summer/spear"},{"predicate":{"custom_model_data":10149},"model":"tavern:items/sets/summer/staff"},{"predicate":{"custom_model_data":10150},"model":"tavern:items/sets/summer/sword"},{"predicate":{"custom_model_data":10151},"model":"tavern:items/sets/summer/trident"},{"predicate":{"custom_model_data":10152},"model":"tavern:items/sets/wild/greatsword"},{"predicate":{"custom_model_data":10153},"model":"tavern:items/sets/wild/hammer"},{"predicate":{"custom_model_data":10154},"model":"tavern:items/sets/wild/scythe"},{"predicate":{"custom_model_data":10155},"model":"tavern:items/sets/wild/spear"},{"predicate":{"custom_model_data":10156},"model":"tavern:items/sets/wild/staff"},{"predicate":{"custom_model_data":10157},"model":"tavern:items/sets/wild/sword"},{"predicate":{"custom_model_data":10158},"model":"tavern:items/sets/wild/trident"},{"predicate":{"custom_model_data":10159},"model":"tavern:items/sets/spartan/hammer"},{"predicate":{"custom_model_data":10160},"model":"tavern:items/sets/spartan/knife"},{"predicate":{"custom_model_data":10161},"model":"tavern:items/sets/spartan/scythe"},{"predicate":{"custom_model_data":10162},"model":"tavern:items/sets/spartan/spear"},{"predicate":{"custom_model_data":10163},"model":"tavern:items/sets/spartan/staff"},{"predicate":{"custom_model_data":10164},"model":"tavern:items/sets/spartan/sword"},{"predicate":{"custom_model_data":10165},"model":"tavern:items/sets/spartan/trident"},{"predicate":{"custom_model_data":10166},"model":"tavern:items/sets/demon_edge/greatsword"},{"predicate":{"custom_model_data":10167},"model":"tavern:items/sets/demon_edge/hammer"},{"predicate":{"custom_model_data":10168},"model":"tavern:items/sets/demon_edge/scythe"},{"predicate":{"custom_model_data":10169},"model":"tavern:items/sets/demon_edge/spear"},{"predicate":{"custom_model_data":10170},"model":"tavern:items/sets/demon_edge/staff"},{"predicate":{"custom_model_data":10171},"model":"tavern:items/sets/demon_edge/sword"},{"predicate":{"custom_model_data":10172},"model":"tavern:items/sets/demon_edge/trident"},{"predicate":{"custom_model_data":10173},"model":"tavern:items/sets/halloween1/big_sword"},{"predicate":{"custom_model_data":10174},"model":"tavern:items/sets/halloween1/dagger"},{"predicate":{"custom_model_data":10175},"model":"tavern:items/sets/halloween1/halberd"},{"predicate":{"custom_model_data":10176},"model":"tavern:items/sets/halloween1/spear"},{"predicate":{"custom_model_data":10177},"model":"tavern:items/sets/halloween1/staff"},{"predicate":{"custom_model_data":10178},"model":"tavern:items/sets/halloween1/sword"},{"predicate":{"custom_model_data":10179},"model":"tavern:items/sets/halloween1/hammer"},{"predicate":{"custom_model_data":10180},"model":"tavern:items/sets/halloween1/mace"},{"predicate":{"custom_model_data":10181},"model":"tavern:items/sets/nanoedge/greatsword"},{"predicate":{"custom_model_data":10182},"model":"tavern:items/sets/nanoedge/hammer"},{"predicate":{"custom_model_data":10183},"model":"tavern:items/sets/nanoedge/scythe"},{"predicate":{"custom_model_data":10184},"model":"tavern:items/sets/nanoedge/spear"},{"predicate":{"custom_model_data":10185},"model":"tavern:items/sets/nanoedge/staff"},{"predicate":{"custom_model_data":10186},"model":"tavern:items/sets/nanoedge/sword"},{"predicate":{"custom_model_data":10187},"model":"tavern:items/sets/nanoedge/trident"},{"predicate":{"custom_model_data":10188},"model":"tavern:items/sets/mysticcyan/greatsword"},{"predicate":{"custom_model_data":10189},"model":"tavern:items/sets/mysticcyan/hammer"},{"predicate":{"custom_model_data":10190},"model":"tavern:items/sets/mysticcyan/scythe"},{"predicate":{"custom_model_data":10191},"model":"tavern:items/sets/mysticcyan/spear"},{"predicate":{"custom_model_data":10192},"model":"tavern:items/sets/mysticcyan/staff"},{"predicate":{"custom_model_data":10193},"model":"tavern:items/sets/mysticcyan/sword"},{"predicate":{"custom_model_data":10194},"model":"tavern:items/sets/mysticcyan/trident"},{"predicate":{"custom_model_data":10195},"model":"tavern:items/sets/arcanist/greatsword"},{"predicate":{"custom_model_data":10196},"model":"tavern:items/sets/arcanist/hammer"},{"predicate":{"custom_model_data":10197},"model":"tavern:items/sets/arcanist/scythe"},{"predicate":{"custom_model_data":10198},"model":"tavern:items/sets/arcanist/spear"},{"predicate":{"custom_model_data":10199},"model":"tavern:items/sets/arcanist/staff"},{"predicate":{"custom_model_data":10200},"model":"tavern:items/sets/arcanist/sword"},{"predicate":{"custom_model_data":10201},"model":"tavern:items/sets/arcanist/trident"},{"predicate":{"custom_model_data":10202},"model":"tavern:items/sets/merry_christmas_2024/greatsword"},{"predicate":{"custom_model_data":10203},"model":"tavern:items/sets/merry_christmas_2024/hammer"},{"predicate":{"custom_model_data":10204},"model":"tavern:items/sets/merry_christmas_2024/scythe"},{"predicate":{"custom_model_data":10205},"model":"tavern:items/sets/merry_christmas_2024/spear"},{"predicate":{"custom_model_data":10206},"model":"tavern:items/sets/merry_christmas_2024/staff"},{"predicate":{"custom_model_data":10207},"model":"tavern:items/sets/merry_christmas_2024/sword"},{"predicate":{"custom_model_data":10208},"model":"tavern:items/sets/merry_christmas_2024/trident"},{"predicate":{"custom_model_data":10209},"model":"tavern:items/special/dagger"},{"predicate":{"custom_model_data":10210},"model":"tavern:items/sets/frostbiteset/hammer"},{"predicate":{"custom_model_data":10211},"model":"tavern:items/sets/frostbiteset/mace"},{"predicate":{"custom_model_data":10212},"model":"tavern:items/sets/frostbiteset/scythe"},{"predicate":{"custom_model_data":10213},"model":"tavern:items/sets/frostbiteset/spear"},{"predicate":{"custom_model_data":10214},"model":"tavern:items/sets/frostbiteset/staff"},{"predicate":{"custom_model_data":10215},"model":"tavern:items/sets/frostbiteset/sword"},{"predicate":{"custom_model_data":10216},"model":"tavern:items/sets/frostbiteset/trident"},{"predicate":{"custom_model_data":151006},"model":"tavern:items/sets/discordnitro/hammer"},{"predicate":{"custom_model_data":151011},"model":"tavern:items/sets/discordnitro/scythe"},{"predicate":{"custom_model_data":151014},"model":"tavern:items/sets/discordnitro/spear"},{"predicate":{"custom_model_data":151015},"model":"tavern:items/sets/discordnitro/trident"},{"predicate":{"custom_model_data":151016},"model":"tavern:items/sets/discordnitro/staff"},{"predicate":{"custom_model_data":151017},"model":"tavern:items/sets/discordnitro/greatsword"},{"predicate":{"custom_model_data":151018},"model":"tavern:items/sets/discordnitro/sword"},{"predicate":{"custom_model_data":1000001},"model":"custom/elitecreatures/jupiter/jupitersword"},{"predicate":{"custom_model_data":2000001},"model":"custom/elitecreatures/mars/marsweapon"},{"predicate":{"custom_model_data":2000002},"model":"item/netherite_sword"}]}