{"parent":"item/generated","textures":{"layer0":"item/paper"},"overrides":[{"predicate":{"custom_model_data":1101},"model":"tavern:ia_auto_gen/book_1"},{"predicate":{"custom_model_data":1102},"model":"tavern:ia_auto_gen/book_1_b"},{"predicate":{"custom_model_data":1103},"model":"tavern:ia_auto_gen/book_1_g"},{"predicate":{"custom_model_data":1104},"model":"tavern:ia_auto_gen/book_1_n"},{"predicate":{"custom_model_data":1105},"model":"tavern:ia_auto_gen/book_1_o"},{"predicate":{"custom_model_data":1106},"model":"tavern:ia_auto_gen/book_1_p"},{"predicate":{"custom_model_data":1107},"model":"tavern:ia_auto_gen/book_1_r"},{"predicate":{"custom_model_data":1108},"model":"tavern:ia_auto_gen/book_2"},{"predicate":{"custom_model_data":1109},"model":"tavern:ia_auto_gen/book_2_b"},{"predicate":{"custom_model_data":1110},"model":"tavern:ia_auto_gen/book_2_g"},{"predicate":{"custom_model_data":1111},"model":"tavern:ia_auto_gen/book_2_n"},{"predicate":{"custom_model_data":1112},"model":"tavern:ia_auto_gen/book_2_o"},{"predicate":{"custom_model_data":1113},"model":"tavern:ia_auto_gen/book_2_p"},{"predicate":{"custom_model_data":1114},"model":"tavern:ia_auto_gen/book_2_r"},{"predicate":{"custom_model_data":1115},"model":"tavern:ia_auto_gen/bottle"},{"predicate":{"custom_model_data":1116},"model":"tavern:ia_auto_gen/bottle_b"},{"predicate":{"custom_model_data":1117},"model":"tavern:ia_auto_gen/bottle_g"},{"predicate":{"custom_model_data":1118},"model":"tavern:ia_auto_gen/bottle_n"},{"predicate":{"custom_model_data":1119},"model":"tavern:ia_auto_gen/bottle_o"},{"predicate":{"custom_model_data":1120},"model":"tavern:ia_auto_gen/bottle_p"},{"predicate":{"custom_model_data":1121},"model":"tavern:ia_auto_gen/bottle_r"},{"predicate":{"custom_model_data":1122},"model":"tavern:ia_auto_gen/key"},{"predicate":{"custom_model_data":1123},"model":"tavern:ia_auto_gen/key_b"},{"predicate":{"custom_model_data":1124},"model":"tavern:ia_auto_gen/key_g"},{"predicate":{"custom_model_data":1125},"model":"tavern:ia_auto_gen/key_n"},{"predicate":{"custom_model_data":1126},"model":"tavern:ia_auto_gen/key_o"},{"predicate":{"custom_model_data":1127},"model":"tavern:ia_auto_gen/key_p"},{"predicate":{"custom_model_data":1128},"model":"tavern:ia_auto_gen/key_r"},{"predicate":{"custom_model_data":1129},"model":"tavern:ia_auto_gen/ring"},{"predicate":{"custom_model_data":1130},"model":"tavern:ia_auto_gen/ring_b"},{"predicate":{"custom_model_data":1131},"model":"tavern:ia_auto_gen/ring_g"},{"predicate":{"custom_model_data":1132},"model":"tavern:ia_auto_gen/ring_n"},{"predicate":{"custom_model_data":1133},"model":"tavern:ia_auto_gen/ring_o"},{"predicate":{"custom_model_data":1134},"model":"tavern:ia_auto_gen/ring_p"},{"predicate":{"custom_model_data":1135},"model":"tavern:ia_auto_gen/ring_r"},{"predicate":{"custom_model_data":1136},"model":"tavern:ia_auto_gen/scroll_1"},{"predicate":{"custom_model_data":1137},"model":"tavern:ia_auto_gen/scroll_1_b"},{"predicate":{"custom_model_data":1138},"model":"tavern:ia_auto_gen/scroll_1_g"},{"predicate":{"custom_model_data":1139},"model":"tavern:ia_auto_gen/scroll_1_n"},{"predicate":{"custom_model_data":1140},"model":"tavern:ia_auto_gen/scroll_1_o"},{"predicate":{"custom_model_data":1141},"model":"tavern:ia_auto_gen/scroll_1_p"},{"predicate":{"custom_model_data":1142},"model":"tavern:ia_auto_gen/scroll_1_r"},{"predicate":{"custom_model_data":1143},"model":"tavern:ia_auto_gen/scroll_2"},{"predicate":{"custom_model_data":1144},"model":"tavern:ia_auto_gen/scroll_2_b"},{"predicate":{"custom_model_data":1145},"model":"tavern:ia_auto_gen/scroll_2_g"},{"predicate":{"custom_model_data":1146},"model":"tavern:ia_auto_gen/scroll_2_n"},{"predicate":{"custom_model_data":1147},"model":"tavern:ia_auto_gen/scroll_2_o"},{"predicate":{"custom_model_data":1148},"model":"tavern:ia_auto_gen/scroll_2_p"},{"predicate":{"custom_model_data":1149},"model":"tavern:ia_auto_gen/scroll_2_r"},{"predicate":{"custom_model_data":1150},"model":"tavern:ia_auto_gen/scroll_3"},{"predicate":{"custom_model_data":1151},"model":"tavern:ia_auto_gen/scroll_3_b"},{"predicate":{"custom_model_data":1152},"model":"tavern:ia_auto_gen/scroll_3_g"},{"predicate":{"custom_model_data":1153},"model":"tavern:ia_auto_gen/scroll_3_n"},{"predicate":{"custom_model_data":1154},"model":"tavern:ia_auto_gen/scroll_3_o"},{"predicate":{"custom_model_data":1155},"model":"tavern:ia_auto_gen/scroll_3_p"},{"predicate":{"custom_model_data":1156},"model":"tavern:ia_auto_gen/scroll_3_r"},{"predicate":{"custom_model_data":2177},"model":"tavern:items/mythicals/bloodmoon/chain_hook_1"},{"predicate":{"custom_model_data":2178},"model":"tavern:items/mythicals/bloodmoon/chain_hook_2"},{"predicate":{"custom_model_data":2179},"model":"tavern:items/mythicals/bloodmoon/chain_hook_3"},{"predicate":{"custom_model_data":2180},"model":"tavern:items/mythicals/bloodmoon/chain_hook_4"},{"predicate":{"custom_model_data":2181},"model":"tavern:items/mythicals/bloodmoon/chain_hook_5"},{"predicate":{"custom_model_data":2182},"model":"tavern:items/mythicals/bloodmoon/charge_1"},{"predicate":{"custom_model_data":2183},"model":"tavern:items/mythicals/bloodmoon/charge_2"},{"predicate":{"custom_model_data":2184},"model":"tavern:items/mythicals/bloodmoon/charge_3"},{"predicate":{"custom_model_data":2185},"model":"tavern:items/mythicals/bloodmoon/charge_4"},{"predicate":{"custom_model_data":2186},"model":"tavern:items/mythicals/bloodmoon/charge_5"},{"predicate":{"custom_model_data":2187},"model":"tavern:items/mythicals/bloodmoon/judgement_sword_1"},{"predicate":{"custom_model_data":2188},"model":"tavern:items/mythicals/bloodmoon/judgement_sword_2"},{"predicate":{"custom_model_data":2189},"model":"tavern:items/mythicals/bloodmoon/judgement_sword_3"},{"predicate":{"custom_model_data":2190},"model":"tavern:items/mythicals/bloodmoon/judgement_sword_4"},{"predicate":{"custom_model_data":2191},"model":"tavern:items/mythicals/bloodmoon/shield_barrier_1"},{"predicate":{"custom_model_data":2192},"model":"tavern:items/mythicals/bloodmoon/shield_barrier_2"},{"predicate":{"custom_model_data":2193},"model":"tavern:items/mythicals/bloodmoon/shield_barrier_3"},{"predicate":{"custom_model_data":2194},"model":"tavern:items/mythicals/bloodmoon/shield_barrier_4"},{"predicate":{"custom_model_data":2195},"model":"tavern:items/mythicals/bloodmoon/bloodmoon_pierce_1"},{"predicate":{"custom_model_data":2196},"model":"tavern:items/mythicals/bloodmoon/bloodmoon_pierce_2"},{"predicate":{"custom_model_data":2197},"model":"tavern:items/mythicals/bloodmoon/bloodmoon_pierce_3"},{"predicate":{"custom_model_data":2198},"model":"tavern:items/mythicals/bloodmoon/bloodmoon_pierce_4"},{"predicate":{"custom_model_data":2199},"model":"tavern:items/mythicals/bloodmoon/bloodmoon_pierce_5"},{"predicate":{"custom_model_data":2200},"model":"tavern:items/mythicals/bloodmoon/bloodmoon_pierce_6"},{"predicate":{"custom_model_data":2201},"model":"tavern:items/mythicals/bloodmoon/bloodmoon_slash_1"},{"predicate":{"custom_model_data":2202},"model":"tavern:items/mythicals/bloodmoon/bloodmoon_slash_2"},{"predicate":{"custom_model_data":2203},"model":"tavern:items/mythicals/bloodmoon/bloodmoon_slash_3"},{"predicate":{"custom_model_data":2204},"model":"tavern:items/mythicals/bloodmoon/bloodmoon_slash_4"},{"predicate":{"custom_model_data":2205},"model":"tavern:items/mythicals/bloodmoon/bloodmoon_slash_5"},{"predicate":{"custom_model_data":2206},"model":"tavern:items/mythicals/bloodmoon/bloodmoon_slash_6"},{"predicate":{"custom_model_data":2207},"model":"tavern:items/mythicals/bloodmoon/bloodmoon_slash_7"},{"predicate":{"custom_model_data":2208},"model":"tavern:items/mythicals/bloodmoon/whirlwind_1"},{"predicate":{"custom_model_data":2209},"model":"tavern:items/mythicals/bloodmoon/whirlwind_2"},{"predicate":{"custom_model_data":2210},"model":"tavern:items/mythicals/bloodmoon/whirlwind_3"},{"predicate":{"custom_model_data":2211},"model":"tavern:items/mythicals/bloodmoon/whirlwind_4"},{"predicate":{"custom_model_data":2212},"model":"tavern:items/mythicals/bloodmoon/whirlwind_5"},{"predicate":{"custom_model_data":2213},"model":"tavern:items/mythicals/bloodmoon/judgement_shield_1"},{"predicate":{"custom_model_data":2214},"model":"tavern:items/mythicals/bloodmoon/shield_barrier_1_broken"},{"predicate":{"custom_model_data":2215},"model":"tavern:items/mythicals/bloodmoon/shield_barrier_2_broken"},{"predicate":{"custom_model_data":2216},"model":"tavern:items/mythicals/bloodmoon/shield_barrier_3_broken"},{"predicate":{"custom_model_data":2217},"model":"tavern:items/mythicals/bloodmoon/judgement_shield_2"},{"predicate":{"custom_model_data":2218},"model":"tavern:items/mythicals/bloodmoon/judgement_shield_3"},{"predicate":{"custom_model_data":2219},"model":"tavern:items/mythicals/bloodmoon/judgement_shield_4"},{"predicate":{"custom_model_data":2686},"model":"tavern:items/mythicals/twilight_grandstaff/arcane_bolt_1"},{"predicate":{"custom_model_data":2687},"model":"tavern:items/mythicals/twilight_grandstaff/arcane_bolt_2"},{"predicate":{"custom_model_data":2688},"model":"tavern:items/mythicals/twilight_grandstaff/arcane_bolt_3"},{"predicate":{"custom_model_data":2689},"model":"tavern:items/mythicals/twilight_grandstaff/arcane_bolt_4"},{"predicate":{"custom_model_data":2690},"model":"tavern:items/mythicals/twilight_grandstaff/arcane_bolt_5"},{"predicate":{"custom_model_data":2691},"model":"tavern:items/mythicals/twilight_grandstaff/arcane_bolt_6"},{"predicate":{"custom_model_data":2692},"model":"tavern:items/mythicals/twilight_grandstaff/arcane_bolt_7"},{"predicate":{"custom_model_data":2693},"model":"tavern:items/mythicals/twilight_grandstaff/arcane_bolt_8"},{"predicate":{"custom_model_data":2694},"model":"tavern:items/mythicals/twilight_grandstaff/arcane_bolt_9"},{"predicate":{"custom_model_data":2695},"model":"tavern:items/mythicals/twilight_grandstaff/arcane_impact_1"},{"predicate":{"custom_model_data":2696},"model":"tavern:items/mythicals/twilight_grandstaff/arcane_impact_2"},{"predicate":{"custom_model_data":2697},"model":"tavern:items/mythicals/twilight_grandstaff/arcane_impact_3"},{"predicate":{"custom_model_data":2698},"model":"tavern:items/mythicals/twilight_grandstaff/arcane_impact_4"},{"predicate":{"custom_model_data":2699},"model":"tavern:items/mythicals/twilight_grandstaff/arcane_impact_5"},{"predicate":{"custom_model_data":2700},"model":"tavern:items/mythicals/twilight_grandstaff/arcane_impact_6"},{"predicate":{"custom_model_data":2701},"model":"tavern:items/mythicals/twilight_grandstaff/arcane_impact_7"},{"predicate":{"custom_model_data":2702},"model":"tavern:items/mythicals/twilight_grandstaff/arcane_slash_1"},{"predicate":{"custom_model_data":2703},"model":"tavern:items/mythicals/twilight_grandstaff/arcane_slash_2"},{"predicate":{"custom_model_data":2704},"model":"tavern:items/mythicals/twilight_grandstaff/arcane_slash_3"},{"predicate":{"custom_model_data":2705},"model":"tavern:items/mythicals/twilight_grandstaff/arcane_slash_4"},{"predicate":{"custom_model_data":2706},"model":"tavern:items/mythicals/twilight_grandstaff/arcane_slash_5"},{"predicate":{"custom_model_data":2707},"model":"tavern:items/mythicals/twilight_grandstaff/arcane_slash_6"},{"predicate":{"custom_model_data":2708},"model":"tavern:items/mythicals/twilight_grandstaff/arcane_slash_7"},{"predicate":{"custom_model_data":2709},"model":"tavern:items/mythicals/twilight_grandstaff/arcane_thunder_1"},{"predicate":{"custom_model_data":2710},"model":"tavern:items/mythicals/twilight_grandstaff/arcane_thunder_2"},{"predicate":{"custom_model_data":2711},"model":"tavern:items/mythicals/twilight_grandstaff/arcane_thunder_3"},{"predicate":{"custom_model_data":2712},"model":"tavern:items/mythicals/twilight_grandstaff/arcane_thunder_4"},{"predicate":{"custom_model_data":2713},"model":"tavern:items/mythicals/twilight_grandstaff/arcane_thunder_5"},{"predicate":{"custom_model_data":2714},"model":"tavern:items/mythicals/twilight_grandstaff/arcane_thunder_6"},{"predicate":{"custom_model_data":2715},"model":"tavern:items/mythicals/twilight_grandstaff/arcane_thunder_7"},{"predicate":{"custom_model_data":2716},"model":"tavern:items/mythicals/twilight_grandstaff/arcane_thunder_8"},{"predicate":{"custom_model_data":2717},"model":"tavern:items/mythicals/twilight_grandstaff/arcane_thunder_9"},{"predicate":{"custom_model_data":2718},"model":"tavern:items/mythicals/twilight_grandstaff/blizzard_icicle"},{"predicate":{"custom_model_data":2719},"model":"tavern:items/mythicals/twilight_grandstaff/blizzard_impact_1"},{"predicate":{"custom_model_data":2720},"model":"tavern:items/mythicals/twilight_grandstaff/blizzard_impact_2"},{"predicate":{"custom_model_data":2721},"model":"tavern:items/mythicals/twilight_grandstaff/blizzard_impact_3"},{"predicate":{"custom_model_data":2722},"model":"tavern:items/mythicals/twilight_grandstaff/blizzard_impact_4"},{"predicate":{"custom_model_data":2723},"model":"tavern:items/mythicals/twilight_grandstaff/blizzard_impact_5"},{"predicate":{"custom_model_data":2724},"model":"tavern:items/mythicals/twilight_grandstaff/blizzard_impact_6"},{"predicate":{"custom_model_data":2725},"model":"tavern:items/mythicals/twilight_grandstaff/blizzard_impact_7"},{"predicate":{"custom_model_data":2726},"model":"tavern:items/mythicals/twilight_grandstaff/meteor_storm_explosion_1"},{"predicate":{"custom_model_data":2727},"model":"tavern:items/mythicals/twilight_grandstaff/meteor_storm_explosion_2"},{"predicate":{"custom_model_data":2728},"model":"tavern:items/mythicals/twilight_grandstaff/meteor_storm_explosion_3"},{"predicate":{"custom_model_data":2729},"model":"tavern:items/mythicals/twilight_grandstaff/meteor_storm_explosion_4"},{"predicate":{"custom_model_data":2730},"model":"tavern:items/mythicals/twilight_grandstaff/meteor_storm_explosion_5"},{"predicate":{"custom_model_data":2731},"model":"tavern:items/mythicals/twilight_grandstaff/meteor_storm_explosion_6"},{"predicate":{"custom_model_data":2732},"model":"tavern:items/mythicals/twilight_grandstaff/void_rupture_1"},{"predicate":{"custom_model_data":2733},"model":"tavern:items/mythicals/twilight_grandstaff/void_rupture_2"},{"predicate":{"custom_model_data":2734},"model":"tavern:items/mythicals/twilight_grandstaff/void_rupture_3"},{"predicate":{"custom_model_data":2735},"model":"tavern:items/mythicals/twilight_grandstaff/void_rupture_4"},{"predicate":{"custom_model_data":2736},"model":"tavern:items/mythicals/twilight_grandstaff/void_rupture_5"},{"predicate":{"custom_model_data":2737},"model":"tavern:items/mythicals/twilight_grandstaff/void_rupture_6"},{"predicate":{"custom_model_data":2738},"model":"tavern:items/mythicals/celestial_staff/divine_immolation_1"},{"predicate":{"custom_model_data":2739},"model":"tavern:items/mythicals/celestial_staff/divine_immolation_2"},{"predicate":{"custom_model_data":2740},"model":"tavern:items/mythicals/celestial_staff/divine_immolation_3"},{"predicate":{"custom_model_data":2741},"model":"tavern:items/mythicals/celestial_staff/divine_immolation_4"},{"predicate":{"custom_model_data":2742},"model":"tavern:items/mythicals/celestial_staff/divine_immolation_5"},{"predicate":{"custom_model_data":2743},"model":"tavern:items/mythicals/celestial_staff/divine_immolation_6"},{"predicate":{"custom_model_data":2744},"model":"tavern:items/mythicals/celestial_staff/divine_impact_1"},{"predicate":{"custom_model_data":2745},"model":"tavern:items/mythicals/celestial_staff/divine_impact_2"},{"predicate":{"custom_model_data":2746},"model":"tavern:items/mythicals/celestial_staff/divine_impact_3"},{"predicate":{"custom_model_data":2747},"model":"tavern:items/mythicals/celestial_staff/divine_impact_4"},{"predicate":{"custom_model_data":2748},"model":"tavern:items/mythicals/celestial_staff/divine_impact_5"},{"predicate":{"custom_model_data":2749},"model":"tavern:items/mythicals/celestial_staff/divine_impact_6"},{"predicate":{"custom_model_data":2750},"model":"tavern:items/mythicals/celestial_staff/divine_impact_7"},{"predicate":{"custom_model_data":2751},"model":"tavern:items/mythicals/celestial_staff/divine_impact_8"},{"predicate":{"custom_model_data":2752},"model":"tavern:items/mythicals/celestial_staff/luminous_wave_1"},{"predicate":{"custom_model_data":2753},"model":"tavern:items/mythicals/celestial_staff/luminous_wave_2"},{"predicate":{"custom_model_data":2754},"model":"tavern:items/mythicals/celestial_staff/luminous_wave_3"},{"predicate":{"custom_model_data":2755},"model":"tavern:items/mythicals/celestial_staff/luminous_wave_4"},{"predicate":{"custom_model_data":2756},"model":"tavern:items/mythicals/celestial_staff/luminous_wave_5"},{"predicate":{"custom_model_data":2757},"model":"tavern:items/mythicals/celestial_staff/luminous_wave_6"},{"predicate":{"custom_model_data":2758},"model":"tavern:items/mythicals/celestial_staff/luminous_wave_7"},{"predicate":{"custom_model_data":2759},"model":"tavern:items/mythicals/celestial_staff/luminous_wave_8"},{"predicate":{"custom_model_data":2760},"model":"tavern:items/mythicals/celestial_staff/luminous_wave_9"},{"predicate":{"custom_model_data":2761},"model":"tavern:items/mythicals/celestial_staff/tear_impact_1"},{"predicate":{"custom_model_data":2762},"model":"tavern:items/mythicals/celestial_staff/tear_impact_2"},{"predicate":{"custom_model_data":2763},"model":"tavern:items/mythicals/celestial_staff/tear_impact_3"},{"predicate":{"custom_model_data":2764},"model":"tavern:items/mythicals/celestial_staff/tear_impact_4"},{"predicate":{"custom_model_data":2765},"model":"tavern:items/mythicals/celestial_staff/tear_impact_5"},{"predicate":{"custom_model_data":2766},"model":"tavern:items/mythicals/celestial_staff/tear_impact_6"},{"predicate":{"custom_model_data":2767},"model":"tavern:items/mythicals/celestial_staff/tear_impact_7"},{"predicate":{"custom_model_data":2768},"model":"tavern:items/mythicals/celestial_staff/tear_impact_8"},{"predicate":{"custom_model_data":2840},"model":"tavern:items/mythicals/baruka/death_slice_1"},{"predicate":{"custom_model_data":2841},"model":"tavern:items/mythicals/baruka/death_slice_2"},{"predicate":{"custom_model_data":2842},"model":"tavern:items/mythicals/baruka/death_slice_3"},{"predicate":{"custom_model_data":2843},"model":"tavern:items/mythicals/baruka/death_slice_4"},{"predicate":{"custom_model_data":2844},"model":"tavern:items/mythicals/baruka/death_slice_5"},{"predicate":{"custom_model_data":2845},"model":"tavern:items/mythicals/baruka/death_slice_6"},{"predicate":{"custom_model_data":2846},"model":"tavern:items/mythicals/baruka/death_slice_7"},{"predicate":{"custom_model_data":2847},"model":"tavern:items/mythicals/baruka/death_slice_8"},{"predicate":{"custom_model_data":2848},"model":"tavern:items/mythicals/baruka/death_spin"},{"predicate":{"custom_model_data":2849},"model":"tavern:items/mythicals/baruka/soul_cross_1"},{"predicate":{"custom_model_data":2850},"model":"tavern:items/mythicals/baruka/soul_cross_2"},{"predicate":{"custom_model_data":2851},"model":"tavern:items/mythicals/baruka/soul_cross_3"},{"predicate":{"custom_model_data":2852},"model":"tavern:items/mythicals/baruka/soul_cross_4"},{"predicate":{"custom_model_data":2853},"model":"tavern:items/mythicals/baruka/soul_cross_5"},{"predicate":{"custom_model_data":2854},"model":"tavern:items/mythicals/baruka/soul_cross_6"},{"predicate":{"custom_model_data":2855},"model":"tavern:items/mythicals/baruka/soul_cross_7"},{"predicate":{"custom_model_data":2856},"model":"tavern:items/mythicals/baruka/soul_cross_8"},{"predicate":{"custom_model_data":2857},"model":"tavern:items/mythicals/baruka/soul_slice_1"},{"predicate":{"custom_model_data":2858},"model":"tavern:items/mythicals/baruka/soul_slice_2"},{"predicate":{"custom_model_data":2859},"model":"tavern:items/mythicals/baruka/soul_slice_3"},{"predicate":{"custom_model_data":2860},"model":"tavern:items/mythicals/baruka/soul_slice_4"},{"predicate":{"custom_model_data":2861},"model":"tavern:items/mythicals/baruka/soul_slice_5"},{"predicate":{"custom_model_data":2862},"model":"tavern:items/mythicals/baruka/soul_slice_6"},{"predicate":{"custom_model_data":2863},"model":"tavern:items/mythicals/baruka/soul_slice_7"},{"predicate":{"custom_model_data":2864},"model":"tavern:items/mythicals/baruka/soul_slice_8"},{"predicate":{"custom_model_data":2865},"model":"tavern:items/mythicals/baruka/soul_spin"},{"predicate":{"custom_model_data":2866},"model":"tavern:items/mythicals/baruka/soul_wave_1"},{"predicate":{"custom_model_data":2867},"model":"tavern:items/mythicals/baruka/soul_wave_2"},{"predicate":{"custom_model_data":2868},"model":"tavern:items/mythicals/baruka/soul_wave_3"},{"predicate":{"custom_model_data":2869},"model":"tavern:items/mythicals/baruka/soul_wave_4"},{"predicate":{"custom_model_data":2870},"model":"tavern:items/mythicals/baruka/soul_wave_5"},{"predicate":{"custom_model_data":2871},"model":"tavern:items/mythicals/baruka/soul_wave_6"},{"predicate":{"custom_model_data":2872},"model":"tavern:items/mythicals/baruka/soul_wave_7"},{"predicate":{"custom_model_data":10007},"model":"malikaset:helmet"},{"predicate":{"custom_model_data":10008},"model":"tavern:items/sets/malika/key"},{"predicate":{"custom_model_data":10009},"model":"tavern:ia_auto_gen/blue_ore"},{"predicate":{"custom_model_data":10010},"model":"tavern:ia_auto_gen/blue_ore_deepslate"},{"predicate":{"custom_model_data":10011},"model":"tavern:ia_auto_gen/raw_blue_ore_block"},{"predicate":{"custom_model_data":10012},"model":"tavern:ia_auto_gen/blue_ore_block"},{"predicate":{"custom_model_data":10013},"model":"tavern:ia_auto_gen/green_ore"},{"predicate":{"custom_model_data":10014},"model":"tavern:ia_auto_gen/green_ore_deepslate"},{"predicate":{"custom_model_data":10015},"model":"tavern:ia_auto_gen/raw_green_ore_block"},{"predicate":{"custom_model_data":10016},"model":"tavern:ia_auto_gen/green_ore_block"},{"predicate":{"custom_model_data":10017},"model":"tavern:ia_auto_gen/pink_ore"},{"predicate":{"custom_model_data":10018},"model":"tavern:ia_auto_gen/pink_ore_deepslate"},{"predicate":{"custom_model_data":10019},"model":"tavern:ia_auto_gen/raw_pink_ore_block"},{"predicate":{"custom_model_data":10020},"model":"tavern:ia_auto_gen/pink_ore_block"},{"predicate":{"custom_model_data":10021},"model":"tavern:ia_auto_gen/red_ore"},{"predicate":{"custom_model_data":10022},"model":"tavern:ia_auto_gen/red_ore_deepslate"},{"predicate":{"custom_model_data":10023},"model":"tavern:ia_auto_gen/raw_red_ore_block"},{"predicate":{"custom_model_data":10024},"model":"tavern:ia_auto_gen/red_ore_block"},{"predicate":{"custom_model_data":10025},"model":"tavern:ia_auto_gen/yellow_ore"},{"predicate":{"custom_model_data":10026},"model":"tavern:ia_auto_gen/yellow_ore_deepslate"},{"predicate":{"custom_model_data":10027},"model":"tavern:ia_auto_gen/raw_yellow_ore_block"},{"predicate":{"custom_model_data":10028},"model":"tavern:ia_auto_gen/yellow_ore_block"},{"predicate":{"custom_model_data":10029},"model":"tavern:ia_auto_gen/orange_ore"},{"predicate":{"custom_model_data":10030},"model":"tavern:ia_auto_gen/orange_ore_deepslate"},{"predicate":{"custom_model_data":10031},"model":"tavern:ia_auto_gen/raw_orange_ore_block"},{"predicate":{"custom_model_data":10032},"model":"tavern:ia_auto_gen/orange_ore_block"},{"predicate":{"custom_model_data":10033},"model":"tavern:ia_auto_gen/silver_ore"},{"predicate":{"custom_model_data":10034},"model":"tavern:ia_auto_gen/silver_ore_deepslate"},{"predicate":{"custom_model_data":10035},"model":"tavern:ia_auto_gen/raw_silver_ore_block"},{"predicate":{"custom_model_data":10036},"model":"tavern:ia_auto_gen/silver_ore_block"},{"predicate":{"custom_model_data":10037},"model":"tavern:ia_auto_gen/purple_ore"},{"predicate":{"custom_model_data":10038},"model":"tavern:ia_auto_gen/purple_ore_deepslate"},{"predicate":{"custom_model_data":10039},"model":"tavern:ia_auto_gen/raw_purple_ore_block"},{"predicate":{"custom_model_data":10040},"model":"tavern:ia_auto_gen/purple_ore_block"},{"predicate":{"custom_model_data":10041},"model":"tavern:ia_auto_gen/blue_ore_nugget"},{"predicate":{"custom_model_data":10042},"model":"tavern:ia_auto_gen/raw_blue_ore"},{"predicate":{"custom_model_data":10043},"model":"tavern:ia_auto_gen/blue_ore_ingot"},{"predicate":{"custom_model_data":10044},"model":"tavern:ia_auto_gen/green_ore_nugget"},{"predicate":{"custom_model_data":10045},"model":"tavern:ia_auto_gen/raw_green_ore"},{"predicate":{"custom_model_data":10046},"model":"tavern:ia_auto_gen/green_ore_ingot"},{"predicate":{"custom_model_data":10047},"model":"tavern:ia_auto_gen/pink_ore_nugget"},{"predicate":{"custom_model_data":10048},"model":"tavern:ia_auto_gen/raw_pink_ore"},{"predicate":{"custom_model_data":10049},"model":"tavern:ia_auto_gen/pink_ore_ingot"},{"predicate":{"custom_model_data":10050},"model":"tavern:ia_auto_gen/red_ore_nugget"},{"predicate":{"custom_model_data":10051},"model":"tavern:ia_auto_gen/raw_red_ore"},{"predicate":{"custom_model_data":10052},"model":"tavern:ia_auto_gen/red_ore_ingot"},{"predicate":{"custom_model_data":10053},"model":"tavern:ia_auto_gen/yellow_ore_nugget"},{"predicate":{"custom_model_data":10054},"model":"tavern:ia_auto_gen/raw_yellow_ore"},{"predicate":{"custom_model_data":10055},"model":"tavern:ia_auto_gen/yellow_ore_ingot"},{"predicate":{"custom_model_data":10056},"model":"tavern:ia_auto_gen/orange_ore_nugget"},{"predicate":{"custom_model_data":10057},"model":"tavern:ia_auto_gen/raw_orange_ore"},{"predicate":{"custom_model_data":10058},"model":"tavern:ia_auto_gen/orange_ore_ingot"},{"predicate":{"custom_model_data":10059},"model":"tavern:ia_auto_gen/silver_ore_nugget"},{"predicate":{"custom_model_data":10060},"model":"tavern:ia_auto_gen/raw_silver_ore"},{"predicate":{"custom_model_data":10061},"model":"tavern:ia_auto_gen/silver_ore_ingot"},{"predicate":{"custom_model_data":10062},"model":"tavern:ia_auto_gen/purple_ore_nugget"},{"predicate":{"custom_model_data":10063},"model":"tavern:ia_auto_gen/raw_purple_ore"},{"predicate":{"custom_model_data":10064},"model":"tavern:ia_auto_gen/purple_ore_ingot"},{"predicate":{"custom_model_data":10065},"model":"tavern:items/sets/malika/wings"},{"predicate":{"custom_model_data":10066},"model":"tavern:items/sets/ginger_bread_gear/chest"},{"predicate":{"custom_model_data":10066},"model":"tavern:items/sets/malika/wings_self"},{"predicate":{"custom_model_data":10067},"model":"tavern:items/sets/ginger_bread_gear/helmet"},{"predicate":{"custom_model_data":10067},"model":"tavern:items/sets/yggdrasil/chest"},{"predicate":{"custom_model_data":10068},"model":"tavern:items/sets/ginger_bread_gear/house_backwear"},{"predicate":{"custom_model_data":10068},"model":"tavern:items/sets/evergreen/wings_self"},{"predicate":{"custom_model_data":10069},"model":"tavern:items/sets/ginger_bread_gear/key"},{"predicate":{"custom_model_data":10069},"model":"tavern:items/sets/dragonsoul/wings_self"},{"predicate":{"custom_model_data":10070},"model":"tavern:items/sets/xmas/hat"},{"predicate":{"custom_model_data":10071},"model":"tavern:items/sets/xmas/key"},{"predicate":{"custom_model_data":10072},"model":"tavern:items/sets/xmas/wings"},{"predicate":{"custom_model_data":10073},"model":"tavern:items/sets/wild/wings_self"},{"predicate":{"custom_model_data":10074},"model":"tavern:items/sets/wild/backpack_self"},{"predicate":{"custom_model_data":10075},"model":"tavern:ia_auto_gen/block_serpent_ore"},{"predicate":{"custom_model_data":10076},"model":"tavern:ia_auto_gen/block_azalea_ore"},{"predicate":{"custom_model_data":10077},"model":"tavern:ia_auto_gen/block_valkyrie_ore"},{"predicate":{"custom_model_data":10078},"model":"tavern:ia_auto_gen/block_minotaur_ore"},{"predicate":{"custom_model_data":10079},"model":"tavern:ia_auto_gen/block_levian_ore"},{"predicate":{"custom_model_data":10080},"model":"tavern:ia_auto_gen/block_queenbee_ore"},{"predicate":{"custom_model_data":10081},"model":"tavern:items/sets/dragonsoul/key"},{"predicate":{"custom_model_data":10082},"model":"tavern:items/sets/dragonsoul/wings"},{"predicate":{"custom_model_data":10083},"model":"tavern:ia_auto_gen/gemstone_azalea"},{"predicate":{"custom_model_data":10084},"model":"tavern:ia_auto_gen/gemstone_valkyrie"},{"predicate":{"custom_model_data":10085},"model":"tavern:items/sets/winter/key"},{"predicate":{"custom_model_data":10086},"model":"tavern:items/sets/winter/backpack"},{"predicate":{"custom_model_data":10087},"model":"tavern:ia_auto_gen/gemstone_minotaur"},{"predicate":{"custom_model_data":10088},"model":"tavern:ia_auto_gen/gemstone_levian"},{"predicate":{"custom_model_data":10089},"model":"tavern:ia_auto_gen/gemstone_queenbee"},{"predicate":{"custom_model_data":10090},"model":"tavern:ia_auto_gen/gemstone_serpent"},{"predicate":{"custom_model_data":10101},"model":"tavern:items/sets/winter/wings"},{"predicate":{"custom_model_data":10102},"model":"tavern:items/sets/winter/helmet"},{"predicate":{"custom_model_data":10103},"model":"tavern:items/furniture/xmas/big_gift_box"},{"predicate":{"custom_model_data":10104},"model":"tavern:items/furniture/xmas/santa_hat"},{"predicate":{"custom_model_data":10105},"model":"tavern:items/furniture/xmas/candles"},{"predicate":{"custom_model_data":10106},"model":"tavern:blocks/flower_carpet_blue"},{"predicate":{"custom_model_data":10107},"model":"tavern:blocks/flower_carpet_pink"},{"predicate":{"custom_model_data":10108},"model":"tavern:blocks/flower_carpet_red"},{"predicate":{"custom_model_data":10109},"model":"tavern:blocks/flower_carpet_white"},{"predicate":{"custom_model_data":10110},"model":"tavern:blocks/foxgloves_white"},{"predicate":{"custom_model_data":10111},"model":"tavern:blocks/freesia_pink"},{"predicate":{"custom_model_data":10112},"model":"tavern:blocks/freesia_purple"},{"predicate":{"custom_model_data":10113},"model":"tavern:blocks/freesia_yellow"},{"predicate":{"custom_model_data":10114},"model":"tavern:blocks/french_broom"},{"predicate":{"custom_model_data":10115},"model":"tavern:blocks/goatsbeard"},{"predicate":{"custom_model_data":10116},"model":"tavern:blocks/lupine_blue"},{"predicate":{"custom_model_data":10117},"model":"tavern:blocks/lupine_pink"},{"predicate":{"custom_model_data":10118},"model":"tavern:blocks/lupine_purple"},{"predicate":{"custom_model_data":10119},"model":"tavern:blocks/nemophila"},{"predicate":{"custom_model_data":10120},"model":"tavern:blocks/petunia_pink"},{"predicate":{"custom_model_data":10121},"model":"tavern:blocks/petunia_purple"},{"predicate":{"custom_model_data":10122},"model":"tavern:blocks/petunia_red"},{"predicate":{"custom_model_data":10123},"model":"tavern:blocks/polka_dot_begonia"},{"predicate":{"custom_model_data":10124},"model":"tavern:blocks/scorpion_grasses"},{"predicate":{"custom_model_data":10125},"model":"tavern:blocks/twinspur_orange"},{"predicate":{"custom_model_data":10126},"model":"tavern:blocks/twinspur_pink"},{"predicate":{"custom_model_data":10127},"model":"tavern:blocks/violet"},{"predicate":{"custom_model_data":10128},"model":"tavern:blocks/bluebell"},{"predicate":{"custom_model_data":10129},"model":"tavern:blocks/bottlebrushes"},{"predicate":{"custom_model_data":10130},"model":"tavern:blocks/carnation_blush"},{"predicate":{"custom_model_data":10131},"model":"tavern:blocks/carnation_moonvista"},{"predicate":{"custom_model_data":10132},"model":"tavern:blocks/carnation_peach"},{"predicate":{"custom_model_data":10133},"model":"tavern:blocks/carnation_pink"},{"predicate":{"custom_model_data":10134},"model":"tavern:blocks/cosmos_chocolate"},{"predicate":{"custom_model_data":10135},"model":"tavern:blocks/cosmos_pink"},{"predicate":{"custom_model_data":10136},"model":"tavern:blocks/cosmos_red"},{"predicate":{"custom_model_data":10137},"model":"tavern:blocks/daphne"},{"predicate":{"custom_model_data":10138},"model":"tavern:blocks/foxgloves_pink"},{"predicate":{"custom_model_data":10139},"model":"tavern:items/sets/littlebunny/backpack"},{"predicate":{"custom_model_data":10140},"model":"tavern:items/sets/littlebunny/little_bunny"},{"predicate":{"custom_model_data":10141},"model":"tavern:items/sets/littlebunny/flag"},{"predicate":{"custom_model_data":10142},"model":"tavern:items/sets/littlebunny/bunny_glove"},{"predicate":{"custom_model_data":10143},"model":"tavern:items/sets/littlebunny/bunny_hood"},{"predicate":{"custom_model_data":10144},"model":"tavern:items/sets/littlebunny/key"},{"predicate":{"custom_model_data":10145},"model":"tavern:items/sets/evergreen/crown"},{"predicate":{"custom_model_data":10146},"model":"tavern:items/sets/evergreen/key"},{"predicate":{"custom_model_data":10147},"model":"tavern:items/sets/evergreen/wings"},{"predicate":{"custom_model_data":10148},"model":"tavern:items/sets/littleshark/flag"},{"predicate":{"custom_model_data":10149},"model":"tavern:items/sets/littleshark/key"},{"predicate":{"custom_model_data":10389},"model":"tavern:items/keys/key_blue"},{"predicate":{"custom_model_data":10390},"model":"tavern:items/keys/key_gray"},{"predicate":{"custom_model_data":10391},"model":"tavern:items/keys/key_green"},{"predicate":{"custom_model_data":10392},"model":"tavern:items/sets/valentine/key"},{"predicate":{"custom_model_data":10393},"model":"tavern:items/keys/key_purple"},{"predicate":{"custom_model_data":10396},"model":"tavern:items/sets/beats/key"},{"predicate":{"custom_model_data":10397},"model":"tavern:items/sets/beats/wings"},{"predicate":{"custom_model_data":10398},"model":"tavern:items/sets/beats/helmet"},{"predicate":{"custom_model_data":10399},"model":"tavern:items/sets/azure/key"},{"predicate":{"custom_model_data":10400},"model":"tavern:items/sets/azure/wings"},{"predicate":{"custom_model_data":10401},"model":"tavern:items/sets/azure/helmet"},{"predicate":{"custom_model_data":10428},"model":"tavern:ia_auto_gen/raw_sculk_ore"},{"predicate":{"custom_model_data":10429},"model":"tavern:ia_auto_gen/raw_nether_ore"},{"predicate":{"custom_model_data":10430},"model":"tavern:items/sets/berserker/chest"},{"predicate":{"custom_model_data":10431},"model":"tavern:items/sets/berserker/key"},{"predicate":{"custom_model_data":10432},"model":"tavern:items/sets/berserker/wings"},{"predicate":{"custom_model_data":10433},"model":"tavern:items/sets/berserker/wings_self"},{"predicate":{"custom_model_data":10434},"model":"tavern:items/sets/warden/chest"},{"predicate":{"custom_model_data":10435},"model":"tavern:items/sets/warden/key"},{"predicate":{"custom_model_data":10436},"model":"tavern:items/sets/warden/wings"},{"predicate":{"custom_model_data":10437},"model":"tavern:items/sets/littlepanda/key"},{"predicate":{"custom_model_data":10438},"model":"tavern:items/sets/littlepanda/backpack"},{"predicate":{"custom_model_data":10439},"model":"tavern:items/sets/littlepanda/bamboo_backpack"},{"predicate":{"custom_model_data":10440},"model":"tavern:items/sets/littlepanda/panda_head"},{"predicate":{"custom_model_data":10441},"model":"tavern:items/sets/littlepanda/panda_hood"},{"predicate":{"custom_model_data":10442},"model":"tavern:items/sets/xmas/wings_self"},{"predicate":{"custom_model_data":10444},"model":"tavern:items/sets/warden/wings_self"},{"predicate":{"custom_model_data":10445},"model":"tavern:items/sets/fiendskull/key"},{"predicate":{"custom_model_data":10446},"model":"tavern:items/sets/fiendskull/backpack"},{"predicate":{"custom_model_data":10447},"model":"tavern:items/sets/fiendskull/cape"},{"predicate":{"custom_model_data":10448},"model":"tavern:items/sets/fiendskull/helmet"},{"predicate":{"custom_model_data":10455},"model":"tavern:items/sets/warden/hat"},{"predicate":{"custom_model_data":10457},"model":"tavern:tavern_furniture/tavern_barrel"},{"predicate":{"custom_model_data":10458},"model":"tavern:tavern_furniture/tavern_barrel_triple"},{"predicate":{"custom_model_data":10459},"model":"tavern:tavern_furniture/tavern_keg"},{"predicate":{"custom_model_data":10460},"model":"tavern:tavern_furniture/tavern_keg_triple"},{"predicate":{"custom_model_data":10461},"model":"tavern:tavern_furniture/tavern_table"},{"predicate":{"custom_model_data":10462},"model":"tavern:tavern_furniture/tavern_table_long"},{"predicate":{"custom_model_data":10463},"model":"tavern:tavern_furniture/tavern_chair"},{"predicate":{"custom_model_data":10464},"model":"tavern:tavern_furniture/tavern_bench"},{"predicate":{"custom_model_data":10465},"model":"tavern:tavern_furniture/tavern_bottle"},{"predicate":{"custom_model_data":10466},"model":"tavern:tavern_furniture/tavern_bottle2"},{"predicate":{"custom_model_data":10467},"model":"tavern:tavern_furniture/tavern_rug"},{"predicate":{"custom_model_data":10468},"model":"tavern:tavern_furniture/tavern_chandelier"},{"predicate":{"custom_model_data":10469},"model":"tavern:items/furniture/halloween/broom"},{"predicate":{"custom_model_data":10470},"model":"tavern:items/furniture/halloween/candle"},{"predicate":{"custom_model_data":10471},"model":"tavern:items/furniture/halloween/celling_lamp"},{"predicate":{"custom_model_data":10472},"model":"tavern:items/furniture/halloween/mr_thing"},{"predicate":{"custom_model_data":10473},"model":"tavern:items/furniture/halloween/picture"},{"predicate":{"custom_model_data":10474},"model":"tavern:items/furniture/halloween/pumpkin_1"},{"predicate":{"custom_model_data":10475},"model":"tavern:items/furniture/halloween/pumpkin_2"},{"predicate":{"custom_model_data":10476},"model":"tavern:items/furniture/halloween/pumpkin_3"},{"predicate":{"custom_model_data":10477},"model":"tavern:items/furniture/halloween/pumpkin_4"},{"predicate":{"custom_model_data":10478},"model":"tavern:items/furniture/halloween/rose_in_glass"},{"predicate":{"custom_model_data":10479},"model":"tavern:items/furniture/halloween/scarecrow"},{"predicate":{"custom_model_data":10480},"model":"tavern:items/furniture/halloween/skull_jar"},{"predicate":{"custom_model_data":10481},"model":"tavern:items/furniture/halloween/skull_sun_flower"},{"predicate":{"custom_model_data":10482},"model":"tavern:items/furniture/halloween/smile_flag"},{"predicate":{"custom_model_data":10483},"model":"tavern:items/furniture/halloween/spider_in_jar"},{"predicate":{"custom_model_data":10484},"model":"tavern:items/furniture/halloween/tomb_stone_1"},{"predicate":{"custom_model_data":10485},"model":"tavern:items/furniture/halloween/tomb_stone_2"},{"predicate":{"custom_model_data":10486},"model":"tavern:items/furniture/halloween/trick_or_treat_bowl"},{"predicate":{"custom_model_data":10487},"model":"tavern:items/furniture/halloween/wall_lamp"},{"predicate":{"custom_model_data":10488},"model":"tavern:items/furniture/halloween/witch_pot"},{"predicate":{"custom_model_data":10489},"model":"tavern:items/sets/asura/chest"},{"predicate":{"custom_model_data":10493},"model":"tavern:items/sets/bonita/key"},{"predicate":{"custom_model_data":10494},"model":"tavern:items/sets/bonita/backpack"},{"predicate":{"custom_model_data":10495},"model":"tavern:items/sets/bonita/wings"},{"predicate":{"custom_model_data":10496},"model":"tavern:items/sets/bonita/helmet"},{"predicate":{"custom_model_data":10497},"model":"tavern:ia_auto_gen/rpgbundle_vol3_item1"},{"predicate":{"custom_model_data":10498},"model":"tavern:ia_auto_gen/rpgbundle_vol3_item10"},{"predicate":{"custom_model_data":10499},"model":"tavern:ia_auto_gen/rpgbundle_vol3_item11"},{"predicate":{"custom_model_data":10500},"model":"tavern:ia_auto_gen/rpgbundle_vol3_item12"},{"predicate":{"custom_model_data":10501},"model":"tavern:ia_auto_gen/rpgbundle_vol3_item13"},{"predicate":{"custom_model_data":10502},"model":"tavern:ia_auto_gen/rpgbundle_vol3_item14"},{"predicate":{"custom_model_data":10503},"model":"tavern:ia_auto_gen/rpgbundle_vol3_item15"},{"predicate":{"custom_model_data":10504},"model":"tavern:ia_auto_gen/rpgbundle_vol3_item2"},{"predicate":{"custom_model_data":10505},"model":"tavern:ia_auto_gen/rpgbundle_vol3_item3"},{"predicate":{"custom_model_data":10506},"model":"tavern:ia_auto_gen/rpgbundle_vol3_item4"},{"predicate":{"custom_model_data":10507},"model":"tavern:ia_auto_gen/rpgbundle_vol3_item5"},{"predicate":{"custom_model_data":10508},"model":"tavern:ia_auto_gen/rpgbundle_vol3_item6"},{"predicate":{"custom_model_data":10509},"model":"tavern:ia_auto_gen/rpgbundle_vol3_item7"},{"predicate":{"custom_model_data":10510},"model":"tavern:ia_auto_gen/rpgbundle_vol3_item8"},{"predicate":{"custom_model_data":10511},"model":"tavern:ia_auto_gen/rpgbundle_vol3_item9"},{"predicate":{"custom_model_data":10512},"model":"tavern:ia_auto_gen/silverite_bottomleft"},{"predicate":{"custom_model_data":10513},"model":"tavern:ia_auto_gen/silverite_bottomright"},{"predicate":{"custom_model_data":10516},"model":"tavern:ia_auto_gen/silverite_topleft"},{"predicate":{"custom_model_data":10517},"model":"tavern:ia_auto_gen/silverite_topright"},{"predicate":{"custom_model_data":10518},"model":"tavern:ia_auto_gen/amulet_earth"},{"predicate":{"custom_model_data":10519},"model":"tavern:items/cosmetics/halloween23/pumpkin_warlock_backpack"},{"predicate":{"custom_model_data":10521},"model":"tavern:items/cosmetics/halloween23/pumpkin_warlock_hat"},{"predicate":{"custom_model_data":10522},"model":"tavern:items/cosmetics/halloween23/spider_legs_backpack"},{"predicate":{"custom_model_data":10523},"model":"tavern:items/cosmetics/halloween23/spider_hat"},{"predicate":{"custom_model_data":10524},"model":"tavern:items/cosmetics/halloween23/undertaker_backpack"},{"predicate":{"custom_model_data":10525},"model":"tavern:items/cosmetics/halloween23/undertaker_hat"},{"predicate":{"custom_model_data":10526},"model":"tavern:items/sets/summer/key"},{"predicate":{"custom_model_data":10527},"model":"tavern:items/sets/summer/backpack"},{"predicate":{"custom_model_data":10528},"model":"tavern:items/sets/summer/wings"},{"predicate":{"custom_model_data":10529},"model":"tavern:ia_auto_gen/amulet_water"},{"predicate":{"custom_model_data":10530},"model":"tavern:items/sets/summer/mask"},{"predicate":{"custom_model_data":10531},"model":"tavern:items/sets/wild/backpack"},{"predicate":{"custom_model_data":10532},"model":"tavern:items/sets/wild/helmet"},{"predicate":{"custom_model_data":10533},"model":"tavern:items/sets/wild/key"},{"predicate":{"custom_model_data":10534},"model":"tavern:items/sets/wild/wings"},{"predicate":{"custom_model_data":10535},"model":"tavern:ia_auto_gen/silverite_left"},{"predicate":{"custom_model_data":10536},"model":"tavern:ia_auto_gen/silverite_right"},{"predicate":{"custom_model_data":10543},"model":"tavern:ia_auto_gen/ice_skull"},{"predicate":{"custom_model_data":10547},"model":"tavern:ia_auto_gen/silverite"},{"predicate":{"custom_model_data":10548},"model":"tavern:ia_auto_gen/purple_shard"},{"predicate":{"custom_model_data":10552},"model":"tavern:ia_auto_gen/rpgbundle_vol6_item1"},{"predicate":{"custom_model_data":10553},"model":"tavern:ia_auto_gen/rpgbundle_vol6_item10"},{"predicate":{"custom_model_data":10554},"model":"tavern:ia_auto_gen/rpgbundle_vol6_item11"},{"predicate":{"custom_model_data":10555},"model":"tavern:ia_auto_gen/rpgbundle_vol6_item12"},{"predicate":{"custom_model_data":10556},"model":"tavern:ia_auto_gen/rpgbundle_vol6_item13"},{"predicate":{"custom_model_data":10557},"model":"tavern:ia_auto_gen/rpgbundle_vol6_item14"},{"predicate":{"custom_model_data":10558},"model":"tavern:ia_auto_gen/rpgbundle_vol6_item15"},{"predicate":{"custom_model_data":10559},"model":"tavern:ia_auto_gen/rpgbundle_vol6_item2"},{"predicate":{"custom_model_data":10560},"model":"tavern:ia_auto_gen/rpgbundle_vol6_item3"},{"predicate":{"custom_model_data":10562},"model":"tavern:ia_auto_gen/rpgbundle_vol6_item5"},{"predicate":{"custom_model_data":10563},"model":"tavern:ia_auto_gen/rpgbundle_vol6_item6"},{"predicate":{"custom_model_data":10564},"model":"tavern:ia_auto_gen/rpgbundle_vol6_item7"},{"predicate":{"custom_model_data":10565},"model":"tavern:ia_auto_gen/rpgbundle_vol6_item8"},{"predicate":{"custom_model_data":10566},"model":"tavern:ia_auto_gen/rpgbundle_vol6_item9"},{"predicate":{"custom_model_data":10577},"model":"tavern:ia_auto_gen/malachite_stone"},{"predicate":{"custom_model_data":10587},"model":"tavern:ia_auto_gen/azurite_stone"},{"predicate":{"custom_model_data":10590},"model":"tavern:ia_auto_gen/crystal_of_healing"},{"predicate":{"custom_model_data":10591},"model":"tavern:ia_auto_gen/fire_stone"},{"predicate":{"custom_model_data":10594},"model":"tavern:ia_auto_gen/power_skill_orb"},{"predicate":{"custom_model_data":10597},"model":"tavern:ia_auto_gen/pendant_of_midnight"},{"predicate":{"custom_model_data":10600},"model":"tavern:ia_auto_gen/pendant_of_swiftness"},{"predicate":{"custom_model_data":10604},"model":"tavern:ia_auto_gen/voucher_1"},{"predicate":{"custom_model_data":10605},"model":"tavern:ia_auto_gen/voucher_2"},{"predicate":{"custom_model_data":10606},"model":"tavern:ia_auto_gen/voucher_3"},{"predicate":{"custom_model_data":10607},"model":"tavern:ia_auto_gen/voucher_4"},{"predicate":{"custom_model_data":10608},"model":"tavern:ia_auto_gen/voucher_5"},{"predicate":{"custom_model_data":10609},"model":"tavern:ia_auto_gen/voucher_6"},{"predicate":{"custom_model_data":10613},"model":"tavern:ia_auto_gen/amulet_fire"},{"predicate":{"custom_model_data":10617},"model":"tavern:items/sets/darkworldpack/normal/chest"},{"predicate":{"custom_model_data":10618},"model":"tavern:items/sets/darkworldpack/normal/chest_opening"},{"predicate":{"custom_model_data":10619},"model":"tavern:items/furniture/batten"},{"predicate":{"custom_model_data":10620},"model":"tavern:items/furniture/bench"},{"predicate":{"custom_model_data":10621},"model":"tavern:items/furniture/bird_bath"},{"predicate":{"custom_model_data":10622},"model":"tavern:items/furniture/bird_house"},{"predicate":{"custom_model_data":10623},"model":"tavern:items/furniture/canvas_standing"},{"predicate":{"custom_model_data":10624},"model":"tavern:items/furniture/chair"},{"predicate":{"custom_model_data":10625},"model":"tavern:items/furniture/cupboard"},{"predicate":{"custom_model_data":10626},"model":"tavern:items/furniture/dart_target"},{"predicate":{"custom_model_data":10627},"model":"tavern:items/furniture/desk_planter"},{"predicate":{"custom_model_data":10628},"model":"tavern:items/furniture/garden_light"},{"predicate":{"custom_model_data":10629},"model":"tavern:items/furniture/hanging_light"},{"predicate":{"custom_model_data":10630},"model":"tavern:items/furniture/mail_box"},{"predicate":{"custom_model_data":10631},"model":"tavern:items/furniture/picnic_desk"},{"predicate":{"custom_model_data":10632},"model":"tavern:items/furniture/planter_light"},{"predicate":{"custom_model_data":10633},"model":"tavern:items/furniture/pond"},{"predicate":{"custom_model_data":10634},"model":"tavern:items/furniture/standing_light"},{"predicate":{"custom_model_data":10635},"model":"tavern:items/furniture/statue"},{"predicate":{"custom_model_data":10636},"model":"tavern:items/furniture/wall_light"},{"predicate":{"custom_model_data":10637},"model":"tavern:items/furniture/wisteria_mini_pot"},{"predicate":{"custom_model_data":10638},"model":"tavern:items/furniture/wisteria_pot"},{"predicate":{"custom_model_data":10639},"model":"tavern:items/sets/skeleton_overlord/chest"},{"predicate":{"custom_model_data":10640},"model":"tavern:items/sets/skeleton_overlord/gauntlet"},{"predicate":{"custom_model_data":10641},"model":"tavern:items/sets/skeleton_overlord/key"},{"predicate":{"custom_model_data":10642},"model":"tavern:items/sets/skeleton_overlord/wing"},{"predicate":{"custom_model_data":10643},"model":"tavern:items/furniture/xmas/candy_cane"},{"predicate":{"custom_model_data":10644},"model":"tavern:items/furniture/xmas/candy_cane2"},{"predicate":{"custom_model_data":10645},"model":"tavern:items/furniture/xmas/christmas_tree"},{"predicate":{"custom_model_data":10646},"model":"tavern:items/furniture/xmas/christmas_wreath"},{"predicate":{"custom_model_data":10647},"model":"tavern:items/furniture/xmas/deer"},{"predicate":{"custom_model_data":10648},"model":"tavern:items/furniture/xmas/elves"},{"predicate":{"custom_model_data":10649},"model":"tavern:items/furniture/xmas/holly"},{"predicate":{"custom_model_data":10650},"model":"tavern:items/furniture/xmas/jingle_bells"},{"predicate":{"custom_model_data":10651},"model":"tavern:items/furniture/xmas/long_gift_box"},{"predicate":{"custom_model_data":10652},"model":"tavern:items/furniture/xmas/nutcracker"},{"predicate":{"custom_model_data":10653},"model":"tavern:items/furniture/xmas/open_gift_box"},{"predicate":{"custom_model_data":10654},"model":"tavern:items/furniture/xmas/penguin"},{"predicate":{"custom_model_data":10655},"model":"tavern:items/furniture/xmas/santa_claus"},{"predicate":{"custom_model_data":10656},"model":"tavern:items/furniture/xmas/santa_claus_bag"},{"predicate":{"custom_model_data":10657},"model":"tavern:items/furniture/xmas/santa_decoration"},{"predicate":{"custom_model_data":10658},"model":"tavern:items/furniture/xmas/santa_decoration2"},{"predicate":{"custom_model_data":10659},"model":"tavern:items/furniture/xmas/santa_sleigh"},{"predicate":{"custom_model_data":10660},"model":"tavern:items/furniture/xmas/snowman"},{"predicate":{"custom_model_data":10661},"model":"tavern:items/sets/merry_christmas/key"},{"predicate":{"custom_model_data":10662},"model":"tavern:items/sets/merry_christmas/backpack"},{"predicate":{"custom_model_data":10663},"model":"tavern:items/sets/merry_christmas/wings"},{"predicate":{"custom_model_data":10664},"model":"tavern:items/sets/merry_christmas/helmet"},{"predicate":{"custom_model_data":10665},"model":"tavern:items/sets/christmas_2023/chest"},{"predicate":{"custom_model_data":10670},"model":"tavern:items/sets/nexus/key"},{"predicate":{"custom_model_data":10671},"model":"tavern:items/sets/nexus/wings"},{"predicate":{"custom_model_data":10672},"model":"tavern:items/sets/nexus/helmet"},{"predicate":{"custom_model_data":10673},"model":"tavern:items/sets/fairy/key"},{"predicate":{"custom_model_data":10674},"model":"tavern:items/sets/fairy/wings"},{"predicate":{"custom_model_data":10675},"model":"tavern:items/sets/fairy/helmet"},{"predicate":{"custom_model_data":10677},"model":"tavern:items/sets/lunar/key"},{"predicate":{"custom_model_data":10678},"model":"tavern:items/sets/lunar/tail"},{"predicate":{"custom_model_data":10679},"model":"tavern:items/sets/thunderbolt/helmet"},{"predicate":{"custom_model_data":10680},"model":"tavern:items/sets/thunderbolt/key"},{"predicate":{"custom_model_data":10681},"model":"tavern:items/sets/thunderbolt/wings"},{"predicate":{"custom_model_data":10682},"model":"tavern:items/sets/valentine/bouquet"},{"predicate":{"custom_model_data":10686},"model":"tavern:items/sets/sweetheart/key"},{"predicate":{"custom_model_data":10694},"model":"tavern:ia_auto_gen/sugar_rush"},{"predicate":{"custom_model_data":10709},"model":"tavern:items/sets/valor/key"},{"predicate":{"custom_model_data":10711},"model":"tavern:items/sets/saintpatrick/key"},{"predicate":{"custom_model_data":10717},"model":"tavern:items/titles/devteam"},{"predicate":{"custom_model_data":10718},"model":"tavern:items/furniture/casino/poker_sign"},{"predicate":{"custom_model_data":10719},"model":"tavern:items/furniture/casino/chip_set"},{"predicate":{"custom_model_data":10720},"model":"tavern:items/furniture/casino/gambling_game_machine"},{"predicate":{"custom_model_data":10721},"model":"tavern:items/furniture/casino/doggie_cash"},{"predicate":{"custom_model_data":10722},"model":"tavern:items/furniture/casino/venezia_slot"},{"predicate":{"custom_model_data":10723},"model":"tavern:items/furniture/casino/roulette"},{"predicate":{"custom_model_data":10724},"model":"tavern:items/furniture/casino/chair_red"},{"predicate":{"custom_model_data":10725},"model":"tavern:items/furniture/casino/chair_yellow"},{"predicate":{"custom_model_data":10726},"model":"tavern:items/furniture/casino/red_armrest_chair"},{"predicate":{"custom_model_data":10727},"model":"tavern:items/furniture/casino/yellow_armrest_chair"},{"predicate":{"custom_model_data":10728},"model":"tavern:items/furniture/casino/madonna_gambling_machine"},{"predicate":{"custom_model_data":10729},"model":"tavern:items/furniture/casino/buffalo_slot_machine"},{"predicate":{"custom_model_data":10730},"model":"tavern:items/furniture/casino/woman_painting"},{"predicate":{"custom_model_data":10731},"model":"tavern:items/furniture/casino/baccarat_machine"},{"predicate":{"custom_model_data":10732},"model":"tavern:items/furniture/casino/wheel_machine"},{"predicate":{"custom_model_data":10733},"model":"tavern:items/sets/littleduck/backpack"},{"predicate":{"custom_model_data":10735},"model":"tavern:items/furniture/casino/stack_card"},{"predicate":{"custom_model_data":10737},"model":"tavern:items/furniture/casino/table"},{"predicate":{"custom_model_data":10744},"model":"tavern:items/sets/easter2024/backpack"},{"predicate":{"custom_model_data":10745},"model":"tavern:items/sets/easter2024/easter_helmet"},{"predicate":{"custom_model_data":10746},"model":"tavern:items/sets/easter2024/key"},{"predicate":{"custom_model_data":10747},"model":"tavern:items/sets/easter2024/wings"},{"predicate":{"custom_model_data":10748},"model":"tavern:items/sets/fuchsia/key"},{"predicate":{"custom_model_data":10749},"model":"tavern:items/sets/fuchsia/wings"},{"predicate":{"custom_model_data":10750},"model":"tavern:items/sets/fuchsia/helmet"},{"predicate":{"custom_model_data":10753},"model":"tavern:items/sets/littleduck/key"},{"predicate":{"custom_model_data":10755},"model":"tavern:items/sets/littlecrocodile/backpack"},{"predicate":{"custom_model_data":10757},"model":"tavern:items/sets/littlecrocodile/key"},{"predicate":{"custom_model_data":10762},"model":"tavern:items/sets/yang/chest"},{"predicate":{"custom_model_data":10764},"model":"tavern:items/furniture/skeleton"},{"predicate":{"custom_model_data":10765},"model":"tavern:items/sets/goku/helmet"},{"predicate":{"custom_model_data":10766},"model":"tavern:items/sets/vegeta/helmet"},{"predicate":{"custom_model_data":10767},"model":"tavern:ia_auto_gen/senzu_bean"},{"predicate":{"custom_model_data":10768},"model":"tavern:items/sets/spartan/cape"},{"predicate":{"custom_model_data":10769},"model":"tavern:items/sets/spartan/chest"},{"predicate":{"custom_model_data":10770},"model":"tavern:items/sets/spartan/helmet"},{"predicate":{"custom_model_data":10771},"model":"tavern:items/sets/spartan/key"},{"predicate":{"custom_model_data":10772},"model":"tavern:items/sets/demon_edge/backpack"},{"predicate":{"custom_model_data":10773},"model":"tavern:items/sets/demon_edge/helmet"},{"predicate":{"custom_model_data":10774},"model":"tavern:items/sets/demon_edge/key"},{"predicate":{"custom_model_data":10775},"model":"tavern:items/sets/demon_edge/wings"},{"predicate":{"custom_model_data":10776},"model":"tavern:items/sets/halloween2/key"},{"predicate":{"custom_model_data":10777},"model":"tavern:items/sets/halloween2/backpack"},{"predicate":{"custom_model_data":10778},"model":"tavern:items/sets/halloween2/wings"},{"predicate":{"custom_model_data":10779},"model":"tavern:items/sets/halloween2/helmet"},{"predicate":{"custom_model_data":10780},"model":"tavern:items/sets/halloween1/chest"},{"predicate":{"custom_model_data":10781},"model":"tavern:items/sets/halloween1/gauntlet"},{"predicate":{"custom_model_data":10782},"model":"tavern:items/sets/halloween1/hat"},{"predicate":{"custom_model_data":10783},"model":"tavern:items/sets/halloween1/key"},{"predicate":{"custom_model_data":10784},"model":"tavern:items/sets/ender_dragon/chest"},{"predicate":{"custom_model_data":10785},"model":"tavern:items/sets/ender_dragon/gauntlet"},{"predicate":{"custom_model_data":10786},"model":"tavern:items/sets/ender_dragon/helmet"},{"predicate":{"custom_model_data":10787},"model":"tavern:items/sets/ender_dragon/key"},{"predicate":{"custom_model_data":10788},"model":"tavern:items/sets/ender_dragon/wings"},{"predicate":{"custom_model_data":10789},"model":"tavern:items/sets/halloween1/wing"},{"predicate":{"custom_model_data":10790},"model":"tavern:items/sets/nanoedge/chest"},{"predicate":{"custom_model_data":10791},"model":"tavern:items/sets/nanoedge/helmet"},{"predicate":{"custom_model_data":10792},"model":"tavern:items/sets/nanoedge/key"},{"predicate":{"custom_model_data":10793},"model":"tavern:items/sets/nanoedge/wings"},{"predicate":{"custom_model_data":10794},"model":"tavern:items/sets/nanoedge/wings_cosmetic_self"},{"predicate":{"custom_model_data":10795},"model":"tavern:items/sets/mysticcyan/key"},{"predicate":{"custom_model_data":10796},"model":"tavern:items/sets/mysticcyan/backpack"},{"predicate":{"custom_model_data":10797},"model":"tavern:items/sets/mysticcyan/wings"},{"predicate":{"custom_model_data":10798},"model":"tavern:items/sets/mysticcyan/helmet"},{"predicate":{"custom_model_data":10799},"model":"tavern:items/sets/mysticcyan/wings_cosmeticscore_self"},{"predicate":{"custom_model_data":10800},"model":"tavern:items/sets/mysticcyan/backpack_cosmeticscore_self"},{"predicate":{"custom_model_data":10801},"model":"tavern:items/sets/arcanist/helmet"},{"predicate":{"custom_model_data":10802},"model":"tavern:items/sets/arcanist/key"},{"predicate":{"custom_model_data":10803},"model":"tavern:items/sets/arcanist/wings"},{"predicate":{"custom_model_data":10804},"model":"tavern:items/sets/arcanist/backpack"},{"predicate":{"custom_model_data":10805},"model":"tavern:items/sets/arcanist/wings_cosmetics_self"},{"predicate":{"custom_model_data":10806},"model":"tavern:items/sets/arcanist/backpack_cosmetics_self"},{"predicate":{"custom_model_data":10807},"model":"tavern:items/sets/merry_christmas_2024/chest"},{"predicate":{"custom_model_data":10808},"model":"tavern:items/sets/merry_christmas_2024/helmet"},{"predicate":{"custom_model_data":10809},"model":"tavern:items/sets/merry_christmas_2024/key"},{"predicate":{"custom_model_data":10810},"model":"tavern:items/sets/merry_christmas_2024/wings"},{"predicate":{"custom_model_data":10811},"model":"tavern:items/sets/merry_christmas_2024/wings_cosmetic_self"},{"predicate":{"custom_model_data":10812},"model":"tavern:items/sets/frostbiteset/chest"},{"predicate":{"custom_model_data":10813},"model":"tavern:items/sets/frostbiteset/helmet"},{"predicate":{"custom_model_data":10814},"model":"tavern:items/sets/frostbiteset/key"},{"predicate":{"custom_model_data":10815},"model":"tavern:items/sets/frostbiteset/wings"},{"predicate":{"custom_model_data":10816},"model":"tavern:items/cosmetics/christmaswings/christmas_wings_idle"},{"predicate":{"custom_model_data":10817},"model":"tavern:items/cosmetics/christmaswings/christmas_wings_moving"},{"predicate":{"custom_model_data":10818},"model":"tavern:items/cosmetics/frostedwings/frosted_wings_idle"},{"predicate":{"custom_model_data":10819},"model":"tavern:items/cosmetics/frostedwings/frosted_wings_moving"},{"predicate":{"custom_model_data":10820},"model":"tavern:items/cosmetics/arcanistwings/arcanist_wings_idle"},{"predicate":{"custom_model_data":10821},"model":"tavern:items/cosmetics/arcanistwings/arcanist_wings_moving"},{"predicate":{"custom_model_data":10822},"model":"tavern:items/cosmetics/yinwings/yin_wings_idle"},{"predicate":{"custom_model_data":10823},"model":"tavern:items/cosmetics/yinwings/yin_wings_moving"},{"predicate":{"custom_model_data":10824},"model":"tavern:items/cosmetics/yinwings/yin_wings_center"},{"predicate":{"custom_model_data":10825},"model":"tavern:items/cosmetics/arcanistwings/arcanist_wings_item"},{"predicate":{"custom_model_data":10826},"model":"tavern:items/cosmetics/yinwings/yin_wings_item"},{"predicate":{"custom_model_data":10827},"model":"tavern:items/cosmetics/christmaswings/christmas_wings_item"},{"predicate":{"custom_model_data":10828},"model":"tavern:items/cosmetics/frostedwings/frosted_wings_item"},{"predicate":{"custom_model_data":10829},"model":"tavern:items/cosmetics/yangwings/yang_wings_idle"},{"predicate":{"custom_model_data":10830},"model":"tavern:items/cosmetics/yangwings/yang_wings_moving"},{"predicate":{"custom_model_data":10831},"model":"tavern:items/cosmetics/yangwings/yang_wings_center"},{"predicate":{"custom_model_data":10832},"model":"tavern:items/cosmetics/yangwings/yang_wings_item"},{"predicate":{"custom_model_data":10833},"model":"tavern:items/cosmetics/arcanistwings/arcanist_wings_npc"},{"predicate":{"custom_model_data":10834},"model":"tavern:items/cosmetics/christmaswings/christmas_wings_npc"},{"predicate":{"custom_model_data":10835},"model":"tavern:items/cosmetics/frostedwings/frosted_wings_npc"},{"predicate":{"custom_model_data":10836},"model":"tavern:items/cosmetics/fireworkwings/firework_wings_idle"},{"predicate":{"custom_model_data":10837},"model":"tavern:items/cosmetics/fireworkwings/firework_wings_moving"},{"predicate":{"custom_model_data":10838},"model":"tavern:items/cosmetics/fireworkwings/firework_wings_npc"},{"predicate":{"custom_model_data":10839},"model":"tavern:items/cosmetics/fireworkwings/firework_wings_item"},{"predicate":{"custom_model_data":10840},"model":"tavern:items/sets/fireworkset/helmet"},{"predicate":{"custom_model_data":10841},"model":"tavern:items/sets/fireworkset/key"},{"predicate":{"custom_model_data":10842},"model":"tavern:items/sets/fireworkset/wings"},{"predicate":{"custom_model_data":10843},"model":"tavern:items/sets/fireworkset/firework_back"},{"predicate":{"custom_model_data":10844},"model":"tavern:items/sets/fireworkset/firework_helmet"},{"predicate":{"custom_model_data":10845},"model":"tavern:items/cosmetics/yinhelmet/yin_bandana"},{"predicate":{"custom_model_data":10846},"model":"tavern:items/cosmetics/yinhelmet/yin_mask"},{"predicate":{"custom_model_data":10847},"model":"tavern:items/cosmetics/yinhelmet/yin_mask_hood"},{"predicate":{"custom_model_data":10848},"model":"tavern:items/cosmetics/yanghelmet/yang_bandana"},{"predicate":{"custom_model_data":10849},"model":"tavern:items/cosmetics/yanghelmet/yang_mask"},{"predicate":{"custom_model_data":10850},"model":"tavern:items/cosmetics/yanghelmet/yang_mask_hood"},{"predicate":{"custom_model_data":151009},"model":"tavern:items/sets/discordnitro/key"},{"predicate":{"custom_model_data":810001},"model":"tavern:items/mythicals/kirly/lightning_bolt_small_1"},{"predicate":{"custom_model_data":810002},"model":"tavern:items/mythicals/kirly/lightning_bolt_small_2"},{"predicate":{"custom_model_data":810003},"model":"tavern:items/mythicals/kirly/lightning_bolt_small_3"},{"predicate":{"custom_model_data":810004},"model":"tavern:items/mythicals/kirly/lightning_bolt_small_4"},{"predicate":{"custom_model_data":810005},"model":"tavern:items/mythicals/kirly/lightning_bolt_small_5"},{"predicate":{"custom_model_data":810006},"model":"tavern:items/mythicals/kirly/lightning_bolt_small_6"},{"predicate":{"custom_model_data":810007},"model":"tavern:items/mythicals/kirly/lightning_bolt_small_7"},{"predicate":{"custom_model_data":810008},"model":"tavern:items/mythicals/kirly/lightning_bolt_small_8"},{"predicate":{"custom_model_data":811001},"model":"tavern:items/mythicals/kirly/lightning_bolt_1"},{"predicate":{"custom_model_data":811002},"model":"tavern:items/mythicals/kirly/lightning_bolt_2"},{"predicate":{"custom_model_data":811003},"model":"tavern:items/mythicals/kirly/lightning_bolt_3"},{"predicate":{"custom_model_data":811004},"model":"tavern:items/mythicals/kirly/lightning_bolt_4"},{"predicate":{"custom_model_data":811005},"model":"tavern:items/mythicals/kirly/lightning_bolt_5"},{"predicate":{"custom_model_data":811006},"model":"tavern:items/mythicals/kirly/lightning_bolt_6"},{"predicate":{"custom_model_data":811007},"model":"tavern:items/mythicals/kirly/lightning_bolt_7"},{"predicate":{"custom_model_data":811008},"model":"tavern:items/mythicals/kirly/lightning_bolt_8"},{"predicate":{"custom_model_data":812001},"model":"tavern:items/mythicals/kirly/lightning_cast_1"},{"predicate":{"custom_model_data":812002},"model":"tavern:items/mythicals/kirly/lightning_cast_2"},{"predicate":{"custom_model_data":812003},"model":"tavern:items/mythicals/kirly/lightning_cast_3"},{"predicate":{"custom_model_data":812004},"model":"tavern:items/mythicals/kirly/lightning_cast_4"},{"predicate":{"custom_model_data":812005},"model":"tavern:items/mythicals/kirly/lightning_cast_5"},{"predicate":{"custom_model_data":812006},"model":"tavern:items/mythicals/kirly/lightning_cast_6"},{"predicate":{"custom_model_data":812007},"model":"tavern:items/mythicals/kirly/lightning_cast_7"},{"predicate":{"custom_model_data":813001},"model":"tavern:items/mythicals/kirly/lightning_effect_1"},{"predicate":{"custom_model_data":813002},"model":"tavern:items/mythicals/kirly/lightning_effect_2"},{"predicate":{"custom_model_data":813003},"model":"tavern:items/mythicals/kirly/lightning_effect_3"},{"predicate":{"custom_model_data":813004},"model":"tavern:items/mythicals/kirly/lightning_effect_4"},{"predicate":{"custom_model_data":813005},"model":"tavern:items/mythicals/kirly/lightning_effect_5"},{"predicate":{"custom_model_data":813006},"model":"tavern:items/mythicals/kirly/lightning_effect_6"},{"predicate":{"custom_model_data":813007},"model":"tavern:items/mythicals/kirly/lightning_effect_7"},{"predicate":{"custom_model_data":813008},"model":"tavern:items/mythicals/kirly/lightning_effect_8"},{"predicate":{"custom_model_data":813009},"model":"tavern:items/mythicals/kirly/lightning_effect_9"},{"predicate":{"custom_model_data":813010},"model":"tavern:items/mythicals/kirly/lightning_effect_10"},{"predicate":{"custom_model_data":813011},"model":"tavern:items/mythicals/kirly/lightning_effect_11"},{"predicate":{"custom_model_data":813012},"model":"tavern:items/mythicals/kirly/lightning_effect_12"},{"predicate":{"custom_model_data":813013},"model":"tavern:items/mythicals/kirly/lightning_effect_13"},{"predicate":{"custom_model_data":815001},"model":"tavern:items/mythicals/kirly/lightning_ring_1"},{"predicate":{"custom_model_data":815002},"model":"tavern:items/mythicals/kirly/lightning_ring_2"},{"predicate":{"custom_model_data":815003},"model":"tavern:items/mythicals/kirly/lightning_ring_3"},{"predicate":{"custom_model_data":815004},"model":"tavern:items/mythicals/kirly/lightning_ring_4"},{"predicate":{"custom_model_data":815005},"model":"tavern:items/mythicals/kirly/lightning_ring_5"},{"predicate":{"custom_model_data":815006},"model":"tavern:items/mythicals/kirly/lightning_ring_6"},{"predicate":{"custom_model_data":815007},"model":"tavern:items/mythicals/kirly/lightning_ring_7"},{"predicate":{"custom_model_data":815008},"model":"tavern:items/mythicals/kirly/lightning_ring_8"},{"predicate":{"custom_model_data":815009},"model":"tavern:items/mythicals/kirly/lightning_ring_9"},{"predicate":{"custom_model_data":816001},"model":"tavern:items/mythicals/kirly/linghtning_strike_1"},{"predicate":{"custom_model_data":816002},"model":"tavern:items/mythicals/kirly/linghtning_strike_2"},{"predicate":{"custom_model_data":816003},"model":"tavern:items/mythicals/kirly/linghtning_strike_3"},{"predicate":{"custom_model_data":816004},"model":"tavern:items/mythicals/kirly/linghtning_strike_4"},{"predicate":{"custom_model_data":816005},"model":"tavern:items/mythicals/kirly/linghtning_strike_5"},{"predicate":{"custom_model_data":816006},"model":"tavern:items/mythicals/kirly/linghtning_strike_6"},{"predicate":{"custom_model_data":816007},"model":"tavern:items/mythicals/kirly/linghtning_strike_7"},{"predicate":{"custom_model_data":816008},"model":"tavern:items/mythicals/kirly/linghtning_strike_8"},{"predicate":{"custom_model_data":816009},"model":"tavern:items/mythicals/kirly/linghtning_strike_9"},{"predicate":{"custom_model_data":816010},"model":"tavern:items/mythicals/kirly/linghtning_strike_10"},{"predicate":{"custom_model_data":816011},"model":"tavern:items/mythicals/kirly/linghtning_strike_11"},{"predicate":{"custom_model_data":816012},"model":"tavern:items/mythicals/kirly/linghtning_strike_12"},{"predicate":{"custom_model_data":816013},"model":"tavern:items/mythicals/kirly/linghtning_strike_13"},{"predicate":{"custom_model_data":817001},"model":"tavern:items/mythicals/kirly/lightning_wall_1"},{"predicate":{"custom_model_data":817002},"model":"tavern:items/mythicals/kirly/lightning_wall_2"},{"predicate":{"custom_model_data":817003},"model":"tavern:items/mythicals/kirly/lightning_wall_3"},{"predicate":{"custom_model_data":817004},"model":"tavern:items/mythicals/kirly/lightning_wall_4"},{"predicate":{"custom_model_data":817005},"model":"tavern:items/mythicals/kirly/lightning_wall_5"},{"predicate":{"custom_model_data":818001},"model":"tavern:items/mythicals/kirly/lightning_wave_1"},{"predicate":{"custom_model_data":818002},"model":"tavern:items/mythicals/kirly/lightning_wave_2"},{"predicate":{"custom_model_data":818003},"model":"tavern:items/mythicals/kirly/lightning_wave_3"},{"predicate":{"custom_model_data":818004},"model":"tavern:items/mythicals/kirly/lightning_wave_4"},{"predicate":{"custom_model_data":818005},"model":"tavern:items/mythicals/kirly/lightning_wave_5"},{"predicate":{"custom_model_data":818006},"model":"tavern:items/mythicals/kirly/lightning_wave_6"},{"predicate":{"custom_model_data":818007},"model":"tavern:items/mythicals/kirly/lightning_wave_7"},{"predicate":{"custom_model_data":818008},"model":"tavern:items/mythicals/kirly/lightning_wave_8"},{"predicate":{"custom_model_data":818009},"model":"tavern:items/mythicals/kirly/lightning_wave_9"},{"predicate":{"custom_model_data":818010},"model":"tavern:items/mythicals/kirly/lightning_wave_10"},{"predicate":{"custom_model_data":818011},"model":"tavern:items/mythicals/kirly/lightning_wave_11"},{"predicate":{"custom_model_data":818012},"model":"tavern:items/mythicals/kirly/lightning_wave_12"},{"predicate":{"custom_model_data":818013},"model":"tavern:items/mythicals/kirly/lightning_wave_13"},{"predicate":{"custom_model_data":818014},"model":"tavern:items/mythicals/kirly/lightning_wave_14"},{"predicate":{"custom_model_data":818015},"model":"tavern:items/mythicals/kirly/lightning_wave_15"},{"predicate":{"custom_model_data":818016},"model":"tavern:items/mythicals/kirly/lightning_wave_16"},{"predicate":{"custom_model_data":818017},"model":"tavern:items/mythicals/kirly/lightning_wave_17"},{"predicate":{"custom_model_data":818018},"model":"tavern:items/mythicals/kirly/lightning_wave_18"},{"predicate":{"custom_model_data":819001},"model":"tavern:items/mythicals/kirly/lightning_spear_1"},{"predicate":{"custom_model_data":819002},"model":"tavern:items/mythicals/kirly/lightning_spear_2"},{"predicate":{"custom_model_data":819003},"model":"tavern:items/mythicals/kirly/lightning_spear_3"},{"predicate":{"custom_model_data":819004},"model":"tavern:items/mythicals/kirly/lightning_spear_4"},{"predicate":{"custom_model_data":819005},"model":"tavern:items/mythicals/kirly/lightning_spear_5"},{"predicate":{"custom_model_data":819006},"model":"tavern:items/mythicals/kirly/lightning_spear_6"},{"predicate":{"custom_model_data":819007},"model":"tavern:items/mythicals/kirly/lightning_spear_7"},{"predicate":{"custom_model_data":819008},"model":"tavern:items/mythicals/kirly/lightning_spear_8"},{"predicate":{"custom_model_data":819009},"model":"tavern:items/mythicals/kirly/lightning_spear_9"},{"predicate":{"custom_model_data":819010},"model":"tavern:items/mythicals/kirly/lightning_spear_10"},{"predicate":{"custom_model_data":819011},"model":"tavern:items/mythicals/kirly/lightning_spear_11"},{"predicate":{"custom_model_data":819012},"model":"tavern:items/mythicals/kirly/lightning_spear_12"},{"predicate":{"custom_model_data":819101},"model":"tavern:items/mythicals/kirly/linghtning_strike2_1"},{"predicate":{"custom_model_data":819102},"model":"tavern:items/mythicals/kirly/linghtning_strike2_2"},{"predicate":{"custom_model_data":819103},"model":"tavern:items/mythicals/kirly/linghtning_strike2_3"},{"predicate":{"custom_model_data":819104},"model":"tavern:items/mythicals/kirly/linghtning_strike2_4"},{"predicate":{"custom_model_data":819105},"model":"tavern:items/mythicals/kirly/linghtning_strike2_5"},{"predicate":{"custom_model_data":819106},"model":"tavern:items/mythicals/kirly/linghtning_strike2_6"},{"predicate":{"custom_model_data":819107},"model":"tavern:items/mythicals/kirly/linghtning_strike2_7"},{"predicate":{"custom_model_data":819108},"model":"tavern:items/mythicals/kirly/linghtning_strike2_8"},{"predicate":{"custom_model_data":819109},"model":"tavern:items/mythicals/kirly/linghtning_strike2_9"},{"predicate":{"custom_model_data":819110},"model":"tavern:items/mythicals/kirly/linghtning_strike2_10"},{"predicate":{"custom_model_data":819111},"model":"tavern:items/mythicals/kirly/linghtning_strike2_11"},{"predicate":{"custom_model_data":819112},"model":"tavern:items/mythicals/kirly/linghtning_strike2_12"},{"predicate":{"custom_model_data":819113},"model":"tavern:items/mythicals/kirly/linghtning_strike2_13"},{"predicate":{"custom_model_data":819201},"model":"tavern:items/mythicals/kirly/lightning_effect3_1"},{"predicate":{"custom_model_data":2192001},"model":"tavern:items/sets/littleshark/backpack"},{"predicate":{"custom_model_data":2192002},"model":"tavern:items/sets/littleshark/backpack_2"},{"predicate":{"custom_model_data":2192003},"model":"tavern:items/sets/littleshark/tail"},{"predicate":{"custom_model_data":2192004},"model":"tavern:items/sets/littleshark/hat"},{"predicate":{"custom_model_data":2192101},"model":"tavern:items/sets/littleshark/backpack_self"},{"predicate":{"custom_model_data":2192102},"model":"tavern:items/sets/littleshark/backpack_2_self"},{"predicate":{"custom_model_data":2192203},"model":"tavern:items/sets/littleshark/tail_self"},{"predicate":{"custom_model_data":4100001},"model":"tavern:items/skills/ef_blackflame/ef_blackflame_1"},{"predicate":{"custom_model_data":4100002},"model":"tavern:items/skills/ef_blackflame/ef_blackflame_2"},{"predicate":{"custom_model_data":4100003},"model":"tavern:items/skills/ef_blackflame/ef_blackflame_3"},{"predicate":{"custom_model_data":4100004},"model":"tavern:items/skills/ef_blackflame/ef_blackflame_4"},{"predicate":{"custom_model_data":4100005},"model":"tavern:items/skills/ef_blackflame/ef_blackflame_5"},{"predicate":{"custom_model_data":4100006},"model":"tavern:items/skills/ef_blackflame/ef_blackflame_6"},{"predicate":{"custom_model_data":4100101},"model":"tavern:items/skills/skill1_inferno_calls/skill1_inferno_calls_1"},{"predicate":{"custom_model_data":4100102},"model":"tavern:items/skills/skill1_inferno_calls/skill1_inferno_calls_2"},{"predicate":{"custom_model_data":4100103},"model":"tavern:items/skills/skill1_inferno_calls/skill1_inferno_calls_3"},{"predicate":{"custom_model_data":4100104},"model":"tavern:items/skills/skill1_inferno_calls/skill1_inferno_calls_4"},{"predicate":{"custom_model_data":4100105},"model":"tavern:items/skills/skill1_inferno_calls/skill1_inferno_calls_5"},{"predicate":{"custom_model_data":4100106},"model":"tavern:items/skills/skill1_inferno_calls/skill1_inferno_calls_6"},{"predicate":{"custom_model_data":4100201},"model":"tavern:items/skills/skill2_aura/skill2_aura_1"},{"predicate":{"custom_model_data":4100202},"model":"tavern:items/skills/skill2_aura/skill2_aura_2"},{"predicate":{"custom_model_data":4100203},"model":"tavern:items/skills/skill2_aura/skill2_aura_3"},{"predicate":{"custom_model_data":4100301},"model":"tavern:items/skills/skill2_aura_impact/skill2_aura_impact_1"},{"predicate":{"custom_model_data":4100302},"model":"tavern:items/skills/skill2_aura_impact/skill2_aura_impact_2"},{"predicate":{"custom_model_data":4100303},"model":"tavern:items/skills/skill2_aura_impact/skill2_aura_impact_3"},{"predicate":{"custom_model_data":4100304},"model":"tavern:items/skills/skill2_aura_impact/skill2_aura_impact_4"},{"predicate":{"custom_model_data":4100305},"model":"tavern:items/skills/skill2_aura_impact/skill2_aura_impact_5"},{"predicate":{"custom_model_data":4100401},"model":"tavern:items/skills/skill3_ball/skill3_ball_1"},{"predicate":{"custom_model_data":4100402},"model":"tavern:items/skills/skill3_ball/skill3_ball_2"},{"predicate":{"custom_model_data":4100403},"model":"tavern:items/skills/skill3_ball/skill3_ball_3"},{"predicate":{"custom_model_data":4100404},"model":"tavern:items/skills/skill3_ball/skill3_ball_4"},{"predicate":{"custom_model_data":4100501},"model":"tavern:items/skills/skill3_destruction_orb_ef/skill3_destruction_orb_ef_1"},{"predicate":{"custom_model_data":4100502},"model":"tavern:items/skills/skill3_destruction_orb_ef/skill3_destruction_orb_ef_2"},{"predicate":{"custom_model_data":4100503},"model":"tavern:items/skills/skill3_destruction_orb_ef/skill3_destruction_orb_ef_3"},{"predicate":{"custom_model_data":4100504},"model":"tavern:items/skills/skill3_destruction_orb_ef/skill3_destruction_orb_ef_4"},{"predicate":{"custom_model_data":4100601},"model":"tavern:items/skills/skill3_destruction_orb_hit/skill3_destruction_orb_hit_1"},{"predicate":{"custom_model_data":4100602},"model":"tavern:items/skills/skill3_destruction_orb_hit/skill3_destruction_orb_hit_2"},{"predicate":{"custom_model_data":4100603},"model":"tavern:items/skills/skill3_destruction_orb_hit/skill3_destruction_orb_hit_3"},{"predicate":{"custom_model_data":4100604},"model":"tavern:items/skills/skill3_destruction_orb_hit/skill3_destruction_orb_hit_4"},{"predicate":{"custom_model_data":4100605},"model":"tavern:items/skills/skill3_destruction_orb_hit/skill3_destruction_orb_hit_5"},{"predicate":{"custom_model_data":4100606},"model":"tavern:items/skills/skill3_destruction_orb_hit/skill3_destruction_orb_hit_6"},{"predicate":{"custom_model_data":4100607},"model":"tavern:items/skills/skill3_destruction_orb_hit/skill3_destruction_orb_hit_7"},{"predicate":{"custom_model_data":4100701},"model":"tavern:items/skills/skill3_destruction_orb_magic/skill3_destruction_orb_magic_1"},{"predicate":{"custom_model_data":4100702},"model":"tavern:items/skills/skill3_destruction_orb_magic/skill3_destruction_orb_magic_2"},{"predicate":{"custom_model_data":4100703},"model":"tavern:items/skills/skill3_destruction_orb_magic/skill3_destruction_orb_magic_3"},{"predicate":{"custom_model_data":4100704},"model":"tavern:items/skills/skill3_destruction_orb_magic/skill3_destruction_orb_magic_4"},{"predicate":{"custom_model_data":4100801},"model":"tavern:items/skills/skill4_the_terminal_hit/skill4_the_terminal_hit_1"},{"predicate":{"custom_model_data":4100802},"model":"tavern:items/skills/skill4_the_terminal_hit/skill4_the_terminal_hit_2"},{"predicate":{"custom_model_data":4100803},"model":"tavern:items/skills/skill4_the_terminal_hit/skill4_the_terminal_hit_3"},{"predicate":{"custom_model_data":4100804},"model":"tavern:items/skills/skill4_the_terminal_hit/skill4_the_terminal_hit_4"},{"predicate":{"custom_model_data":4100805},"model":"tavern:items/skills/skill4_the_terminal_hit/skill4_the_terminal_hit_5"},{"predicate":{"custom_model_data":4100806},"model":"tavern:items/skills/skill4_the_terminal_hit/skill4_the_terminal_hit_6"},{"predicate":{"custom_model_data":4100807},"model":"tavern:items/skills/skill4_the_terminal_hit/skill4_the_terminal_hit_7"},{"predicate":{"custom_model_data":4100808},"model":"tavern:items/skills/skill4_the_terminal_hit/skill4_the_terminal_hit_8"},{"predicate":{"custom_model_data":4100901},"model":"tavern:items/skills/skill4_the_terminal_magic/skill4_the_terminal_magic_1"},{"predicate":{"custom_model_data":4101001},"model":"tavern:items/skills/skill6_eful/skill6_eful_1"},{"predicate":{"custom_model_data":4101002},"model":"tavern:ia_auto_gen/skill6_eful_2"},{"predicate":{"custom_model_data":4101003},"model":"tavern:ia_auto_gen/skill6_eful_3"},{"predicate":{"custom_model_data":4101004},"model":"tavern:ia_auto_gen/skill6_eful_4"},{"predicate":{"custom_model_data":4101201},"model":"tavern:items/skills/skill6_ultimate_dlf_ef/skill6_ultimate_dlf_ef_1"},{"predicate":{"custom_model_data":4101202},"model":"tavern:items/skills/skill6_ultimate_dlf_ef/skill6_ultimate_dlf_ef_2"},{"predicate":{"custom_model_data":4101203},"model":"tavern:items/skills/skill6_ultimate_dlf_ef/skill6_ultimate_dlf_ef_3"},{"predicate":{"custom_model_data":4101204},"model":"tavern:items/skills/skill6_ultimate_dlf_ef/skill6_ultimate_dlf_ef_4"},{"predicate":{"custom_model_data":4101205},"model":"tavern:items/skills/skill6_ultimate_dlf_ef/skill6_ultimate_dlf_ef_5"},{"predicate":{"custom_model_data":4101206},"model":"tavern:items/skills/skill6_ultimate_dlf_ef/skill6_ultimate_dlf_ef_6"},{"predicate":{"custom_model_data":4101207},"model":"tavern:items/skills/skill6_ultimate_dlf_ef/skill6_ultimate_dlf_ef_7"},{"predicate":{"custom_model_data":4101208},"model":"tavern:items/skills/skill6_ultimate_dlf_ef/skill6_ultimate_dlf_ef_8"},{"predicate":{"custom_model_data":10392000},"model":"tavern:items/keys/key_orange"},{"predicate":{"custom_model_data":10392001},"model":"item/paper"}]}