{"parent":"item/generated","textures":{"layer0":"item/potion_overlay","layer1":"item/potion"},"overrides":[{"predicate":{"custom_model_data":151007},"model":"tavern:items/sets/discordnitro/helmet"},{"predicate":{"custom_model_data":151008},"model":"tavern:items/sets/frostbiteset/helmet"},{"predicate":{"custom_model_data":151009},"model":"tavern:items/sets/frostbiteset/wings_cosmetic"},{"predicate":{"custom_model_data":151010},"model":"tavern:items/sets/frostbiteset/wings_cosmetic_self"},{"predicate":{"custom_model_data":151011},"model":"tavern:items/sets/frostbiteset/wings_cosmetic_self_2"},{"predicate":{"custom_model_data":151012},"model":"tavern:items/sets/frostbiteset/wings_cosmetic_normal_2"},{"predicate":{"custom_model_data":151013},"model":"tavern:items/sets/fireworkset/helmet"},{"predicate":{"custom_model_data":151014},"model":"tavern:items/sets/fireworkset/wings_cosmetic"},{"predicate":{"custom_model_data":151015},"model":"tavern:items/sets/fireworkset/wings_cosmetic_self"},{"predicate":{"custom_model_data":151016},"model":"tavern:items/sets/fireworkset/wings_cosmetic_self_2"},{"predicate":{"custom_model_data":151017},"model":"tavern:items/sets/fireworkset/wings_cosmetic_normal_2"},{"predicate":{"custom_model_data":151018},"model":"tavern:items/sets/lunar_new_year_2025/wings_cosmetic"},{"predicate":{"custom_model_data":151019},"model":"tavern:items/sets/lunar_new_year_2025/wings_cosmetic_self"},{"predicate":{"custom_model_data":151020},"model":"tavern:items/sets/discordnitro/wings"},{"predicate":{"custom_model_data":151021},"model":"tavern:items/sets/discordnitro/wings_self"},{"predicate":{"custom_model_data":151022},"model":"tavern:items/sets/lunar_new_year_2025/wings_cosmetic_self_2"},{"predicate":{"custom_model_data":151023},"model":"tavern:items/sets/lunar_new_year_2025/wings_cosmetic_normal_2"},{"predicate":{"custom_model_data":543000},"model":"tavern:items/sets/lunar/helmet"},{"predicate":{"custom_model_data":543001},"model":"tavern:items/sets/lunar/tail_cosmetics"},{"predicate":{"custom_model_data":543002},"model":"tavern:items/sets/lunar/tail_cosmetics_self"},{"predicate":{"custom_model_data":543003},"model":"tavern:items/sets/lunar/tail_cosmetics_self_2"},{"predicate":{"custom_model_data":543004},"model":"tavern:items/sets/lunar/tail_cosmetics_normal_2"},{"predicate":{"custom_model_data":563000},"model":"tavern:items/sets/thunderbolt/helmet"},{"predicate":{"custom_model_data":563001},"model":"tavern:items/sets/thunderbolt/wings_cosmetics"},{"predicate":{"custom_model_data":563002},"model":"tavern:items/sets/thunderbolt/wings_cosmetics_self"},{"predicate":{"custom_model_data":563003},"model":"tavern:items/sets/thunderbolt/wings_cosmetics_self_2"},{"predicate":{"custom_model_data":563004},"model":"tavern:items/sets/thunderbolt/wings_cosmetics_normal_2"},{"predicate":{"custom_model_data":643000},"model":"tavern:items/sets/valor/wings_cosmetics"},{"predicate":{"custom_model_data":643001},"model":"tavern:items/sets/valor/wings_cosmetics_self"},{"predicate":{"custom_model_data":643002},"model":"tavern:items/sets/valor/wings_cosmetics_self_2"},{"predicate":{"custom_model_data":643003},"model":"tavern:items/sets/valor/wings_cosmetics_normal_2"},{"predicate":{"custom_model_data":1600001},"model":"tavern:items/sets/saintpatrick/wings_cosmeticscore"},{"predicate":{"custom_model_data":1600002},"model":"tavern:items/sets/saintpatrick/wings_cosmeticscore_self"},{"predicate":{"custom_model_data":1600003},"model":"tavern:items/sets/saintpatrick/helmet"},{"predicate":{"custom_model_data":1600004},"model":"tavern:items/sets/saintpatrick/wings_cosmeticscore_self_2"},{"predicate":{"custom_model_data":1600005},"model":"tavern:items/sets/saintpatrick/wings_cosmeticscore_normal_2"},{"predicate":{"custom_model_data":1700001},"model":"tavern:items/sets/nexus/wings_cosmeticscore"},{"predicate":{"custom_model_data":1700002},"model":"tavern:items/sets/nexus/wings_cosmeticscore_self"},{"predicate":{"custom_model_data":1700003},"model":"tavern:items/sets/nexus/helmet"},{"predicate":{"custom_model_data":1700004},"model":"tavern:items/sets/nexus/wings_cosmeticscore_self_2"},{"predicate":{"custom_model_data":1700005},"model":"tavern:items/sets/nexus/wings_cosmeticscore_normal_2"},{"predicate":{"custom_model_data":1900001},"model":"tavern:items/sets/littlepanda/backpack_cosmeticscore"},{"predicate":{"custom_model_data":1900002},"model":"tavern:items/sets/littlepanda/backpack_cosmeticscore_self"},{"predicate":{"custom_model_data":1900003},"model":"tavern:items/sets/littlepanda/bamboo_backpack_cosmeticscore"},{"predicate":{"custom_model_data":1900004},"model":"tavern:items/sets/littlepanda/bamboo_backpack_cosmeticscore_self"},{"predicate":{"custom_model_data":1900005},"model":"tavern:items/sets/littlepanda/panda_head"},{"predicate":{"custom_model_data":1900006},"model":"tavern:items/sets/littlepanda/panda_hood"},{"predicate":{"custom_model_data":2000001},"model":"tavern:items/sets/fairy/wings_cosmeticscore"},{"predicate":{"custom_model_data":2000002},"model":"tavern:items/sets/fairy/wings_cosmeticscore_self"},{"predicate":{"custom_model_data":2000003},"model":"tavern:items/sets/fairy/helmet"},{"predicate":{"custom_model_data":2000004},"model":"tavern:items/sets/fairy/wings_cosmeticscore_self_2"},{"predicate":{"custom_model_data":2000005},"model":"tavern:items/sets/fairy/wings_cosmeticscore_normal_2"},{"predicate":{"custom_model_data":2100001},"model":"tavern:items/sets/azure/wings_cosmeticscore"},{"predicate":{"custom_model_data":2100002},"model":"tavern:items/sets/azure/wings_cosmeticscore_self"},{"predicate":{"custom_model_data":2100003},"model":"tavern:items/sets/azure/helmet"},{"predicate":{"custom_model_data":2500001},"model":"tavern:items/sets/bonita/wings_cosmeticscore"},{"predicate":{"custom_model_data":2500002},"model":"tavern:items/sets/bonita/wings_cosmeticscore_self"},{"predicate":{"custom_model_data":2500003},"model":"tavern:items/sets/bonita/helmet"},{"predicate":{"custom_model_data":2500004},"model":"tavern:items/sets/bonita/backpack_cosmeticscore"},{"predicate":{"custom_model_data":2500005},"model":"tavern:items/sets/bonita/backpack_cosmeticscore_self"},{"predicate":{"custom_model_data":3200001},"model":"tavern:items/sets/fiendskull/cape_cosmeticscore"},{"predicate":{"custom_model_data":3200002},"model":"tavern:items/sets/fiendskull/cape_cosmeticscore_self"},{"predicate":{"custom_model_data":3200003},"model":"tavern:items/sets/fiendskull/helmet"},{"predicate":{"custom_model_data":3200004},"model":"tavern:items/sets/fiendskull/backpack_cosmeticscore"},{"predicate":{"custom_model_data":3200005},"model":"tavern:items/sets/fiendskull/backpack_cosmeticscore_self"},{"predicate":{"custom_model_data":3400001},"model":"tavern:items/sets/halloween2/wings_cosmetics"},{"predicate":{"custom_model_data":3400002},"model":"tavern:items/sets/halloween2/wings_cosmetics_self"},{"predicate":{"custom_model_data":3400003},"model":"tavern:items/sets/halloween2/helmet"},{"predicate":{"custom_model_data":3400004},"model":"tavern:items/sets/halloween2/backpack_cosmetics"},{"predicate":{"custom_model_data":3400005},"model":"tavern:items/sets/halloween2/backpack_cosmetics_self"},{"predicate":{"custom_model_data":3400006},"model":"tavern:items/sets/halloween2/wings_cosmetics_self_2"},{"predicate":{"custom_model_data":3400007},"model":"tavern:items/sets/halloween2/wings_cosmetics_normal_2"},{"predicate":{"custom_model_data":3400008},"model":"tavern:items/sets/halloween2/backpack_cosmetics_self_2"},{"predicate":{"custom_model_data":3400009},"model":"tavern:items/sets/halloween2/backpack_cosmetics_normal_2"},{"predicate":{"custom_model_data":6830000},"model":"tavern:items/sets/winter/helmet"},{"predicate":{"custom_model_data":6830001},"model":"tavern:items/sets/winter/backpack_cosmetics"},{"predicate":{"custom_model_data":6830002},"model":"tavern:items/sets/winter/backpack_cosmetics_self"},{"predicate":{"custom_model_data":6830003},"model":"tavern:items/sets/winter/backpack_cosmetics_self_2"},{"predicate":{"custom_model_data":6830004},"model":"tavern:items/sets/winter/wings_cosmetics"},{"predicate":{"custom_model_data":6830005},"model":"tavern:items/sets/winter/wings_cosmetics_self"},{"predicate":{"custom_model_data":6830006},"model":"tavern:items/sets/winter/wings_cosmetics_self_2"},{"predicate":{"custom_model_data":6830007},"model":"tavern:items/sets/winter/wings_cosmetics_normal_2"},{"predicate":{"custom_model_data":6830008},"model":"tavern:items/sets/winter/backpack_cosmetics_normal_2"},{"predicate":{"custom_model_data":7030000},"model":"tavern:items/sets/fuchsia/helmet"},{"predicate":{"custom_model_data":7030001},"model":"tavern:items/sets/fuchsia/wings_cosmetics"},{"predicate":{"custom_model_data":7030002},"model":"tavern:items/sets/fuchsia/wings_cosmetics_self"},{"predicate":{"custom_model_data":7030003},"model":"tavern:items/sets/fuchsia/wings_cosmetics_self_2"},{"predicate":{"custom_model_data":7030004},"model":"tavern:items/sets/fuchsia/wings_cosmetics_normal_2"},{"predicate":{"custom_model_data":7530000},"model":"tavern:items/sets/sweetheart/helmet"},{"predicate":{"custom_model_data":7530001},"model":"tavern:items/sets/sweetheart/wings_cosmetics"},{"predicate":{"custom_model_data":7530002},"model":"tavern:items/sets/sweetheart/wings_cosmetics_self"},{"predicate":{"custom_model_data":7530003},"model":"tavern:items/sets/sweetheart/wings_cosmetics_self_2"},{"predicate":{"custom_model_data":7530004},"model":"tavern:items/sets/sweetheart/wings_cosmetics_normal_2"},{"predicate":{"custom_model_data":7630000},"model":"tavern:items/sets/merry_christmas/helmet"},{"predicate":{"custom_model_data":7630001},"model":"tavern:items/sets/merry_christmas/backpack_cosmetics"},{"predicate":{"custom_model_data":7630002},"model":"tavern:items/sets/merry_christmas/backpack_cosmetics_self"},{"predicate":{"custom_model_data":7630003},"model":"tavern:items/sets/merry_christmas/backpack_cosmetics_self_2"},{"predicate":{"custom_model_data":7630004},"model":"tavern:items/sets/merry_christmas/wings_cosmetics"},{"predicate":{"custom_model_data":7630005},"model":"tavern:items/sets/merry_christmas/wings_cosmetics_self"},{"predicate":{"custom_model_data":7630006},"model":"tavern:items/sets/merry_christmas/wings_cosmetics_self_2"},{"predicate":{"custom_model_data":7630007},"model":"tavern:items/sets/merry_christmas/backpack_cosmetics_normal_2"},{"predicate":{"custom_model_data":7630008},"model":"tavern:items/sets/merry_christmas/wings_cosmetics_normal_2"},{"predicate":{"custom_model_data":7740000},"model":"tavern:items/sets/valentine/helmet"},{"predicate":{"custom_model_data":7740001},"model":"tavern:items/sets/valentine/bouquet_cosmetics"},{"predicate":{"custom_model_data":7740002},"model":"tavern:items/sets/valentine/bouquet_cosmetics_self"},{"predicate":{"custom_model_data":7740003},"model":"tavern:items/sets/valentine/bouquet_cosmetics_self_2"},{"predicate":{"custom_model_data":7740004},"model":"tavern:items/sets/valentine/wings_cosmetics"},{"predicate":{"custom_model_data":7740005},"model":"tavern:items/sets/valentine/wings_cosmetics_self"},{"predicate":{"custom_model_data":7740006},"model":"tavern:items/sets/valentine/wings_cosmetics_self_2"},{"predicate":{"custom_model_data":7740007},"model":"tavern:items/sets/valentine/wings_cosmetics_normal_2"},{"predicate":{"custom_model_data":7740008},"model":"tavern:items/sets/valentine/bouquet_cosmetics_normal_2"},{"predicate":{"custom_model_data":7880000},"model":"tavern:items/sets/easter2024/backpack_cosmetic"},{"predicate":{"custom_model_data":7880001},"model":"tavern:items/sets/easter2024/backpack_cosmetic_self"},{"predicate":{"custom_model_data":7880002},"model":"tavern:items/sets/easter2024/backpack_cosmetic_self_2"},{"predicate":{"custom_model_data":7880003},"model":"tavern:items/sets/easter2024/backpack_cosmetic_normal_2"},{"predicate":{"custom_model_data":7880004},"model":"tavern:items/sets/easter2024/wings_cosmetic"},{"predicate":{"custom_model_data":7880005},"model":"tavern:items/sets/easter2024/wings_cosmetic_self"},{"predicate":{"custom_model_data":7880006},"model":"tavern:items/sets/easter2024/wings_cosmetic_self_2"},{"predicate":{"custom_model_data":7880007},"model":"tavern:items/sets/easter2024/wings_cosmetic_normal_2"},{"predicate":{"custom_model_data":7880008},"model":"tavern:items/sets/easter2024/easter_helmet"},{"predicate":{"custom_model_data":7990000},"model":"tavern:items/sets/littlecrocodile/backpack_cosmetic"},{"predicate":{"custom_model_data":7990001},"model":"tavern:items/sets/littlecrocodile/backpack_cosmetic_self"},{"predicate":{"custom_model_data":7990002},"model":"tavern:items/sets/littlecrocodile/backpack_cosmetic_self_2"},{"predicate":{"custom_model_data":7990003},"model":"tavern:items/sets/littlecrocodile/backpack_cosmetic_normal_2"},{"predicate":{"custom_model_data":7990004},"model":"tavern:items/sets/littlecrocodile/crocodile_hat"},{"predicate":{"custom_model_data":8400001},"model":"tavern:items/sets/demon_edge/backpack_cosmetic"},{"predicate":{"custom_model_data":8400002},"model":"tavern:items/sets/demon_edge/backpack_cosmetic_self"},{"predicate":{"custom_model_data":8400003},"model":"tavern:items/sets/demon_edge/backpack_cosmetic_self_2"},{"predicate":{"custom_model_data":8400004},"model":"tavern:items/sets/demon_edge/backpack_cosmetic_normal_2"},{"predicate":{"custom_model_data":8400005},"model":"tavern:items/sets/demon_edge/helmet"},{"predicate":{"custom_model_data":8400006},"model":"tavern:items/sets/demon_edge/wings_cosmetic"},{"predicate":{"custom_model_data":8400007},"model":"tavern:items/sets/demon_edge/wings_cosmetic_self"},{"predicate":{"custom_model_data":8400008},"model":"tavern:items/sets/demon_edge/wings_cosmetic_self_2"},{"predicate":{"custom_model_data":8400009},"model":"tavern:items/sets/demon_edge/wings_cosmetic_normal_2"},{"predicate":{"custom_model_data":9723000},"model":"tavern:items/sets/ender_dragon/helmet"},{"predicate":{"custom_model_data":9723001},"model":"tavern:items/sets/ender_dragon/wings_cosmetic"},{"predicate":{"custom_model_data":9723002},"model":"tavern:items/sets/ender_dragon/wings_cosmetic_self"},{"predicate":{"custom_model_data":9723003},"model":"tavern:items/sets/ender_dragon/wings_cosmetic_self_2"},{"predicate":{"custom_model_data":9723004},"model":"tavern:items/sets/ender_dragon/wings_cosmetic_normal_2"},{"predicate":{"custom_model_data":9923000},"model":"tavern:items/sets/spartan/cape_cosmetic"},{"predicate":{"custom_model_data":9923001},"model":"tavern:items/sets/spartan/cape_cosmetic_self"},{"predicate":{"custom_model_data":9923002},"model":"tavern:items/sets/spartan/cape_cosmetic_self_2"},{"predicate":{"custom_model_data":9923003},"model":"tavern:items/sets/spartan/cape_cosmetic_normal_2"},{"predicate":{"custom_model_data":9923004},"model":"tavern:items/sets/spartan/helmet"},{"predicate":{"custom_model_data":9923005},"model":"item/potion"}]}