{"parent":"minecraft:block/sea_lantern","overrides":[{"predicate":{"custom_model_data":10000},"model":"tavern:items/sets/malika/chest"},{"predicate":{"custom_model_data":10001},"model":"tavern:items/sets/malika/chest_opening"},{"predicate":{"custom_model_data":10002},"model":"tavern:items/sets/xmas/chest"},{"predicate":{"custom_model_data":10003},"model":"tavern:items/sets/xmas/chest_opening"},{"predicate":{"custom_model_data":10004},"model":"tavern:items/sets/dragonsoul/chest"},{"predicate":{"custom_model_data":10005},"model":"tavern:items/sets/dragonsoul/chest_opening"},{"predicate":{"custom_model_data":10006},"model":"tavern:items/sets/winter/chest"},{"predicate":{"custom_model_data":10007},"model":"tavern:items/sets/merry_christmas/chest"},{"predicate":{"custom_model_data":10008},"model":"tavern:items/sets/nexus/chest"},{"predicate":{"custom_model_data":10009},"model":"tavern:items/sets/nexus/chest_opening"},{"predicate":{"custom_model_data":10010},"model":"tavern:items/sets/littlebunny/chest"},{"predicate":{"custom_model_data":10011},"model":"tavern:items/sets/littlebunny/chest_opening"},{"predicate":{"custom_model_data":10012},"model":"tavern:items/sets/evergreen/chest"},{"predicate":{"custom_model_data":10013},"model":"tavern:items/sets/evergreen/chest_opening"},{"predicate":{"custom_model_data":10014},"model":"tavern:items/sets/littleshark/chest"},{"predicate":{"custom_model_data":10016},"model":"tavern:items/sets/beats/chest"},{"predicate":{"custom_model_data":10017},"model":"tavern:items/sets/beats/chest_opening"},{"predicate":{"custom_model_data":10018},"model":"tavern:items/sets/azure/chest"},{"predicate":{"custom_model_data":10019},"model":"tavern:items/sets/azure/chest_opening"},{"predicate":{"custom_model_data":10020},"model":"tavern:items/sets/littlepanda/chest"},{"predicate":{"custom_model_data":10021},"model":"tavern:items/sets/littlepanda/chest_opening"},{"predicate":{"custom_model_data":10022},"model":"tavern:items/sets/fiendskull/chest"},{"predicate":{"custom_model_data":10023},"model":"tavern:items/sets/bonita/chest"},{"predicate":{"custom_model_data":10024},"model":"tavern:items/sets/fairy/chest"},{"predicate":{"custom_model_data":10025},"model":"tavern:items/sets/fairy/chest_opening"},{"predicate":{"custom_model_data":10026},"model":"tavern:items/sets/lunar/chest"},{"predicate":{"custom_model_data":10027},"model":"tavern:items/sets/lunar/chest_opening"},{"predicate":{"custom_model_data":10028},"model":"tavern:items/sets/thunderbolt/chest"},{"predicate":{"custom_model_data":10029},"model":"tavern:items/sets/thunderbolt/chest_opening"},{"predicate":{"custom_model_data":10030},"model":"tavern:items/sets/valentine/chest"},{"predicate":{"custom_model_data":10031},"model":"tavern:items/sets/sweetheart/chest"},{"predicate":{"custom_model_data":10032},"model":"tavern:items/sets/sweetheart/chest_opening"},{"predicate":{"custom_model_data":10034},"model":"tavern:items/sets/valor/chest"},{"predicate":{"custom_model_data":10035},"model":"tavern:items/sets/valor/chest_opening"},{"predicate":{"custom_model_data":10036},"model":"tavern:items/sets/saintpatrick/chest"},{"predicate":{"custom_model_data":10037},"model":"tavern:items/sets/saintpatrick/chest_opening"},{"predicate":{"custom_model_data":10038},"model":"tavern:items/sets/easter2024/chest"},{"predicate":{"custom_model_data":10039},"model":"tavern:items/sets/fuchsia/chest"},{"predicate":{"custom_model_data":10040},"model":"tavern:items/sets/fuchsia/chest_opening"},{"predicate":{"custom_model_data":10042},"model":"tavern:items/sets/littlecrocodile/chest"},{"predicate":{"custom_model_data":10045},"model":"tavern:items/sets/summer/chest"},{"predicate":{"custom_model_data":10046},"model":"tavern:items/sets/wild/chest"},{"predicate":{"custom_model_data":10047},"model":"tavern:items/sets/demon_edge/chest"},{"predicate":{"custom_model_data":10048},"model":"tavern:items/sets/halloween2/chest"},{"predicate":{"custom_model_data":10049},"model":"tavern:items/sets/mysticcyan/chest"},{"predicate":{"custom_model_data":10050},"model":"tavern:items/sets/arcanist/chest"},{"predicate":{"custom_model_data":151004},"model":"tavern:items/sets/discordnitro/chest"},{"predicate":{"custom_model_data":151005},"model":"tavern:items/sets/discordnitro/chest_opening"},{"predicate":{"custom_model_data":151006},"model":"item/sea_lantern"}]}