{"parent":"builtin/entity","gui_light":"front","textures":{"particle":"block/dark_oak_planks"},"display":{"thirdperson_righthand":{"rotation":[0,90,0],"translation":[10,6,-4],"scale":[1,1,1]},"thirdperson_lefthand":{"rotation":[0,90,0],"translation":[10,6,12],"scale":[1,1,1]},"firstperson_righthand":{"rotation":[0,180,5],"translation":[-10,2,-10],"scale":[1.25,1.25,1.25]},"firstperson_lefthand":{"rotation":[0,180,5],"translation":[10,0,-10],"scale":[1.25,1.25,1.25]},"gui":{"rotation":[15,-25,-5],"translation":[2,3,0],"scale":[0.65,0.65,0.65]},"fixed":{"rotation":[0,180,0],"translation":[-2,4,-5],"scale":[0.5,0.5,0.5]},"ground":{"rotation":[0,0,0],"translation":[4,4,2],"scale":[0.25,0.25,0.25]}},"overrides":[{"predicate":{"blocking":1},"model":"item/shield_blocking"},{"predicate":{"blocking":1},"model":"item/shield_blocking"},{"predicate":{"blocking":1},"model":"item/shield_blocking"},{"predicate":{"custom_model_data":10000},"model":"tavern:items/sets/malika/shield"},{"predicate":{"blocking":1,"custom_model_data":10000},"model":"tavern:items/sets/malika/shield_blocking"},{"predicate":{"custom_model_data":10001},"model":"tavern:items/sets/cyber/orange/shield"},{"predicate":{"blocking":1,"custom_model_data":10001},"model":"tavern:items/sets/cyber/orange/shield_blocking"},{"predicate":{"custom_model_data":10002},"model":"tavern:items/sets/lunar_new_year_2025/shield"},{"predicate":{"blocking":1,"custom_model_data":10002},"model":"tavern:items/sets/lunar_new_year_2025/shield_blocking"},{"predicate":{"custom_model_data":10003},"model":"tavern:items/sets/cyber/pink/shield"},{"predicate":{"blocking":1,"custom_model_data":10003},"model":"tavern:items/sets/cyber/pink/shield_blocking"},{"predicate":{"custom_model_data":10004},"model":"tavern:items/sets/cyber/blue/shield"},{"predicate":{"blocking":1,"custom_model_data":10004},"model":"tavern:items/sets/cyber/blue/shield_blocking"},{"predicate":{"custom_model_data":10005},"model":"tavern:items/sets/cyber/purple/shield"},{"predicate":{"blocking":1,"custom_model_data":10005},"model":"tavern:items/sets/cyber/purple/shield_blocking"},{"predicate":{"custom_model_data":10006},"model":"tavern:items/sets/cyber/red/shield"},{"predicate":{"blocking":1,"custom_model_data":10006},"model":"tavern:items/sets/cyber/red/shield_blocking"},{"predicate":{"custom_model_data":10007},"model":"tavern:items/sets/cyber/green/shield"},{"predicate":{"blocking":1,"custom_model_data":10007},"model":"tavern:items/sets/cyber/green/shield_blocking"},{"predicate":{"custom_model_data":10008},"model":"tavern:items/sets/ginger_bread_gear/shield"},{"predicate":{"blocking":1,"custom_model_data":10008},"model":"tavern:items/sets/ginger_bread_gear/shield_blocking"},{"predicate":{"custom_model_data":10008},"model":"tavern:items/sets/yggdrasil/shield"},{"predicate":{"blocking":1,"custom_model_data":10008},"model":"tavern:items/sets/yggdrasil/shield_blocking"},{"predicate":{"custom_model_data":10009},"model":"tavern:items/sets/xmas/shield"},{"predicate":{"blocking":1,"custom_model_data":10009},"model":"tavern:items/sets/xmas/shield_blocking"},{"predicate":{"custom_model_data":10010},"model":"tavern:items/sets/dragonsoul/shield"},{"predicate":{"blocking":1,"custom_model_data":10010},"model":"tavern:items/sets/dragonsoul/shield_blocking"},{"predicate":{"custom_model_data":10012},"model":"tavern:items/sets/winter/shield"},{"predicate":{"blocking":1,"custom_model_data":10012},"model":"tavern:items/sets/winter/shield_blocking"},{"predicate":{"custom_model_data":10013},"model":"tavern:items/sets/littlebunny/shield"},{"predicate":{"blocking":1,"custom_model_data":10013},"model":"tavern:items/sets/littlebunny/shield_blocking"},{"predicate":{"custom_model_data":10014},"model":"tavern:items/sets/evergreen/shield"},{"predicate":{"blocking":1,"custom_model_data":10014},"model":"tavern:items/sets/evergreen/shield_blocking"},{"predicate":{"custom_model_data":10015},"model":"tavern:items/sets/littleshark/shield"},{"predicate":{"blocking":1,"custom_model_data":10015},"model":"tavern:items/sets/littleshark/shield_blocking"},{"predicate":{"custom_model_data":10025},"model":"tavern:items/sets/azure/shield"},{"predicate":{"blocking":1,"custom_model_data":10025},"model":"tavern:items/sets/azure/shield_blocking"},{"predicate":{"custom_model_data":10026},"model":"tavern:items/sets/berserker/shield"},{"predicate":{"blocking":1,"custom_model_data":10026},"model":"tavern:items/sets/berserker/shield_blocking"},{"predicate":{"custom_model_data":10027},"model":"tavern:items/sets/warden/shield"},{"predicate":{"blocking":1,"custom_model_data":10027},"model":"tavern:items/sets/warden/shield_blocking"},{"predicate":{"custom_model_data":10028},"model":"tavern:items/sets/littlepanda/shield"},{"predicate":{"blocking":1,"custom_model_data":10028},"model":"tavern:items/sets/littlepanda/shield_blocking"},{"predicate":{"custom_model_data":10029},"model":"tavern:items/sets/fiendskull/shield"},{"predicate":{"blocking":1,"custom_model_data":10029},"model":"tavern:items/sets/fiendskull/shield_blocking"},{"predicate":{"custom_model_data":10030},"model":"tavern:items/sets/asura/shield"},{"predicate":{"blocking":1,"custom_model_data":10030},"model":"tavern:items/sets/asura/shield_blocking"},{"predicate":{"custom_model_data":10032},"model":"tavern:items/sets/bonita/shield"},{"predicate":{"blocking":1,"custom_model_data":10032},"model":"tavern:items/sets/bonita/shield_blocking"},{"predicate":{"custom_model_data":10033},"model":"tavern:items/sets/darkworldpack/normal/shield"},{"predicate":{"blocking":1,"custom_model_data":10033},"model":"tavern:items/sets/darkworldpack/normal/shield_blocking"},{"predicate":{"custom_model_data":10034},"model":"tavern:items/sets/skeleton_overlord/shield"},{"predicate":{"blocking":1,"custom_model_data":10034},"model":"tavern:items/sets/skeleton_overlord/shield_blocking"},{"predicate":{"custom_model_data":10035},"model":"tavern:items/sets/merry_christmas/shield"},{"predicate":{"blocking":1,"custom_model_data":10035},"model":"tavern:items/sets/merry_christmas/shield_blocking"},{"predicate":{"custom_model_data":10036},"model":"tavern:items/sets/christmas_2023/shield"},{"predicate":{"blocking":1,"custom_model_data":10036},"model":"tavern:items/sets/christmas_2023/shield_blocking"},{"predicate":{"custom_model_data":10038},"model":"tavern:items/sets/nexus/shield"},{"predicate":{"blocking":1,"custom_model_data":10038},"model":"tavern:items/sets/nexus/shield_blocking"},{"predicate":{"custom_model_data":10039},"model":"tavern:items/sets/fairy/shield"},{"predicate":{"blocking":1,"custom_model_data":10039},"model":"tavern:items/sets/fairy/shield_blocking"},{"predicate":{"custom_model_data":10040},"model":"tavern:items/sets/lunar/shield"},{"predicate":{"blocking":1,"custom_model_data":10040},"model":"tavern:items/sets/lunar/shield_blocking"},{"predicate":{"custom_model_data":10041},"model":"tavern:items/sets/thunderbolt/shield"},{"predicate":{"blocking":1,"custom_model_data":10041},"model":"tavern:items/sets/thunderbolt/shield_blocking"},{"predicate":{"custom_model_data":10042},"model":"tavern:items/sets/valentine/shield"},{"predicate":{"blocking":1,"custom_model_data":10042},"model":"tavern:items/sets/valentine/shield_blocking"},{"predicate":{"custom_model_data":10043},"model":"tavern:items/sets/sweetheart/shield"},{"predicate":{"blocking":1,"custom_model_data":10043},"model":"tavern:items/sets/sweetheart/shield_blocking"},{"predicate":{"custom_model_data":10045},"model":"tavern:items/sets/valor/shield"},{"predicate":{"blocking":1,"custom_model_data":10045},"model":"tavern:items/sets/valor/shield_blocking"},{"predicate":{"custom_model_data":10046},"model":"tavern:items/sets/saintpatrick/shield"},{"predicate":{"blocking":1,"custom_model_data":10046},"model":"tavern:items/sets/saintpatrick/shield_blocking"},{"predicate":{"custom_model_data":10047},"model":"tavern:items/sets/easter2024/shield"},{"predicate":{"blocking":1,"custom_model_data":10047},"model":"tavern:items/sets/easter2024/shield_blocking"},{"predicate":{"custom_model_data":10048},"model":"tavern:items/sets/fuchsia/shield"},{"predicate":{"blocking":1,"custom_model_data":10048},"model":"tavern:items/sets/fuchsia/shield_blocking"},{"predicate":{"custom_model_data":10049},"model":"tavern:items/sets/littleduck/shield"},{"predicate":{"blocking":1,"custom_model_data":10049},"model":"tavern:items/sets/littleduck/shield_blocking"},{"predicate":{"custom_model_data":10050},"model":"tavern:items/sets/littlecrocodile/shield"},{"predicate":{"blocking":1,"custom_model_data":10050},"model":"tavern:items/sets/littlecrocodile/shield_blocking"},{"predicate":{"custom_model_data":10051},"model":"tavern:items/sets/yang/shield"},{"predicate":{"blocking":1,"custom_model_data":10051},"model":"tavern:items/sets/yang/shield_blocking"},{"predicate":{"custom_model_data":10052},"model":"tavern:items/sets/yin/shield"},{"predicate":{"blocking":1,"custom_model_data":10052},"model":"tavern:items/sets/yin/shield_blocking"},{"predicate":{"custom_model_data":10053},"model":"tavern:items/sets/goku/shield"},{"predicate":{"blocking":1,"custom_model_data":10053},"model":"tavern:items/sets/goku/shield_blocking"},{"predicate":{"custom_model_data":10054},"model":"tavern:items/sets/vegeta/shield"},{"predicate":{"blocking":1,"custom_model_data":10054},"model":"tavern:items/sets/vegeta/shield_blocking"},{"predicate":{"custom_model_data":10055},"model":"tavern:items/sets/summer/shield"},{"predicate":{"blocking":1,"custom_model_data":10055},"model":"tavern:items/sets/summer/shield_blocking"},{"predicate":{"custom_model_data":10056},"model":"tavern:items/sets/wild/shield"},{"predicate":{"blocking":1,"custom_model_data":10056},"model":"tavern:items/sets/wild/shield_blocking"},{"predicate":{"custom_model_data":10057},"model":"tavern:items/sets/spartan/shield"},{"predicate":{"blocking":1,"custom_model_data":10057},"model":"tavern:items/sets/spartan/shield_blocking"},{"predicate":{"custom_model_data":10058},"model":"tavern:items/sets/demon_edge/shield"},{"predicate":{"blocking":1,"custom_model_data":10058},"model":"tavern:items/sets/demon_edge/shield_blocking"},{"predicate":{"custom_model_data":10059},"model":"tavern:items/sets/halloween2/shield"},{"predicate":{"blocking":1,"custom_model_data":10059},"model":"tavern:items/sets/halloween2/shield_blocking"},{"predicate":{"custom_model_data":10060},"model":"tavern:items/sets/halloween1/shield"},{"predicate":{"blocking":1,"custom_model_data":10060},"model":"tavern:items/sets/halloween1/shield_blocking"},{"predicate":{"custom_model_data":10061},"model":"tavern:items/sets/ender_dragon/shield"},{"predicate":{"blocking":1,"custom_model_data":10061},"model":"tavern:items/sets/ender_dragon/shield_blocking"},{"predicate":{"custom_model_data":10062},"model":"tavern:items/sets/nanoedge/shield"},{"predicate":{"blocking":1,"custom_model_data":10062},"model":"tavern:items/sets/nanoedge/shield_blocking"},{"predicate":{"custom_model_data":10063},"model":"tavern:items/sets/mysticcyan/shield"},{"predicate":{"blocking":1,"custom_model_data":10063},"model":"tavern:items/sets/mysticcyan/shield_blocking"},{"predicate":{"custom_model_data":10064},"model":"tavern:items/sets/arcanist/shield"},{"predicate":{"blocking":1,"custom_model_data":10064},"model":"tavern:items/sets/arcanist/shield_blocking"},{"predicate":{"custom_model_data":10065},"model":"tavern:items/sets/merry_christmas_2024/shield"},{"predicate":{"blocking":1,"custom_model_data":10065},"model":"tavern:items/sets/merry_christmas_2024/shield_blocking"},{"predicate":{"custom_model_data":10066},"model":"tavern:items/sets/frostbiteset/shield"},{"predicate":{"blocking":1,"custom_model_data":10066},"model":"tavern:items/sets/frostbiteset/shield_blocking"},{"predicate":{"custom_model_data":10067},"model":"tavern:items/sets/fireworkset/shield"},{"predicate":{"blocking":1,"custom_model_data":10067},"model":"tavern:items/sets/fireworkset/shield_blocking"},{"predicate":{"custom_model_data":151012},"model":"tavern:items/sets/discordnitro/shield"},{"predicate":{"blocking":1,"custom_model_data":151012},"model":"tavern:items/sets/discordnitro/shield_blocking"},{"predicate":{"custom_model_data":151013},"model":"item/shield"}]}