{"textures":{"0":"modelengine:entity/blazeminion"},"elements":[{"from":[5.2931976,-2.3308802,5.8345604],"to":[10.706799,6.330879,10.16544],"faces":{"east":{"uv":[5.6875,9.25,5.8125,9.53125],"tintindex":0,"rotation":0,"texture":"#0"},"south":{"uv":[10.0,3.5625,10.15625,3.84375],"tintindex":0,"rotation":0,"texture":"#0"},"north":{"uv":[10.0,3.25,10.15625,3.53125],"tintindex":0,"rotation":0,"texture":"#0"},"west":{"uv":[9.5,2.9375,9.625,3.21875],"tintindex":0,"rotation":0,"texture":"#0"},"up":{"uv":[10.59375,1.125,10.4375,1.0],"tintindex":0,"rotation":0,"texture":"#0"},"down":{"uv":[1.21875,10.4375,1.0625,10.5625],"tintindex":0,"rotation":0,"texture":"#0"}}},{"from":[5.2277794,5.3233147,5.6729603],"to":[10.229294,7.39501,10.32704],"faces":{"east":{"uv":[0.1875,10.5,0.34375,10.5625],"tintindex":0,"rotation":0,"texture":"#0"},"south":{"uv":[0.375,10.5,0.53125,10.5625],"tintindex":0,"rotation":0,"texture":"#0"},"north":{"uv":[0.0,10.5,0.15625,10.5625],"tintindex":0,"rotation":0,"texture":"#0"},"west":{"uv":[0.5625,10.5,0.71875,10.5625],"tintindex":0,"rotation":0,"texture":"#0"},"up":{"uv":[10.40625,7.03125,10.25,6.875],"tintindex":0,"rotation":0,"texture":"#0"},"down":{"uv":[7.15625,10.25,7.0,10.40625],"tintindex":0,"rotation":0,"texture":"#0"}},"rotation":{"origin":[7.7931747,5.6626587,7.621048],"angle":-22.5,"axis":"z"}},{"from":[5.2277794,-3.3384457,5.6729603],"to":[10.229294,-1.2667503,10.32704],"faces":{"east":{"uv":[9.3125,10.4375,9.46875,10.5],"tintindex":0,"rotation":0,"texture":"#0"},"south":{"uv":[9.5,10.4375,9.65625,10.5],"tintindex":0,"rotation":0,"texture":"#0"},"north":{"uv":[10.4375,8.6875,10.59375,8.75],"tintindex":0,"rotation":0,"texture":"#0"},"west":{"uv":[9.6875,10.4375,9.84375,10.5],"tintindex":0,"rotation":0,"texture":"#0"},"up":{"uv":[10.40625,6.65625,10.25,6.5],"tintindex":0,"rotation":0,"texture":"#0"},"down":{"uv":[10.40625,6.6875,10.25,6.84375],"tintindex":0,"rotation":0,"texture":"#0"}},"rotation":{"origin":[7.7931747,-2.9991026,7.4594483],"angle":-22.5,"axis":"z"}}],"display":{"gui":{"rotation":[30,225,0]}}}