{"textures":{"0":"modelengine:entity/blazeminion"},"elements":[{"from":[4.0711,8.380814,4.9727254],"to":[11.9289,11.888626,9.074322],"faces":{"east":{"uv":[9.8125,5.75,10.0625,5.96875],"tintindex":0,"rotation":0,"texture":"#0"},"south":{"uv":[9.3125,7.625,9.8125,7.84375],"tintindex":0,"rotation":0,"texture":"#0"},"north":{"uv":[7.25,9.3125,7.75,9.53125],"tintindex":0,"rotation":0,"texture":"#0"},"west":{"uv":[9.8125,7.8125,10.0625,8.03125],"tintindex":0,"rotation":0,"texture":"#0"},"up":{"uv":[9.4375,7.375,8.9375,7.125],"tintindex":0,"rotation":0,"texture":"#0"},"down":{"uv":[9.4375,7.375,8.9375,7.625],"tintindex":0,"rotation":0,"texture":"#0"}},"rotation":{"origin":[8.0505,9.188816,9.801522],"angle":-22.5,"axis":"x"}},{"from":[11.8784,12.305351,4.718102],"to":[18.8676,17.55735,5.0211024],"faces":{"east":{"uv":[2.125,8.125,2.15625,8.4375],"tintindex":0,"rotation":0,"texture":"#0"},"south":{"uv":[8.9375,6.8125,9.375,7.125],"tintindex":0,"rotation":0,"texture":"#0"},"north":{"uv":[6.0625,8.9375,6.5,9.25],"tintindex":0,"rotation":0,"texture":"#0"},"west":{"uv":[4.1875,8.1875,4.21875,8.5],"tintindex":0,"rotation":0,"texture":"#0"},"up":{"uv":[8.0625,6.65625,7.625,6.625],"tintindex":0,"rotation":0,"texture":"#0"},"down":{"uv":[10.75,2.5625,10.3125,2.59375],"tintindex":0,"rotation":0,"texture":"#0"}},"rotation":{"origin":[8.0808,14.729351,11.505302],"angle":22.5,"axis":"x"}},{"from":[-5.0087996,11.838474,3.608049],"to":[21.0088,20.968876,3.8908486],"faces":{"east":{"uv":[1.5,5.875,1.53125,6.4375],"tintindex":0,"rotation":0,"texture":"#0"},"south":{"uv":[0.0,0.5625,1.625,1.125],"tintindex":0,"rotation":0,"texture":"#0"},"north":{"uv":[0.0,0.0,1.625,0.5625],"tintindex":0,"rotation":0,"texture":"#0"},"west":{"uv":[6.625,5.25,6.65625,5.8125],"tintindex":0,"rotation":0,"texture":"#0"},"up":{"uv":[11.25,2.65625,9.625,2.625],"tintindex":0,"rotation":0,"texture":"#0"},"down":{"uv":[11.25,2.6875,9.625,2.71875],"tintindex":0,"rotation":0,"texture":"#0"}},"rotation":{"origin":[6.9091997,7.556076,4.0120482],"angle":22.5,"axis":"x"}},{"from":[4.0064745,11.966148,12.559267],"to":[11.9935255,17.93557,15.053465],"faces":{"east":{"uv":[4.25,7.1875,4.40625,7.5625],"tintindex":0,"rotation":0,"texture":"#0"},"south":{"uv":[7.0,0.625,7.5,1.0],"tintindex":0,"rotation":0,"texture":"#0"},"north":{"uv":[1.625,0.75,2.125,1.125],"tintindex":0,"rotation":0,"texture":"#0"},"west":{"uv":[1.5,7.75,1.65625,8.125],"tintindex":0,"rotation":0,"texture":"#0"},"up":{"uv":[9.9375,1.71875,9.4375,1.5625],"tintindex":0,"rotation":0,"texture":"#0"},"down":{"uv":[9.9375,2.75,9.4375,2.90625],"tintindex":0,"rotation":0,"texture":"#0"}},"rotation":{"origin":[8.1616,14.390148,13.932867],"angle":-22.5,"axis":"x"}},{"from":[4.0408,14.135735,7.1332045],"to":[11.9592,18.902935,11.2540045],"faces":{"east":{"uv":[9.625,8.3125,9.875,8.59375],"tintindex":0,"rotation":0,"texture":"#0"},"south":{"uv":[2.1875,8.75,2.6875,9.03125],"tintindex":0,"rotation":0,"texture":"#0"},"north":{"uv":[0.75,8.75,1.25,9.03125],"tintindex":0,"rotation":0,"texture":"#0"},"west":{"uv":[9.6875,0.0,9.9375,0.28125],"tintindex":0,"rotation":0,"texture":"#0"},"up":{"uv":[3.0,3.3125,2.5,3.0625],"tintindex":0,"rotation":0,"texture":"#0"},"down":{"uv":[4.375,0.6875,3.875,0.9375],"tintindex":0,"rotation":0,"texture":"#0"}},"rotation":{"origin":[8.0808,14.782135,8.022005],"angle":-22.5,"axis":"x"}},{"from":[1.0511999,12.848476,7.1430483],"to":[14.9488,26.018875,7.4258485],"faces":{"east":{"uv":[1.9375,10.0,1.96875,10.8125],"tintindex":0,"rotation":0,"texture":"#0"},"south":{"uv":[2.125,2.25,3.0,3.0625],"tintindex":0,"rotation":0,"texture":"#0"},"north":{"uv":[2.125,1.4375,3.0,2.25],"tintindex":0,"rotation":0,"texture":"#0"},"west":{"uv":[3.875,10.125,3.90625,10.9375],"tintindex":0,"rotation":0,"texture":"#0"},"up":{"uv":[11.0,5.71875,10.125,5.6875],"tintindex":0,"rotation":0,"texture":"#0"},"down":{"uv":[11.0625,0.9375,10.1875,0.96875],"tintindex":0,"rotation":0,"texture":"#0"}},"rotation":{"origin":[6.9091997,12.606075,7.5470486],"angle":22.5,"axis":"x"}},{"from":[4.0811996,17.411022,7.359494],"to":[11.9188,20.077423,11.8842945],"faces":{"east":{"uv":[9.9375,2.75,10.21875,2.90625],"tintindex":0,"rotation":0,"texture":"#0"},"south":{"uv":[9.4375,0.8125,9.9375,0.96875],"tintindex":0,"rotation":0,"texture":"#0"},"north":{"uv":[9.375,1.375,9.875,1.53125],"tintindex":0,"rotation":0,"texture":"#0"},"west":{"uv":[10.0,2.4375,10.28125,2.59375],"tintindex":0,"rotation":0,"texture":"#0"},"up":{"uv":[9.125,3.46875,8.625,3.1875],"tintindex":0,"rotation":0,"texture":"#0"},"down":{"uv":[0.75,8.75,0.25,9.03125],"tintindex":0,"rotation":0,"texture":"#0"}},"rotation":{"origin":[8.121201,14.744621,7.7634945],"angle":22.5,"axis":"x"}},{"from":[4.1216,9.8352165,4.3071227],"to":[11.8784,15.087215,12.710322],"faces":{"east":{"uv":[8.25,5.0,8.78125,5.3125],"tintindex":0,"rotation":0,"texture":"#0"},"south":{"uv":[8.5625,4.6875,9.03125,5.0],"tintindex":0,"rotation":0,"texture":"#0"},"north":{"uv":[7.6875,5.875,8.15625,6.1875],"tintindex":0,"rotation":0,"texture":"#0"},"west":{"uv":[8.375,2.125,8.90625,2.4375],"tintindex":0,"rotation":0,"texture":"#0"},"up":{"uv":[6.15625,7.96875,5.6875,7.4375],"tintindex":0,"rotation":0,"texture":"#0"},"down":{"uv":[7.96875,0.4375,7.5,0.96875],"tintindex":0,"rotation":0,"texture":"#0"}}},{"from":[-2.8675995,9.8352165,4.3071218],"to":[4.1216,15.087215,4.610122],"faces":{"east":{"uv":[0.6875,3.625,0.71875,3.9375],"tintindex":0,"rotation":0,"texture":"#0"},"south":{"uv":[8.9375,3.5,9.375,3.8125],"tintindex":0,"rotation":0,"texture":"#0"},"north":{"uv":[8.9375,2.0,9.375,2.3125],"tintindex":0,"rotation":0,"texture":"#0"},"west":{"uv":[1.5625,5.25,1.59375,5.5625],"tintindex":0,"rotation":0,"texture":"#0"},"up":{"uv":[3.125,0.71875,2.6875,0.6875],"tintindex":0,"rotation":0,"texture":"#0"},"down":{"uv":[3.625,1.375,3.1875,1.40625],"tintindex":0,"rotation":0,"texture":"#0"}}},{"from":[4.0004,8.727142,8.137308],"to":[11.999599,12.847942,14.601308],"faces":{"east":{"uv":[4.375,0.6875,4.78125,0.9375],"tintindex":0,"rotation":0,"texture":"#0"},"south":{"uv":[4.8125,1.25,5.3125,1.5],"tintindex":0,"rotation":0,"texture":"#0"},"north":{"uv":[1.875,4.0,2.375,4.25],"tintindex":0,"rotation":0,"texture":"#0"},"west":{"uv":[6.0625,9.25,6.46875,9.5],"tintindex":0,"rotation":0,"texture":"#0"},"up":{"uv":[8.5625,4.96875,8.0625,4.5625],"tintindex":0,"rotation":0,"texture":"#0"},"down":{"uv":[5.125,8.0625,4.625,8.46875],"tintindex":0,"rotation":0,"texture":"#0"}},"rotation":{"origin":[8.282801,11.151142,14.924507],"angle":45.0,"axis":"x"}},{"from":[-2.8675995,12.305351,4.718102],"to":[4.1216,17.55735,5.0211024],"faces":{"east":{"uv":[5.3125,1.875,5.34375,2.1875],"tintindex":0,"rotation":0,"texture":"#0"},"south":{"uv":[4.5,8.9375,4.9375,9.25],"tintindex":0,"rotation":0,"texture":"#0"},"north":{"uv":[4.0625,8.9375,4.5,9.25],"tintindex":0,"rotation":0,"texture":"#0"},"west":{"uv":[6.125,6.75,6.15625,7.0625],"tintindex":0,"rotation":0,"texture":"#0"},"up":{"uv":[0.4375,4.09375,0.0,4.0625],"tintindex":0,"rotation":0,"texture":"#0"},"down":{"uv":[6.5,2.4375,6.0625,2.46875],"tintindex":0,"rotation":0,"texture":"#0"}},"rotation":{"origin":[7.9192,14.729351,11.505302],"angle":22.5,"axis":"x"}},{"from":[11.8784,9.8352165,4.3071218],"to":[18.8676,15.087215,4.610122],"faces":{"east":{"uv":[0.4375,6.9375,0.46875,7.25],"tintindex":0,"rotation":0,"texture":"#0"},"south":{"uv":[5.375,8.9375,5.8125,9.25],"tintindex":0,"rotation":0,"texture":"#0"},"north":{"uv":[4.9375,8.9375,5.375,9.25],"tintindex":0,"rotation":0,"texture":"#0"},"west":{"uv":[6.125,7.0625,6.15625,7.375],"tintindex":0,"rotation":0,"texture":"#0"},"up":{"uv":[6.5625,4.09375,6.125,4.0625],"tintindex":0,"rotation":0,"texture":"#0"},"down":{"uv":[7.5,6.1875,7.0625,6.21875],"tintindex":0,"rotation":0,"texture":"#0"}}},{"from":[4.0064745,11.907261,3.3699021],"to":[11.9935255,15.324226,6.722794],"faces":{"east":{"uv":[9.9375,5.0625,10.15625,5.28125],"tintindex":0,"rotation":0,"texture":"#0"},"south":{"uv":[9.1875,5.5,9.6875,5.71875],"tintindex":0,"rotation":0,"texture":"#0"},"north":{"uv":[9.125,3.25,9.625,3.46875],"tintindex":0,"rotation":0,"texture":"#0"},"west":{"uv":[9.9375,6.0,10.15625,6.21875],"tintindex":0,"rotation":0,"texture":"#0"},"up":{"uv":[9.75,6.34375,9.25,6.125],"tintindex":0,"rotation":0,"texture":"#0"},"down":{"uv":[9.8125,6.375,9.3125,6.59375],"tintindex":0,"rotation":0,"texture":"#0"}},"rotation":{"origin":[8.208075,11.120876,11.849141],"angle":22.5,"axis":"x"}}],"display":{"gui":{"rotation":[30,225,0]}}}