{"textures":{"0":"modelengine:entity/blazeminion"},"elements":[{"from":[1.0589905,-7.6588116,-2.2815905],"to":[4.9233055,-5.3403044,1.1791315],"faces":{"east":{"uv":[10.1875,0.75,10.40625,0.90625],"tintindex":0,"rotation":0,"texture":"#0"},"south":{"uv":[10.0,6.25,10.25,6.40625],"tintindex":0,"rotation":0,"texture":"#0"},"north":{"uv":[10.0,4.5,10.25,4.65625],"tintindex":0,"rotation":0,"texture":"#0"},"west":{"uv":[10.1875,2.25,10.40625,2.40625],"tintindex":0,"rotation":0,"texture":"#0"},"up":{"uv":[10.0625,8.28125,9.8125,8.0625],"tintindex":0,"rotation":0,"texture":"#0"},"down":{"uv":[8.6875,9.8125,8.4375,10.03125],"tintindex":0,"rotation":0,"texture":"#0"}},"rotation":{"origin":[-11.079962,4.9992523,-3.49584],"angle":-45.0,"axis":"x"}},{"from":[1.3013897,-2.811964,-0.07045174],"to":[4.115305,3.5465431,2.98627],"faces":{"east":{"uv":[9.4375,4.4375,9.625,4.84375],"tintindex":0,"rotation":0,"texture":"#0"},"south":{"uv":[9.4375,7.125,9.625,7.53125],"tintindex":0,"rotation":0,"texture":"#0"},"north":{"uv":[3.75,9.4375,3.9375,9.84375],"tintindex":0,"rotation":0,"texture":"#0"},"west":{"uv":[6.0625,9.5,6.25,9.90625],"tintindex":0,"rotation":0,"texture":"#0"},"up":{"uv":[10.3125,5.0625,10.125,4.875],"tintindex":0,"rotation":0,"texture":"#0"},"down":{"uv":[5.25,10.125,5.0625,10.3125],"tintindex":0,"rotation":0,"texture":"#0"}},"rotation":{"origin":[-11.079962,10.6541,-1.6887016],"angle":-22.5,"axis":"x"}},{"from":[1.3013897,-2.811964,12.919671],"to":[4.115305,3.5465431,15.976393],"faces":{"east":{"uv":[5.6875,9.5625,5.875,9.96875],"tintindex":0,"rotation":0,"texture":"#0"},"south":{"uv":[5.875,9.5625,6.0625,9.96875],"tintindex":0,"rotation":0,"texture":"#0"},"north":{"uv":[9.5625,4.875,9.75,5.28125],"tintindex":0,"rotation":0,"texture":"#0"},"west":{"uv":[7.1875,9.5625,7.375,9.96875],"tintindex":0,"rotation":0,"texture":"#0"},"up":{"uv":[10.3125,8.9375,10.125,8.75],"tintindex":0,"rotation":0,"texture":"#0"},"down":{"uv":[10.3125,8.9375,10.125,9.125],"tintindex":0,"rotation":0,"texture":"#0"}},"rotation":{"origin":[-11.079962,10.6541,17.594643],"angle":22.5,"axis":"x"}},{"from":[-5.5315075,5.675743,6.02061],"to":[-2.927576,8.279675,9.885332],"faces":{"east":{"uv":[10.0,6.8125,10.25,6.96875],"tintindex":0,"rotation":0,"texture":"#0"},"south":{"uv":[2.0,10.25,2.15625,10.40625],"tintindex":0,"rotation":0,"texture":"#0"},"north":{"uv":[1.6875,10.25,1.84375,10.40625],"tintindex":0,"rotation":0,"texture":"#0"},"west":{"uv":[10.0,7.0,10.25,7.15625],"tintindex":0,"rotation":0,"texture":"#0"},"up":{"uv":[7.21875,10.25,7.0625,10.0],"tintindex":0,"rotation":0,"texture":"#0"},"down":{"uv":[10.15625,7.1875,10.0,7.4375],"tintindex":0,"rotation":0,"texture":"#0"}},"rotation":{"origin":[-14.49172,-7.1846676,4.72556],"angle":-45.0,"axis":"z"}},{"from":[-3.9209652,10.591841,1.5301738],"to":[-1.7595367,12.753269,4.5056887],"faces":{"east":{"uv":[7.4375,8.875,7.625,9.0],"tintindex":0,"rotation":0,"texture":"#0"},"south":{"uv":[10.4375,5.875,10.5625,6.0],"tintindex":0,"rotation":0,"texture":"#0"},"north":{"uv":[5.8125,10.4375,5.9375,10.5625],"tintindex":0,"rotation":0,"texture":"#0"},"west":{"uv":[8.9375,0.3125,9.125,0.4375],"tintindex":0,"rotation":0,"texture":"#0"},"up":{"uv":[4.1875,8.9375,4.0625,8.75],"tintindex":0,"rotation":0,"texture":"#0"},"down":{"uv":[9.6875,5.3125,9.5625,5.5],"tintindex":0,"rotation":0,"texture":"#0"}},"rotation":{"origin":[-0.59217834,9.424482,3.017931],"angle":-45.0,"axis":"z"}},{"from":[-2.1205387,6.2452297,1.6109734],"to":[0.936182,12.603737,4.4248886],"faces":{"east":{"uv":[7.75,9.5,7.9375,9.90625],"tintindex":0,"rotation":0,"texture":"#0"},"south":{"uv":[7.9375,9.5,8.125,9.90625],"tintindex":0,"rotation":0,"texture":"#0"},"north":{"uv":[7.0,9.5,7.1875,9.90625],"tintindex":0,"rotation":0,"texture":"#0"},"west":{"uv":[8.125,9.5,8.3125,9.90625],"tintindex":0,"rotation":0,"texture":"#0"},"up":{"uv":[5.625,10.3125,5.4375,10.125],"tintindex":0,"rotation":0,"texture":"#0"},"down":{"uv":[10.3125,5.5,10.125,5.6875],"tintindex":0,"rotation":0,"texture":"#0"}}},{"from":[1.2205906,7.5499783,11.29645],"to":[4.196104,9.711407,13.457878],"faces":{"east":{"uv":[6.4375,10.4375,6.5625,10.5625],"tintindex":0,"rotation":0,"texture":"#0"},"south":{"uv":[9.625,3.8125,9.8125,3.9375],"tintindex":0,"rotation":0,"texture":"#0"},"north":{"uv":[9.5625,6.0,9.75,6.125],"tintindex":0,"rotation":0,"texture":"#0"},"west":{"uv":[10.4375,6.5,10.5625,6.625],"tintindex":0,"rotation":0,"texture":"#0"},"up":{"uv":[10.375,9.625,10.1875,9.5],"tintindex":0,"rotation":0,"texture":"#0"},"down":{"uv":[10.4375,7.0625,10.25,7.1875],"tintindex":0,"rotation":0,"texture":"#0"}},"rotation":{"origin":[-11.079962,5.9317284,20.565434],"angle":-22.5,"axis":"x"}},{"from":[0.57518005,6.0956974,1.5301738],"to":[2.7366085,8.257126,4.5056887],"faces":{"east":{"uv":[7.8125,9.0,8.0,9.125],"tintindex":0,"rotation":0,"texture":"#0"},"south":{"uv":[10.5625,6.0,10.4375,6.125],"tintindex":0,"rotation":0,"texture":"#0"},"north":{"uv":[10.4375,6.0,10.5625,6.125],"tintindex":0,"rotation":0,"texture":"#0"},"west":{"uv":[9.0625,1.875,9.25,2.0],"tintindex":0,"rotation":0,"texture":"#0"},"up":{"uv":[2.9375,10.0,2.8125,9.8125],"tintindex":0,"rotation":0,"texture":"#0"},"down":{"uv":[0.6875,10.3125,0.5625,10.5],"tintindex":0,"rotation":0,"texture":"#0"}},"rotation":{"origin":[-0.59217834,9.424482,3.017931],"angle":-45.0,"axis":"z"}},{"from":[-3.9209652,10.591841,11.630174],"to":[-1.7595367,12.753269,14.605688],"faces":{"east":{"uv":[9.125,1.0625,9.3125,1.1875],"tintindex":0,"rotation":0,"texture":"#0"},"south":{"uv":[10.4375,6.25,10.5625,6.375],"tintindex":0,"rotation":0,"texture":"#0"},"north":{"uv":[6.1875,10.4375,6.3125,10.5625],"tintindex":0,"rotation":0,"texture":"#0"},"west":{"uv":[7.25,9.1875,7.4375,9.3125],"tintindex":0,"rotation":0,"texture":"#0"},"up":{"uv":[0.8125,10.5,0.6875,10.3125],"tintindex":0,"rotation":0,"texture":"#0"},"down":{"uv":[0.9375,10.3125,0.8125,10.5],"tintindex":0,"rotation":0,"texture":"#0"}},"rotation":{"origin":[-0.59217834,9.424482,13.117931],"angle":-45.0,"axis":"z"}},{"from":[0.9377899,-4.426811,6.0610094],"to":[4.620304,8.395697,9.844932],"faces":{"east":{"uv":[8.25,7.0625,8.46875,7.84375],"tintindex":0,"rotation":0,"texture":"#0"},"south":{"uv":[8.3125,3.5,8.53125,4.28125],"tintindex":0,"rotation":0,"texture":"#0"},"north":{"uv":[6.5,8.0625,6.71875,8.84375],"tintindex":0,"rotation":0,"texture":"#0"},"west":{"uv":[8.0625,8.3125,8.28125,9.09375],"tintindex":0,"rotation":0,"texture":"#0"},"up":{"uv":[6.78125,10.15625,6.5625,9.9375],"tintindex":0,"rotation":0,"texture":"#0"},"down":{"uv":[7.03125,9.9375,6.8125,10.15625],"tintindex":0,"rotation":0,"texture":"#0"}}},{"from":[4.1697903,-6.0428114,4.4450097],"to":[12.619505,5.0828953,11.460932],"faces":{"east":{"uv":[4.8125,6.75,5.25,7.4375],"tintindex":0,"rotation":0,"texture":"#0"},"south":{"uv":[6.0625,5.25,6.59375,5.9375],"tintindex":0,"rotation":0,"texture":"#0"},"north":{"uv":[5.0625,6.0625,5.59375,6.75],"tintindex":0,"rotation":0,"texture":"#0"},"west":{"uv":[5.25,6.75,5.6875,7.4375],"tintindex":0,"rotation":0,"texture":"#0"},"up":{"uv":[2.71875,8.0625,2.1875,7.625],"tintindex":0,"rotation":0,"texture":"#0"},"down":{"uv":[3.28125,7.625,2.75,8.0625],"tintindex":0,"rotation":0,"texture":"#0"}}},{"from":[1.7194233,-6.72431,5.1722097],"to":[7.1083317,1.2406044,10.733732],"faces":{"east":{"uv":[8.1875,5.875,8.53125,6.375],"tintindex":0,"rotation":0,"texture":"#0"},"south":{"uv":[0.0,8.25,0.34375,8.75],"tintindex":0,"rotation":0,"texture":"#0"},"north":{"uv":[5.1875,4.4375,5.53125,4.9375],"tintindex":0,"rotation":0,"texture":"#0"},"west":{"uv":[0.375,8.25,0.71875,8.75],"tintindex":0,"rotation":0,"texture":"#0"},"up":{"uv":[9.28125,7.96875,8.9375,7.625],"tintindex":0,"rotation":0,"texture":"#0"},"down":{"uv":[9.34375,3.8125,9.0,4.15625],"tintindex":0,"rotation":0,"texture":"#0"}},"rotation":{"origin":[-4.8225327,-15.712063,3.9579601],"angle":-22.5,"axis":"z"}},{"from":[0.7716198,-14.068527,4.3642097],"to":[11.968535,-8.679619,11.541732],"faces":{"east":{"uv":[8.625,1.25,9.0625,1.59375],"tintindex":0,"rotation":0,"texture":"#0"},"south":{"uv":[7.5625,3.1875,8.25,3.53125],"tintindex":0,"rotation":0,"texture":"#0"},"north":{"uv":[7.5625,2.8125,8.25,3.15625],"tintindex":0,"rotation":0,"texture":"#0"},"west":{"uv":[8.625,1.625,9.0625,1.96875],"tintindex":0,"rotation":0,"texture":"#0"},"up":{"uv":[0.6875,4.0625,0.0,3.625],"tintindex":0,"rotation":0,"texture":"#0"},"down":{"uv":[7.4375,2.0,6.75,2.4375],"tintindex":0,"rotation":0,"texture":"#0"}},"rotation":{"origin":[-7.4081326,-3.753662,3.9579601],"angle":22.5,"axis":"z"}},{"from":[1.2205906,7.5499783,2.448063],"to":[4.196104,9.711407,4.609492],"faces":{"east":{"uv":[10.4375,5.0,10.5625,5.125],"tintindex":0,"rotation":0,"texture":"#0"},"south":{"uv":[7.5625,3.5625,7.75,3.6875],"tintindex":0,"rotation":0,"texture":"#0"},"north":{"uv":[5.3125,5.9375,5.5,6.0625],"tintindex":0,"rotation":0,"texture":"#0"},"west":{"uv":[5.0625,10.4375,5.1875,10.5625],"tintindex":0,"rotation":0,"texture":"#0"},"up":{"uv":[0.1875,7.75,0.0,7.625],"tintindex":0,"rotation":0,"texture":"#0"},"down":{"uv":[0.375,7.625,0.1875,7.75],"tintindex":0,"rotation":0,"texture":"#0"}},"rotation":{"origin":[-11.079962,5.9317284,-4.6594934],"angle":22.5,"axis":"x"}},{"from":[0.57518005,6.0956974,11.630174],"to":[2.7366085,8.257126,14.605688],"faces":{"east":{"uv":[9.375,6.0,9.5625,6.125],"tintindex":0,"rotation":0,"texture":"#0"},"south":{"uv":[10.5625,6.0,10.4375,6.125],"tintindex":0,"rotation":0,"texture":"#0"},"north":{"uv":[6.3125,10.4375,6.4375,10.5625],"tintindex":0,"rotation":0,"texture":"#0"},"west":{"uv":[9.4375,1.75,9.625,1.875],"tintindex":0,"rotation":0,"texture":"#0"},"up":{"uv":[10.4375,1.1875,10.3125,1.0],"tintindex":0,"rotation":0,"texture":"#0"},"down":{"uv":[5.8125,10.3125,5.6875,10.5],"tintindex":0,"rotation":0,"texture":"#0"}},"rotation":{"origin":[-0.59217834,9.424482,13.117931],"angle":-45.0,"axis":"z"}},{"from":[-2.4548206,7.1056957,6.580174],"to":[-0.29339218,9.267126,9.555689],"faces":{"east":{"uv":[8.625,2.0,8.8125,2.125],"tintindex":0,"rotation":0,"texture":"#0"},"south":{"uv":[10.5625,6.0,10.4375,6.125],"tintindex":0,"rotation":0,"texture":"#0"},"north":{"uv":[5.375,10.4375,5.5,10.5625],"tintindex":0,"rotation":0,"texture":"#0"},"west":{"uv":[3.6875,8.625,3.875,8.75],"tintindex":0,"rotation":0,"texture":"#0"},"up":{"uv":[7.5625,7.3125,7.4375,7.125],"tintindex":0,"rotation":0,"texture":"#0"},"down":{"uv":[5.6875,8.375,5.5625,8.5625],"tintindex":0,"rotation":0,"texture":"#0"}},"rotation":{"origin":[-3.622179,10.434483,8.067931],"angle":-22.5,"axis":"z"}},{"from":[-6.950964,11.601841,6.580174],"to":[-4.7895355,13.7632675,9.555689],"faces":{"east":{"uv":[7.8125,4.5625,8.0,4.6875],"tintindex":0,"rotation":0,"texture":"#0"},"south":{"uv":[10.4375,5.25,10.5625,5.375],"tintindex":0,"rotation":0,"texture":"#0"},"north":{"uv":[10.4375,5.125,10.5625,5.25],"tintindex":0,"rotation":0,"texture":"#0"},"west":{"uv":[8.0625,5.0,8.25,5.125],"tintindex":0,"rotation":0,"texture":"#0"},"up":{"uv":[2.9375,5.9375,2.8125,5.75],"tintindex":0,"rotation":0,"texture":"#0"},"down":{"uv":[7.5625,2.25,7.4375,2.4375],"tintindex":0,"rotation":0,"texture":"#0"}},"rotation":{"origin":[-3.622179,10.434483,8.067931],"angle":-22.5,"axis":"z"}},{"from":[-5.1505394,7.255228,6.6609735],"to":[-2.0938168,13.613735,9.474889],"faces":{"east":{"uv":[6.4375,9.5,6.625,9.90625],"tintindex":0,"rotation":0,"texture":"#0"},"south":{"uv":[6.625,9.5,6.8125,9.90625],"tintindex":0,"rotation":0,"texture":"#0"},"north":{"uv":[6.25,9.5,6.4375,9.90625],"tintindex":0,"rotation":0,"texture":"#0"},"west":{"uv":[6.8125,9.5,7.0,9.90625],"tintindex":0,"rotation":0,"texture":"#0"},"up":{"uv":[5.4375,10.3125,5.25,10.125],"tintindex":0,"rotation":0,"texture":"#0"},"down":{"uv":[10.3125,5.3125,10.125,5.5],"tintindex":0,"rotation":0,"texture":"#0"}},"rotation":{"origin":[-3.622179,10.434483,8.067931],"angle":22.5,"axis":"z"}},{"from":[-3.9824257,3.1561832,3.5966096],"to":[2.6184807,10.151499,12.309332],"faces":{"east":{"uv":[3.1875,0.9375,3.71875,1.375],"tintindex":0,"rotation":0,"texture":"#0"},"south":{"uv":[8.0625,6.625,8.46875,7.0625],"tintindex":0,"rotation":0,"texture":"#0"},"north":{"uv":[6.0625,8.0625,6.46875,8.5],"tintindex":0,"rotation":0,"texture":"#0"},"west":{"uv":[4.25,7.5625,4.78125,8.0],"tintindex":0,"rotation":0,"texture":"#0"},"up":{"uv":[8.21875,4.53125,7.8125,4.0],"tintindex":0,"rotation":0,"texture":"#0"},"down":{"uv":[7.15625,7.8125,6.75,8.34375],"tintindex":0,"rotation":0,"texture":"#0"}},"rotation":{"origin":[5.2820377,16.311253,3.91756],"angle":45.0,"axis":"z"}},{"from":[1.09939,7.400078,0.7209754],"to":[4.592121,8.872808,4.262498],"faces":{"east":{"uv":[9.75,10.3125,9.96875,10.40625],"tintindex":0,"rotation":0,"texture":"#0"},"south":{"uv":[10.3125,9.75,10.53125,9.84375],"tintindex":0,"rotation":0,"texture":"#0"},"north":{"uv":[10.3125,9.625,10.53125,9.71875],"tintindex":0,"rotation":0,"texture":"#0"},"west":{"uv":[10.3125,9.875,10.53125,9.96875],"tintindex":0,"rotation":0,"texture":"#0"},"up":{"uv":[6.28125,10.15625,6.0625,9.9375],"tintindex":0,"rotation":0,"texture":"#0"},"down":{"uv":[6.53125,9.9375,6.3125,10.15625],"tintindex":0,"rotation":0,"texture":"#0"}},"rotation":{"origin":[-7.7800236,-5.460334,5.880747],"angle":22.5,"axis":"x"}},{"from":[1.0589905,-7.6588116,14.7268095],"to":[4.9233055,-5.3403044,18.18753],"faces":{"east":{"uv":[10.1875,3.875,10.40625,4.03125],"tintindex":0,"rotation":0,"texture":"#0"},"south":{"uv":[10.0,6.625,10.25,6.78125],"tintindex":0,"rotation":0,"texture":"#0"},"north":{"uv":[10.0,6.4375,10.25,6.59375],"tintindex":0,"rotation":0,"texture":"#0"},"west":{"uv":[10.1875,4.0625,10.40625,4.21875],"tintindex":0,"rotation":0,"texture":"#0"},"up":{"uv":[3.9375,10.09375,3.6875,9.875],"tintindex":0,"rotation":0,"texture":"#0"},"down":{"uv":[10.125,5.3125,9.875,5.53125],"tintindex":0,"rotation":0,"texture":"#0"}},"rotation":{"origin":[-11.079962,4.9992523,19.401781],"angle":45.0,"axis":"x"}},{"from":[-2.1205387,6.2452297,11.710974],"to":[0.936182,12.603737,14.524889],"faces":{"east":{"uv":[1.8125,9.5625,2.0,9.96875],"tintindex":0,"rotation":0,"texture":"#0"},"south":{"uv":[3.9375,9.5625,4.125,9.96875],"tintindex":0,"rotation":0,"texture":"#0"},"north":{"uv":[1.625,9.5625,1.8125,9.96875],"tintindex":0,"rotation":0,"texture":"#0"},"west":{"uv":[4.125,9.5625,4.3125,9.96875],"tintindex":0,"rotation":0,"texture":"#0"},"up":{"uv":[10.3125,8.375,10.125,8.1875],"tintindex":0,"rotation":0,"texture":"#0"},"down":{"uv":[10.3125,8.375,10.125,8.5625],"tintindex":0,"rotation":0,"texture":"#0"}}}],"display":{"gui":{"rotation":[30,225,0]}}}