{"textures":{"0":"modelengine:entity/ninetailfox"},"elements":[{"from":[8.4569,5.1794214,-1.9130726],"to":[9.4589,6.6824217,2.0949283],"faces":{"east":{"uv":[4.0,0.65625,3.875,0.703125],"tintindex":0,"rotation":0,"texture":"#0"},"south":{"uv":[4.09375,5.03125,4.125,5.078125],"tintindex":0,"rotation":0,"texture":"#0"},"north":{"uv":[0.875,1.5,0.90625,1.546875],"tintindex":0,"rotation":0,"texture":"#0"},"west":{"uv":[3.875,0.65625,4.0,0.703125],"tintindex":0,"rotation":0,"texture":"#0"},"up":{"uv":[1.1875,3.15625,1.15625,3.03125],"tintindex":0,"rotation":0,"texture":"#0"},"down":{"uv":[3.0625,3.78125,3.03125,3.90625],"tintindex":0,"rotation":0,"texture":"#0"}},"rotation":{"origin":[5.0,7.0,0.0],"angle":-22.5,"axis":"x"}},{"from":[4.2485,4.4531937,1.563868],"to":[11.7635,8.461193,9.559828],"faces":{"east":{"uv":[7.0625,6.125,6.8125,6.25],"tintindex":0,"rotation":0,"texture":"#0"},"south":{"uv":[7.59375,9.53125,7.828125,9.65625],"tintindex":0,"rotation":0,"texture":"#0"},"north":{"uv":[7.34375,9.53125,7.578125,9.65625],"tintindex":0,"rotation":0,"texture":"#0"},"west":{"uv":[6.8125,6.125,7.0625,6.25],"tintindex":0,"rotation":0,"texture":"#0"},"up":{"uv":[9.265625,2.90625,9.03125,2.65625],"tintindex":0,"rotation":0,"texture":"#0"},"down":{"uv":[9.265625,2.90625,9.03125,3.15625],"tintindex":0,"rotation":0,"texture":"#0"}}},{"from":[6.4529,5.1794214,-1.9130726],"to":[7.4549,6.6824217,2.0949283],"faces":{"east":{"uv":[4.0,0.65625,3.875,0.703125],"tintindex":0,"rotation":0,"texture":"#0"},"south":{"uv":[4.40625,3.34375,4.4375,3.390625],"tintindex":0,"rotation":0,"texture":"#0"},"north":{"uv":[0.875,1.5,0.90625,1.546875],"tintindex":0,"rotation":0,"texture":"#0"},"west":{"uv":[3.875,0.65625,4.0,0.703125],"tintindex":0,"rotation":0,"texture":"#0"},"up":{"uv":[1.1875,3.15625,1.15625,3.03125],"tintindex":0,"rotation":0,"texture":"#0"},"down":{"uv":[3.0625,3.78125,3.03125,3.90625],"tintindex":0,"rotation":0,"texture":"#0"}},"rotation":{"origin":[5.0,7.0,0.0],"angle":-22.5,"axis":"x"}},{"from":[4.4489,5.1794214,-1.9130726],"to":[5.4509,6.6824217,2.0949283],"faces":{"east":{"uv":[4.0,0.65625,3.875,0.703125],"tintindex":0,"rotation":0,"texture":"#0"},"south":{"uv":[1.15625,3.15625,1.1875,3.203125],"tintindex":0,"rotation":0,"texture":"#0"},"north":{"uv":[0.875,1.5,0.90625,1.546875],"tintindex":0,"rotation":0,"texture":"#0"},"west":{"uv":[3.875,0.65625,4.0,0.703125],"tintindex":0,"rotation":0,"texture":"#0"},"up":{"uv":[1.1875,3.15625,1.15625,3.03125],"tintindex":0,"rotation":0,"texture":"#0"},"down":{"uv":[3.0625,3.78125,3.03125,3.90625],"tintindex":0,"rotation":0,"texture":"#0"}},"rotation":{"origin":[5.0,7.0,0.0],"angle":-22.5,"axis":"x"}},{"from":[10.460899,5.1794214,-1.9130726],"to":[11.4629,6.6824217,2.0949283],"faces":{"east":{"uv":[4.0,0.65625,3.875,0.703125],"tintindex":0,"rotation":0,"texture":"#0"},"south":{"uv":[5.3125,1.03125,5.34375,1.078125],"tintindex":0,"rotation":0,"texture":"#0"},"north":{"uv":[0.875,1.5,0.90625,1.546875],"tintindex":0,"rotation":0,"texture":"#0"},"west":{"uv":[3.875,0.65625,4.0,0.703125],"tintindex":0,"rotation":0,"texture":"#0"},"up":{"uv":[1.1875,3.15625,1.15625,3.03125],"tintindex":0,"rotation":0,"texture":"#0"},"down":{"uv":[3.0625,3.78125,3.03125,3.90625],"tintindex":0,"rotation":0,"texture":"#0"}},"rotation":{"origin":[5.0,7.0,0.0],"angle":-22.5,"axis":"x"}}],"display":{"gui":{"rotation":[30,225,0]}}}