{"textures":{"0":"modelengine:entity/ninetailfox"},"elements":[{"from":[4.3188653,4.1056333,7.6501465],"to":[11.79325,12.638922,24.781296],"faces":{"east":{"uv":[3.0703125,1.59375,2.0,1.0625],"tintindex":0,"rotation":0,"texture":"#0"},"south":{"uv":[6.15625,0.0,6.6171875,0.5],"tintindex":0,"rotation":0,"texture":"#0"},"north":{"uv":[4.7734375,1.9765625,4.3125,2.5],"tintindex":0,"rotation":0,"texture":"#0"},"west":{"uv":[2.0,1.59375,3.0703125,1.0625],"tintindex":0,"rotation":0,"texture":"#0"},"up":{"uv":[0.9375,4.1015625,0.46875,3.03125],"tintindex":0,"rotation":0,"texture":"#0"},"down":{"uv":[0.9375,3.03125,0.46875,4.1015625],"tintindex":0,"rotation":0,"texture":"#0"}}},{"from":[5.6268826,17.794704,20.299282],"to":[10.298373,22.870432,25.632587],"faces":{"east":{"uv":[8.8125,3.140625,8.5,2.8125],"tintindex":0,"rotation":0,"texture":"#0"},"south":{"uv":[8.5,3.140625,8.8125,2.8125],"tintindex":0,"rotation":0,"texture":"#0"},"north":{"uv":[8.5,3.140625,8.8125,2.8125],"tintindex":0,"rotation":0,"texture":"#0"},"west":{"uv":[8.5,3.140625,8.8125,2.8125],"tintindex":0,"rotation":0,"texture":"#0"},"up":{"uv":[7.0703125,8.75,6.78125,9.0625],"tintindex":0,"rotation":0,"texture":"#0"},"down":{"uv":[3.6015625,8.71875,3.3125,9.0546875],"tintindex":0,"rotation":0,"texture":"#0"}},"rotation":{"origin":[8.009343,9.9185705,14.341778],"angle":45.0,"axis":"x"}},{"from":[6.374321,22.70321,19.776436],"to":[9.550935,25.85471,23.403084],"faces":{"east":{"uv":[3.6171875,8.15625,3.40625,8.34375],"tintindex":0,"rotation":0,"texture":"#0"},"south":{"uv":[9.5,3.625,9.6953125,3.8125],"tintindex":0,"rotation":0,"texture":"#0"},"north":{"uv":[1.5,9.5,1.6953125,9.6875],"tintindex":0,"rotation":0,"texture":"#0"},"west":{"uv":[3.40625,8.15625,3.6171875,8.34375],"tintindex":0,"rotation":0,"texture":"#0"},"up":{"uv":[9.6015625,8.9921875,9.40625,8.78125],"tintindex":0,"rotation":0,"texture":"#0"},"down":{"uv":[5.6953125,9.34375,5.5,9.5703125],"tintindex":0,"rotation":0,"texture":"#0"}},"rotation":{"origin":[8.009343,9.4185705,13.841778],"angle":45.0,"axis":"x"}},{"from":[7.02833,21.188005,25.498112],"to":[8.896926,23.943504,27.92234],"faces":{"east":{"uv":[9.59375,8.40625,9.734375,8.578125],"tintindex":0,"rotation":0,"texture":"#0"},"south":{"uv":[9.734375,8.40625,9.59375,8.578125],"tintindex":0,"rotation":0,"texture":"#0"},"north":{"uv":[9.734375,8.40625,9.59375,8.578125],"tintindex":0,"rotation":0,"texture":"#0"},"west":{"uv":[9.59375,8.40625,9.734375,8.578125],"tintindex":0,"rotation":0,"texture":"#0"},"up":{"uv":[9.8046875,1.390625,9.6875,1.25],"tintindex":0,"rotation":0,"texture":"#0"},"down":{"uv":[9.8046875,1.390625,9.6875,1.25],"tintindex":0,"rotation":0,"texture":"#0"}},"rotation":{"origin":[8.009343,9.4185705,13.841778],"angle":22.5,"axis":"x"}},{"from":[5.066304,1.7567754,21.909489],"to":[11.045812,8.583406,26.75795],"faces":{"east":{"uv":[0.96875,8.28125,0.6875,8.6796875],"tintindex":0,"rotation":0,"texture":"#0"},"south":{"uv":[2.71875,7.4375,3.0859375,7.8359375],"tintindex":0,"rotation":90,"texture":"#0"},"north":{"uv":[7.3125,2.59375,7.6875,3.0234375],"tintindex":0,"rotation":0,"texture":"#0"},"west":{"uv":[0.6875,8.28125,0.96875,8.6796875],"tintindex":0,"rotation":0,"texture":"#0"},"up":{"uv":[4.9296875,8.75,4.5625,8.46875],"tintindex":0,"rotation":0,"texture":"#0"},"down":{"uv":[5.3046875,8.46875,4.9375,8.75],"tintindex":0,"rotation":0,"texture":"#0"}},"rotation":{"origin":[8.009343,9.9185705,14.341778],"angle":-22.5,"axis":"x"}}],"display":{"gui":{"rotation":[30,225,0]}}}