{"textures":{"0":"modelengine:entity/ninetailfox"},"elements":[{"from":[6.3883357,0.91103935,11.14315],"to":[9.564949,4.4180393,15.652151],"faces":{"east":{"uv":[1.484375,9.09375,1.21875,9.296875],"tintindex":0,"rotation":0,"texture":"#0"},"south":{"uv":[9.4375,7.53125,9.6328125,7.734375],"tintindex":0,"rotation":0,"texture":"#0"},"north":{"uv":[9.4375,7.53125,9.6328125,7.734375],"tintindex":0,"rotation":0,"texture":"#0"},"west":{"uv":[1.21875,9.09375,1.484375,9.296875],"tintindex":0,"rotation":0,"texture":"#0"},"up":{"uv":[1.21875,9.296875,1.484375,9.09375],"tintindex":0,"rotation":90,"texture":"#0"},"down":{"uv":[1.484375,9.296875,1.21875,9.09375],"tintindex":0,"rotation":90,"texture":"#0"}},"rotation":{"origin":[7.9766426,3.0264559,16.30842],"angle":22.5,"axis":"x"}},{"from":[7.042344,-0.5718756,6.470598],"to":[8.91094,1.852354,12.733099],"faces":{"east":{"uv":[2.4609375,9.21875,2.09375,9.359375],"tintindex":0,"rotation":0,"texture":"#0"},"south":{"uv":[0.84375,9.6875,0.9609375,9.828125],"tintindex":0,"rotation":0,"texture":"#0"},"north":{"uv":[0.84375,9.6875,0.9609375,9.828125],"tintindex":0,"rotation":0,"texture":"#0"},"west":{"uv":[2.09375,9.359375,2.4609375,9.21875],"tintindex":0,"rotation":0,"texture":"#0"},"up":{"uv":[2.09375,9.359375,2.4609375,9.21875],"tintindex":0,"rotation":90,"texture":"#0"},"down":{"uv":[2.4609375,9.359375,2.09375,9.21875],"tintindex":0,"rotation":90,"texture":"#0"}},"rotation":{"origin":[7.9766426,3.0264559,16.30842],"angle":45.0,"axis":"x"}},{"from":[5.6408973,2.6368475,14.040682],"to":[10.312387,8.697422,22.040642],"faces":{"east":{"uv":[7.65625,4.09375,7.1875,4.4453125],"tintindex":0,"rotation":0,"texture":"#0"},"south":{"uv":[8.65625,0.0,8.9453125,0.3515625],"tintindex":0,"rotation":0,"texture":"#0"},"north":{"uv":[8.65625,0.0,8.9453125,0.3515625],"tintindex":0,"rotation":0,"texture":"#0"},"west":{"uv":[7.1875,4.09375,7.65625,4.4453125],"tintindex":0,"rotation":0,"texture":"#0"},"up":{"uv":[7.1875,4.4453125,7.65625,4.09375],"tintindex":0,"rotation":90,"texture":"#0"},"down":{"uv":[7.65625,4.09375,7.1875,4.4453125],"tintindex":0,"rotation":90,"texture":"#0"}},"rotation":{"origin":[8.023357,2.9419413,7.2523193],"angle":22.5,"axis":"x"}},{"from":[5.0803185,1.7731133,19.818172],"to":[11.059826,9.530649,29.51509],"faces":{"east":{"uv":[5.984375,5.1875,5.375,5.671875],"tintindex":0,"rotation":0,"texture":"#0"},"south":{"uv":[6.375,4.6875,6.0,5.171875],"tintindex":0,"rotation":0,"texture":"#0"},"north":{"uv":[6.375,4.6875,6.0,5.171875],"tintindex":0,"rotation":0,"texture":"#0"},"west":{"uv":[5.375,5.1875,5.984375,5.671875],"tintindex":0,"rotation":0,"texture":"#0"},"up":{"uv":[0.375,6.375,0.0,6.984375],"tintindex":0,"rotation":0,"texture":"#0"},"down":{"uv":[0.0,6.984375,0.375,6.375],"tintindex":0,"rotation":0,"texture":"#0"}},"rotation":{"origin":[8.023357,2.9419413,7.2523193],"angle":22.5,"axis":"x"}}],"display":{"gui":{"rotation":[30,225,0]}}}