{"credit":"Made with Blockbench","texture_size":[64,64],"textures":{"1":"tavern:items/mythicals/bloodmoon/bloodmoon_texture","2":"tavern:items/mythicals/bloodmoon/bloodmoon_animations","particle":"tavern:items/mythicals/bloodmoon/bloodmoon_animations"},"elements":[{"from":[7.216,-3.024,7.608],"to":[8,6.72,8.392],"rotation":{"angle":0,"axis":"y","origin":[7.328,-2.912,7.72]},"faces":{"north":{"uv":[8.25,0.25,8.5,4.5],"texture":"#1"},"east":{"uv":[8,0.25,8.25,4.5],"texture":"#1"},"south":{"uv":[8.75,0.25,9,4.5],"texture":"#1"},"west":{"uv":[8.5,0.25,8.75,4.5],"texture":"#1"},"up":{"uv":[8.5,0.25,8.25,0],"texture":"#1"},"down":{"uv":[8.75,0,8.5,0.25],"texture":"#1"}}},{"from":[7.048,-1.792,7.44],"to":[8.168,-0.672,8.56],"rotation":{"angle":0,"axis":"y","origin":[7.048,-1.792,7.44]},"faces":{"north":{"uv":[11.5,0.5,12,1],"texture":"#1"},"east":{"uv":[11,0.5,11.5,1],"texture":"#1"},"south":{"uv":[12.5,0.5,13,1],"texture":"#1"},"west":{"uv":[12,0.5,12.5,1],"texture":"#1"},"up":{"uv":[12,0.5,11.5,0],"texture":"#1"},"down":{"uv":[12.5,0,12,0.5],"texture":"#1"}}},{"from":[7.048,0.448,7.44],"to":[8.168,1.568,8.56],"rotation":{"angle":0,"axis":"y","origin":[7.048,0.448,7.44]},"faces":{"north":{"uv":[11,11.25,11.5,11.75],"texture":"#1"},"east":{"uv":[10.5,11.25,11,11.75],"texture":"#1"},"south":{"uv":[12,11.25,12.5,11.75],"texture":"#1"},"west":{"uv":[11.5,11.25,12,11.75],"texture":"#1"},"up":{"uv":[11.5,11.25,11,10.75],"texture":"#1"},"down":{"uv":[12,10.75,11.5,11.25],"texture":"#1"}}},{"from":[6.992,2.632,7.384],"to":[8.224,3.864,8.616],"rotation":{"angle":0,"axis":"y","origin":[7.048,2.688,7.44]},"faces":{"north":{"uv":[11,10.25,11.5,10.75],"texture":"#1"},"east":{"uv":[10.5,10.25,11,10.75],"texture":"#1"},"south":{"uv":[12,10.25,12.5,10.75],"texture":"#1"},"west":{"uv":[11.5,10.25,12,10.75],"texture":"#1"},"up":{"uv":[11.5,10.25,11,9.75],"texture":"#1"},"down":{"uv":[12,9.75,11.5,10.25],"texture":"#1"}}},{"from":[8.91,3.36,7.496],"to":[10.478,3.808,8.504],"rotation":{"angle":22.5,"axis":"z","origin":[8.931,3.584,8]},"faces":{"north":{"uv":[10.5,6.75,11.25,7],"texture":"#1"},"east":{"uv":[10,6.75,10.5,7],"texture":"#1"},"south":{"uv":[11.75,6.75,12.5,7],"texture":"#1"},"west":{"uv":[11.25,6.75,11.75,7],"texture":"#1"},"up":{"uv":[11.25,6.75,10.5,6.25],"texture":"#1"},"down":{"uv":[12,6.25,11.25,6.75],"texture":"#1"}}},{"from":[7.8936,3.3096,7.4456],"to":[9.0024,3.8584,8.5544],"rotation":{"angle":22.5,"axis":"z","origin":[8.931,3.584,8]},"faces":{"north":{"uv":[12,6,12.5,6.25],"texture":"#1"},"east":{"uv":[11.5,6,12,6.25],"texture":"#1"},"south":{"uv":[13,6,13.5,6.25],"texture":"#1"},"west":{"uv":[12.5,6,13,6.25],"texture":"#1"},"up":{"uv":[12.5,6,12,5.5],"texture":"#1"},"down":{"uv":[13,5.5,12.5,6],"texture":"#1"}}},{"from":[9.47,5.6,7.496],"to":[11.038,6.048,8.504],"rotation":{"angle":22.5,"axis":"z","origin":[8.931,5.824,8]},"faces":{"north":{"uv":[10.5,2.75,11.25,3],"texture":"#1"},"east":{"uv":[10,2.75,10.5,3],"texture":"#1"},"south":{"uv":[11.75,2.75,12.5,3],"texture":"#1"},"west":{"uv":[11.25,2.75,11.75,3],"texture":"#1"},"up":{"uv":[11.25,2.75,10.5,2.25],"texture":"#1"},"down":{"uv":[12,2.25,11.25,2.75],"texture":"#1"}}},{"from":[7.8936,5.5496,7.4456],"to":[9.5624,6.0984,8.5544],"rotation":{"angle":22.5,"axis":"z","origin":[8.931,5.824,8]},"faces":{"north":{"uv":[8.5,6.5,9.25,6.75],"texture":"#1"},"east":{"uv":[8,6.5,8.5,6.75],"texture":"#1"},"south":{"uv":[9.75,6.5,10.5,6.75],"texture":"#1"},"west":{"uv":[9.25,6.5,9.75,6.75],"texture":"#1"},"up":{"uv":[9.25,6.5,8.5,6],"texture":"#1"},"down":{"uv":[10,6,9.25,6.5],"texture":"#1"}}},{"from":[8.91,1.12,7.496],"to":[9.918,1.568,8.504],"rotation":{"angle":22.5,"axis":"z","origin":[8.931,1.344,8]},"faces":{"north":{"uv":[9.5,11.75,10,12],"texture":"#1"},"east":{"uv":[9,11.75,9.5,12],"texture":"#1"},"south":{"uv":[10.5,11.75,11,12],"texture":"#1"},"west":{"uv":[10,11.75,10.5,12],"texture":"#1"},"up":{"uv":[10,11.75,9.5,11.25],"texture":"#1"},"down":{"uv":[10.5,11.25,10,11.75],"texture":"#1"}}},{"from":[7.8936,1.0696,7.4456],"to":[9.0024,1.6184,8.5544],"rotation":{"angle":22.5,"axis":"z","origin":[8.931,1.344,8]},"faces":{"north":{"uv":[4.5,11.75,5,12],"texture":"#1"},"east":{"uv":[4,11.75,4.5,12],"texture":"#1"},"south":{"uv":[5.5,11.75,6,12],"texture":"#1"},"west":{"uv":[5,11.75,5.5,12],"texture":"#1"},"up":{"uv":[5,11.75,4.5,11.25],"texture":"#1"},"down":{"uv":[5.5,11.25,5,11.75],"texture":"#1"}}},{"from":[8.91,-1.12,7.496],"to":[9.918,-0.672,8.504],"rotation":{"angle":22.5,"axis":"z","origin":[8.931,-0.896,8]},"faces":{"north":{"uv":[11.5,9.25,12,9.5],"texture":"#1"},"east":{"uv":[11,9.25,11.5,9.5],"texture":"#1"},"south":{"uv":[12.5,9.25,13,9.5],"texture":"#1"},"west":{"uv":[12,9.25,12.5,9.5],"texture":"#1"},"up":{"uv":[12,9.25,11.5,8.75],"texture":"#1"},"down":{"uv":[12.5,8.75,12,9.25],"texture":"#1"}}},{"from":[7.8936,-1.1704,7.4456],"to":[9.0024,-0.6216,8.5544],"rotation":{"angle":22.5,"axis":"z","origin":[8.931,-0.896,8]},"faces":{"north":{"uv":[11.5,5.25,12,5.5],"texture":"#1"},"east":{"uv":[11,5.25,11.5,5.5],"texture":"#1"},"south":{"uv":[12.5,5.25,13,5.5],"texture":"#1"},"west":{"uv":[12,5.25,12.5,5.5],"texture":"#1"},"up":{"uv":[12,5.25,11.5,4.75],"texture":"#1"},"down":{"uv":[12.5,4.75,12,5.25],"texture":"#1"}}},{"from":[6.936,4.816,7.328],"to":[8.28,6.16,8.672],"rotation":{"angle":0,"axis":"y","origin":[7.048,4.928,7.44]},"faces":{"north":{"uv":[11,8.25,11.5,8.75],"texture":"#1"},"east":{"uv":[10.5,8.25,11,8.75],"texture":"#1"},"south":{"uv":[12,8.25,12.5,8.75],"texture":"#1"},"west":{"uv":[11.5,8.25,12,8.75],"texture":"#1"},"up":{"uv":[11.5,8.25,11,7.75],"texture":"#1"},"down":{"uv":[12,7.75,11.5,8.25],"texture":"#1"}}},{"from":[7.4596,-2.7944,7.7256],"to":[8.0084,14.5544,8.2744],"rotation":{"angle":0,"axis":"y","origin":[7.454,-2.8,7.72]},"faces":{"north":{"uv":[0.25,8,0.5,15.75],"texture":"#1"},"east":{"uv":[0,8,0.25,15.75],"texture":"#1"},"south":{"uv":[0.75,8,1,15.75],"texture":"#1"},"west":{"uv":[0.5,8,0.75,15.75],"texture":"#1"},"up":{"uv":[0.5,8,0.25,7.75],"texture":"#1"},"down":{"uv":[0.75,7.75,0.5,8],"texture":"#1"}}},{"name":"face","from":[7.454,-2.8,7.734],"to":[11.934,14.56,7.734],"rotation":{"angle":0,"axis":"y","origin":[7.454,-2.8,7.734]},"faces":{"north":{"uv":[4,0,6,7.75],"texture":"#1"},"east":{"uv":[4,0,4,7.75],"texture":"#1"},"south":{"uv":[6,0,8,7.75],"texture":"#1"},"west":{"uv":[6,0,6,7.75],"texture":"#1"},"up":{"uv":[6,0,4,0],"texture":"#1"},"down":{"uv":[8,0,6,0],"texture":"#1"}}},{"name":"face","from":[7.454,-2.8,8.266],"to":[11.934,14.56,8.266],"rotation":{"angle":0,"axis":"y","origin":[7.454,-2.8,8.266]},"faces":{"north":{"uv":[0,0,2,7.75],"texture":"#1"},"east":{"uv":[0,0,0,7.75],"texture":"#1"},"south":{"uv":[2,0,4,7.75],"texture":"#1"},"west":{"uv":[2,0,2,7.75],"texture":"#1"},"up":{"uv":[2,0,0,0],"texture":"#1"},"down":{"uv":[4,0,2,0],"texture":"#1"}}},{"from":[6.334,6.272,8.014],"to":[7.454,15.792,8.014],"rotation":{"angle":0,"axis":"y","origin":[6.894,-2.688,8.014]},"faces":{"north":{"uv":[7,8.25,7.5,12.5],"texture":"#1"},"east":{"uv":[7,8.25,7,12.5],"texture":"#1"},"south":{"uv":[7.5,8.25,8,12.5],"texture":"#1"},"west":{"uv":[7.5,8.25,7.5,12.5],"texture":"#1"},"up":{"uv":[7.5,8.25,7,8.25],"texture":"#1"},"down":{"uv":[8,8.25,7.5,8.25],"texture":"#1"}}},{"from":[8,-2.8,7.72],"to":[9.12,-2.24,8.28],"rotation":{"angle":0,"axis":"y","origin":[9.12,-2.8,7.72]},"faces":{"north":{"uv":[10.25,3.25,10.75,3.5],"texture":"#1"},"east":{"uv":[10,3.25,10.25,3.5],"texture":"#1"},"south":{"uv":[11,3.25,11.5,3.5],"texture":"#1"},"west":{"uv":[10.75,3.25,11,3.5],"texture":"#1"},"up":{"uv":[10.75,3.25,10.25,3],"texture":"#1"},"down":{"uv":[11.25,3,10.75,3.25],"texture":"#1"}}},{"from":[8.79561,-2.87548,7.72],"to":[9.35561,-1.19548,8.28],"rotation":{"angle":-22.5,"axis":"z","origin":[9.07561,-1.75548,8]},"faces":{"north":{"uv":[4.25,8,4.5,8.75],"texture":"#1"},"east":{"uv":[4,8,4.25,8.75],"texture":"#1"},"south":{"uv":[4.75,8,5,8.75],"texture":"#1"},"west":{"uv":[4.5,8,4.75,8.75],"texture":"#1"},"up":{"uv":[4.5,8,4.25,7.75],"texture":"#1"},"down":{"uv":[4.75,7.75,4.5,8],"texture":"#1"}}},{"from":[9.3396,-1.49856,7.7144],"to":[9.9108,-0.36736,8.2856],"rotation":{"angle":-45,"axis":"z","origin":[9.6252,-0.93296,8]},"faces":{"north":{"uv":[6,12,6.25,12.5],"texture":"#1"},"east":{"uv":[5.75,12,6,12.5],"texture":"#1"},"south":{"uv":[6.5,12,6.75,12.5],"texture":"#1"},"west":{"uv":[6.25,12,6.5,12.5],"texture":"#1"},"up":{"uv":[6.25,12,6,11.75],"texture":"#1"},"down":{"uv":[6.5,11.75,6.25,12],"texture":"#1"}}},{"from":[9.87652,-0.67458,7.7088],"to":[11.57892,-0.09218,8.2912],"rotation":{"angle":22.5,"axis":"z","origin":[10.44772,-0.38338,8]},"faces":{"north":{"uv":[11.25,2,12,2.25],"texture":"#1"},"east":{"uv":[11,2,11.25,2.25],"texture":"#1"},"south":{"uv":[12.25,2,13,2.25],"texture":"#1"},"west":{"uv":[12,2,12.25,2.25],"texture":"#1"},"up":{"uv":[12,2,11.25,1.75],"texture":"#1"},"down":{"uv":[12.75,1.75,12,2],"texture":"#1"}}},{"from":[11.35851,-0.27288,7.7032],"to":[12.51211,0.32072,8.2968],"rotation":{"angle":0,"axis":"y","origin":[12.21531,0.02392,8]},"faces":{"north":{"uv":[5.75,11.5,6.25,11.75],"texture":"#1"},"east":{"uv":[5.5,11.5,5.75,11.75],"texture":"#1"},"south":{"uv":[6.5,11.5,7,11.75],"texture":"#1"},"west":{"uv":[6.25,11.5,6.5,11.75],"texture":"#1"},"up":{"uv":[6.25,11.5,5.75,11.25],"texture":"#1"},"down":{"uv":[6.75,11.25,6.25,11.5],"texture":"#1"}}},{"from":[11.79531,-1.12408,7.44],"to":[11.79531,0.55592,8.56],"rotation":{"angle":0,"axis":"y","origin":[11.51531,0.83592,8.28]},"faces":{"north":{"uv":[1.5,7.75,1.5,8.5],"texture":"#1"},"east":{"uv":[1,7.75,1.5,8.5],"texture":"#1"},"south":{"uv":[2,7.75,2,8.5],"texture":"#1"},"west":{"uv":[1.5,7.75,2,8.5],"texture":"#1"},"up":{"uv":[1.5,7.75,1.5,7.25],"texture":"#1"},"down":{"uv":[1.5,7.25,1.5,7.75],"texture":"#1"}}},{"from":[11.23531,-1.96408,7.86],"to":[12.35531,-0.28408,7.86],"rotation":{"angle":0,"axis":"y","origin":[11.79531,-1.12408,7.86]},"faces":{"north":{"uv":[8,4.75,8.5,5.5],"texture":"#1"},"east":{"uv":[8,4.75,8,5.5],"texture":"#1"},"south":{"uv":[8.5,4.75,9,5.5],"texture":"#1"},"west":{"uv":[8.5,4.75,8.5,5.5],"texture":"#1"},"up":{"uv":[8.5,4.75,8,4.75],"texture":"#1"},"down":{"uv":[9,4.75,8.5,4.75],"texture":"#1"}}},{"from":[11.92411,0.29272,7.7088],"to":[12.50651,7.59512,8.2912],"rotation":{"angle":0,"axis":"y","origin":[11.09531,0.58392,8]},"faces":{"north":{"uv":[1.25,9.5,1.5,12.75],"texture":"#1"},"east":{"uv":[1,9.5,1.25,12.75],"texture":"#1"},"south":{"uv":[1.75,9.5,2,12.75],"texture":"#1"},"west":{"uv":[1.5,9.5,1.75,12.75],"texture":"#1"},"up":{"uv":[1.5,9.5,1.25,9.25],"texture":"#1"},"down":{"uv":[1.75,9.25,1.5,9.5],"texture":"#1"}}},{"from":[10.98666,7.27934,7.7144],"to":[11.55786,11.77054,8.2856],"rotation":{"angle":22.5,"axis":"z","origin":[11.27226,9.80494,8]},"faces":{"north":{"uv":[8.25,10.5,8.5,12.5],"texture":"#1"},"east":{"uv":[8,10.5,8.25,12.5],"texture":"#1"},"south":{"uv":[8.75,10.5,9,12.5],"texture":"#1"},"west":{"uv":[8.5,10.5,8.75,12.5],"texture":"#1"},"up":{"uv":[8.5,10.5,8.25,10.25],"texture":"#1"},"down":{"uv":[8.75,10.25,8.5,10.5],"texture":"#1"}}},{"from":[9.11496,11.03285,7.72],"to":[9.67496,15.32335,8.28],"rotation":{"angle":45,"axis":"z","origin":[9.39496,12.71285,8]},"faces":{"north":{"uv":[3.25,11,3.5,12.75],"texture":"#1"},"east":{"uv":[3,11,3.25,12.75],"texture":"#1"},"south":{"uv":[3.75,11,4,12.75],"texture":"#1"},"west":{"uv":[3.5,11,3.75,12.75],"texture":"#1"},"up":{"uv":[3.5,11,3.25,10.75],"texture":"#1"},"down":{"uv":[3.75,10.75,3.5,11],"texture":"#1"}}},{"from":[9.24242,11.26789,8.028],"to":[10.36242,17.92,8.028],"rotation":{"angle":45,"axis":"z","origin":[10.08242,12.94789,7.748]},"faces":{"north":{"uv":[2,9.25,2.5,12],"texture":"#1"},"east":{"uv":[2,9.25,2,12],"texture":"#1"},"south":{"uv":[2.5,9.25,3,12],"texture":"#1"},"west":{"uv":[2.5,9.25,2.5,12],"texture":"#1"},"up":{"uv":[2.5,9.25,2,9.25],"texture":"#1"},"down":{"uv":[3,9.25,2.5,9.25],"texture":"#1"}}},{"from":[11.49875,6.92399,8],"to":[12.61875,11.96399,8],"rotation":{"angle":22.5,"axis":"z","origin":[12.05875,9.06924,8]},"faces":{"north":{"uv":[10,0,10.5,2.25],"texture":"#1"},"east":{"uv":[10,0,10,2.25],"texture":"#1"},"south":{"uv":[10.5,0,11,2.25],"texture":"#1"},"west":{"uv":[10.5,0,10.5,2.25],"texture":"#1"},"up":{"uv":[10.5,0,10,0],"texture":"#1"},"down":{"uv":[11,0,10.5,0],"texture":"#1"}}},{"from":[12.27708,-0.53841,8],"to":[13.39708,7.30159,8],"rotation":{"angle":0,"axis":"y","origin":[12.83708,5.24685,8]},"faces":{"north":{"uv":[9,0,9.5,3.5],"texture":"#1"},"east":{"uv":[9,0,9,3.5],"texture":"#1"},"south":{"uv":[9.5,0,10,3.5],"texture":"#1"},"west":{"uv":[9.5,0,9.5,3.5],"texture":"#1"},"up":{"uv":[9.5,0,9,0],"texture":"#1"},"down":{"uv":[10,0,9.5,0],"texture":"#1"}}},{"from":[11.71411,-0.69288,7.9832],"to":[13.39411,-0.13288,7.9832],"rotation":{"angle":0,"axis":"y","origin":[12.27411,-2.18763,7.9832]},"faces":{"north":{"uv":[11,9.5,11.75,9.75],"texture":"#1"},"east":{"uv":[11,9.5,11,9.75],"texture":"#1"},"south":{"uv":[11.75,9.5,12.5,9.75],"texture":"#1"},"west":{"uv":[11.75,9.5,11.75,9.75],"texture":"#1"},"up":{"uv":[11.75,9.5,11,9.5],"texture":"#1"},"down":{"uv":[12.5,9.5,11.75,9.5],"texture":"#1"}}},{"from":[11.71411,-0.69288,8.0168],"to":[13.39411,-0.13288,8.0168],"rotation":{"angle":0,"axis":"y","origin":[12.27411,-2.18763,8.0168]},"faces":{"north":{"uv":[11,9.5,11.75,9.75],"texture":"#1"},"east":{"uv":[11,9.5,11,9.75],"texture":"#1"},"south":{"uv":[11.75,9.5,12.5,9.75],"texture":"#1"},"west":{"uv":[11.75,9.5,11.75,9.75],"texture":"#1"},"up":{"uv":[11.75,9.5,11,9.5],"texture":"#1"},"down":{"uv":[12.5,9.5,11.75,9.5],"texture":"#1"}}},{"from":[12.27708,-0.53841,8],"to":[13.39708,7.30159,8],"rotation":{"angle":0,"axis":"y","origin":[12.83708,5.24685,8]},"faces":{"north":{"uv":[9,0,9.5,3.5],"texture":"#1"},"east":{"uv":[9,0,9,3.5],"texture":"#1"},"south":{"uv":[9.5,0,10,3.5],"texture":"#1"},"west":{"uv":[9.5,0,9.5,3.5],"texture":"#1"},"up":{"uv":[9.5,0,9,0],"texture":"#1"},"down":{"uv":[10,0,9.5,0],"texture":"#1"}}},{"from":[11.49875,6.92399,8],"to":[12.61875,11.96399,8],"rotation":{"angle":22.5,"axis":"z","origin":[12.05875,9.06924,8]},"faces":{"north":{"uv":[10,0,10.5,2.25],"texture":"#1"},"east":{"uv":[10,0,10,2.25],"texture":"#1"},"south":{"uv":[10.5,0,11,2.25],"texture":"#1"},"west":{"uv":[10.5,0,10.5,2.25],"texture":"#1"},"up":{"uv":[10.5,0,10,0],"texture":"#1"},"down":{"uv":[11,0,10.5,0],"texture":"#1"}}},{"from":[9.24242,11.26789,8],"to":[10.36242,17.92,8],"rotation":{"angle":45,"axis":"z","origin":[10.08242,12.94789,8.28]},"faces":{"north":{"uv":[2,9.25,2.5,12],"texture":"#1"},"east":{"uv":[2,9.25,2,12],"texture":"#1"},"south":{"uv":[2.5,9.25,3,12],"texture":"#1"},"west":{"uv":[2.5,9.25,2.5,12],"texture":"#1"},"up":{"uv":[2.5,9.25,2,9.25],"texture":"#1"},"down":{"uv":[3,9.25,2.5,9.25],"texture":"#1"}}},{"from":[10.18389,-0.88588,7.9832],"to":[11.86389,-0.32588,7.9832],"rotation":{"angle":22.5,"axis":"z","origin":[11.30389,-0.60588,7.9832]},"faces":{"north":{"uv":[10,6,10.75,6.25],"texture":"#1"},"east":{"uv":[10,6,10,6.25],"texture":"#1"},"south":{"uv":[10.75,6,11.5,6.25],"texture":"#1"},"west":{"uv":[10.75,6,10.75,6.25],"texture":"#1"},"up":{"uv":[10.75,6,10,6],"texture":"#1"},"down":{"uv":[11.5,6,10.75,6],"texture":"#1"}}},{"from":[9.404,-1.64976,7.9832],"to":[10.524,-1.08976,7.9832],"rotation":{"angle":45,"axis":"z","origin":[9.964,-1.36976,7.9832]},"faces":{"north":{"uv":[8,5.5,8.5,5.75],"texture":"#1"},"east":{"uv":[8,5.5,8,5.75],"texture":"#1"},"south":{"uv":[8.5,5.5,9,5.75],"texture":"#1"},"west":{"uv":[8.5,5.5,8.5,5.75],"texture":"#1"},"up":{"uv":[8.5,5.5,8,5.5],"texture":"#1"},"down":{"uv":[9,5.5,8.5,5.5],"texture":"#1"}}},{"from":[9.13441,-3.87228,7.9832],"to":[9.69441,-1.63228,7.9832],"rotation":{"angle":-22.5,"axis":"z","origin":[9.41441,-2.19228,7.9832]},"faces":{"north":{"uv":[4,10.75,4.25,11.75],"texture":"#1"},"east":{"uv":[4,10.75,4,11.75],"texture":"#1"},"south":{"uv":[4.25,10.75,4.5,11.75],"texture":"#1"},"west":{"uv":[4.25,10.75,4.25,11.75],"texture":"#1"},"up":{"uv":[4.25,10.75,4,10.75],"texture":"#1"},"down":{"uv":[4.5,10.75,4.25,10.75],"texture":"#1"}}},{"from":[7.44,-11.76,7.44],"to":[8.56,-5.04,8.56],"rotation":{"angle":0,"axis":"y","origin":[7.44,-15.12,7.44]},"faces":{"north":{"uv":[5.5,8.25,6,11.25],"texture":"#1"},"east":{"uv":[5,8.25,5.5,11.25],"texture":"#1"},"south":{"uv":[6.5,8.25,7,11.25],"texture":"#1"},"west":{"uv":[6,8.25,6.5,11.25],"texture":"#1"},"up":{"uv":[6,8.25,5.5,7.75],"texture":"#1"},"down":{"uv":[6.5,7.75,6,8.25],"texture":"#1"}}},{"from":[7.16,-5.6,7.16],"to":[8.84,-2.8,8.84],"rotation":{"angle":0,"axis":"y","origin":[7.72,-5.6,7.72]},"faces":{"north":{"uv":[8.75,9,9.5,10.25],"texture":"#1"},"east":{"uv":[8,9,8.75,10.25],"texture":"#1"},"south":{"uv":[10.25,9,11,10.25],"texture":"#1"},"west":{"uv":[9.5,9,10.25,10.25],"texture":"#1"},"up":{"uv":[9.5,9,8.75,8.25],"texture":"#1"},"down":{"uv":[10.25,8.25,9.5,9],"texture":"#1"}}},{"from":[6.88,-5.026,6.88],"to":[9.12,-4.466,9.12],"rotation":{"angle":0,"axis":"y","origin":[8,-5.026,8]},"faces":{"north":{"uv":[9,5.75,10,6],"texture":"#1"},"east":{"uv":[8,5.75,9,6],"texture":"#1"},"south":{"uv":[11,5.75,12,6],"texture":"#1"},"west":{"uv":[10,5.75,11,6],"texture":"#1"},"up":{"uv":[10,5.75,9,4.75],"texture":"#1"},"down":{"uv":[11,4.75,10,5.75],"texture":"#1"}}},{"from":[6.88,-6.146,6.88],"to":[9.12,-5.026,9.12],"rotation":{"angle":0,"axis":"y","origin":[8,-5.586,8]},"faces":{"north":{"uv":[2,8.75,3,9.25],"texture":"#1"},"east":{"uv":[1,8.75,2,9.25],"texture":"#1"},"south":{"uv":[4,8.75,5,9.25],"texture":"#1"},"west":{"uv":[3,8.75,4,9.25],"texture":"#1"},"up":{"uv":[3,8.75,2,7.75],"texture":"#1"},"down":{"uv":[4,7.75,3,8.75],"texture":"#1"}}},{"from":[6.88,-4.466,6.88],"to":[9.12,-3.346,9.12],"rotation":{"angle":0,"axis":"y","origin":[8,-3.906,8]},"faces":{"north":{"uv":[8,7.75,9,8.25],"texture":"#1"},"east":{"uv":[7,7.75,8,8.25],"texture":"#1"},"south":{"uv":[10,7.75,11,8.25],"texture":"#1"},"west":{"uv":[9,7.75,10,8.25],"texture":"#1"},"up":{"uv":[9,7.75,8,6.75],"texture":"#1"},"down":{"uv":[10,6.75,9,7.75],"texture":"#1"}}},{"from":[6.88,-3.346,6.88],"to":[9.12,-2.786,9.12],"rotation":{"angle":0,"axis":"y","origin":[8,-3.346,8]},"faces":{"north":{"uv":[9,4.5,10,4.75],"texture":"#1"},"east":{"uv":[8,4.5,9,4.75],"texture":"#1"},"south":{"uv":[11,4.5,12,4.75],"texture":"#1"},"west":{"uv":[10,4.5,11,4.75],"texture":"#1"},"up":{"uv":[10,4.5,9,3.5],"texture":"#1"},"down":{"uv":[11,3.5,10,4.5],"texture":"#1"}}},{"from":[7.384,-6.72,7.384],"to":[8.616,-6.048,8.616],"rotation":{"angle":0,"axis":"y","origin":[7.44,-9.52,7.44]},"faces":{"north":{"uv":[11.5,4.25,12,4.5],"texture":"#1"},"east":{"uv":[11,4.25,11.5,4.5],"texture":"#1"},"south":{"uv":[12.5,4.25,13,4.5],"texture":"#1"},"west":{"uv":[12,4.25,12.5,4.5],"texture":"#1"},"up":{"uv":[12,4.25,11.5,3.75],"texture":"#1"},"down":{"uv":[12.5,3.75,12,4.25],"texture":"#1"}}},{"from":[7.384,-7.84,7.384],"to":[8.616,-7.168,8.616],"rotation":{"angle":0,"axis":"y","origin":[7.44,-9.52,7.44]},"faces":{"north":{"uv":[11.5,3.5,12,3.75],"texture":"#1"},"east":{"uv":[11,3.5,11.5,3.75],"texture":"#1"},"south":{"uv":[12.5,3.5,13,3.75],"texture":"#1"},"west":{"uv":[12,3.5,12.5,3.75],"texture":"#1"},"up":{"uv":[12,3.5,11.5,3],"texture":"#1"},"down":{"uv":[12.5,3,12,3.5],"texture":"#1"}}},{"from":[7.384,-11.256,7.384],"to":[8.616,-10.584,8.616],"rotation":{"angle":0,"axis":"y","origin":[7.44,-11.2,7.44]},"faces":{"north":{"uv":[11.5,1.5,12,1.75],"texture":"#1"},"east":{"uv":[11,1.5,11.5,1.75],"texture":"#1"},"south":{"uv":[12.5,1.5,13,1.75],"texture":"#1"},"west":{"uv":[12,1.5,12.5,1.75],"texture":"#1"},"up":{"uv":[12,1.5,11.5,1],"texture":"#1"},"down":{"uv":[12.5,1,12,1.5],"texture":"#1"}}},{"from":[7.384,-10.136,7.384],"to":[8.616,-9.464,8.616],"rotation":{"angle":0,"axis":"y","origin":[7.44,-10.08,7.44]},"faces":{"north":{"uv":[10.5,7.5,11,7.75],"texture":"#1"},"east":{"uv":[10,7.5,10.5,7.75],"texture":"#1"},"south":{"uv":[11.5,7.5,12,7.75],"texture":"#1"},"west":{"uv":[11,7.5,11.5,7.75],"texture":"#1"},"up":{"uv":[11,7.5,10.5,7],"texture":"#1"},"down":{"uv":[11.5,7,11,7.5],"texture":"#1"}}},{"from":[7.384,-12.964,7.384],"to":[8.616,-11.732,8.616],"rotation":{"angle":0,"axis":"y","origin":[7.44,-16.884,7.44]},"faces":{"north":{"uv":[9.5,10.75,10,11.25],"texture":"#1"},"east":{"uv":[9,10.75,9.5,11.25],"texture":"#1"},"south":{"uv":[10.5,10.75,11,11.25],"texture":"#1"},"west":{"uv":[10,10.75,10.5,11.25],"texture":"#1"},"up":{"uv":[10,10.75,9.5,10.25],"texture":"#1"},"down":{"uv":[10.5,10.25,10,10.75],"texture":"#1"}}},{"from":[6.88,-15.68,8],"to":[9.12,-12.32,8],"rotation":{"angle":0,"axis":"y","origin":[7.44,-21.798,8]},"faces":{"north":{"uv":[3,9.25,4,10.75],"texture":"#1"},"east":{"uv":[3,9.25,3,10.75],"texture":"#1"},"south":{"uv":[4,9.25,5,10.75],"texture":"#1"},"west":{"uv":[4,9.25,4,10.75],"texture":"#1"},"up":{"uv":[4,9.25,3,9.25],"texture":"#1"},"down":{"uv":[5,9.25,4,9.25],"texture":"#1"}}},{"name":"chain","from":[5.788,-1.932,7.16],"to":[8.028,-1.932,8.84],"rotation":{"angle":45,"axis":"z","origin":[6.908,-1.932,8]},"faces":{"north":{"uv":[6,3,7,3],"texture":"#2"},"east":{"uv":[5.25,3,6,3],"texture":"#2"},"south":{"uv":[7.75,3,8.75,3],"texture":"#2"},"west":{"uv":[7,3,7.75,3],"texture":"#2"},"up":{"uv":[7,3,6,2.25],"texture":"#2"},"down":{"uv":[8,2.25,7,3],"texture":"#2"}}},{"name":"chain","from":[5.788,0.308,7.16],"to":[8.028,0.308,8.84],"rotation":{"angle":45,"axis":"z","origin":[6.908,0.308,8]},"faces":{"north":{"uv":[6,2.25,7,2.25],"texture":"#2"},"east":{"uv":[5.25,2.25,6,2.25],"texture":"#2"},"south":{"uv":[7.75,2.25,8.75,2.25],"texture":"#2"},"west":{"uv":[7,2.25,7.75,2.25],"texture":"#2"},"up":{"uv":[7,2.25,6,1.5],"texture":"#2"},"down":{"uv":[8,1.5,7,2.25],"texture":"#2"}}},{"name":"chain","from":[5.788,2.548,7.16],"to":[8.028,2.548,8.84],"rotation":{"angle":45,"axis":"z","origin":[6.908,2.548,8]},"faces":{"north":{"uv":[6,1.5,7,1.5],"texture":"#2"},"east":{"uv":[5.25,1.5,6,1.5],"texture":"#2"},"south":{"uv":[7.75,1.5,8.75,1.5],"texture":"#2"},"west":{"uv":[7,1.5,7.75,1.5],"texture":"#2"},"up":{"uv":[7,1.5,6,0.75],"texture":"#2"},"down":{"uv":[8,0.75,7,1.5],"texture":"#2"}}},{"name":"chain","from":[5.788,4.788,7.16],"to":[8.028,4.788,8.84],"rotation":{"angle":45,"axis":"z","origin":[6.908,4.788,8]},"faces":{"north":{"uv":[6,0.75,7,0.75],"texture":"#2"},"east":{"uv":[5.25,0.75,6,0.75],"texture":"#2"},"south":{"uv":[7.75,0.75,8.75,0.75],"texture":"#2"},"west":{"uv":[7,0.75,7.75,0.75],"texture":"#2"},"up":{"uv":[7,0.75,6,0],"texture":"#2"},"down":{"uv":[8,0,7,0.75],"texture":"#2"}}},{"name":"blood_cresent_moon","from":[8.434,7.28,7.72],"to":[10.674,9.52,7.72],"rotation":{"angle":0,"axis":"y","origin":[9.554,8.4,7.72]},"faces":{"north":{"uv":[5,5,6,6],"texture":"#2"},"east":{"uv":[5,5,5,6],"texture":"#2"},"south":{"uv":[6,5,7,6],"texture":"#2"},"west":{"uv":[6,5,6,6],"texture":"#2"},"up":{"uv":[6,5,5,5],"texture":"#2"},"down":{"uv":[7,5,6,5],"texture":"#2"}}},{"name":"blood_cresent_moon","from":[8.434,7.28,8.28],"to":[10.674,9.52,8.28],"rotation":{"angle":0,"axis":"y","origin":[9.554,8.4,8.28]},"faces":{"north":{"uv":[5,5,6,6],"texture":"#2"},"east":{"uv":[5,5,5,6],"texture":"#2"},"south":{"uv":[6,5,7,6],"texture":"#2"},"west":{"uv":[6,5,6,6],"texture":"#2"},"up":{"uv":[6,5,5,5],"texture":"#2"},"down":{"uv":[7,5,6,5],"texture":"#2"}}},{"name":"bloodlust","from":[5.774,-15.68,7.622],"to":[10.254,1.68,7.622],"rotation":{"angle":0,"axis":"y","origin":[5.774,-15.68,7.622]},"faces":{"north":{"uv":[0,0,2,7.75],"texture":"#2"},"east":{"uv":[0,0,0,7.75],"texture":"#2"},"south":{"uv":[2,0,4,7.75],"texture":"#2"},"west":{"uv":[2,0,2,7.75],"texture":"#2"},"up":{"uv":[2,0,0,0],"texture":"#2"},"down":{"uv":[4,0,2,0],"texture":"#2"}}},{"name":"bloodlust","from":[5.774,-15.68,8.378],"to":[10.254,1.68,8.378],"rotation":{"angle":0,"axis":"y","origin":[5.774,-15.68,8.378]},"faces":{"north":{"uv":[0,0,2,7.75],"texture":"#2"},"east":{"uv":[0,0,0,7.75],"texture":"#2"},"south":{"uv":[2,0,4,7.75],"texture":"#2"},"west":{"uv":[2,0,2,7.75],"texture":"#2"},"up":{"uv":[2,0,0,0],"texture":"#2"},"down":{"uv":[4,0,2,0],"texture":"#2"}}},{"name":"blood_flow","from":[6.334,6.16,7.972],"to":[7.454,15.68,7.972],"rotation":{"angle":0,"axis":"y","origin":[6.894,-2.8,7.972]},"faces":{"north":{"uv":[4,0,4.5,4.25],"texture":"#2"},"east":{"uv":[4,0,4,4.25],"texture":"#2"},"south":{"uv":[4.5,0,5,4.25],"texture":"#2"},"west":{"uv":[4.5,0,4.5,4.25],"texture":"#2"},"up":{"uv":[4.5,0,4,0],"texture":"#2"},"down":{"uv":[5,0,4.5,0],"texture":"#2"}}},{"name":"blood_flow","from":[9.24242,11.26789,7.972],"to":[10.36242,17.92,7.972],"rotation":{"angle":45,"axis":"z","origin":[10.08242,12.94789,7.692]},"faces":{"north":{"uv":[5,0,5.5,2.75],"texture":"#2"},"east":{"uv":[5,0,5,2.75],"texture":"#2"},"south":{"uv":[5.5,0,6,2.75],"texture":"#2"},"west":{"uv":[5.5,0,5.5,2.75],"texture":"#2"},"up":{"uv":[5.5,0,5,0],"texture":"#2"},"down":{"uv":[6,0,5.5,0],"texture":"#2"}}},{"name":"blood_flow","from":[11.49875,6.92399,7.972],"to":[12.61875,11.96399,7.972],"rotation":{"angle":22.5,"axis":"z","origin":[12.05875,9.06924,7.972]},"faces":{"north":{"uv":[5,2.75,5.5,5],"texture":"#2"},"east":{"uv":[5,2.75,5,5],"texture":"#2"},"south":{"uv":[5.5,2.75,6,5],"texture":"#2"},"west":{"uv":[5.5,2.75,5.5,5],"texture":"#2"},"up":{"uv":[5.5,2.75,5,2.75],"texture":"#2"},"down":{"uv":[6,2.75,5.5,2.75],"texture":"#2"}}},{"name":"blood_flow","from":[12.27708,-0.53841,7.972],"to":[13.39708,7.30159,7.972],"rotation":{"angle":0,"axis":"y","origin":[12.83708,5.24685,7.972]},"faces":{"north":{"uv":[4,4.25,4.5,7.75],"texture":"#2"},"east":{"uv":[4,4.25,4,7.75],"texture":"#2"},"south":{"uv":[4.5,4.25,5,7.75],"texture":"#2"},"west":{"uv":[4.5,4.25,4.5,7.75],"texture":"#2"},"up":{"uv":[4.5,4.25,4,4.25],"texture":"#2"},"down":{"uv":[5,4.25,4.5,4.25],"texture":"#2"}}},{"name":"blood_flow","from":[6.334,6.16,8.028],"to":[7.454,15.68,8.028],"rotation":{"angle":0,"axis":"y","origin":[6.894,-2.8,8.028]},"faces":{"north":{"uv":[4,0,4.5,4.25],"texture":"#2"},"east":{"uv":[4,0,4,4.25],"texture":"#2"},"south":{"uv":[4.5,0,5,4.25],"texture":"#2"},"west":{"uv":[4.5,0,4.5,4.25],"texture":"#2"},"up":{"uv":[4.5,0,4,0],"texture":"#2"},"down":{"uv":[5,0,4.5,0],"texture":"#2"}}},{"name":"blood_flow","from":[9.24242,11.26789,8.028],"to":[10.36242,17.92,8.028],"rotation":{"angle":45,"axis":"z","origin":[10.08242,12.94789,8.308]},"faces":{"north":{"uv":[5,0,5.5,2.75],"texture":"#2"},"east":{"uv":[5,0,5,2.75],"texture":"#2"},"south":{"uv":[5.5,0,6,2.75],"texture":"#2"},"west":{"uv":[5.5,0,5.5,2.75],"texture":"#2"},"up":{"uv":[5.5,0,5,0],"texture":"#2"},"down":{"uv":[6,0,5.5,0],"texture":"#2"}}},{"name":"blood_flow","from":[11.49875,6.92399,8.028],"to":[12.61875,11.96399,8.028],"rotation":{"angle":22.5,"axis":"z","origin":[12.05875,9.06924,8.028]},"faces":{"north":{"uv":[5,2.75,5.5,5],"texture":"#2"},"east":{"uv":[5,2.75,5,5],"texture":"#2"},"south":{"uv":[5.5,2.75,6,5],"texture":"#2"},"west":{"uv":[5.5,2.75,5.5,5],"texture":"#2"},"up":{"uv":[5.5,2.75,5,2.75],"texture":"#2"},"down":{"uv":[6,2.75,5.5,2.75],"texture":"#2"}}},{"name":"blood_flow","from":[12.27708,-0.53841,8.028],"to":[13.39708,7.30159,8.028],"rotation":{"angle":0,"axis":"y","origin":[12.83708,5.24685,8.028]},"faces":{"north":{"uv":[4,4.25,4.5,7.75],"texture":"#2"},"east":{"uv":[4,4.25,4,7.75],"texture":"#2"},"south":{"uv":[4.5,4.25,5,7.75],"texture":"#2"},"west":{"uv":[4.5,4.25,4.5,7.75],"texture":"#2"},"up":{"uv":[4.5,4.25,4,4.25],"texture":"#2"},"down":{"uv":[5,4.25,4.5,4.25],"texture":"#2"}}}],"gui_light":"front","display":{"thirdperson_righthand":{"rotation":[0,90,0],"translation":[0,22.25,2.25],"scale":[1.5,1.5,1.5]},"thirdperson_lefthand":{"rotation":[0,-90,0],"translation":[0,22.25,2.25],"scale":[1.5,1.5,1.5]},"firstperson_righthand":{"rotation":[13,97.5,0],"translation":[8.75,11,-11],"scale":[1.5,1.5,1.5]},"firstperson_lefthand":{"rotation":[13,-80,0],"translation":[9.25,11,-11],"scale":[1.5,1.5,1.5]},"ground":{"rotation":[7.66,-3.07,-43.98],"translation":[0,18,0],"scale":[1.19,1.19,1.19]},"gui":{"rotation":[-180,0,-137],"translation":[3.5,4.25,0],"scale":[0.682,0.682,0.682]},"head":{"rotation":[0,0,-45],"translation":[8.75,-6,4.25],"scale":[1.4,1.4,1.4]},"fixed":{"rotation":[0,-180,-45],"translation":[-5.5,9.5,0],"scale":[1.94,1.94,1.94]}}}