{"credit":"Made by samus2002","textures":{"0":"tavern:items/mythicals/bloodmoon/bloodmoon_thrust2","1":"tavern:items/mythicals/bloodmoon/bloodmoon_thrust2_2","particle":"tavern:items/mythicals/bloodmoon/bloodmoon_thrust2"},"elements":[{"from":[8,-16,-16],"to":[8,32,32],"rotation":{"angle":0,"axis":"y","origin":[8,8,8]},"faces":{"north":{"uv":[3.5,0.5,5.5,2.5],"rotation":270,"texture":"#0"},"east":{"uv":[16,16,0,0],"rotation":270,"texture":"#0"},"south":{"uv":[3.5,0.5,5.5,2.5],"rotation":90,"texture":"#0"},"west":{"uv":[16,0,0,16],"rotation":270,"texture":"#0"},"up":{"uv":[3.5,0.5,5.5,2.5],"rotation":90,"texture":"#0"},"down":{"uv":[3.5,0.5,5.5,2.5],"rotation":90,"texture":"#0"}}},{"from":[-16,8,-16],"to":[32,8,32],"rotation":{"angle":0,"axis":"y","origin":[8,8,8]},"faces":{"north":{"uv":[3.5,0.5,5.5,2.5],"rotation":180,"texture":"#1"},"east":{"uv":[3.5,0.5,5.5,2.5],"rotation":180,"texture":"#1"},"south":{"uv":[3.5,0.5,5.5,2.5],"rotation":180,"texture":"#1"},"west":{"uv":[3.5,0.5,5.5,2.5],"rotation":180,"texture":"#1"},"up":{"uv":[16,0,0,16],"texture":"#1"},"down":{"uv":[16,16,0,0],"texture":"#1"}}}],"display":{"thirdperson_righthand":{"rotation":[90,0,0],"translation":[-5.75,-80,3.5],"scale":[3,3,3]},"head":{"rotation":[0,90,0],"translation":[2,-18,54],"scale":[2,2,2]}}}