{"credit":"MadewithBlockbench","texture_size":[64,64],"textures":{"0":"tavern:items/furniture/casino/11_baccarat_machine_texture","1":"tavern:items/furniture/casino/13_wheel_machine_texture","particle":"tavern:items/furniture/casino/11_baccarat_machine_texture"},"elements":[{"from":[0,-5,0],"to":[16,-3,16],"rotation":{"angle":0,"axis":"y","origin":[0,-5,0]},"faces":{"north":{"uv":[7.375,5,9.375,5.25],"texture":"#0"},"east":{"uv":[7.375,5,9.375,5.25],"texture":"#0"},"south":{"uv":[7.375,5,9.375,5.25],"texture":"#0"},"west":{"uv":[7.375,5,9.375,5.25],"texture":"#0"},"up":{"uv":[2,4.375,0,2.375],"texture":"#0"},"down":{"uv":[4,2.375,2,4.375],"texture":"#0"}}},{"from":[0,5,2],"to":[16,9,16],"rotation":{"angle":0,"axis":"y","origin":[0,-5,0]},"faces":{"north":{"uv":[6,3,8,3.5],"texture":"#0"},"east":{"uv":[9.125,4.5,7.375,5],"texture":"#0"},"south":{"uv":[7.375,3.5,9.375,4],"texture":"#0"},"west":{"uv":[7.375,4.5,9.125,5],"texture":"#0"},"up":{"uv":[6,1.75,4,0],"texture":"#0"},"down":{"uv":[6,1.75,4,3.5],"texture":"#0"}}},{"from":[0,-5,7],"to":[16,5,7],"rotation":{"angle":-22.5,"axis":"x","origin":[8,5,7]},"faces":{"north":{"uv":[1.875,4.375,3.875,5.625],"texture":"#0"},"east":{"uv":[0,0,0,1.25],"texture":"#0"},"south":{"uv":[3.875,5,5.875,6.25],"texture":"#0"},"west":{"uv":[0,0,0,1.25],"texture":"#0"},"up":{"uv":[2,0,0,0],"texture":"#0"},"down":{"uv":[2,0,0,0],"texture":"#0"}}},{"from":[0,-3,16],"to":[16,5,16],"rotation":{"angle":0,"axis":"y","origin":[0,-5,0]},"faces":{"north":{"uv":[6,0,8,1],"texture":"#0"},"east":{"uv":[0,0,0,1],"texture":"#0"},"south":{"uv":[6,1,8,2],"texture":"#0"},"west":{"uv":[0,0,0,1],"texture":"#0"},"up":{"uv":[2,0,0,0],"texture":"#0"},"down":{"uv":[2,0,0,0],"texture":"#0"}}},{"from":[0,-3,7],"to":[0,5,16],"rotation":{"angle":0,"axis":"y","origin":[8,0,16]},"faces":{"north":{"uv":[0,0,0,1],"texture":"#0"},"east":{"uv":[7.375,6.5,6.25,7.5],"texture":"#0"},"south":{"uv":[0,0,0,1],"texture":"#0"},"west":{"uv":[6.25,6.5,7.375,7.5],"texture":"#0"},"up":{"uv":[0,1.125,0,0],"texture":"#0"},"down":{"uv":[0,0,0,1.125],"texture":"#0"}}},{"from":[-0.25,-3,10],"to":[0.75,6,11],"rotation":{"angle":-22.5,"axis":"x","origin":[-0.5,-3,10]},"faces":{"north":{"uv":[1.5,5.875,1.625,7],"texture":"#0"},"east":{"uv":[1.625,5.875,1.75,7],"texture":"#0"},"south":{"uv":[1.75,5.875,1.875,7],"texture":"#0"},"west":{"uv":[4.75,7.25,4.875,8.375],"texture":"#0"},"up":{"uv":[4,4.5,3.875,4.375],"texture":"#0"},"down":{"uv":[4,4.5,3.875,4.625],"texture":"#0"}}},{"from":[0,9,3],"to":[16,10,21.25],"rotation":{"angle":-45,"axis":"x","origin":[8,9,4]},"faces":{"north":{"uv":[7,5.75,11,6],"texture":"#1"},"east":{"uv":[7,5.25,11.625,5.5],"texture":"#1"},"south":{"uv":[7,6,11,6.25],"texture":"#1"},"west":{"uv":[7,5.5,11.625,5.75],"texture":"#1"},"up":{"uv":[4,4.625,0,0],"texture":"#1"},"down":{"uv":[8,0,4,4.625],"texture":"#1"}}},{"from":[0.5,9,4],"to":[0.5,21,15.5],"rotation":{"angle":0,"axis":"y","origin":[8,0,16]},"faces":{"north":{"uv":[0,0,0,1.5],"texture":"#0"},"east":{"uv":[1.4375,5.875,0,7.375],"texture":"#0"},"south":{"uv":[0,0,0,1.5],"texture":"#0"},"west":{"uv":[0,5.875,1.4375,7.375],"texture":"#0"},"up":{"uv":[0,1.4375,0,0],"texture":"#0"},"down":{"uv":[0,0,0,1.4375],"texture":"#0"}}},{"from":[0.5,9,15.5],"to":[15.5,21,15.5],"rotation":{"angle":0,"axis":"y","origin":[0.5,15,9.75]},"faces":{"north":{"uv":[4,3.5,5.875,5],"texture":"#0"},"east":{"uv":[0,0,0,1.5],"texture":"#0"},"south":{"uv":[0,4.375,1.875,5.875],"texture":"#0"},"west":{"uv":[0,0,0,1.5],"texture":"#0"},"up":{"uv":[1.875,0,0,0],"texture":"#0"},"down":{"uv":[1.875,0,0,0],"texture":"#0"}}},{"from":[1,8,-3],"to":[15,10,5],"rotation":{"angle":0,"axis":"y","origin":[0,-5,0]},"faces":{"north":{"uv":[4,6.75,7.5,7.25],"texture":"#1"},"east":{"uv":[7,6.25,9,6.75],"texture":"#1"},"south":{"uv":[7,4.75,10.5,5.25],"texture":"#1"},"west":{"uv":[9,6.25,7,6.75],"texture":"#1"},"up":{"uv":[3.5,6.75,0,4.75],"texture":"#1"},"down":{"uv":[7,4.75,3.5,6.75],"texture":"#1"}}},{"from":[15.25,-3,10],"to":[16.25,6,11],"rotation":{"angle":-22.5,"axis":"x","origin":[16.5,-3,10]},"faces":{"north":{"uv":[1.625,5.875,1.5,7],"texture":"#0"},"east":{"uv":[4.875,7.25,4.75,8.375],"texture":"#0"},"south":{"uv":[1.875,5.875,1.75,7],"texture":"#0"},"west":{"uv":[1.75,5.875,1.625,7],"texture":"#0"},"up":{"uv":[3.875,4.5,4,4.375],"texture":"#0"},"down":{"uv":[3.875,4.5,4,4.625],"texture":"#0"}}},{"from":[16,-3,7],"to":[16,5,16],"rotation":{"angle":0,"axis":"y","origin":[8,0,16]},"faces":{"north":{"uv":[0,0,0,1],"texture":"#0"},"east":{"uv":[7.375,6.5,6.25,7.5],"texture":"#0"},"south":{"uv":[0,0,0,1],"texture":"#0"},"west":{"uv":[6.25,6.5,7.375,7.5],"texture":"#0"},"up":{"uv":[0,1.125,0,0],"texture":"#0"},"down":{"uv":[0,0,0,1.125],"texture":"#0"}}},{"from":[15.5,9,4],"to":[15.5,21,15.5],"rotation":{"angle":0,"axis":"y","origin":[8,0,16]},"faces":{"north":{"uv":[0,0,0,1.5],"texture":"#0"},"east":{"uv":[1.4375,5.875,0,7.375],"texture":"#0"},"south":{"uv":[0,0,0,1.5],"texture":"#0"},"west":{"uv":[0,5.875,1.4375,7.375],"texture":"#0"},"up":{"uv":[0,1.4375,0,0],"texture":"#0"},"down":{"uv":[0,0,0,1.4375],"texture":"#0"}}},{"from":[4,23.25,15.5],"to":[12,31.25,17.5],"rotation":{"angle":0,"axis":"y","origin":[0,-3.75,0]},"faces":{"north":{"uv":[0,6.75,2,8.75],"texture":"#1"},"east":{"uv":[6,7.25,6.5,9.25],"texture":"#1"},"south":{"uv":[2,6.75,4,8.75],"texture":"#1"},"west":{"uv":[6.5,7.25,7,9.25],"texture":"#1"},"up":{"uv":[9,7.75,7,7.25],"texture":"#1"},"down":{"uv":[9.5,6.75,7.5,7.25],"texture":"#1"}}},{"from":[8,15.25,15.5],"to":[8,23.25,17.5],"rotation":{"angle":0,"axis":"y","origin":[0,-3.75,0]},"faces":{"north":{"uv":[0,0,0,2],"texture":"#1"},"east":{"uv":[4,7.75,4.5,9.75],"texture":"#1"},"south":{"uv":[0,0,0,2],"texture":"#1"},"west":{"uv":[4.5,7.75,4,9.75],"texture":"#1"},"up":{"uv":[0,0.5,0,0],"texture":"#1"},"down":{"uv":[0,0,0,0.5],"texture":"#1"}}},{"from":[12,19,15.5],"to":[12,27,17.5],"rotation":{"angle":22.5,"axis":"z","origin":[12,27,16.5]},"faces":{"north":{"uv":[0,0,0,2],"texture":"#1"},"east":{"uv":[4,7.75,4.5,9.75],"texture":"#1"},"south":{"uv":[0,0,0,2],"texture":"#1"},"west":{"uv":[4.5,7.75,4,9.75],"texture":"#1"},"up":{"uv":[0,0.5,0,0],"texture":"#1"},"down":{"uv":[0,0,0,0.5],"texture":"#1"}}},{"from":[4,19,15.5],"to":[4,27,17.5],"rotation":{"angle":-22.5,"axis":"z","origin":[4,27,16.5]},"faces":{"north":{"uv":[0,0,0,2],"texture":"#1"},"east":{"uv":[4,7.75,4.5,9.75],"texture":"#1"},"south":{"uv":[0,0,0,2],"texture":"#1"},"west":{"uv":[4.5,7.75,4,9.75],"texture":"#1"},"up":{"uv":[0,0.5,0,0],"texture":"#1"},"down":{"uv":[0,0,0,0.5],"texture":"#1"}}}],"gui_light":"front","display":{"thirdperson_righthand":{"rotation":[67.5,0,0],"translation":[0,2,0.25],"scale":[0.23,0.23,0.23]},"thirdperson_lefthand":{"rotation":[67.5,0,0],"translation":[0,2,0.25],"scale":[0.23,0.23,0.23]},"firstperson_righthand":{"translation":[0.5,4.5,0],"scale":[0.32321,0.32321,0.32321]},"firstperson_lefthand":{"translation":[0.5,4.5,0],"scale":[0.32321,0.32321,0.32321]},"ground":{"translation":[0,4,0],"scale":[0.36,0.36,0.36]},"gui":{"rotation":[30,145,0],"translation":[0,-1.5,0],"scale":[0.36,0.36,0.36]},"head":{"rotation":[0,-180,0],"translation":[0,-22.5,0],"scale":[1.6,1.6,1.6]},"fixed":{"rotation":[-90,0,0],"translation":[0,0,-26],"scale":[2,2,2]}}}