{"textures":{"0":"modelengine:entity/xiddri_rock_fly_vfx"},"elements":[{"from":[-2.5,4.103052,-3.0424414],"to":[14.5,20.103052,12.957558],"faces":{"east":{"uv":[5.875,0.0,6.875,1.0],"tintindex":0,"rotation":0,"texture":"#0"},"south":{"uv":[3.1875,1.0,4.25,2.0],"tintindex":0,"rotation":0,"texture":"#0"},"north":{"uv":[2.125,3.0,3.1875,4.0],"tintindex":0,"rotation":0,"texture":"#0"},"west":{"uv":[2.0,6.0,3.0,7.0],"tintindex":0,"rotation":0,"texture":"#0"},"up":{"uv":[4.25,3.0,3.1875,2.0],"tintindex":0,"rotation":0,"texture":"#0"},"down":{"uv":[4.25,3.0,3.1875,4.0],"tintindex":0,"rotation":0,"texture":"#0"}},"rotation":{"origin":[14.5,12.103052,19.957558],"angle":-22.5,"axis":"x"}},{"from":[1.5,1.1030521,4.957558],"to":[18.5,17.353052,18.957558],"faces":{"east":{"uv":[7.0,6.0,7.875,7.0],"tintindex":0,"rotation":0,"texture":"#0"},"south":{"uv":[1.0625,3.5,2.125,4.5],"tintindex":0,"rotation":0,"texture":"#0"},"north":{"uv":[0.0,3.5,1.0625,4.5],"tintindex":0,"rotation":0,"texture":"#0"},"west":{"uv":[6.375,7.0,7.25,8.0],"tintindex":0,"rotation":0,"texture":"#0"},"up":{"uv":[8.0625,2.625,7.0,1.75],"tintindex":0,"rotation":0,"texture":"#0"},"down":{"uv":[3.1875,7.0,2.125,7.875],"tintindex":0,"rotation":0,"texture":"#0"}},"rotation":{"origin":[10.0,14.603052,11.957558],"angle":22.5,"axis":"x"}}],"display":{"gui":{"rotation":[30,225,0]}}}