{"textures":{"0":"modelengine:entity/orcboss3"},"elements":[{"from":[7.575741,-6.1904984,1.5932503],"to":[7.575741,4.4095,15.593249],"faces":{"east":{"uv":[6.46875,5.53125,6.90625,5.859375],"tintindex":0,"rotation":0,"texture":"#0"},"west":{"uv":[2.96875,6.5,3.40625,6.828125],"tintindex":0,"rotation":0,"texture":"#0"}},"rotation":{"origin":[8.175739,-0.3718872,12.03819],"angle":22.5,"axis":"x"}},{"from":[6.4257393,-2.1904984,7.5932503],"to":[8.72574,0.40950012,13.593249],"faces":{"east":{"uv":[8.0625,5.0625,8.25,5.140625],"tintindex":0,"rotation":0,"texture":"#0"},"south":{"uv":[8.21875,0.875,8.296875,0.953125],"tintindex":0,"rotation":0,"texture":"#0"},"north":{"uv":[8.21875,0.25,8.296875,0.328125],"tintindex":0,"rotation":0,"texture":"#0"},"west":{"uv":[8.0625,5.71875,8.25,5.796875],"tintindex":0,"rotation":0,"texture":"#0"},"up":{"uv":[7.359375,8.125,7.28125,7.9375],"tintindex":0,"rotation":0,"texture":"#0"},"down":{"uv":[2.328125,7.96875,2.25,8.15625],"tintindex":0,"rotation":0,"texture":"#0"}},"rotation":{"origin":[7.7257404,-0.3718872,12.03819],"angle":22.5,"axis":"x"}},{"from":[5.575741,-1.2174301,13.407539],"to":[9.575741,3.78257,21.40754],"faces":{"east":{"uv":[3.21875,7.65625,3.46875,7.8125],"tintindex":0,"rotation":0,"texture":"#0"},"south":{"uv":[0.25,7.875,0.375,8.03125],"tintindex":0,"rotation":0,"texture":"#0"},"north":{"uv":[7.84375,6.40625,7.96875,6.5625],"tintindex":0,"rotation":0,"texture":"#0"},"west":{"uv":[3.46875,7.65625,3.71875,7.8125],"tintindex":0,"rotation":0,"texture":"#0"},"up":{"uv":[5.65625,8.03125,5.53125,7.78125],"tintindex":0,"rotation":0,"texture":"#0"},"down":{"uv":[5.78125,7.78125,5.65625,8.03125],"tintindex":0,"rotation":0,"texture":"#0"}},"rotation":{"origin":[7.575741,2.882576,17.10754],"angle":-45.0,"axis":"x"}},{"from":[6.075741,-3.0131683,11.91894],"to":[9.075741,0.98683167,16.91894],"faces":{"east":{"uv":[7.84375,6.15625,8.0,6.28125],"tintindex":0,"rotation":0,"texture":"#0"},"south":{"uv":[4.34375,8.09375,4.4375,8.21875],"tintindex":0,"rotation":0,"texture":"#0"},"north":{"uv":[4.0,7.875,4.09375,8.0],"tintindex":0,"rotation":0,"texture":"#0"},"west":{"uv":[7.84375,6.28125,8.0,6.40625],"tintindex":0,"rotation":0,"texture":"#0"},"up":{"uv":[3.5,6.65625,3.40625,6.5],"tintindex":0,"rotation":0,"texture":"#0"},"down":{"uv":[2.09375,7.25,2.0,7.40625],"tintindex":0,"rotation":0,"texture":"#0"}}},{"from":[4.575741,2.0613556,19.5747],"to":[10.575741,7.0613556,27.5747],"faces":{"east":{"uv":[7.65625,3.5625,7.90625,3.71875],"tintindex":0,"rotation":0,"texture":"#0"},"south":{"uv":[3.15625,7.8125,3.34375,7.96875],"tintindex":0,"rotation":0,"texture":"#0"},"north":{"uv":[2.15625,7.8125,2.34375,7.96875],"tintindex":0,"rotation":0,"texture":"#0"},"west":{"uv":[7.65625,4.65625,7.90625,4.8125],"tintindex":0,"rotation":0,"texture":"#0"},"up":{"uv":[0.625,7.84375,0.4375,7.59375],"tintindex":0,"rotation":0,"texture":"#0"},"down":{"uv":[0.8125,7.59375,0.625,7.84375],"tintindex":0,"rotation":0,"texture":"#0"}}}],"display":{"gui":{"rotation":[30,225,0]}}}