{"textures":{"0":"modelengine:entity/orcboss3"},"elements":[{"from":[5.8277493,1.4910698,13.95],"to":[8.7232685,3.811119,18.05],"faces":{"east":{"uv":[4.03125,8.15625,4.15625,8.234375],"tintindex":0,"rotation":0,"texture":"#0"},"south":{"uv":[8.1875,5.34375,8.28125,5.421875],"tintindex":0,"rotation":0,"texture":"#0"},"north":{"uv":[4.71875,8.1875,4.8125,8.265625],"tintindex":0,"rotation":0,"texture":"#0"},"west":{"uv":[8.15625,4.625,8.28125,4.703125],"tintindex":0,"rotation":0,"texture":"#0"},"up":{"uv":[5.15625,8.21875,5.0625,8.09375],"tintindex":0,"rotation":0,"texture":"#0"},"down":{"uv":[8.1875,6.40625,8.09375,6.53125],"tintindex":0,"rotation":0,"texture":"#0"}},"rotation":{"origin":[6.736929,3.4910698,15.95],"angle":-22.5,"axis":"z"}},{"from":[6.0869293,2.9910698,6.0],"to":[10.086929,7.99107,10.0],"faces":{"east":{"uv":[7.90625,4.03125,8.03125,4.1875],"tintindex":0,"rotation":0,"texture":"#0"},"south":{"uv":[7.90625,4.65625,8.03125,4.8125],"tintindex":0,"rotation":0,"texture":"#0"},"north":{"uv":[7.90625,3.875,8.03125,4.03125],"tintindex":0,"rotation":0,"texture":"#0"},"west":{"uv":[4.71875,7.90625,4.84375,8.0625],"tintindex":0,"rotation":0,"texture":"#0"},"up":{"uv":[0.375,8.15625,0.25,8.03125],"tintindex":0,"rotation":0,"texture":"#0"},"down":{"uv":[0.8125,8.03125,0.6875,8.15625],"tintindex":0,"rotation":0,"texture":"#0"}}},{"from":[6.0869293,2.9910698,14.0],"to":[10.086929,7.99107,18.0],"faces":{"east":{"uv":[7.9375,0.625,8.0625,0.78125],"tintindex":0,"rotation":0,"texture":"#0"},"south":{"uv":[1.75,7.9375,1.875,8.09375],"tintindex":0,"rotation":0,"texture":"#0"},"north":{"uv":[7.9375,0.15625,8.0625,0.3125],"tintindex":0,"rotation":0,"texture":"#0"},"west":{"uv":[2.34375,7.9375,2.46875,8.09375],"tintindex":0,"rotation":0,"texture":"#0"},"up":{"uv":[1.4375,8.15625,1.3125,8.03125],"tintindex":0,"rotation":0,"texture":"#0"},"down":{"uv":[1.5625,8.03125,1.4375,8.15625],"tintindex":0,"rotation":0,"texture":"#0"}}},{"from":[5.8277493,1.4910698,5.95],"to":[8.7232685,3.811119,10.05],"faces":{"east":{"uv":[8.15625,3.8125,8.28125,3.890625],"tintindex":0,"rotation":0,"texture":"#0"},"south":{"uv":[8.1875,4.46875,8.28125,4.546875],"tintindex":0,"rotation":0,"texture":"#0"},"north":{"uv":[8.1875,4.375,8.28125,4.453125],"tintindex":0,"rotation":0,"texture":"#0"},"west":{"uv":[8.15625,3.90625,8.28125,3.984375],"tintindex":0,"rotation":0,"texture":"#0"},"up":{"uv":[4.71875,8.21875,4.625,8.09375],"tintindex":0,"rotation":0,"texture":"#0"},"down":{"uv":[5.0625,8.09375,4.96875,8.21875],"tintindex":0,"rotation":0,"texture":"#0"}},"rotation":{"origin":[6.736929,3.4910698,7.95],"angle":-22.5,"axis":"z"}},{"from":[5.8277493,1.4910698,9.95],"to":[8.7232685,3.811119,14.05],"faces":{"east":{"uv":[2.1875,8.15625,2.3125,8.234375],"tintindex":0,"rotation":0,"texture":"#0"},"south":{"uv":[8.1875,2.125,8.28125,2.203125],"tintindex":0,"rotation":0,"texture":"#0"},"north":{"uv":[8.1875,2.03125,8.28125,2.109375],"tintindex":0,"rotation":0,"texture":"#0"},"west":{"uv":[8.15625,2.25,8.28125,2.328125],"tintindex":0,"rotation":0,"texture":"#0"},"up":{"uv":[8.1875,4.625,8.09375,4.5],"tintindex":0,"rotation":0,"texture":"#0"},"down":{"uv":[4.625,8.09375,4.53125,8.21875],"tintindex":0,"rotation":0,"texture":"#0"}},"rotation":{"origin":[6.736929,3.4910698,11.95],"angle":-22.5,"axis":"z"}},{"from":[6.0869293,2.9910698,10.0],"to":[10.086929,7.99107,14.0],"faces":{"east":{"uv":[7.875,7.125,8.0,7.28125],"tintindex":0,"rotation":0,"texture":"#0"},"south":{"uv":[7.875,7.28125,8.0,7.4375],"tintindex":0,"rotation":0,"texture":"#0"},"north":{"uv":[7.875,6.6875,8.0,6.84375],"tintindex":0,"rotation":0,"texture":"#0"},"west":{"uv":[7.875,7.8125,8.0,7.96875],"tintindex":0,"rotation":0,"texture":"#0"},"up":{"uv":[1.40625,5.84375,1.28125,5.71875],"tintindex":0,"rotation":0,"texture":"#0"},"down":{"uv":[1.375,6.84375,1.25,6.96875],"tintindex":0,"rotation":0,"texture":"#0"}}}],"display":{"gui":{"rotation":[30,225,0]}}}