{"textures":{"0":"modelengine:entity/orcboss3"},"elements":[{"from":[2.0956707,-8.211838,2.0],"to":[14.095671,10.788162,14.0],"faces":{"east":{"uv":[3.21875,5.375,3.59375,5.96875],"tintindex":0,"rotation":0,"texture":"#0"},"south":{"uv":[5.40625,0.46875,5.78125,1.0625],"tintindex":0,"rotation":0,"texture":"#0"},"north":{"uv":[5.375,1.84375,5.75,2.4375],"tintindex":0,"rotation":0,"texture":"#0"},"west":{"uv":[4.53125,5.40625,4.90625,6.0],"tintindex":0,"rotation":0,"texture":"#0"},"up":{"uv":[1.75,6.96875,1.375,6.59375],"tintindex":0,"rotation":0,"texture":"#0"},"down":{"uv":[6.96875,4.0,6.59375,4.375],"tintindex":0,"rotation":0,"texture":"#0"}}},{"from":[2.580451,8.588165,2.0500002],"to":[13.58045,14.988159,13.95],"faces":{"east":{"uv":[0.53125,7.375,0.90625,7.578125],"tintindex":0,"rotation":0,"texture":"#0"},"south":{"uv":[3.0625,7.375,3.40625,7.578125],"tintindex":0,"rotation":0,"texture":"#0"},"north":{"uv":[7.375,3.03125,7.71875,3.234375],"tintindex":0,"rotation":0,"texture":"#0"},"west":{"uv":[1.625,7.375,2.0,7.578125],"tintindex":0,"rotation":0,"texture":"#0"},"up":{"uv":[2.09375,7.0625,1.75,6.6875],"tintindex":0,"rotation":0,"texture":"#0"},"down":{"uv":[7.0625,5.875,6.71875,6.25],"tintindex":0,"rotation":0,"texture":"#0"}},"rotation":{"origin":[8.280451,10.788162,8.0],"angle":22.5,"axis":"z"}},{"from":[1.0956707,7.788162,1.0],"to":[8.095671,10.788162,15.0],"faces":{"east":{"uv":[7.46875,5.1875,7.90625,5.28125],"tintindex":0,"rotation":0,"texture":"#0"},"south":{"uv":[7.84375,5.75,8.0625,5.84375],"tintindex":0,"rotation":0,"texture":"#0"},"north":{"uv":[7.84375,5.09375,8.0625,5.1875],"tintindex":0,"rotation":0,"texture":"#0"},"west":{"uv":[2.0,7.625,2.4375,7.71875],"tintindex":0,"rotation":0,"texture":"#0"},"up":{"uv":[6.0625,7.5625,5.84375,7.125],"tintindex":0,"rotation":0,"texture":"#0"},"down":{"uv":[7.375,2.8125,7.15625,3.25],"tintindex":0,"rotation":0,"texture":"#0"}}},{"from":[8.095671,5.788162,1.0],"to":[15.095671,13.788162,15.0],"faces":{"east":{"uv":[5.8125,6.875,6.25,7.125],"tintindex":0,"rotation":0,"texture":"#0"},"south":{"uv":[4.5,7.53125,4.71875,7.78125],"tintindex":0,"rotation":0,"texture":"#0"},"north":{"uv":[4.28125,7.53125,4.5,7.78125],"tintindex":0,"rotation":0,"texture":"#0"},"west":{"uv":[4.4375,6.90625,4.875,7.15625],"tintindex":0,"rotation":0,"texture":"#0"},"up":{"uv":[7.34375,1.5625,7.125,1.125],"tintindex":0,"rotation":0,"texture":"#0"},"down":{"uv":[5.84375,7.125,5.625,7.5625],"tintindex":0,"rotation":0,"texture":"#0"}}},{"from":[9.359982,12.144295,1.0050001],"to":[15.759981,17.144295,14.995],"faces":{"east":{"uv":[7.21875,2.40625,7.65625,2.5625],"tintindex":0,"rotation":0,"texture":"#0"},"south":{"uv":[2.375,7.78125,2.578125,7.9375],"tintindex":0,"rotation":0,"texture":"#0"},"north":{"uv":[1.75,7.78125,1.953125,7.9375],"tintindex":0,"rotation":0,"texture":"#0"},"west":{"uv":[7.21875,5.65625,7.65625,5.8125],"tintindex":0,"rotation":0,"texture":"#0"},"up":{"uv":[6.484375,7.6875,6.28125,7.25],"tintindex":0,"rotation":0,"texture":"#0"},"down":{"uv":[7.453125,7.1875,7.25,7.625],"tintindex":0,"rotation":0,"texture":"#0"}},"rotation":{"origin":[12.859982,16.144295,7.905],"angle":-22.5,"axis":"z"}}],"display":{"gui":{"rotation":[30,225,0]}}}