{"credit":"Made with Blockbench","texture_size":[128,128],"textures":{"0":"custom/elitecreatures/mars/ancient_pillar","particle":"custom/elitecreatures/mars/ancient_pillar"},"elements":[{"from":[3,-12,3],"to":[13,28,13],"faces":{"north":{"uv":[3.75,0,2.5,5],"texture":"#0"},"east":{"uv":[1.25,0,2.5,5],"texture":"#0"},"south":{"uv":[2.5,0,3.75,5],"texture":"#0"},"west":{"uv":[2.5,0,1.25,5],"texture":"#0"},"up":{"uv":[6.25,4.5,5,3.25],"texture":"#0"},"down":{"uv":[5.25,5,4,6.25],"texture":"#0"}}},{"from":[2,30,2],"to":[14,32,14],"faces":{"north":{"uv":[6.25,4.25,7.75,4.5],"texture":"#0"},"east":{"uv":[6.5,1.75,8,2],"texture":"#0"},"south":{"uv":[6.5,2,8,2.25],"texture":"#0"},"west":{"uv":[6.5,2.25,8,2.5],"texture":"#0"},"up":{"uv":[6.5,3.25,5,1.75],"texture":"#0"},"down":{"uv":[4,5,2.5,6.5],"texture":"#0"}}},{"from":[-2,28,1],"to":[18,30,15],"faces":{"north":{"uv":[6.25,3.25,8.75,3.5],"texture":"#0"},"east":{"uv":[6.25,3.75,8,4],"texture":"#0"},"south":{"uv":[6.25,3.5,8.75,3.75],"texture":"#0"},"west":{"uv":[6.25,4,8,4.25],"texture":"#0"},"up":{"uv":[2.5,6.75,0,5],"texture":"#0"},"down":{"uv":[7.5,0,5,1.75],"texture":"#0"}}},{"from":[13,23,1],"to":[18,28,15],"faces":{"north":{"uv":[4,6.25,4.625,6.875],"texture":"#0"},"east":{"uv":[5.25,4.5,7,5.125],"texture":"#0"},"south":{"uv":[4.625,6.25,5.25,6.875],"texture":"#0"},"west":{"uv":[5.25,5.125,7,5.75],"texture":"#0"},"up":{"uv":[5.875,7.5,5.25,5.75],"texture":"#0"},"down":{"uv":[6.5,5.75,5.875,7.5],"texture":"#0"}}},{"from":[-2,23,1],"to":[3,28,15],"rotation":{"angle":0,"axis":"y","origin":[16,0,0]},"faces":{"north":{"uv":[4.625,6.25,4,6.875],"texture":"#0"},"east":{"uv":[7,5.125,5.25,5.75],"texture":"#0"},"south":{"uv":[5.25,6.25,4.625,6.875],"texture":"#0"},"west":{"uv":[7,4.5,5.25,5.125],"texture":"#0"},"up":{"uv":[5.25,7.5,5.875,5.75],"texture":"#0"},"down":{"uv":[5.875,5.75,6.5,7.5],"texture":"#0"}}}],"display":{"head":{"translation":[0,7.75,0],"scale":[4,4,4]}},"groups":[{"name":"bone","origin":[0,0,0],"color":0,"boneType":"","children":[0,1,2,3,4]}]}