{"credit":"Made with Blockbench","texture_size":[32,32],"textures":{"0":"custom/elitecreatures/mars/marsarrow","particle":"custom/elitecreatures/mars/marsarrow"},"elements":[{"from":[8.25168,-0.81808,1.1768],"to":[8.25168,1.11472,14.2232],"rotation":{"angle":0,"axis":"x","origin":[8.3,0.1,7.7]},"faces":{"north":{"uv":[0,0,0,1],"texture":"#0"},"east":{"uv":[6.5,1,0,2],"texture":"#0"},"south":{"uv":[0,0,0,1],"texture":"#0"},"west":{"uv":[0,1,6.5,2],"texture":"#0"},"up":{"uv":[0,6.5,0,0],"texture":"#0"},"down":{"uv":[0,0,0,6.5],"texture":"#0"}}},{"from":[7.38192,0.05168,1.1768],"to":[9.31472,0.05168,14.2232],"rotation":{"angle":0,"axis":"x","origin":[8.3,0.1,7.7]},"faces":{"north":{"uv":[0,0,1,0],"texture":"#0"},"east":{"uv":[0,0,6.5,0],"texture":"#0"},"south":{"uv":[0,0,1,0],"texture":"#0"},"west":{"uv":[0,0,6.5,0],"texture":"#0"},"up":{"uv":[0,1,6.5,2],"rotation":90,"texture":"#0"},"down":{"uv":[6.5,1,0,2],"rotation":90,"texture":"#0"}}}],"gui_light":"front","display":{"thirdperson_righthand":{"rotation":[90,0,0],"translation":[0,0,9]},"thirdperson_lefthand":{"rotation":[90,0,0],"translation":[0,0,9]},"firstperson_righthand":{"rotation":[116,0,-2.5],"translation":[11,-6.25,0]},"firstperson_lefthand":{"rotation":[116,0,-2.5],"translation":[11,-6.25,0]},"ground":{"translation":[0,12.25,0],"scale":[2,2,2]},"gui":{"rotation":[90,45,0],"scale":[1.5,1.5,1.5]},"head":{"translation":[0,2,0],"scale":[2,2,2]},"fixed":{"rotation":[90,0,0],"translation":[0,0,13.75],"scale":[2,2,2]}},"groups":[{"name":"arrow","origin":[-3.424,7.072,0.544],"color":0,"boneType":"","children":[0,1]}]}