{
	"credit": "Made with Blockbench",
	"texture_size": [256, 256],
	"textures": {
		"4": "custom/elitecreatures/mars/mars"
	},
	"elements": [
		{
			"from": [7.5996, 1.49682, -1.0368],
			"to": [8.4004, 2.29762, 28.15236],
			"rotation": {"angle": 0, "axis": "y", "origin": [8, 1.89722, 13.55778]},
			"faces": {
				"north": {"uv": [11.6875, 1.375, 11.8125, 1.5], "texture": "#4"},
				"east": {"uv": [5.6875, 4.9375, 10.25, 5.0625], "texture": "#4"},
				"south": {"uv": [11.875, 7.6875, 12, 7.8125], "texture": "#4"},
				"west": {"uv": [5.6875, 5.0625, 10.25, 5.1875], "texture": "#4"},
				"up": {"uv": [3.9375, 10, 3.8125, 5.4375], "texture": "#4"},
				"down": {"uv": [3.9375, 10, 3.8125, 5.4375], "texture": "#4"}
			}
		},
		{
			"from": [7.66967, 0.91239, -12.58113],
			"to": [8.33033, 2.51399, -11.98053],
			"rotation": {"angle": 45, "axis": "x", "origin": [8, 1.71319, -12.28083]},
			"faces": {
				"north": {"uv": [13, 8.5, 13.09375, 8.75], "texture": "#4"},
				"east": {"uv": [13, 8.9375, 13.09375, 9.1875], "texture": "#4"},
				"south": {"uv": [13, 10.875, 13.09375, 11.125], "texture": "#4"},
				"west": {"uv": [13, 11.375, 13.09375, 11.625], "texture": "#4"},
				"up": {"uv": [13.15625, 0.71875, 13.0625, 0.625], "texture": "#4"},
				"down": {"uv": [13.15625, 2, 13.0625, 2.09375], "texture": "#4"}
			}
		},
		{
			"from": [7.3994, 1.29662, -4.24],
			"to": [8.6006, 2.49782, -0.236],
			"rotation": {"angle": 0, "axis": "y", "origin": [8, 1.89722, -2.238]},
			"faces": {
				"north": {"uv": [11.6875, 7.375, 11.875, 7.5625], "texture": "#4"},
				"east": {"uv": [11.8125, 7, 12.4375, 7.1875], "texture": "#4"},
				"south": {"uv": [12.875, 10.6875, 13.0625, 10.875], "texture": "#4"},
				"west": {"uv": [11.875, 10.3125, 12.5, 10.5], "texture": "#4"},
				"up": {"uv": [10, 12.375, 9.8125, 11.75], "texture": "#4"},
				"down": {"uv": [9.3125, 11.8125, 9.125, 12.4375], "texture": "#4"}
			}
		},
		{
			"from": [7.0991, 1.18941, -7.06993],
			"to": [8.9009, 2.60504, -5.6543],
			"rotation": {"angle": 45, "axis": "x", "origin": [8, 1.89722, -6.36212]},
			"faces": {
				"north": {"uv": [12.6875, 11.6875, 12.96875, 11.90625], "texture": "#4"},
				"east": {"uv": [7.5625, 12.875, 7.78125, 13.09375], "texture": "#4"},
				"south": {"uv": [12.75, 0.5, 13.03125, 0.71875], "texture": "#4"},
				"west": {"uv": [7.8125, 12.875, 8.03125, 13.09375], "texture": "#4"},
				"up": {"uv": [13.03125, 1.21875, 12.75, 1], "texture": "#4"},
				"down": {"uv": [13.03125, 1.25, 12.75, 1.46875], "texture": "#4"}
			}
		},
		{
			"from": [7.13914, 0.89622, -6.36212],
			"to": [8.86086, 2.89822, -3.95972],
			"rotation": {"angle": 0, "axis": "y", "origin": [8, 1.89722, -5.16092]},
			"faces": {
				"north": {"uv": [1.875, 12.4375, 2.15625, 12.75], "texture": "#4"},
				"east": {"uv": [11.875, 11.25, 12.25, 11.5625], "texture": "#4"},
				"south": {"uv": [12.4375, 4.4375, 12.71875, 4.75], "texture": "#4"},
				"west": {"uv": [11.9375, 0.1875, 12.3125, 0.5], "texture": "#4"},
				"up": {"uv": [12.53125, 10.125, 12.25, 9.75], "texture": "#4"},
				"down": {"uv": [12.53125, 11.1875, 12.25, 11.5625], "texture": "#4"}
			}
		},
		{
			"from": [7.0991, 1.18941, -4.66753],
			"to": [8.9009, 2.60504, -3.2519],
			"rotation": {"angle": 45, "axis": "x", "origin": [8, 1.89722, -3.95972]},
			"faces": {
				"north": {"uv": [1.875, 12.75, 2.15625, 12.96875], "texture": "#4"},
				"east": {"uv": [12.875, 7.9375, 13.09375, 8.15625], "texture": "#4"},
				"south": {"uv": [12.75, 2, 13.03125, 2.21875], "texture": "#4"},
				"west": {"uv": [10.1875, 12.875, 10.40625, 13.09375], "texture": "#4"},
				"up": {"uv": [13.03125, 2.90625, 12.75, 2.6875], "texture": "#4"},
				"down": {"uv": [13.03125, 3.5, 12.75, 3.71875], "texture": "#4"}
			}
		},
		{
			"from": [7.61962, -1.7338, -3.88633],
			"to": [8.38038, 0.54848, -3.28573],
			"rotation": {"angle": 22.5, "axis": "x", "origin": [8, -0.59266, -3.58603]},
			"faces": {
				"north": {"uv": [2.375, 10.9375, 2.5, 11.28125], "texture": "#4"},
				"east": {"uv": [0.875, 12.9375, 0.96875, 13.28125], "texture": "#4"},
				"south": {"uv": [0.25, 11.6875, 0.375, 12.03125], "texture": "#4"},
				"west": {"uv": [3.1875, 12.9375, 3.28125, 13.28125], "texture": "#4"},
				"up": {"uv": [13.125, 7.28125, 13, 7.1875], "texture": "#4"},
				"down": {"uv": [13.125, 9.1875, 13, 9.28125], "texture": "#4"}
			}
		},
		{
			"from": [7.62963, -1.60037, -5.77727],
			"to": [8.37037, -0.23901, -3.77527],
			"rotation": {"angle": 0, "axis": "y", "origin": [8, -0.91969, -4.77627]},
			"faces": {
				"north": {"uv": [7.1875, 10.6875, 7.3125, 10.90625], "texture": "#4"},
				"east": {"uv": [7.5625, 12.625, 7.875, 12.84375], "texture": "#4"},
				"south": {"uv": [10.3125, 10.8125, 10.4375, 11.03125], "texture": "#4"},
				"west": {"uv": [12.625, 8.75, 12.9375, 8.96875], "texture": "#4"},
				"up": {"uv": [10.875, 13.1875, 10.75, 12.875], "texture": "#4"},
				"down": {"uv": [11, 12.875, 10.875, 13.1875], "texture": "#4"}
			}
		},
		{
			"from": [7.61962, -1.49999, -6.55387],
			"to": [8.38038, 2.30381, -5.27259],
			"rotation": {"angle": -22.5, "axis": "x", "origin": [8, 0.40191, -5.91323]},
			"faces": {
				"north": {"uv": [7.4375, 12.5625, 7.5625, 13.15625], "texture": "#4"},
				"east": {"uv": [11.875, 12.125, 12.0625, 12.71875], "texture": "#4"},
				"south": {"uv": [1.4375, 12.625, 1.5625, 13.21875], "texture": "#4"},
				"west": {"uv": [12.1875, 1.0625, 12.375, 1.65625], "texture": "#4"},
				"up": {"uv": [7.5625, 1.125, 7.4375, 0.9375], "texture": "#4"},
				"down": {"uv": [5.875, 8.8125, 5.75, 9], "texture": "#4"}
			}
		},
		{
			"from": [7.67968, 2.09139, -11.92693],
			"to": [8.32032, 2.69199, -6.08109],
			"rotation": {"angle": 0, "axis": "y", "origin": [8, 2.39169, -9.00401]},
			"faces": {
				"north": {"uv": [13, 10.125, 13.09375, 10.21875], "texture": "#4"},
				"east": {"uv": [12.375, 1.5625, 13.28125, 1.65625], "texture": "#4"},
				"south": {"uv": [13.0625, 0.5, 13.15625, 0.59375], "texture": "#4"},
				"west": {"uv": [12.375, 4, 13.28125, 4.09375], "texture": "#4"},
				"up": {"uv": [4.84375, 13.28125, 4.75, 12.375], "texture": "#4"},
				"down": {"uv": [6.09375, 12.375, 6, 13.28125], "texture": "#4"}
			}
		},
		{
			"from": [7.68969, -0.9256, -13.66607],
			"to": [8.31031, 2.2776, -6.45887],
			"rotation": {"angle": 0, "axis": "y", "origin": [8, 0.676, -10.06247]},
			"faces": {
				"north": {"uv": [1.1875, 9.0625, 1.28125, 9.5625], "texture": "#4"},
				"east": {"uv": [6.0625, 0, 7.1875, 0.5], "texture": "#4"},
				"south": {"uv": [3.0625, 12.875, 3.15625, 13.375], "texture": "#4"},
				"west": {"uv": [6.3125, 2.9375, 7.4375, 3.4375], "texture": "#4"},
				"up": {"uv": [9.78125, 13.3125, 9.6875, 12.1875], "texture": "#4"},
				"down": {"uv": [4.34375, 12.25, 4.25, 13.375], "texture": "#4"}
			}
		},
		{
			"from": [7.63964, 0.00677, -9.49536],
			"to": [8.36036, 0.60737, -5.45787],
			"rotation": {"angle": 0, "axis": "y", "origin": [8, 0.30707, -7.47662]},
			"faces": {
				"north": {"uv": [13, 0.1875, 13.125, 0.28125], "texture": "#4"},
				"east": {"uv": [12.5625, 10, 13.1875, 10.09375], "texture": "#4"},
				"south": {"uv": [13, 5.1875, 13.125, 5.28125], "texture": "#4"},
				"west": {"uv": [12.75, 2.9375, 13.375, 3.03125], "texture": "#4"},
				"up": {"uv": [7, 10, 6.875, 9.375], "texture": "#4"},
				"down": {"uv": [5.75, 9.75, 5.625, 10.375], "texture": "#4"}
			}
		},
		{
			"from": [7.64965, -0.76502, -9.56627],
			"to": [8.35035, -0.16442, -7.6321],
			"rotation": {"angle": 45, "axis": "x", "origin": [8, -0.46472, -8.59919]},
			"faces": {
				"north": {"uv": [13, 5.375, 13.125, 5.46875], "texture": "#4"},
				"east": {"uv": [10.5625, 8.6875, 10.875, 8.78125], "texture": "#4"},
				"south": {"uv": [13, 6.125, 13.125, 6.21875], "texture": "#4"},
				"west": {"uv": [11.125, 0.1875, 11.4375, 0.28125], "texture": "#4"},
				"up": {"uv": [10.9375, 11.375, 10.8125, 11.0625], "texture": "#4"},
				"down": {"uv": [10.75, 12.875, 10.625, 13.1875], "texture": "#4"}
			}
		},
		{
			"from": [7.63964, -1.87736, -9.8854],
			"to": [8.36036, -0.93387, -7.70066],
			"rotation": {"angle": 0, "axis": "y", "origin": [8, -1.40561, -8.79303]},
			"faces": {
				"north": {"uv": [7.625, 10.9375, 7.75, 11.09375], "texture": "#4"},
				"east": {"uv": [12.8125, 0.3125, 13.15625, 0.46875], "texture": "#4"},
				"south": {"uv": [11.6875, 11.9375, 11.8125, 12.09375], "texture": "#4"},
				"west": {"uv": [12.8125, 10.25, 13.15625, 10.40625], "texture": "#4"},
				"up": {"uv": [1.8125, 9.21875, 1.6875, 8.875], "texture": "#4"},
				"down": {"uv": [6.625, 9, 6.5, 9.34375], "texture": "#4"}
			}
		},
		{
			"from": [7.65966, -1.19072, -13.33736],
			"to": [8.34034, -0.30984, -9.5736],
			"rotation": {"angle": 22.5, "axis": "x", "origin": [8, -0.75028, -11.45548]},
			"faces": {
				"north": {"uv": [12.5625, 11.4375, 12.65625, 11.5625], "texture": "#4"},
				"east": {"uv": [5.6875, 5.1875, 6.28125, 5.3125], "texture": "#4"},
				"south": {"uv": [12.625, 2.6875, 12.71875, 2.8125], "texture": "#4"},
				"west": {"uv": [6.375, 5.8125, 6.96875, 5.9375], "texture": "#4"},
				"up": {"uv": [2.71875, 13.46875, 2.625, 12.875], "texture": "#4"},
				"down": {"uv": [2.84375, 12.875, 2.75, 13.46875], "texture": "#4"}
			}
		},
		{
			"from": [7.63964, -0.37407, -14.19417],
			"to": [8.36036, 1.57043, -13.21064],
			"rotation": {"angle": -45, "axis": "x", "origin": [8, 0.59818, -13.70241]},
			"faces": {
				"north": {"uv": [8, 0.625, 8.125, 0.9375], "texture": "#4"},
				"east": {"uv": [7.0625, 12.875, 7.21875, 13.1875], "texture": "#4"},
				"south": {"uv": [1.9375, 10.625, 2.0625, 10.9375], "texture": "#4"},
				"west": {"uv": [7.25, 12.875, 7.40625, 13.1875], "texture": "#4"},
				"up": {"uv": [10.9375, 10.15625, 10.8125, 10], "texture": "#4"},
				"down": {"uv": [4.3125, 10.875, 4.1875, 11.03125], "texture": "#4"}
			}
		},
		{
			"from": [7.64965, 1.03486, -15.13123],
			"to": [8.35035, 2.91674, -14.25035],
			"rotation": {"angle": -22.5, "axis": "x", "origin": [8, 1.9758, -14.69079]},
			"faces": {
				"north": {"uv": [12.75, 12.875, 12.875, 13.15625], "texture": "#4"},
				"east": {"uv": [0.25, 12.9375, 0.375, 13.21875], "texture": "#4"},
				"south": {"uv": [0.5625, 12.9375, 0.6875, 13.21875], "texture": "#4"},
				"west": {"uv": [0.6875, 12.9375, 0.8125, 13.21875], "texture": "#4"},
				"up": {"uv": [12.5, 6.625, 12.375, 6.5], "texture": "#4"},
				"down": {"uv": [12.5625, 6.9375, 12.4375, 7.0625], "texture": "#4"}
			}
		},
		{
			"from": [7.65966, 1.25517, -14.93052],
			"to": [8.34034, 1.85577, -12.24784],
			"rotation": {"angle": 22.5, "axis": "x", "origin": [8, 1.55547, -13.58918]},
			"faces": {
				"north": {"uv": [13.0625, 2.125, 13.15625, 2.21875], "texture": "#4"},
				"east": {"uv": [4, 10.5, 4.40625, 10.59375], "texture": "#4"},
				"south": {"uv": [13.0625, 4.625, 13.15625, 4.71875], "texture": "#4"},
				"west": {"uv": [10.625, 6.125, 11.03125, 6.21875], "texture": "#4"},
				"up": {"uv": [12.21875, 13.28125, 12.125, 12.875], "texture": "#4"},
				"down": {"uv": [12.34375, 12.875, 12.25, 13.28125], "texture": "#4"}
			}
		},
		{
			"from": [7.3994, 1.09642, 27.12616],
			"to": [8.6006, 2.69802, 28.72776],
			"rotation": {"angle": -45, "axis": "x", "origin": [8, 1.89722, 27.92696]},
			"faces": {
				"north": {"uv": [9.875, 1.625, 10.0625, 1.875], "texture": "#4"},
				"east": {"uv": [0.75, 12.6875, 1, 12.9375], "texture": "#4"},
				"south": {"uv": [8.8125, 10.125, 9, 10.375], "texture": "#4"},
				"west": {"uv": [12.6875, 5.5, 12.9375, 5.75], "texture": "#4"},
				"up": {"uv": [8.375, 11.625, 8.1875, 11.375], "texture": "#4"},
				"down": {"uv": [9.3125, 12.875, 9.125, 13.125], "texture": "#4"}
			}
		}
	],
	"display": {
		"thirdperson_righthand": {
			"translation": [0, 4.5, 0]
		},
		"ground": {
			"translation": [0, 17.25, 0],
			"scale": [3, 3, 3]
		},
		"head": {
			"scale": [3, 3, 3]
		}
	},
	"groups": [
		{
			"name": "spear",
			"origin": [-1, 3.95, 7.95837],
			"color": 0,
			"boneType": "",
			"children": [
				0,
				1,
				{
					"name": "blade",
					"origin": [-10.36, -19.39225, 1.47704],
					"color": 0,
					"boneType": "",
					"children": [2, 3, 4, 5, 6, 7, 8, 9, 10, 11, 12, 13, 14, 15, 16, 17]
				},
				18
			]
		}
	]
}