{"credit":"Made with Blockbench","textures":{"0":"custom/elitecreatures/mars/spin","1":"custom/elitecreatures/mars/spin_flame","particle":"custom/elitecreatures/mars/spin"},"elements":[{"from":[-16,0,-16],"to":[32,0,32],"rotation":{"angle":45,"axis":"y","origin":[8,0,8]},"faces":{"north":{"uv":[0,0,16,0],"texture":"#missing"},"east":{"uv":[0,0,16,0],"texture":"#missing"},"south":{"uv":[0,0,16,0],"texture":"#missing"},"west":{"uv":[0,0,16,0],"texture":"#missing"},"up":{"uv":[0,0,16,16],"texture":"#0"},"down":{"uv":[0,16,16,0],"texture":"#0"}}},{"from":[21.43503,-3,4.53553],"to":[21.43503,11,11.53553],"rotation":{"angle":45,"axis":"y","origin":[8,-2,8]},"faces":{"east":{"uv":[5.5,9,9,16],"texture":"#1"},"west":{"uv":[9,9,5.5,16],"texture":"#1"},"up":{"uv":[0,0,0,7],"texture":"#missing"},"down":{"uv":[0,0,0,7],"texture":"#missing"}}},{"from":[1,-3,-4],"to":[15,11,-4],"rotation":{"angle":-22.5,"axis":"x","origin":[8,-3,-4]},"faces":{"north":{"uv":[9,9,16,16],"texture":"#1"},"east":{"uv":[0,0,0,14],"texture":"#missing"},"south":{"uv":[16,9,9,16],"texture":"#1"},"west":{"uv":[0,0,0,14],"texture":"#missing"},"up":{"uv":[0,0,7,0],"texture":"#missing"},"down":{"uv":[0,0,7,0],"texture":"#missing"}}},{"from":[20,-3,1],"to":[20,11,15],"rotation":{"angle":-22.5,"axis":"z","origin":[20,-3,8]},"faces":{"north":{"uv":[0,0,0,14],"texture":"#missing"},"east":{"uv":[0,9,7,16],"texture":"#1"},"south":{"uv":[0,0,0,14],"texture":"#missing"},"west":{"uv":[7,9,0,16],"texture":"#1"},"up":{"uv":[0,0,0,14],"texture":"#missing"},"down":{"uv":[0,0,0,14],"texture":"#missing"}}},{"from":[4.46447,-3,21.43503],"to":[11.46447,11,21.43503],"rotation":{"angle":45,"axis":"y","origin":[8,-2,8]},"faces":{"north":{"uv":[9,9,5.5,16],"texture":"#1"},"south":{"uv":[5.5,9,9,16],"texture":"#1"},"up":{"uv":[0,0,0,7],"rotation":90,"texture":"#missing"},"down":{"uv":[0,0,0,7],"rotation":270,"texture":"#missing"}}},{"from":[1,-3,20],"to":[15,11,20],"rotation":{"angle":22.5,"axis":"x","origin":[8,-3,20]},"faces":{"north":{"uv":[7,9,0,16],"texture":"#1"},"east":{"uv":[0,0,0,14],"texture":"#missing"},"south":{"uv":[0,9,7,16],"texture":"#1"},"west":{"uv":[0,0,0,14],"texture":"#missing"},"up":{"uv":[0,0,0,14],"rotation":90,"texture":"#missing"},"down":{"uv":[0,0,0,14],"rotation":270,"texture":"#missing"}}},{"from":[-5.43503,-3,4.53553],"to":[-5.43503,11,11.53553],"rotation":{"angle":-45,"axis":"y","origin":[8,-2,8]},"faces":{"east":{"uv":[9,9,5.5,16],"texture":"#1"},"west":{"uv":[5.5,9,9,16],"texture":"#1"},"up":{"uv":[0,0,0,7],"texture":"#missing"},"down":{"uv":[0,0,0,7],"texture":"#missing"}}},{"from":[-4,-3,1],"to":[-4,11,15],"rotation":{"angle":22.5,"axis":"z","origin":[-4,-3,8]},"faces":{"north":{"uv":[0,0,0,14],"texture":"#missing"},"east":{"uv":[7,9,0,16],"texture":"#1"},"south":{"uv":[0,0,0,14],"texture":"#missing"},"west":{"uv":[0,9,7,16],"texture":"#1"},"up":{"uv":[0,0,0,14],"texture":"#missing"},"down":{"uv":[0,0,0,14],"texture":"#missing"}}},{"from":[4.53553,-3,21.43503],"to":[11.53553,11,21.43503],"rotation":{"angle":-45,"axis":"y","origin":[8,-2,8]},"faces":{"north":{"uv":[9,9,5.5,16],"texture":"#1"},"south":{"uv":[5.5,9,9,16],"texture":"#1"},"up":{"uv":[0,7,0,0],"rotation":90,"texture":"#missing"},"down":{"uv":[0,7,0,0],"rotation":270,"texture":"#missing"}}},{"from":[18.64802,-3,5.12843],"to":[18.64802,8.2,10.72843],"rotation":{"angle":45,"axis":"y","origin":[7.9,-2.2,7.9]},"faces":{"east":{"uv":[5.5,1,9,8],"texture":"#1"},"west":{"uv":[9,1,5.5,8],"texture":"#1"},"up":{"uv":[0,0,0,7],"texture":"#missing"},"down":{"uv":[0,0,0,7],"texture":"#missing"}}},{"from":[2.3,-3,-1.7],"to":[13.5,8.2,-1.7],"rotation":{"angle":0,"axis":"y","origin":[7.9,-2.2,7.9]},"faces":{"north":{"uv":[9,1,16,8],"texture":"#1"},"east":{"uv":[0,0,0,14],"texture":"#missing"},"south":{"uv":[16,1,9,8],"texture":"#1"},"west":{"uv":[0,0,0,14],"texture":"#missing"},"up":{"uv":[0,0,7,0],"texture":"#missing"},"down":{"uv":[0,0,7,0],"texture":"#missing"}}},{"from":[17.5,-3,2.3],"to":[17.5,8.2,13.5],"rotation":{"angle":0,"axis":"y","origin":[7.9,-2.2,7.9]},"faces":{"north":{"uv":[0,0,0,14],"texture":"#missing"},"east":{"uv":[0,1,7,8],"texture":"#1"},"south":{"uv":[0,0,0,14],"texture":"#missing"},"west":{"uv":[7,1,0,8],"texture":"#1"},"up":{"uv":[0,0,0,14],"texture":"#missing"},"down":{"uv":[0,0,0,14],"texture":"#missing"}}},{"from":[5.07157,-3,18.64802],"to":[10.67157,8.2,18.64802],"rotation":{"angle":45,"axis":"y","origin":[7.9,-2.2,7.9]},"faces":{"north":{"uv":[9,1,5.5,8],"texture":"#1"},"south":{"uv":[5.5,1,9,8],"texture":"#1"},"up":{"uv":[0,0,0,7],"rotation":90,"texture":"#missing"},"down":{"uv":[0,0,0,7],"rotation":270,"texture":"#missing"}}},{"from":[2.3,-3,17.5],"to":[13.5,8.2,17.5],"rotation":{"angle":0,"axis":"y","origin":[7.9,-2.2,7.9]},"faces":{"north":{"uv":[7,1,0,8],"texture":"#1"},"east":{"uv":[0,0,0,14],"texture":"#missing"},"south":{"uv":[0,1,7,8],"texture":"#1"},"west":{"uv":[0,0,0,14],"texture":"#missing"},"up":{"uv":[0,0,0,14],"rotation":90,"texture":"#missing"},"down":{"uv":[0,0,0,14],"rotation":270,"texture":"#missing"}}},{"from":[5.12843,-3,18.64802],"to":[10.72843,8.2,18.64802],"rotation":{"angle":-45,"axis":"y","origin":[7.9,-2.2,7.9]},"faces":{"north":{"uv":[9,1,5.5,8],"texture":"#1"},"south":{"uv":[5.5,1,9,8],"texture":"#1"},"up":{"uv":[0,7,0,0],"rotation":90,"texture":"#missing"},"down":{"uv":[0,7,0,0],"rotation":270,"texture":"#missing"}}}],"display":{"head":{"scale":[4,4,4]}},"groups":[0,{"name":"group","origin":[0,0,0],"color":0,"boneType":"","children":[1,2,3,4,5,6,7,8]},{"name":"group","origin":[0,0,0],"color":0,"boneType":"","children":[9,10,11,12,13,14]}]}