{"credit":"MadewithBlockbench","texture_size":[24,24],"textures":{"1":"tavern:items/sets/cyber/orange/wings","2":"tavern:items/sets/cyber/orange/animation_2-sheet","3":"tavern:items/sets/cyber/orange/animation_1-sheet","particle":"tavern:items/sets/cyber/orange/animation_2-sheet"},"elements":[{"from":[7.32,8.35891,7.32],"to":[8.68,9.71891,8.68],"rotation":{"angle":-45,"axis":"z","origin":[8,9.03891,8]},"faces":{"north":{"uv":[12.66667,7.33333,13.5,8.16667],"texture":"#1"},"east":{"uv":[12.66667,4.66667,13.5,5.5],"texture":"#1"},"south":{"uv":[12.66667,6,13.5,6.83333],"texture":"#1"},"west":{"uv":[7.33333,12.66667,8.16667,13.5],"texture":"#1"},"up":{"uv":[9.5,13.5,8.66667,12.66667],"rotation":90,"texture":"#1"},"down":{"uv":[13.5,8.66667,12.66667,9.5],"rotation":270,"texture":"#1"}}},{"from":[6.36,8.28795,7.59],"to":[9.64,9.10795,8.41],"rotation":{"angle":0,"axis":"y","origin":[8,8.28795,7.59]},"faces":{"north":{"uv":[10,8,12.16667,8.5],"texture":"#1"},"east":{"uv":[4,14,4.5,14.5],"texture":"#1"},"south":{"uv":[10,4.66667,12.16667,5.16667],"texture":"#1"},"west":{"uv":[14,4,14.5,4.5],"texture":"#1"},"up":{"uv":[10.5,12.16667,10,10],"rotation":90,"texture":"#1"},"down":{"uv":[11.16667,0.66667,10.66667,2.83333],"rotation":270,"texture":"#1"}}},{"from":[9.4104,8.56675,7.5244],"to":[10.3616,10.46915,8.4756],"rotation":{"angle":22.5,"axis":"z","origin":[10.46,8.69795,8]},"faces":{"north":{"uv":[9.33333,11.33333,10,12.66667],"texture":"#1"},"east":{"uv":[7.33333,11.33333,8,12.66667],"texture":"#1"},"south":{"uv":[8,11.33333,8.66667,12.66667],"texture":"#1"},"west":{"uv":[8.66667,11.33333,9.33333,12.66667],"texture":"#1"},"up":{"uv":[12.66667,13.33333,12,12.66667],"rotation":90,"texture":"#1"},"down":{"uv":[13.33333,12,12.66667,12.66667],"rotation":270,"texture":"#1"}}},{"from":[12.44029,7.38467,7.5244],"to":[13.39149,9.28707,8.4756],"rotation":{"angle":45,"axis":"z","origin":[12.91589,8.33587,8]},"faces":{"north":{"uv":[12,5.33333,12.66667,6.66667],"texture":"#1"},"east":{"uv":[10.66667,11.33333,11.33333,12.66667],"texture":"#1"},"south":{"uv":[11.33333,11.33333,12,12.66667],"texture":"#1"},"west":{"uv":[12,3.33333,12.66667,4.66667],"texture":"#1"},"up":{"uv":[13.33333,13.33333,12.66667,12.66667],"rotation":90,"texture":"#1"},"down":{"uv":[0.66667,13.33333,0,14],"rotation":270,"texture":"#1"}}},{"from":[7.9477,8.43224,7.7704],"to":[8.8989,9.51464,8.2296],"rotation":{"angle":22.5,"axis":"z","origin":[8.4233,9.62944,8.246]},"faces":{"north":{"uv":[13.33333,0.66667,14,1.33333],"texture":"#1"},"east":{"uv":[5.33333,14,5.66667,14.66667],"texture":"#1"},"south":{"uv":[0.66667,13.33333,1.33333,14],"texture":"#1"},"west":{"uv":[14,5.33333,14.33333,6],"texture":"#1"},"up":{"uv":[6.33333,14.66667,6,14],"rotation":90,"texture":"#1"},"down":{"uv":[14.33333,6,14,6.66667],"rotation":270,"texture":"#1"}}},{"from":[7.5,6.63891,7.4],"to":[9.5,8.63891,8.6],"rotation":{"angle":-45,"axis":"z","origin":[8,8.13891,7.9]},"faces":{"north":{"uv":[2,8,3.33333,9.33333],"texture":"#1"},"east":{"uv":[6,10,6.83333,11.33333],"texture":"#1"},"south":{"uv":[0.66667,8,2,9.33333],"texture":"#1"},"west":{"uv":[10,6.66667,10.83333,8],"texture":"#1"},"up":{"uv":[8.16667,11.33333,7.33333,10],"rotation":90,"texture":"#1"},"down":{"uv":[9.5,10,8.66667,11.33333],"rotation":270,"texture":"#1"}}},{"from":[7.7,6.83891,7.2],"to":[9.3,8.43891,8.8],"rotation":{"angle":-45,"axis":"z","origin":[8,8.13891,7.9]},"faces":{"north":{"uv":[11.33333,2,12.33333,3],"texture":"#1"},"east":{"uv":[0,11.33333,1,12.33333],"texture":"#1"},"south":{"uv":[11.33333,0.66667,12.33333,1.66667],"texture":"#1"},"west":{"uv":[1.33333,11.33333,2.33333,12.33333],"texture":"#1"},"up":{"uv":[3.66667,12.33333,2.66667,11.33333],"rotation":90,"texture":"#1"},"down":{"uv":[5,11.33333,4,12.33333],"rotation":270,"texture":"#1"}}},{"from":[8.62132,5.7247,7.5],"to":[9.62132,7.7247,8.5],"rotation":{"angle":-45,"axis":"z","origin":[10.12132,6.7247,7.5]},"faces":{"north":{"uv":[12,11.33333,12.66667,12.66667],"texture":"#1"},"east":{"uv":[12,6.66667,12.66667,8],"texture":"#1"},"south":{"uv":[12,8.66667,12.66667,10],"texture":"#1"},"west":{"uv":[12,10,12.66667,11.33333],"texture":"#1"},"up":{"uv":[2,14,1.33333,13.33333],"rotation":90,"texture":"#1"},"down":{"uv":[14,1.33333,13.33333,2],"rotation":270,"texture":"#1"}}},{"from":[8.92843,7.2318,7.6],"to":[11.92843,8.2318,8.4],"rotation":{"angle":22.5,"axis":"z","origin":[10.82843,7.4318,8]},"faces":{"north":{"uv":[9.33333,6,11.33333,6.66667],"texture":"#1"},"east":{"uv":[14,1.33333,14.5,2],"texture":"#1"},"south":{"uv":[9.33333,5.33333,11.33333,6],"texture":"#1"},"west":{"uv":[14,2,14.5,2.66667],"texture":"#1"},"up":{"uv":[5.83333,13.33333,5.33333,11.33333],"rotation":90,"texture":"#1"},"down":{"uv":[11.83333,5.33333,11.33333,7.33333],"rotation":270,"texture":"#1"}}},{"from":[11.2572,4.4735,7.6],"to":[12.2572,7.4735,8.4],"rotation":{"angle":-45,"axis":"z","origin":[12.9572,6.4735,8]},"faces":{"north":{"uv":[2.66667,9.33333,3.33333,11.33333],"texture":"#1"},"east":{"uv":[6,11.33333,6.5,13.33333],"texture":"#1"},"south":{"uv":[2,9.33333,2.66667,11.33333],"texture":"#1"},"west":{"uv":[6.66667,11.33333,7.16667,13.33333],"texture":"#1"},"up":{"uv":[3.16667,14.66667,2.66667,14],"rotation":90,"texture":"#1"},"down":{"uv":[14.5,2.66667,14,3.33333],"rotation":270,"texture":"#1"}}},{"from":[9.8409,6.86848,7.8],"to":[10.8409,7.86848,8.2],"rotation":{"angle":-45,"axis":"z","origin":[10.3409,6.96848,7.8]},"faces":{"north":{"uv":[13.33333,2.66667,14,3.33333],"texture":"#1"},"east":{"uv":[6.66667,14,7,14.66667],"texture":"#1"},"south":{"uv":[13.33333,2,14,2.66667],"texture":"#1"},"west":{"uv":[14,6.66667,14.33333,7.33333],"texture":"#1"},"up":{"uv":[7.66667,14.66667,7.33333,14],"rotation":90,"texture":"#1"},"down":{"uv":[14.33333,7.33333,14,8],"rotation":270,"texture":"#1"}}},{"from":[10.92843,6.7568,7.5],"to":[13.92843,7.7568,8.5],"rotation":{"angle":22.5,"axis":"z","origin":[10.82843,7.4318,8]},"faces":{"north":{"uv":[9.33333,8.66667,11.33333,9.33333],"texture":"#1"},"east":{"uv":[13.33333,3.33333,14,4],"texture":"#1"},"south":{"uv":[7.33333,9.33333,9.33333,10],"texture":"#1"},"west":{"uv":[13.33333,4,14,4.66667],"texture":"#1"},"up":{"uv":[5.33333,11.33333,4.66667,9.33333],"rotation":90,"texture":"#1"},"down":{"uv":[6,9.33333,5.33333,11.33333],"rotation":270,"texture":"#1"}}},{"from":[13.38017,7.70736,7.655],"to":[14.38017,12.70736,8.345],"rotation":{"angle":-22.5,"axis":"z","origin":[14.68017,9.90736,8]},"faces":{"north":{"uv":[0,8,0.66667,11.33333],"texture":"#1"},"east":{"uv":[3.33333,8,3.83333,11.33333],"texture":"#1"},"south":{"uv":[7.33333,5.33333,8,8.66667],"texture":"#1"},"west":{"uv":[4,8,4.5,11.33333],"texture":"#1"},"up":{"uv":[3.83333,14.66667,3.33333,14],"rotation":90,"texture":"#1"},"down":{"uv":[14.5,3.33333,14,4],"rotation":270,"texture":"#1"}}},{"from":[14.9,12.63891,7.5],"to":[16.6,14.33891,8.5],"rotation":{"angle":-45,"axis":"z","origin":[15,13.53891,8]},"faces":{"north":{"uv":[8,5.33333,9.16667,6.5],"texture":"#1"},"east":{"uv":[2.66667,12.66667,3.33333,13.83333],"texture":"#1"},"south":{"uv":[4.66667,8,5.83333,9.16667],"texture":"#1"},"west":{"uv":[3.33333,12.66667,4,13.83333],"texture":"#1"},"up":{"uv":[13.33333,4.5,12.66667,3.33333],"rotation":90,"texture":"#1"},"down":{"uv":[4.66667,12.66667,4,13.83333],"rotation":270,"texture":"#1"}}},{"from":[13,11.23891,7.5],"to":[14,12.23891,8.5],"rotation":{"angle":22.5,"axis":"z","origin":[14,13.03891,8]},"faces":{"north":{"uv":[10.66667,13.33333,11.33333,14],"texture":"#1"},"east":{"uv":[5.33333,13.33333,6,14],"texture":"#1"},"south":{"uv":[6,13.33333,6.66667,14],"texture":"#1"},"west":{"uv":[6.66667,13.33333,7.33333,14],"texture":"#1"},"up":{"uv":[14,11.33333,13.33333,10.66667],"rotation":90,"texture":"#1"},"down":{"uv":[12,13.33333,11.33333,14],"rotation":270,"texture":"#1"}}},{"from":[12.35,11.33891,7.6],"to":[12.65,12.13891,8.4],"rotation":{"angle":22.5,"axis":"z","origin":[14,13.03891,8]},"faces":{"north":{"uv":[14,10.66667,14.16667,11.16667],"texture":"#1"},"east":{"uv":[4.66667,14,5.16667,14.5],"texture":"#1"},"south":{"uv":[10.66667,14,10.83333,14.5],"texture":"#1"},"west":{"uv":[14,4.66667,14.5,5.16667],"texture":"#1"},"up":{"uv":[11.83333,14.16667,11.33333,14],"rotation":90,"texture":"#1"},"down":{"uv":[14.5,11.33333,14,11.5],"rotation":270,"texture":"#1"}}},{"from":[12,11.43891,7.7],"to":[13,12.03891,8.3],"rotation":{"angle":22.5,"axis":"z","origin":[14,13.03891,8]},"faces":{"north":{"uv":[14,8,14.66667,8.33333],"texture":"#1"},"east":{"uv":[10,14,10.33333,14.33333],"texture":"#1"},"south":{"uv":[8,14,8.66667,14.33333],"texture":"#1"},"west":{"uv":[14,10,14.33333,10.33333],"texture":"#1"},"up":{"uv":[9,14.66667,8.66667,14],"rotation":90,"texture":"#1"},"down":{"uv":[14.33333,8.66667,14,9.33333],"rotation":270,"texture":"#1"}}},{"from":[10.32585,10.28981,7.6],"to":[10.62585,11.08981,8.4],"rotation":{"angle":22.5,"axis":"z","origin":[11.72585,10.68981,8]},"faces":{"north":{"uv":[14.16667,10.66667,14,11.16667],"texture":"#1"},"east":{"uv":[14.5,4.66667,14,5.16667],"texture":"#1"},"south":{"uv":[10.83333,14,10.66667,14.5],"texture":"#1"},"west":{"uv":[5.16667,14,4.66667,14.5],"texture":"#1"},"up":{"uv":[11.83333,14,11.33333,14.16667],"rotation":90,"texture":"#1"},"down":{"uv":[14.5,11.5,14,11.33333],"rotation":270,"texture":"#1"}}},{"from":[9.97585,10.38981,7.7],"to":[10.97585,10.98981,8.3],"rotation":{"angle":22.5,"axis":"z","origin":[11.72585,10.68981,8]},"faces":{"north":{"uv":[14.66667,8,14,8.33333],"texture":"#1"},"east":{"uv":[14.33333,10,14,10.33333],"texture":"#1"},"south":{"uv":[8.66667,14,8,14.33333],"texture":"#1"},"west":{"uv":[10.33333,14,10,14.33333],"texture":"#1"},"up":{"uv":[9,14,8.66667,14.66667],"rotation":90,"texture":"#1"},"down":{"uv":[14.33333,9.33333,14,8.66667],"rotation":270,"texture":"#1"}}},{"from":[8.97585,10.18981,7.5],"to":[9.97585,11.18981,8.5],"rotation":{"angle":22.5,"axis":"z","origin":[11.72585,10.68981,8]},"faces":{"north":{"uv":[11.33333,13.33333,10.66667,14],"texture":"#1"},"east":{"uv":[7.33333,13.33333,6.66667,14],"texture":"#1"},"south":{"uv":[6.66667,13.33333,6,14],"texture":"#1"},"west":{"uv":[6,13.33333,5.33333,14],"texture":"#1"},"up":{"uv":[14,10.66667,13.33333,11.33333],"rotation":90,"texture":"#1"},"down":{"uv":[12,14,11.33333,13.33333],"rotation":270,"texture":"#1"}}},{"from":[5.6384,8.56675,7.5244],"to":[6.5896,10.46915,8.4756],"rotation":{"angle":-22.5,"axis":"z","origin":[5.54,8.69795,8]},"faces":{"north":{"uv":[10,11.33333,9.33333,12.66667],"texture":"#1"},"east":{"uv":[9.33333,11.33333,8.66667,12.66667],"texture":"#1"},"south":{"uv":[8.66667,11.33333,8,12.66667],"texture":"#1"},"west":{"uv":[8,11.33333,7.33333,12.66667],"texture":"#1"},"up":{"uv":[12.66667,12.66667,12,13.33333],"rotation":90,"texture":"#1"},"down":{"uv":[13.33333,12.66667,12.66667,12],"rotation":270,"texture":"#1"}}},{"from":[2.60851,7.38467,7.5244],"to":[3.55971,9.28707,8.4756],"rotation":{"angle":-45,"axis":"z","origin":[3.08411,8.33587,8]},"faces":{"north":{"uv":[12.66667,5.33333,12,6.66667],"texture":"#1"},"east":{"uv":[12.66667,3.33333,12,4.66667],"texture":"#1"},"south":{"uv":[12,11.33333,11.33333,12.66667],"texture":"#1"},"west":{"uv":[11.33333,11.33333,10.66667,12.66667],"texture":"#1"},"up":{"uv":[13.33333,12.66667,12.66667,13.33333],"rotation":90,"texture":"#1"},"down":{"uv":[0.66667,14,0,13.33333],"rotation":270,"texture":"#1"}}},{"from":[7.1011,8.43224,7.7704],"to":[8.0523,9.51464,8.2296],"rotation":{"angle":-22.5,"axis":"z","origin":[7.5767,9.62944,8.246]},"faces":{"north":{"uv":[14,0.66667,13.33333,1.33333],"texture":"#1"},"east":{"uv":[14.33333,5.33333,14,6],"texture":"#1"},"south":{"uv":[1.33333,13.33333,0.66667,14],"texture":"#1"},"west":{"uv":[5.66667,14,5.33333,14.66667],"texture":"#1"},"up":{"uv":[6.33333,14,6,14.66667],"rotation":90,"texture":"#1"},"down":{"uv":[14.33333,6.66667,14,6],"rotation":270,"texture":"#1"}}},{"from":[6.37868,5.7247,7.5],"to":[7.37868,7.7247,8.5],"rotation":{"angle":45,"axis":"z","origin":[5.87868,6.7247,7.5]},"faces":{"north":{"uv":[12.66667,11.33333,12,12.66667],"texture":"#1"},"east":{"uv":[12.66667,10,12,11.33333],"texture":"#1"},"south":{"uv":[12.66667,8.66667,12,10],"texture":"#1"},"west":{"uv":[12.66667,6.66667,12,8],"texture":"#1"},"up":{"uv":[2,13.33333,1.33333,14],"rotation":90,"texture":"#1"},"down":{"uv":[14,2,13.33333,1.33333],"rotation":270,"texture":"#1"}}},{"from":[4.07157,7.2318,7.6],"to":[7.07157,8.2318,8.4],"rotation":{"angle":-22.5,"axis":"z","origin":[5.17157,7.4318,8]},"faces":{"north":{"uv":[11.33333,6,9.33333,6.66667],"texture":"#1"},"east":{"uv":[14.5,2,14,2.66667],"texture":"#1"},"south":{"uv":[11.33333,5.33333,9.33333,6],"texture":"#1"},"west":{"uv":[14.5,1.33333,14,2],"texture":"#1"},"up":{"uv":[5.83333,11.33333,5.33333,13.33333],"rotation":90,"texture":"#1"},"down":{"uv":[11.83333,7.33333,11.33333,5.33333],"rotation":270,"texture":"#1"}}},{"from":[3.7428,4.4735,7.6],"to":[4.7428,7.4735,8.4],"rotation":{"angle":45,"axis":"z","origin":[3.0428,6.4735,8]},"faces":{"north":{"uv":[3.33333,9.33333,2.66667,11.33333],"texture":"#1"},"east":{"uv":[7.16667,11.33333,6.66667,13.33333],"texture":"#1"},"south":{"uv":[2.66667,9.33333,2,11.33333],"texture":"#1"},"west":{"uv":[6.5,11.33333,6,13.33333],"texture":"#1"},"up":{"uv":[3.16667,14,2.66667,14.66667],"rotation":90,"texture":"#1"},"down":{"uv":[14.5,3.33333,14,2.66667],"rotation":270,"texture":"#1"}}},{"from":[5.1591,6.86848,7.8],"to":[6.1591,7.86848,8.2],"rotation":{"angle":45,"axis":"z","origin":[5.6591,6.96848,7.8]},"faces":{"north":{"uv":[14,2.66667,13.33333,3.33333],"texture":"#1"},"east":{"uv":[14.33333,6.66667,14,7.33333],"texture":"#1"},"south":{"uv":[14,2,13.33333,2.66667],"texture":"#1"},"west":{"uv":[7,14,6.66667,14.66667],"texture":"#1"},"up":{"uv":[7.66667,14,7.33333,14.66667],"rotation":90,"texture":"#1"},"down":{"uv":[14.33333,8,14,7.33333],"rotation":270,"texture":"#1"}}},{"from":[2.07157,6.7568,7.5],"to":[5.07157,7.7568,8.5],"rotation":{"angle":-22.5,"axis":"z","origin":[5.17157,7.4318,8]},"faces":{"north":{"uv":[11.33333,8.66667,9.33333,9.33333],"texture":"#1"},"east":{"uv":[14,4,13.33333,4.66667],"texture":"#1"},"south":{"uv":[9.33333,9.33333,7.33333,10],"texture":"#1"},"west":{"uv":[14,3.33333,13.33333,4],"texture":"#1"},"up":{"uv":[5.33333,9.33333,4.66667,11.33333],"rotation":90,"texture":"#1"},"down":{"uv":[6,11.33333,5.33333,9.33333],"rotation":270,"texture":"#1"}}},{"from":[1.61983,7.70736,7.655],"to":[2.61983,12.70736,8.345],"rotation":{"angle":22.5,"axis":"z","origin":[1.31983,9.90736,8]},"faces":{"north":{"uv":[0.66667,8,0,11.33333],"texture":"#1"},"east":{"uv":[4.5,8,4,11.33333],"texture":"#1"},"south":{"uv":[8,5.33333,7.33333,8.66667],"texture":"#1"},"west":{"uv":[3.83333,8,3.33333,11.33333],"texture":"#1"},"up":{"uv":[3.83333,14,3.33333,14.66667],"rotation":90,"texture":"#1"},"down":{"uv":[14.5,4,14,3.33333],"rotation":270,"texture":"#1"}}},{"from":[-0.6,12.63891,7.5],"to":[1.1,14.33891,8.5],"rotation":{"angle":45,"axis":"z","origin":[1,13.53891,8]},"faces":{"north":{"uv":[9.16667,5.33333,8,6.5],"texture":"#1"},"east":{"uv":[4,12.66667,3.33333,13.83333],"texture":"#1"},"south":{"uv":[5.83333,8,4.66667,9.16667],"texture":"#1"},"west":{"uv":[3.33333,12.66667,2.66667,13.83333],"texture":"#1"},"up":{"uv":[13.33333,3.33333,12.66667,4.5],"rotation":90,"texture":"#1"},"down":{"uv":[4.66667,13.83333,4,12.66667],"rotation":270,"texture":"#1"}}},{"from":[2,11.23891,7.5],"to":[3,12.23891,8.5],"rotation":{"angle":-22.5,"axis":"z","origin":[2,13.03891,8]},"faces":{"north":{"uv":[11.33333,13.33333,10.66667,14],"texture":"#1"},"east":{"uv":[7.33333,13.33333,6.66667,14],"texture":"#1"},"south":{"uv":[6.66667,13.33333,6,14],"texture":"#1"},"west":{"uv":[6,13.33333,5.33333,14],"texture":"#1"},"up":{"uv":[14,10.66667,13.33333,11.33333],"rotation":90,"texture":"#1"},"down":{"uv":[12,14,11.33333,13.33333],"rotation":270,"texture":"#1"}}},{"from":[3,11.43891,7.7],"to":[4,12.03891,8.3],"rotation":{"angle":-22.5,"axis":"z","origin":[2,13.03891,8]},"faces":{"north":{"uv":[14.66667,8,14,8.33333],"texture":"#1"},"east":{"uv":[14.33333,10,14,10.33333],"texture":"#1"},"south":{"uv":[8.66667,14,8,14.33333],"texture":"#1"},"west":{"uv":[10.33333,14,10,14.33333],"texture":"#1"},"up":{"uv":[9,14,8.66667,14.66667],"rotation":90,"texture":"#1"},"down":{"uv":[14.33333,9.33333,14,8.66667],"rotation":270,"texture":"#1"}}},{"from":[3.35,11.33891,7.6],"to":[3.65,12.13891,8.4],"rotation":{"angle":-22.5,"axis":"z","origin":[2,13.03891,8]},"faces":{"north":{"uv":[14.16667,10.66667,14,11.16667],"texture":"#1"},"east":{"uv":[14.5,4.66667,14,5.16667],"texture":"#1"},"south":{"uv":[10.83333,14,10.66667,14.5],"texture":"#1"},"west":{"uv":[5.16667,14,4.66667,14.5],"texture":"#1"},"up":{"uv":[11.83333,14,11.33333,14.16667],"rotation":90,"texture":"#1"},"down":{"uv":[14.5,11.5,14,11.33333],"rotation":270,"texture":"#1"}}},{"from":[6.02415,10.18981,7.5],"to":[7.02415,11.18981,8.5],"rotation":{"angle":-22.5,"axis":"z","origin":[4.27415,10.68981,8]},"faces":{"north":{"uv":[10.66667,13.33333,11.33333,14],"texture":"#1"},"east":{"uv":[5.33333,13.33333,6,14],"texture":"#1"},"south":{"uv":[6,13.33333,6.66667,14],"texture":"#1"},"west":{"uv":[6.66667,13.33333,7.33333,14],"texture":"#1"},"up":{"uv":[14,11.33333,13.33333,10.66667],"rotation":90,"texture":"#1"},"down":{"uv":[12,13.33333,11.33333,14],"rotation":270,"texture":"#1"}}},{"from":[5.02415,10.38981,7.7],"to":[6.02415,10.98981,8.3],"rotation":{"angle":-22.5,"axis":"z","origin":[4.27415,10.68981,8]},"faces":{"north":{"uv":[14,8,14.66667,8.33333],"texture":"#1"},"east":{"uv":[10,14,10.33333,14.33333],"texture":"#1"},"south":{"uv":[8,14,8.66667,14.33333],"texture":"#1"},"west":{"uv":[14,10,14.33333,10.33333],"texture":"#1"},"up":{"uv":[9,14.66667,8.66667,14],"rotation":90,"texture":"#1"},"down":{"uv":[14.33333,8.66667,14,9.33333],"rotation":270,"texture":"#1"}}},{"from":[5.37415,10.28981,7.6],"to":[5.67415,11.08981,8.4],"rotation":{"angle":-22.5,"axis":"z","origin":[4.27415,10.68981,8]},"faces":{"north":{"uv":[14,10.66667,14.16667,11.16667],"texture":"#1"},"east":{"uv":[4.66667,14,5.16667,14.5],"texture":"#1"},"south":{"uv":[10.66667,14,10.83333,14.5],"texture":"#1"},"west":{"uv":[14,4.66667,14.5,5.16667],"texture":"#1"},"up":{"uv":[11.83333,14.16667,11.33333,14],"rotation":90,"texture":"#1"},"down":{"uv":[14.5,11.33333,14,11.5],"rotation":270,"texture":"#1"}}},{"from":[16.9,3.73891,8],"to":[27.9,7.73891,8],"rotation":{"angle":-22.5,"axis":"z","origin":[17.95,6.03891,8]},"faces":{"north":{"uv":[0,5.33333,7.33333,8],"texture":"#1"},"east":{"uv":[0,0,0,2.66667],"texture":"#1"},"south":{"uv":[7.33333,5.33333,0,8],"texture":"#1"},"west":{"uv":[0,0,0,2.66667],"texture":"#1"},"up":{"uv":[0,7.33333,0,0],"rotation":90,"texture":"#1"},"down":{"uv":[0,0,0,7.33333],"rotation":270,"texture":"#1"}}},{"from":[17.90711,3.69246,7.75],"to":[18.70711,7.09246,8.25],"rotation":{"angle":22.5,"axis":"z","origin":[17.95,6.03891,8]},"faces":{"north":{"uv":[10,0,12.33333,0.5],"rotation":270,"texture":"#1"},"east":{"uv":[13,3,12.66667,0.66667],"rotation":180,"texture":"#1"},"south":{"uv":[9.33333,9.33333,11.66667,9.83333],"rotation":90,"texture":"#1"},"west":{"uv":[2.33333,12.66667,2,15],"texture":"#1"},"up":{"uv":[14,9.33333,14.33333,9.83333],"rotation":90,"texture":"#1"},"down":{"uv":[9.33333,14,9.66667,14.5],"rotation":90,"texture":"#1"}}},{"from":[17.11464,5.07348,7.4925],"to":[17.91464,7.48848,8.5075],"rotation":{"angle":22.5,"axis":"z","origin":[17.95,6.03891,8]},"faces":{"north":{"uv":[12.66667,0,14.33333,0.5],"rotation":270,"texture":"#1"},"east":{"uv":[10.66667,2.33333,10,0.66667],"rotation":180,"texture":"#1"},"south":{"uv":[0,12.66667,1.66667,13.16667],"rotation":90,"texture":"#1"},"west":{"uv":[10.66667,2.66667,10,4.33333],"texture":"#1"},"up":{"uv":[1.33333,14,2,14.5],"rotation":90,"texture":"#1"},"down":{"uv":[14,0.66667,14.66667,1.16667],"rotation":90,"texture":"#1"}}},{"from":[15.08622,7.48848,7.505],"to":[15.88622,8.90348,8.495],"rotation":{"angle":22.5,"axis":"z","origin":[17.95,6.03891,8]},"faces":{"north":{"uv":[10.66667,12.66667,11.66667,13.16667],"rotation":270,"texture":"#1"},"east":{"uv":[5.33333,13.66667,4.66667,12.66667],"rotation":180,"texture":"#1"},"south":{"uv":[12.66667,10,13.66667,10.5],"rotation":90,"texture":"#1"},"west":{"uv":[10.66667,12.66667,10,13.66667],"texture":"#1"},"up":{"uv":[0.66667,14,1.33333,14.5],"rotation":90,"texture":"#1"},"down":{"uv":[0,14,0.66667,14.5],"rotation":90,"texture":"#1"}}},{"from":[13.9,6.03891,7.5],"to":[16.9,7.03891,8.5],"rotation":{"angle":-22.5,"axis":"z","origin":[17.95,6.03891,8]},"faces":{"north":{"uv":[7.33333,8.66667,9.33333,9.33333],"texture":"#1"},"east":{"uv":[12.66667,10.66667,13.33333,11.33333],"texture":"#1"},"south":{"uv":[8,8,10,8.66667],"texture":"#1"},"west":{"uv":[12.66667,11.33333,13.33333,12],"texture":"#1"},"up":{"uv":[1.33333,11.33333,0.66667,9.33333],"rotation":90,"texture":"#1"},"down":{"uv":[2,9.33333,1.33333,11.33333],"rotation":270,"texture":"#1"}}},{"from":[14.9,5.03891,7.5],"to":[17.9,6.03891,8.5],"rotation":{"angle":-22.5,"axis":"z","origin":[17.95,6.03891,8]},"faces":{"north":{"uv":[8,7.33333,10,8],"texture":"#1"},"east":{"uv":[11.33333,7.33333,12,8],"texture":"#1"},"south":{"uv":[8,6.66667,10,7.33333],"texture":"#1"},"west":{"uv":[11.33333,8.66667,12,9.33333],"texture":"#1"},"up":{"uv":[6.66667,10,6,8],"rotation":90,"texture":"#1"},"down":{"uv":[7.33333,8,6.66667,10],"rotation":270,"texture":"#1"}}},{"from":[13.98266,8.36482,7.75],"to":[15.48266,9.86482,8.25],"rotation":{"angle":22.5,"axis":"z","origin":[17.95,6.03891,8]},"faces":{"north":{"uv":[10.66667,10,11.66667,11],"rotation":270,"texture":"#1"},"east":{"uv":[13,14.33333,12.66667,13.33333],"rotation":180,"texture":"#1"},"south":{"uv":[10.66667,3.33333,11.66667,4.33333],"rotation":90,"texture":"#1"},"west":{"uv":[13.66667,12.66667,13.33333,13.66667],"texture":"#1"},"up":{"uv":[12,13.33333,12.33333,14.33333],"rotation":90,"texture":"#1"},"down":{"uv":[13.33333,11.33333,13.66667,12.33333],"rotation":90,"texture":"#1"}}},{"from":[-11.9,3.73891,8],"to":[-0.9,7.73891,8],"rotation":{"angle":22.5,"axis":"z","origin":[-1.95,6.03891,8]},"faces":{"north":{"uv":[7.33333,5.33333,0,8],"texture":"#1"},"east":{"uv":[0,0,0,2.66667],"texture":"#1"},"south":{"uv":[0,5.33333,7.33333,8],"texture":"#1"},"west":{"uv":[0,0,0,2.66667],"texture":"#1"},"up":{"uv":[0,0,0,7.33333],"rotation":90,"texture":"#1"},"down":{"uv":[0,7.33333,0,0],"rotation":270,"texture":"#1"}}},{"from":[-2.70711,3.69246,7.75],"to":[-1.90711,7.09246,8.25],"rotation":{"angle":-22.5,"axis":"z","origin":[-1.95,6.03891,8]},"faces":{"north":{"uv":[10,0.5,12.33333,0],"rotation":270,"texture":"#1"},"east":{"uv":[2,12.66667,2.33333,15],"texture":"#1"},"south":{"uv":[9.33333,9.83333,11.66667,9.33333],"rotation":90,"texture":"#1"},"west":{"uv":[12.66667,3,13,0.66667],"rotation":180,"texture":"#1"},"up":{"uv":[14,9.83333,14.33333,9.33333],"rotation":90,"texture":"#1"},"down":{"uv":[9.33333,14.5,9.66667,14],"rotation":90,"texture":"#1"}}},{"from":[-1.91464,5.07348,7.4925],"to":[-1.11464,7.48848,8.5075],"rotation":{"angle":-22.5,"axis":"z","origin":[-1.95,6.03891,8]},"faces":{"north":{"uv":[12.66667,0.5,14.33333,0],"rotation":270,"texture":"#1"},"east":{"uv":[10,2.66667,10.66667,4.33333],"texture":"#1"},"south":{"uv":[0,13.16667,1.66667,12.66667],"rotation":90,"texture":"#1"},"west":{"uv":[10,2.33333,10.66667,0.66667],"rotation":180,"texture":"#1"},"up":{"uv":[1.33333,14.5,2,14],"rotation":90,"texture":"#1"},"down":{"uv":[14,1.16667,14.66667,0.66667],"rotation":90,"texture":"#1"}}},{"from":[0.11378,7.48848,7.505],"to":[0.91378,8.90348,8.495],"rotation":{"angle":-22.5,"axis":"z","origin":[-1.95,6.03891,8]},"faces":{"north":{"uv":[10.66667,13.16667,11.66667,12.66667],"rotation":270,"texture":"#1"},"east":{"uv":[10,12.66667,10.66667,13.66667],"texture":"#1"},"south":{"uv":[12.66667,10.5,13.66667,10],"rotation":90,"texture":"#1"},"west":{"uv":[4.66667,13.66667,5.33333,12.66667],"rotation":180,"texture":"#1"},"up":{"uv":[0.66667,14.5,1.33333,14],"rotation":90,"texture":"#1"},"down":{"uv":[0,14.5,0.66667,14],"rotation":90,"texture":"#1"}}},{"from":[-0.9,6.03891,7.5],"to":[2.1,7.03891,8.5],"rotation":{"angle":22.5,"axis":"z","origin":[-1.95,6.03891,8]},"faces":{"north":{"uv":[9.33333,8.66667,7.33333,9.33333],"texture":"#1"},"east":{"uv":[13.33333,11.33333,12.66667,12],"texture":"#1"},"south":{"uv":[10,8,8,8.66667],"texture":"#1"},"west":{"uv":[13.33333,10.66667,12.66667,11.33333],"texture":"#1"},"up":{"uv":[1.33333,9.33333,0.66667,11.33333],"rotation":90,"texture":"#1"},"down":{"uv":[2,11.33333,1.33333,9.33333],"rotation":270,"texture":"#1"}}},{"from":[-1.9,5.03891,7.5],"to":[1.1,6.03891,8.5],"rotation":{"angle":22.5,"axis":"z","origin":[-1.95,6.03891,8]},"faces":{"north":{"uv":[10,7.33333,8,8],"texture":"#1"},"east":{"uv":[12,8.66667,11.33333,9.33333],"texture":"#1"},"south":{"uv":[10,6.66667,8,7.33333],"texture":"#1"},"west":{"uv":[12,7.33333,11.33333,8],"texture":"#1"},"up":{"uv":[6.66667,8,6,10],"rotation":90,"texture":"#1"},"down":{"uv":[7.33333,10,6.66667,8],"rotation":270,"texture":"#1"}}},{"from":[0.51734,8.36482,7.75],"to":[2.01734,9.86482,8.25],"rotation":{"angle":-22.5,"axis":"z","origin":[-1.95,6.03891,8]},"faces":{"north":{"uv":[10.66667,11,11.66667,10],"rotation":270,"texture":"#1"},"east":{"uv":[13.33333,12.66667,13.66667,13.66667],"texture":"#1"},"south":{"uv":[10.66667,4.33333,11.66667,3.33333],"rotation":90,"texture":"#1"},"west":{"uv":[12.66667,14.33333,13,13.33333],"rotation":180,"texture":"#1"},"up":{"uv":[12,14.33333,12.33333,13.33333],"rotation":90,"texture":"#1"},"down":{"uv":[13.33333,12.33333,13.66667,11.33333],"rotation":90,"texture":"#1"}}},{"from":[15.5,8.33891,8],"to":[30.5,12.33891,8],"rotation":{"angle":0,"axis":"x","origin":[19.15,10.23891,8]},"faces":{"north":{"uv":[0,2.66667,10,5.33333],"texture":"#1"},"east":{"uv":[0,0,0,2.66667],"texture":"#1"},"south":{"uv":[10,2.66667,0,5.33333],"texture":"#1"},"west":{"uv":[0,0,0,2.66667],"texture":"#1"},"up":{"uv":[0,10,0,0],"rotation":90,"texture":"#1"},"down":{"uv":[0,0,0,10],"rotation":270,"texture":"#1"}}},{"from":[15.74835,7.09584,7.75],"to":[17.24835,8.59584,8.25],"rotation":{"angle":-45,"axis":"z","origin":[19.15,10.63891,8]},"faces":{"north":{"uv":[10.66667,10,11.66667,11],"texture":"#1"},"east":{"uv":[13.33333,11.33333,13.66667,12.33333],"texture":"#1"},"south":{"uv":[10.66667,3.33333,11.66667,4.33333],"texture":"#1"},"west":{"uv":[12,13.33333,12.33333,14.33333],"texture":"#1"},"up":{"uv":[13,14.33333,12.66667,13.33333],"rotation":90,"texture":"#1"},"down":{"uv":[13.66667,12.66667,13.33333,13.66667],"rotation":270,"texture":"#1"}}},{"from":[16.7097,7.79939,7.505],"to":[18.1247,8.59939,8.495],"rotation":{"angle":-45,"axis":"z","origin":[19.15,10.23891,8]},"faces":{"north":{"uv":[10.66667,12.66667,11.66667,13.16667],"texture":"#1"},"east":{"uv":[0,14,0.66667,14.5],"texture":"#1"},"south":{"uv":[12.66667,10,13.66667,10.5],"texture":"#1"},"west":{"uv":[0.66667,14,1.33333,14.5],"texture":"#1"},"up":{"uv":[5.33333,13.66667,4.66667,12.66667],"rotation":90,"texture":"#1"},"down":{"uv":[10.66667,12.66667,10,13.66667],"rotation":270,"texture":"#1"}}},{"from":[16.7,9.23891,7.5],"to":[19.7,10.23891,8.5],"rotation":{"angle":0,"axis":"x","origin":[19.15,10.23891,8]},"faces":{"north":{"uv":[8,7.33333,10,8],"texture":"#1"},"east":{"uv":[11.33333,7.33333,12,8],"texture":"#1"},"south":{"uv":[8,6.66667,10,7.33333],"texture":"#1"},"west":{"uv":[11.33333,8.66667,12,9.33333],"texture":"#1"},"up":{"uv":[6.66667,10,6,8],"rotation":90,"texture":"#1"},"down":{"uv":[7.33333,8,6.66667,10],"rotation":270,"texture":"#1"}}},{"from":[18.1247,9.82782,7.4925],"to":[20.5397,10.62782,8.5075],"rotation":{"angle":-45,"axis":"z","origin":[19.15,10.23891,8]},"faces":{"north":{"uv":[12.66667,0,14.33333,0.5],"texture":"#1"},"east":{"uv":[14,0.66667,14.66667,1.16667],"texture":"#1"},"south":{"uv":[0,12.66667,1.66667,13.16667],"texture":"#1"},"west":{"uv":[1.33333,14,2,14.5],"texture":"#1"},"up":{"uv":[10.66667,2.33333,10,0.66667],"rotation":90,"texture":"#1"},"down":{"uv":[10.66667,2.66667,10,4.33333],"rotation":270,"texture":"#1"}}},{"from":[15.7,10.23891,7.5],"to":[18.7,11.23891,8.5],"rotation":{"angle":0,"axis":"x","origin":[19.15,10.23891,8]},"faces":{"north":{"uv":[7.33333,8.66667,9.33333,9.33333],"texture":"#1"},"east":{"uv":[12.66667,10.66667,13.33333,11.33333],"texture":"#1"},"south":{"uv":[8,8,10,8.66667],"texture":"#1"},"west":{"uv":[12.66667,11.33333,13.33333,12],"texture":"#1"},"up":{"uv":[1.33333,11.33333,0.66667,9.33333],"rotation":90,"texture":"#1"},"down":{"uv":[2,9.33333,1.33333,11.33333],"rotation":270,"texture":"#1"}}},{"from":[18.52071,10.62028,7.75],"to":[21.92071,11.42028,8.25],"rotation":{"angle":-45,"axis":"z","origin":[19.15,10.23891,8]},"faces":{"north":{"uv":[10,0,12.33333,0.5],"texture":"#1"},"east":{"uv":[9.33333,14,9.66667,14.5],"texture":"#1"},"south":{"uv":[9.33333,9.33333,11.66667,9.83333],"texture":"#1"},"west":{"uv":[14,9.33333,14.33333,9.83333],"texture":"#1"},"up":{"uv":[13,3,12.66667,0.66667],"rotation":90,"texture":"#1"},"down":{"uv":[2.33333,12.66667,2,15],"rotation":270,"texture":"#1"}}},{"from":[-14.5,8.33891,8],"to":[0.5,12.33891,8],"rotation":{"angle":0,"axis":"x","origin":[-3.15,10.23891,8]},"faces":{"north":{"uv":[10,2.66667,0,5.33333],"texture":"#1"},"east":{"uv":[0,0,0,2.66667],"texture":"#1"},"south":{"uv":[0,2.66667,10,5.33333],"texture":"#1"},"west":{"uv":[0,0,0,2.66667],"texture":"#1"},"up":{"uv":[0,0,0,10],"rotation":90,"texture":"#1"},"down":{"uv":[0,10,0,0],"rotation":270,"texture":"#1"}}},{"from":[-1.24835,7.09584,7.75],"to":[0.25165,8.59584,8.25],"rotation":{"angle":45,"axis":"z","origin":[-3.15,10.63891,8]},"faces":{"north":{"uv":[11.66667,10,10.66667,11],"texture":"#1"},"east":{"uv":[12.33333,13.33333,12,14.33333],"texture":"#1"},"south":{"uv":[11.66667,3.33333,10.66667,4.33333],"texture":"#1"},"west":{"uv":[13.66667,11.33333,13.33333,12.33333],"texture":"#1"},"up":{"uv":[13,13.33333,12.66667,14.33333],"rotation":90,"texture":"#1"},"down":{"uv":[13.66667,13.66667,13.33333,12.66667],"rotation":270,"texture":"#1"}}},{"from":[-2.1247,7.79939,7.505],"to":[-0.7097,8.59939,8.495],"rotation":{"angle":45,"axis":"z","origin":[-3.15,10.23891,8]},"faces":{"north":{"uv":[11.66667,12.66667,10.66667,13.16667],"texture":"#1"},"east":{"uv":[1.33333,14,0.66667,14.5],"texture":"#1"},"south":{"uv":[13.66667,10,12.66667,10.5],"texture":"#1"},"west":{"uv":[0.66667,14,0,14.5],"texture":"#1"},"up":{"uv":[5.33333,12.66667,4.66667,13.66667],"rotation":90,"texture":"#1"},"down":{"uv":[10.66667,13.66667,10,12.66667],"rotation":270,"texture":"#1"}}},{"from":[-3.7,9.23891,7.5],"to":[-0.7,10.23891,8.5],"rotation":{"angle":0,"axis":"x","origin":[-3.15,10.23891,8]},"faces":{"north":{"uv":[10,7.33333,8,8],"texture":"#1"},"east":{"uv":[12,8.66667,11.33333,9.33333],"texture":"#1"},"south":{"uv":[10,6.66667,8,7.33333],"texture":"#1"},"west":{"uv":[12,7.33333,11.33333,8],"texture":"#1"},"up":{"uv":[6.66667,8,6,10],"rotation":90,"texture":"#1"},"down":{"uv":[7.33333,10,6.66667,8],"rotation":270,"texture":"#1"}}},{"from":[-4.5397,9.82782,7.4925],"to":[-2.1247,10.62782,8.5075],"rotation":{"angle":45,"axis":"z","origin":[-3.15,10.23891,8]},"faces":{"north":{"uv":[14.33333,0,12.66667,0.5],"texture":"#1"},"east":{"uv":[2,14,1.33333,14.5],"texture":"#1"},"south":{"uv":[1.66667,12.66667,0,13.16667],"texture":"#1"},"west":{"uv":[14.66667,0.66667,14,1.16667],"texture":"#1"},"up":{"uv":[10.66667,0.66667,10,2.33333],"rotation":90,"texture":"#1"},"down":{"uv":[10.66667,4.33333,10,2.66667],"rotation":270,"texture":"#1"}}},{"from":[-2.7,10.23891,7.5],"to":[0.3,11.23891,8.5],"rotation":{"angle":0,"axis":"x","origin":[-3.15,10.23891,8]},"faces":{"north":{"uv":[9.33333,8.66667,7.33333,9.33333],"texture":"#1"},"east":{"uv":[13.33333,11.33333,12.66667,12],"texture":"#1"},"south":{"uv":[10,8,8,8.66667],"texture":"#1"},"west":{"uv":[13.33333,10.66667,12.66667,11.33333],"texture":"#1"},"up":{"uv":[1.33333,9.33333,0.66667,11.33333],"rotation":90,"texture":"#1"},"down":{"uv":[2,11.33333,1.33333,9.33333],"rotation":270,"texture":"#1"}}},{"from":[-5.92071,10.62028,7.75],"to":[-2.52071,11.42028,8.25],"rotation":{"angle":45,"axis":"z","origin":[-3.15,10.23891,8]},"faces":{"north":{"uv":[12.33333,0,10,0.5],"texture":"#1"},"east":{"uv":[14.33333,9.33333,14,9.83333],"texture":"#1"},"south":{"uv":[11.66667,9.33333,9.33333,9.83333],"texture":"#1"},"west":{"uv":[9.66667,14,9.33333,14.5],"texture":"#1"},"up":{"uv":[13,0.66667,12.66667,3],"rotation":90,"texture":"#1"},"down":{"uv":[2.33333,15,2,12.66667],"rotation":270,"texture":"#1"}}},{"from":[16.74835,11.89584,7.75],"to":[18.24835,13.39584,8.25],"rotation":{"angle":-22.5,"axis":"z","origin":[20.15,15.43891,8]},"faces":{"north":{"uv":[10.66667,10,11.66667,11],"texture":"#1"},"east":{"uv":[13.33333,11.33333,13.66667,12.33333],"texture":"#1"},"south":{"uv":[10.66667,3.33333,11.66667,4.33333],"texture":"#1"},"west":{"uv":[12,13.33333,12.33333,14.33333],"texture":"#1"},"up":{"uv":[13,14.33333,12.66667,13.33333],"rotation":90,"texture":"#1"},"down":{"uv":[13.66667,12.66667,13.33333,13.66667],"rotation":270,"texture":"#1"}}},{"from":[17.7,14.43891,7.5],"to":[20.7,15.43891,8.5],"rotation":{"angle":22.5,"axis":"z","origin":[20.15,15.43891,8]},"faces":{"north":{"uv":[8,7.33333,10,8],"texture":"#1"},"east":{"uv":[11.33333,7.33333,12,8],"texture":"#1"},"south":{"uv":[8,6.66667,10,7.33333],"texture":"#1"},"west":{"uv":[11.33333,8.66667,12,9.33333],"texture":"#1"},"up":{"uv":[6.66667,10,6,8],"rotation":90,"texture":"#1"},"down":{"uv":[7.33333,8,6.66667,10],"rotation":270,"texture":"#1"}}},{"from":[16.7,15.43891,7.5],"to":[19.7,16.43891,8.5],"rotation":{"angle":22.5,"axis":"z","origin":[20.15,15.43891,8]},"faces":{"north":{"uv":[7.33333,8.66667,9.33333,9.33333],"texture":"#1"},"east":{"uv":[12.66667,10.66667,13.33333,11.33333],"texture":"#1"},"south":{"uv":[8,8,10,8.66667],"texture":"#1"},"west":{"uv":[12.66667,11.33333,13.33333,12],"texture":"#1"},"up":{"uv":[1.33333,11.33333,0.66667,9.33333],"rotation":90,"texture":"#1"},"down":{"uv":[2,9.33333,1.33333,11.33333],"rotation":270,"texture":"#1"}}},{"from":[17.7097,12.99939,7.505],"to":[19.1247,13.79939,8.495],"rotation":{"angle":-22.5,"axis":"z","origin":[20.15,15.43891,8]},"faces":{"north":{"uv":[10.66667,12.66667,11.66667,13.16667],"texture":"#1"},"east":{"uv":[0,14,0.66667,14.5],"texture":"#1"},"south":{"uv":[12.66667,10,13.66667,10.5],"texture":"#1"},"west":{"uv":[0.66667,14,1.33333,14.5],"texture":"#1"},"up":{"uv":[5.33333,13.66667,4.66667,12.66667],"rotation":90,"texture":"#1"},"down":{"uv":[10.66667,12.66667,10,13.66667],"rotation":270,"texture":"#1"}}},{"from":[19.1247,15.02782,7.4925],"to":[21.5397,15.82782,8.5075],"rotation":{"angle":-22.5,"axis":"z","origin":[20.15,15.43891,8]},"faces":{"north":{"uv":[12.66667,0,14.33333,0.5],"texture":"#1"},"east":{"uv":[14,0.66667,14.66667,1.16667],"texture":"#1"},"south":{"uv":[0,12.66667,1.66667,13.16667],"texture":"#1"},"west":{"uv":[1.33333,14,2,14.5],"texture":"#1"},"up":{"uv":[10.66667,2.33333,10,0.66667],"rotation":90,"texture":"#1"},"down":{"uv":[10.66667,2.66667,10,4.33333],"rotation":270,"texture":"#1"}}},{"from":[19.52071,15.82028,7.75],"to":[22.92071,16.62028,8.25],"rotation":{"angle":-22.5,"axis":"z","origin":[20.15,15.43891,8]},"faces":{"north":{"uv":[10,0,12.33333,0.5],"texture":"#1"},"east":{"uv":[9.33333,14,9.66667,14.5],"texture":"#1"},"south":{"uv":[9.33333,9.33333,11.66667,9.83333],"texture":"#1"},"west":{"uv":[14,9.33333,14.33333,9.83333],"texture":"#1"},"up":{"uv":[13,3,12.66667,0.66667],"rotation":90,"texture":"#1"},"down":{"uv":[2.33333,12.66667,2,15],"rotation":270,"texture":"#1"}}},{"from":[16.5,13.33891,8],"to":[31.5,17.33891,8],"rotation":{"angle":22.5,"axis":"z","origin":[20.15,15.43891,8]},"faces":{"north":{"uv":[0,0,10,2.66667],"texture":"#1"},"east":{"uv":[0,0,0,2.66667],"texture":"#1"},"south":{"uv":[10,0,0,2.66667],"texture":"#1"},"west":{"uv":[0,0,0,2.66667],"texture":"#1"},"up":{"uv":[0,10,0,0],"rotation":90,"texture":"#1"},"down":{"uv":[0,0,0,10],"rotation":270,"texture":"#1"}}},{"from":[-2.24835,11.89584,7.75],"to":[-0.74835,13.39584,8.25],"rotation":{"angle":22.5,"axis":"z","origin":[-4.15,15.43891,8]},"faces":{"north":{"uv":[11.66667,10,10.66667,11],"texture":"#1"},"east":{"uv":[12.33333,13.33333,12,14.33333],"texture":"#1"},"south":{"uv":[11.66667,3.33333,10.66667,4.33333],"texture":"#1"},"west":{"uv":[13.66667,11.33333,13.33333,12.33333],"texture":"#1"},"up":{"uv":[13,13.33333,12.66667,14.33333],"rotation":90,"texture":"#1"},"down":{"uv":[13.66667,13.66667,13.33333,12.66667],"rotation":270,"texture":"#1"}}},{"from":[-4.7,14.43891,7.5],"to":[-1.7,15.43891,8.5],"rotation":{"angle":-22.5,"axis":"z","origin":[-4.15,15.43891,8]},"faces":{"north":{"uv":[10,7.33333,8,8],"texture":"#1"},"east":{"uv":[12,8.66667,11.33333,9.33333],"texture":"#1"},"south":{"uv":[10,6.66667,8,7.33333],"texture":"#1"},"west":{"uv":[12,7.33333,11.33333,8],"texture":"#1"},"up":{"uv":[6.66667,8,6,10],"rotation":90,"texture":"#1"},"down":{"uv":[7.33333,10,6.66667,8],"rotation":270,"texture":"#1"}}},{"from":[-3.7,15.43891,7.5],"to":[-0.7,16.43891,8.5],"rotation":{"angle":-22.5,"axis":"z","origin":[-4.15,15.43891,8]},"faces":{"north":{"uv":[9.33333,8.66667,7.33333,9.33333],"texture":"#1"},"east":{"uv":[13.33333,11.33333,12.66667,12],"texture":"#1"},"south":{"uv":[10,8,8,8.66667],"texture":"#1"},"west":{"uv":[13.33333,10.66667,12.66667,11.33333],"texture":"#1"},"up":{"uv":[1.33333,9.33333,0.66667,11.33333],"rotation":90,"texture":"#1"},"down":{"uv":[2,11.33333,1.33333,9.33333],"rotation":270,"texture":"#1"}}},{"from":[-3.1247,12.99939,7.505],"to":[-1.7097,13.79939,8.495],"rotation":{"angle":22.5,"axis":"z","origin":[-4.15,15.43891,8]},"faces":{"north":{"uv":[11.66667,12.66667,10.66667,13.16667],"texture":"#1"},"east":{"uv":[1.33333,14,0.66667,14.5],"texture":"#1"},"south":{"uv":[13.66667,10,12.66667,10.5],"texture":"#1"},"west":{"uv":[0.66667,14,0,14.5],"texture":"#1"},"up":{"uv":[5.33333,12.66667,4.66667,13.66667],"rotation":90,"texture":"#1"},"down":{"uv":[10.66667,13.66667,10,12.66667],"rotation":270,"texture":"#1"}}},{"from":[-5.5397,15.02782,7.4925],"to":[-3.1247,15.82782,8.5075],"rotation":{"angle":22.5,"axis":"z","origin":[-4.15,15.43891,8]},"faces":{"north":{"uv":[14.33333,0,12.66667,0.5],"texture":"#1"},"east":{"uv":[2,14,1.33333,14.5],"texture":"#1"},"south":{"uv":[1.66667,12.66667,0,13.16667],"texture":"#1"},"west":{"uv":[14.66667,0.66667,14,1.16667],"texture":"#1"},"up":{"uv":[10.66667,0.66667,10,2.33333],"rotation":90,"texture":"#1"},"down":{"uv":[10.66667,4.33333,10,2.66667],"rotation":270,"texture":"#1"}}},{"from":[-6.92071,15.82028,7.75],"to":[-3.52071,16.62028,8.25],"rotation":{"angle":22.5,"axis":"z","origin":[-4.15,15.43891,8]},"faces":{"north":{"uv":[12.33333,0,10,0.5],"texture":"#1"},"east":{"uv":[14.33333,9.33333,14,9.83333],"texture":"#1"},"south":{"uv":[11.66667,9.33333,9.33333,9.83333],"texture":"#1"},"west":{"uv":[9.66667,14,9.33333,14.5],"texture":"#1"},"up":{"uv":[13,0.66667,12.66667,3],"rotation":90,"texture":"#1"},"down":{"uv":[2.33333,15,2,12.66667],"rotation":270,"texture":"#1"}}},{"from":[-15.5,13.33891,8],"to":[-0.5,17.33891,8],"rotation":{"angle":-22.5,"axis":"z","origin":[-4.15,15.43891,8]},"faces":{"north":{"uv":[10,0,0,2.66667],"texture":"#1"},"east":{"uv":[0,0,0,2.66667],"texture":"#1"},"south":{"uv":[0,0,10,2.66667],"texture":"#1"},"west":{"uv":[0,0,0,2.66667],"texture":"#1"},"up":{"uv":[0,0,0,10],"rotation":90,"texture":"#1"},"down":{"uv":[0,10,0,0],"rotation":270,"texture":"#1"}}},{"from":[13.6,0.23891,8],"to":[24.6,4.23891,8],"rotation":{"angle":-45,"axis":"z","origin":[14.65,2.53891,8]},"faces":{"north":{"uv":[0,5.33333,7.33333,8],"texture":"#1"},"east":{"uv":[0,0,0,2.66667],"texture":"#1"},"south":{"uv":[7.33333,5.33333,0,8],"texture":"#1"},"west":{"uv":[0,0,0,2.66667],"texture":"#1"},"up":{"uv":[0,7.33333,0,0],"rotation":90,"texture":"#1"},"down":{"uv":[0,0,0,7.33333],"rotation":270,"texture":"#1"}}},{"from":[14.60711,0.19246,7.75],"to":[15.40711,3.59246,8.25],"rotation":{"angle":0,"axis":"x","origin":[14.65,2.53891,8]},"faces":{"north":{"uv":[10,0,12.33333,0.5],"rotation":270,"texture":"#1"},"east":{"uv":[13,3,12.66667,0.66667],"rotation":180,"texture":"#1"},"south":{"uv":[9.33333,9.33333,11.66667,9.83333],"rotation":90,"texture":"#1"},"west":{"uv":[2.33333,12.66667,2,15],"texture":"#1"},"up":{"uv":[14,9.33333,14.33333,9.83333],"rotation":90,"texture":"#1"},"down":{"uv":[9.33333,14,9.66667,14.5],"rotation":90,"texture":"#1"}}},{"from":[13.81464,1.57348,7.4925],"to":[14.61464,3.98848,8.5075],"rotation":{"angle":0,"axis":"x","origin":[14.65,2.53891,8]},"faces":{"north":{"uv":[12.66667,0,14.33333,0.5],"rotation":270,"texture":"#1"},"east":{"uv":[10.66667,2.33333,10,0.66667],"rotation":180,"texture":"#1"},"south":{"uv":[0,12.66667,1.66667,13.16667],"rotation":90,"texture":"#1"},"west":{"uv":[10.66667,2.66667,10,4.33333],"texture":"#1"},"up":{"uv":[1.33333,14,2,14.5],"rotation":90,"texture":"#1"},"down":{"uv":[14,0.66667,14.66667,1.16667],"rotation":90,"texture":"#1"}}},{"from":[11.78622,3.98848,7.505],"to":[12.58622,5.40348,8.495],"rotation":{"angle":0,"axis":"x","origin":[14.65,2.53891,8]},"faces":{"north":{"uv":[10.66667,12.66667,11.66667,13.16667],"rotation":270,"texture":"#1"},"east":{"uv":[5.33333,13.66667,4.66667,12.66667],"rotation":180,"texture":"#1"},"south":{"uv":[12.66667,10,13.66667,10.5],"rotation":90,"texture":"#1"},"west":{"uv":[10.66667,12.66667,10,13.66667],"texture":"#1"},"up":{"uv":[0.66667,14,1.33333,14.5],"rotation":90,"texture":"#1"},"down":{"uv":[0,14,0.66667,14.5],"rotation":90,"texture":"#1"}}},{"from":[10.6,2.53891,7.5],"to":[13.6,3.53891,8.5],"rotation":{"angle":-45,"axis":"z","origin":[14.65,2.53891,8]},"faces":{"north":{"uv":[7.33333,8.66667,9.33333,9.33333],"texture":"#1"},"east":{"uv":[12.66667,10.66667,13.33333,11.33333],"texture":"#1"},"south":{"uv":[8,8,10,8.66667],"texture":"#1"},"west":{"uv":[12.66667,11.33333,13.33333,12],"texture":"#1"},"up":{"uv":[1.33333,11.33333,0.66667,9.33333],"rotation":90,"texture":"#1"},"down":{"uv":[2,9.33333,1.33333,11.33333],"rotation":270,"texture":"#1"}}},{"from":[11.6,1.53891,7.5],"to":[14.6,2.53891,8.5],"rotation":{"angle":-45,"axis":"z","origin":[14.65,2.53891,8]},"faces":{"north":{"uv":[8,7.33333,10,8],"texture":"#1"},"east":{"uv":[11.33333,7.33333,12,8],"texture":"#1"},"south":{"uv":[8,6.66667,10,7.33333],"texture":"#1"},"west":{"uv":[11.33333,8.66667,12,9.33333],"texture":"#1"},"up":{"uv":[6.66667,10,6,8],"rotation":90,"texture":"#1"},"down":{"uv":[7.33333,8,6.66667,10],"rotation":270,"texture":"#1"}}},{"from":[10.68266,4.86482,7.75],"to":[12.18266,6.36482,8.25],"rotation":{"angle":0,"axis":"x","origin":[14.65,2.53891,8]},"faces":{"north":{"uv":[10.66667,10,11.66667,11],"rotation":270,"texture":"#1"},"east":{"uv":[13,14.33333,12.66667,13.33333],"rotation":180,"texture":"#1"},"south":{"uv":[10.66667,3.33333,11.66667,4.33333],"rotation":90,"texture":"#1"},"west":{"uv":[13.66667,12.66667,13.33333,13.66667],"texture":"#1"},"up":{"uv":[12,13.33333,12.33333,14.33333],"rotation":90,"texture":"#1"},"down":{"uv":[13.33333,11.33333,13.66667,12.33333],"rotation":90,"texture":"#1"}}},{"from":[-8.6,0.23891,8],"to":[2.4,4.23891,8],"rotation":{"angle":45,"axis":"z","origin":[1.35,2.53891,8]},"faces":{"north":{"uv":[7.33333,5.33333,0,8],"texture":"#1"},"east":{"uv":[0,0,0,2.66667],"texture":"#1"},"south":{"uv":[0,5.33333,7.33333,8],"texture":"#1"},"west":{"uv":[0,0,0,2.66667],"texture":"#1"},"up":{"uv":[0,0,0,7.33333],"rotation":90,"texture":"#1"},"down":{"uv":[0,7.33333,0,0],"rotation":270,"texture":"#1"}}},{"from":[0.59289,0.19246,7.75],"to":[1.39289,3.59246,8.25],"rotation":{"angle":0,"axis":"x","origin":[1.35,2.53891,8]},"faces":{"north":{"uv":[10,0.5,12.33333,0],"rotation":270,"texture":"#1"},"east":{"uv":[2,12.66667,2.33333,15],"texture":"#1"},"south":{"uv":[9.33333,9.83333,11.66667,9.33333],"rotation":90,"texture":"#1"},"west":{"uv":[12.66667,3,13,0.66667],"rotation":180,"texture":"#1"},"up":{"uv":[14,9.83333,14.33333,9.33333],"rotation":90,"texture":"#1"},"down":{"uv":[9.33333,14.5,9.66667,14],"rotation":90,"texture":"#1"}}},{"from":[1.38536,1.57348,7.4925],"to":[2.18536,3.98848,8.5075],"rotation":{"angle":0,"axis":"x","origin":[1.35,2.53891,8]},"faces":{"north":{"uv":[12.66667,0.5,14.33333,0],"rotation":270,"texture":"#1"},"east":{"uv":[10,2.66667,10.66667,4.33333],"texture":"#1"},"south":{"uv":[0,13.16667,1.66667,12.66667],"rotation":90,"texture":"#1"},"west":{"uv":[10,2.33333,10.66667,0.66667],"rotation":180,"texture":"#1"},"up":{"uv":[1.33333,14.5,2,14],"rotation":90,"texture":"#1"},"down":{"uv":[14,1.16667,14.66667,0.66667],"rotation":90,"texture":"#1"}}},{"from":[3.41378,3.98848,7.505],"to":[4.21378,5.40348,8.495],"rotation":{"angle":0,"axis":"x","origin":[1.35,2.53891,8]},"faces":{"north":{"uv":[10.66667,13.16667,11.66667,12.66667],"rotation":270,"texture":"#1"},"east":{"uv":[10,12.66667,10.66667,13.66667],"texture":"#1"},"south":{"uv":[12.66667,10.5,13.66667,10],"rotation":90,"texture":"#1"},"west":{"uv":[4.66667,13.66667,5.33333,12.66667],"rotation":180,"texture":"#1"},"up":{"uv":[0.66667,14.5,1.33333,14],"rotation":90,"texture":"#1"},"down":{"uv":[0,14.5,0.66667,14],"rotation":90,"texture":"#1"}}},{"from":[2.4,2.53891,7.5],"to":[5.4,3.53891,8.5],"rotation":{"angle":45,"axis":"z","origin":[1.35,2.53891,8]},"faces":{"north":{"uv":[9.33333,8.66667,7.33333,9.33333],"texture":"#1"},"east":{"uv":[13.33333,11.33333,12.66667,12],"texture":"#1"},"south":{"uv":[10,8,8,8.66667],"texture":"#1"},"west":{"uv":[13.33333,10.66667,12.66667,11.33333],"texture":"#1"},"up":{"uv":[1.33333,9.33333,0.66667,11.33333],"rotation":90,"texture":"#1"},"down":{"uv":[2,11.33333,1.33333,9.33333],"rotation":270,"texture":"#1"}}},{"from":[1.4,1.53891,7.5],"to":[4.4,2.53891,8.5],"rotation":{"angle":45,"axis":"z","origin":[1.35,2.53891,8]},"faces":{"north":{"uv":[10,7.33333,8,8],"texture":"#1"},"east":{"uv":[12,8.66667,11.33333,9.33333],"texture":"#1"},"south":{"uv":[10,6.66667,8,7.33333],"texture":"#1"},"west":{"uv":[12,7.33333,11.33333,8],"texture":"#1"},"up":{"uv":[6.66667,8,6,10],"rotation":90,"texture":"#1"},"down":{"uv":[7.33333,10,6.66667,8],"rotation":270,"texture":"#1"}}},{"from":[3.81734,4.86482,7.75],"to":[5.31734,6.36482,8.25],"rotation":{"angle":0,"axis":"x","origin":[1.35,2.53891,8]},"faces":{"north":{"uv":[10.66667,11,11.66667,10],"rotation":270,"texture":"#1"},"east":{"uv":[13.33333,12.66667,13.66667,13.66667],"texture":"#1"},"south":{"uv":[10.66667,4.33333,11.66667,3.33333],"rotation":90,"texture":"#1"},"west":{"uv":[12.66667,14.33333,13,13.33333],"rotation":180,"texture":"#1"},"up":{"uv":[12,14.33333,12.33333,13.33333],"rotation":90,"texture":"#1"},"down":{"uv":[13.33333,12.33333,13.66667,11.33333],"rotation":90,"texture":"#1"}}},{"from":[13.5,5,8],"to":[16.5,5.8,8],"rotation":{"angle":22.5,"axis":"z","origin":[0,0,0]},"faces":{"north":{"uv":[0,0,6,16],"rotation":270,"texture":"#2"},"east":{"uv":[0,0,0,1.33333],"texture":"#2"},"south":{"uv":[6,0,0,16],"rotation":90,"texture":"#2"},"west":{"uv":[0,0,0,1.33333],"texture":"#2"},"up":{"uv":[0,0,2,0],"texture":"#2"},"down":{"uv":[0,0,2,0],"texture":"#2"}}},{"from":[10.2917,10.7292,7.6],"to":[13.2917,10.7292,8.4],"rotation":{"angle":22.5,"axis":"z","origin":[11.7917,10.7292,8]},"faces":{"north":{"uv":[0,0,2,0],"rotation":180,"texture":"#2"},"east":{"uv":[0,0,0,1.33333],"rotation":270,"texture":"#2"},"south":{"uv":[0,0,2,0],"texture":"#2"},"west":{"uv":[0,0,0,1.33333],"rotation":90,"texture":"#2"},"up":{"uv":[0,0,6,16],"rotation":90,"texture":"#2"},"down":{"uv":[6,0,0,16],"rotation":90,"texture":"#2"}}},{"from":[2.7083,10.7292,7.6],"to":[5.7083,10.7292,8.4],"rotation":{"angle":-22.5,"axis":"z","origin":[4.2083,10.7292,8]},"faces":{"north":{"uv":[2,0,0,0],"rotation":180,"texture":"#2"},"east":{"uv":[0,1.33333,0,0],"rotation":90,"texture":"#2"},"south":{"uv":[2,0,0,0],"texture":"#2"},"west":{"uv":[0,1.33333,0,0],"rotation":270,"texture":"#2"},"up":{"uv":[0,16,6,0],"rotation":90,"texture":"#2"},"down":{"uv":[6,16,0,0],"rotation":90,"texture":"#2"}}},{"from":[-0.5,5,8],"to":[2.5,5.8,8],"rotation":{"angle":-22.5,"axis":"z","origin":[16,0,0]},"faces":{"north":{"uv":[0,16,6,0],"rotation":270,"texture":"#2"},"east":{"uv":[0,0,0,1.33333],"texture":"#2"},"south":{"uv":[6,16,0,0],"rotation":90,"texture":"#2"},"west":{"uv":[0,0,0,1.33333],"texture":"#2"},"up":{"uv":[2,0,0,0],"texture":"#2"},"down":{"uv":[2,0,0,0],"texture":"#2"}}},{"from":[3.5,2.9,9.4],"to":[12.5,11.9,9.4],"rotation":{"angle":0,"axis":"y","origin":[8,8,8]},"faces":{"north":{"uv":[12,0,0,12],"texture":"#3"},"east":{"uv":[0,0,0,6],"texture":"#3"},"south":{"uv":[0,0,12,12],"texture":"#3"},"west":{"uv":[0,0,0,6],"texture":"#3"},"up":{"uv":[0,6,0,0],"rotation":270,"texture":"#3"},"down":{"uv":[0,0,0,6],"rotation":90,"texture":"#3"}}}],"gui_light":"front","display":{"thirdperson_righthand":{"rotation":[40,0,0],"translation":[0,0.25,0],"scale":[0.58789,0.58789,0.58789]},"thirdperson_lefthand":{"rotation":[68,0,0],"translation":[-5.5,-6.5,9],"scale":[1.11133,1.11133,1.11133]},"firstperson_righthand":{"translation":[0,3,0],"scale":[0.64844,0.64844,0.64844]},"firstperson_lefthand":{"rotation":[-15,0,0],"translation":[0,-0.5,0],"scale":[0,0,0]},"ground":{"rotation":[40,0,0],"translation":[0,3,0],"scale":[0.66797,0.66797,0.66797]},"gui":{"translation":[0,-0.75,-0.75],"scale":[0.35352,0.35352,0.35352]},"head":{"translation":[0,-39,6.75],"scale":[2,2,2]},"fixed":{"translation":[0,0.25,-1.5],"scale":[1.5,1.5,1.5]}}}