{"textures":{"0":"modelengine:entity/fx_cursed_beast_impact"},"elements":[{"from":[8.0,16.0,5.5],"to":[8.0,22.0,10.5],"faces":{"east":{"uv":[5.75,7.25,8.25,10.25],"tintindex":0,"rotation":0,"texture":"#0"},"west":{"uv":[8.25,7.25,10.75,10.25],"tintindex":0,"rotation":0,"texture":"#0"}}},{"from":[7.0,16.0,5.5],"to":[7.0,20.0,10.5],"faces":{"east":{"uv":[8.25,10.25,10.75,12.25],"tintindex":0,"rotation":0,"texture":"#0"},"west":{"uv":[1.5,10.5,4.0,12.5],"tintindex":0,"rotation":0,"texture":"#0"}}},{"from":[9.0,16.0,5.5],"to":[9.0,20.0,10.5],"faces":{"east":{"uv":[9.75,0.0,12.25,2.0],"tintindex":0,"rotation":0,"texture":"#0"},"west":{"uv":[5.75,10.25,8.25,12.25],"tintindex":0,"rotation":0,"texture":"#0"}}},{"from":[6.5,8.0,5.5],"to":[9.5,16.0,10.5],"faces":{"east":{"uv":[3.25,6.5,5.75,10.5],"tintindex":0,"rotation":0,"texture":"#0"},"south":{"uv":[0.0,9.75,1.5,13.75],"tintindex":0,"rotation":0,"texture":"#0"},"north":{"uv":[9.0,3.25,10.5,7.25],"tintindex":0,"rotation":0,"texture":"#0"},"west":{"uv":[6.5,3.25,9.0,7.25],"tintindex":0,"rotation":0,"texture":"#0"},"up":{"uv":[12.0,4.5,10.5,2.0],"tintindex":0,"rotation":0,"texture":"#0"},"down":{"uv":[5.5,10.5,4.0,13.0],"tintindex":0,"rotation":0,"texture":"#0"}}}],"display":{"gui":{"rotation":[30,225,0]}}}