{"textures":{"0":"modelengine:entity/fx_cursed_beast_impact"},"elements":[{"from":[8.0,19.2,4.5],"to":[8.0,27.6,11.5],"faces":{"east":{"uv":[5.75,7.25,8.25,10.25],"tintindex":0,"rotation":0,"texture":"#0"},"west":{"uv":[8.25,7.25,10.75,10.25],"tintindex":0,"rotation":0,"texture":"#0"}}},{"from":[9.4,19.2,4.5],"to":[9.4,24.8,11.5],"faces":{"east":{"uv":[9.75,0.0,12.25,2.0],"tintindex":0,"rotation":0,"texture":"#0"},"west":{"uv":[5.75,10.25,8.25,12.25],"tintindex":0,"rotation":0,"texture":"#0"}}},{"from":[6.5999994,19.2,4.5],"to":[6.5999994,24.8,11.5],"faces":{"east":{"uv":[8.25,10.25,10.75,12.25],"tintindex":0,"rotation":0,"texture":"#0"},"west":{"uv":[1.5,10.5,4.0,12.5],"tintindex":0,"rotation":0,"texture":"#0"}}},{"from":[5.8999996,8.0,4.5],"to":[10.099999,19.2,11.5],"faces":{"east":{"uv":[3.25,6.5,5.75,10.5],"tintindex":0,"rotation":0,"texture":"#0"},"south":{"uv":[0.0,9.75,1.5,13.75],"tintindex":0,"rotation":0,"texture":"#0"},"north":{"uv":[9.0,3.25,10.5,7.25],"tintindex":0,"rotation":0,"texture":"#0"},"west":{"uv":[6.5,3.25,9.0,7.25],"tintindex":0,"rotation":0,"texture":"#0"},"up":{"uv":[12.0,4.5,10.5,2.0],"tintindex":0,"rotation":0,"texture":"#0"},"down":{"uv":[5.5,10.5,4.0,13.0],"tintindex":0,"rotation":0,"texture":"#0"}}}],"display":{"gui":{"rotation":[30,225,0]}}}