{"textures":{"1":"modelengine:entity/xiddri_groundshatter_light_vfx"},"elements":[{"from":[7.6793227,-8.1,6.17471],"to":[7.6793227,-0.6333332,11.3080435],"faces":{"east":{"uv":[4.5,0.0,0.0,9.25],"tintindex":0,"rotation":0,"texture":"#1"},"west":{"uv":[0.0,0.0,4.5,9.25],"tintindex":0,"rotation":0,"texture":"#1"}},"rotation":{"origin":[10.081747,-2.5,6.747945],"angle":22.5,"axis":"y"}},{"from":[5.3085103,-8.1,8.683702],"to":[10.441844,-1.1000004,8.683702],"faces":{"south":{"uv":[0.0,0.0,4.5,9.25],"tintindex":0,"rotation":0,"texture":"#1"},"north":{"uv":[4.5,0.0,0.0,9.25],"tintindex":0,"rotation":0,"texture":"#1"}},"rotation":{"origin":[8.6817465,-2.5,8.147945],"angle":22.5,"axis":"y"}}],"display":{"gui":{"rotation":[30,225,0]}}}