{
	"credit": "Made with Blockbench",
	"textures": {
		"0": "custom/elitecreatures/vampirelord/claw_attack_long",
		"particle": "custom/elitecreatures/vampirelord/claw_attack_long"
	},
	"elements": [
		{
			"from": [-2, -1.06707, 1.98672],
			"to": [18, 6.93293, 1.98672],
			"rotation": {"angle": 0, "axis": "x", "origin": [8, 2.93273, 4.28329]},
			"faces": {
				"north": {"uv": [11.75, 10.5, 2, 7.5], "rotation": 180, "texture": "#0"},
				"east": {"uv": [0, 0, 0, 12], "rotation": 180, "texture": "#missing"},
				"south": {"uv": [2, 10.5, 11.75, 7.5], "rotation": 180, "texture": "#0"},
				"west": {"uv": [0, 0, 0, 12], "rotation": 180, "texture": "#missing"},
				"up": {"uv": [0, 0, 16, 0], "rotation": 180, "texture": "#missing"},
				"down": {"uv": [0, 0, 16, 0], "rotation": 180, "texture": "#missing"}
			}
		},
		{
			"from": [-2, 5.74957, 0.63173],
			"to": [18, 17.74957, 0.63173],
			"rotation": {"angle": 22.5, "axis": "x", "origin": [8, 2.93273, 4.28329]},
			"faces": {
				"north": {"uv": [2, 4, 11.75, 7.5], "texture": "#0"},
				"east": {"uv": [0, 0, 0, 12], "texture": "#missing"},
				"south": {"uv": [11.75, 4, 2, 7.5], "texture": "#0"},
				"west": {"uv": [0, 0, 0, 12], "texture": "#missing"},
				"up": {"uv": [0, 0, 16, 0], "texture": "#missing"},
				"down": {"uv": [0, 0, 16, 0], "texture": "#missing"}
			}
		},
		{
			"from": [-2, -11.88375, 0.63088],
			"to": [18, 0.11625, 0.63088],
			"rotation": {"angle": -22.5, "axis": "x", "origin": [8, 2.93273, 4.28329]},
			"faces": {
				"north": {"uv": [11.75, 14.25, 2, 10.5], "rotation": 180, "texture": "#0"},
				"east": {"uv": [0, 0, 0, 12], "texture": "#missing"},
				"south": {"uv": [2, 14.25, 11.75, 10.5], "rotation": 180, "texture": "#0"},
				"west": {"uv": [0, 0, 0, 12], "texture": "#missing"},
				"up": {"uv": [0, 0, 16, 0], "texture": "#missing"},
				"down": {"uv": [0, 0, 16, 0], "texture": "#missing"}
			}
		},
		{
			"from": [-2, -11.88375, 1.13088],
			"to": [18, 0.11625, 1.13088],
			"rotation": {"angle": -22.5, "axis": "x", "origin": [8, 2.93273, 4.78329]},
			"faces": {
				"north": {"uv": [11.75, 14.25, 2, 10.5], "rotation": 180, "texture": "#0"},
				"east": {"uv": [0, 0, 0, 12], "texture": "#missing"},
				"south": {"uv": [2, 14.25, 11.75, 10.5], "rotation": 180, "texture": "#0"},
				"west": {"uv": [0, 0, 0, 12], "texture": "#missing"},
				"up": {"uv": [0, 0, 16, 0], "texture": "#missing"},
				"down": {"uv": [0, 0, 16, 0], "texture": "#missing"}
			}
		},
		{
			"from": [-2, 5.74957, 1.13173],
			"to": [18, 17.74957, 1.13173],
			"rotation": {"angle": 22.5, "axis": "x", "origin": [8, 2.93273, 4.78329]},
			"faces": {
				"north": {"uv": [2, 4, 11.75, 7.5], "texture": "#0"},
				"east": {"uv": [0, 0, 0, 12], "texture": "#missing"},
				"south": {"uv": [11.75, 4, 2, 7.5], "texture": "#0"},
				"west": {"uv": [0, 0, 0, 12], "texture": "#missing"},
				"up": {"uv": [0, 0, 16, 0], "texture": "#missing"},
				"down": {"uv": [0, 0, 16, 0], "texture": "#missing"}
			}
		},
		{
			"from": [-2, -1.06707, 2.48672],
			"to": [18, 6.93293, 2.48672],
			"rotation": {"angle": 0, "axis": "y", "origin": [8, 2.93273, 4.78329]},
			"faces": {
				"north": {"uv": [11.75, 10.5, 2, 7.5], "rotation": 180, "texture": "#0"},
				"east": {"uv": [0, 0, 0, 12], "rotation": 180, "texture": "#missing"},
				"south": {"uv": [2, 10.5, 11.75, 7.5], "rotation": 180, "texture": "#0"},
				"west": {"uv": [0, 0, 0, 12], "rotation": 180, "texture": "#missing"},
				"up": {"uv": [0, 0, 16, 0], "rotation": 180, "texture": "#missing"},
				"down": {"uv": [0, 0, 16, 0], "rotation": 180, "texture": "#missing"}
			}
		},
		{
			"from": [-1.5, -11.88375, 0.88088],
			"to": [17.5, 0.11625, 0.88088],
			"rotation": {"angle": -22.5, "axis": "x", "origin": [8, 2.93273, 4.53329]},
			"faces": {
				"north": {"uv": [11.75, 14.25, 2, 10.5], "rotation": 180, "texture": "#0"},
				"east": {"uv": [0, 0, 0, 12], "texture": "#missing"},
				"south": {"uv": [2, 14.25, 11.75, 10.5], "rotation": 180, "texture": "#0"},
				"west": {"uv": [0, 0, 0, 12], "texture": "#missing"},
				"up": {"uv": [0, 0, 16, 0], "texture": "#missing"},
				"down": {"uv": [0, 0, 16, 0], "texture": "#missing"}
			}
		},
		{
			"from": [-1.5, 5.74957, 0.88173],
			"to": [17.5, 17.74957, 0.88173],
			"rotation": {"angle": 22.5, "axis": "x", "origin": [8, 2.93273, 4.53329]},
			"faces": {
				"north": {"uv": [2, 4, 11.75, 7.5], "texture": "#0"},
				"east": {"uv": [0, 0, 0, 12], "texture": "#missing"},
				"south": {"uv": [11.75, 4, 2, 7.5], "texture": "#0"},
				"west": {"uv": [0, 0, 0, 12], "texture": "#missing"},
				"up": {"uv": [0, 0, 16, 0], "texture": "#missing"},
				"down": {"uv": [0, 0, 16, 0], "texture": "#missing"}
			}
		},
		{
			"from": [-1.5, -1.06707, 2.23672],
			"to": [17.5, 6.93293, 2.23672],
			"rotation": {"angle": 0, "axis": "y", "origin": [8, 2.93273, 4.53329]},
			"faces": {
				"north": {"uv": [11.75, 10.5, 2, 7.5], "rotation": 180, "texture": "#0"},
				"east": {"uv": [0, 0, 0, 12], "rotation": 180, "texture": "#missing"},
				"south": {"uv": [2, 10.5, 11.75, 7.5], "rotation": 180, "texture": "#0"},
				"west": {"uv": [0, 0, 0, 12], "rotation": 180, "texture": "#missing"},
				"up": {"uv": [0, 0, 16, 0], "rotation": 180, "texture": "#missing"},
				"down": {"uv": [0, 0, 16, 0], "rotation": 180, "texture": "#missing"}
			}
		}
	],
	"display": {
		"head": {
			"translation": [0, 0, -11.5],
			"scale": [2.11, 2.11, 2.11]
		}
	}
}