{"credit":"Made with Blockbench","texture_size":[256,256],"textures":{"0":"custom/elitecreatures/vampirelord/purple_ball","particle":"custom/elitecreatures/vampirelord/purple_ball"},"elements":[{"from":[-2.232,-0.394,-2.232],"to":[18.232,28.558,18.232],"rotation":{"angle":0,"axis":"y","origin":[8,14.082,8]},"faces":{"north":{"uv":[5,0,6.28125,1.8125],"texture":"#0"},"east":{"uv":[5,1.8125,6.28125,3.625],"texture":"#0"},"south":{"uv":[1.5,5.0625,2.78125,6.875],"texture":"#0"},"west":{"uv":[2.8125,5.6875,4.09375,7.5],"texture":"#0"},"up":{"uv":[8.40625,5,7.125,6.28125],"texture":"#0"},"down":{"uv":[8.40625,5,7.125,6.28125],"texture":"#0"}}},{"from":[-4.104,1.478,-4.104],"to":[20.104,26.686,20.104],"rotation":{"angle":0,"axis":"y","origin":[8,14.082,8]},"faces":{"north":{"uv":[1.75,3.5,3.25,5.0625],"texture":"#0"},"east":{"uv":[3.25,4.125,4.75,5.6875],"texture":"#0"},"south":{"uv":[0,4.375,1.5,5.9375],"texture":"#0"},"west":{"uv":[4.75,4.125,6.25,5.6875],"texture":"#0"},"up":{"uv":[5.625,7.1875,4.125,5.6875],"texture":"#0"},"down":{"uv":[7.125,5.6875,5.625,7.1875],"texture":"#0"}}},{"from":[-5.976,3.35,-4.104],"to":[21.976,24.814,20.104],"rotation":{"angle":0,"axis":"y","origin":[8,14.082,8]},"faces":{"north":{"uv":[0,3,1.75,4.34375],"texture":"#0"},"east":{"uv":[0,5.9375,1.5,7.28125],"texture":"#0"},"south":{"uv":[3.25,0,5,1.34375],"texture":"#0"},"west":{"uv":[6.25,3.625,7.75,4.96875],"texture":"#0"},"up":{"uv":[1.75,1.5,0,0],"texture":"#0"},"down":{"uv":[1.75,1.5,0,3],"texture":"#0"}}},{"from":[-4.104,3.35,-5.976],"to":[20.104,24.814,21.976],"rotation":{"angle":0,"axis":"y","origin":[8,14.082,8]},"faces":{"north":{"uv":[6.3125,0,7.8125,1.34375],"texture":"#0"},"east":{"uv":[3.25,1.375,5,2.71875],"texture":"#0"},"south":{"uv":[6.3125,1.375,7.8125,2.71875],"texture":"#0"},"west":{"uv":[3.25,2.75,5,4.09375],"texture":"#0"},"up":{"uv":[3.25,1.75,1.75,0],"texture":"#0"},"down":{"uv":[3.25,1.75,1.75,3.5],"texture":"#0"}}}],"display":{}}