{"credit":"Made with Blockbench","textures":{"0":"custom/elitecreatures/vampirelord/impactdragon","particle":"custom/elitecreatures/vampirelord/impactdragon"},"elements":[{"from":[-11,-8.25,-12.75],"to":[27,-8.25,25.25],"rotation":{"angle":0,"axis":"y","origin":[8,0,6.25]},"faces":{"north":{"uv":[0,0,16,0],"texture":"#missing"},"east":{"uv":[0,0,16,0],"texture":"#missing"},"south":{"uv":[0,0,16,0],"texture":"#missing"},"west":{"uv":[0,0,16,0],"texture":"#missing"},"up":{"uv":[0.375,8.375,7.25,15],"texture":"#0"},"down":{"uv":[0.375,15,7.25,8.375],"texture":"#0"}}},{"from":[-10,-14.17275,30.70244],"to":[26,24.82725,30.70244],"rotation":{"angle":45,"axis":"x","origin":[8,5.32725,30.70244]},"faces":{"north":{"uv":[8.75,0,15.375,8],"texture":"#0"},"east":{"uv":[0,0,0,16],"texture":"#missing"},"south":{"uv":[15.375,0,8.75,8],"texture":"#0"},"west":{"uv":[0,0,0,16],"texture":"#missing"},"up":{"uv":[0,0,16,0],"texture":"#missing"},"down":{"uv":[0,0,16,0],"texture":"#missing"}}},{"from":[-10,-14.17275,-14.70244],"to":[26,24.82725,-14.70244],"rotation":{"angle":-45,"axis":"x","origin":[8,5.32725,-14.70244]},"faces":{"north":{"uv":[15.375,0,8.75,8],"texture":"#0"},"east":{"uv":[0,0,0,16],"texture":"#missing"},"south":{"uv":[8.75,0,15.375,8],"texture":"#0"},"west":{"uv":[0,0,0,16],"texture":"#missing"},"up":{"uv":[0,0,16,0],"texture":"#missing"},"down":{"uv":[0,0,16,0],"texture":"#missing"}}},{"from":[-3.6129,-7.83917,-10],"to":[-3.6129,31.16083,26],"rotation":{"angle":45,"axis":"z","origin":[8,0.04793,8]},"faces":{"north":{"uv":[0,0,0,16],"texture":"#missing"},"east":{"uv":[8.75,0,15.375,8],"texture":"#0"},"south":{"uv":[0,0,0,16],"texture":"#missing"},"west":{"uv":[15.375,0,8.75,8],"texture":"#0"},"up":{"uv":[0,0,16,0],"rotation":90,"texture":"#missing"},"down":{"uv":[0,0,16,0],"rotation":270,"texture":"#missing"}}},{"from":[19.6129,-7.83917,-10],"to":[19.6129,31.16083,26],"rotation":{"angle":-45,"axis":"z","origin":[8,0.04793,8]},"faces":{"north":{"uv":[0,0,0,16],"texture":"#missing"},"east":{"uv":[15.375,0,8.75,8],"texture":"#0"},"south":{"uv":[0,0,0,16],"texture":"#missing"},"west":{"uv":[8.75,0,15.375,8],"texture":"#0"},"up":{"uv":[0,0,16,0],"rotation":90,"texture":"#missing"},"down":{"uv":[0,0,16,0],"rotation":270,"texture":"#missing"}}},{"from":[-16,-7.25,-16],"to":[32,-7.25,32],"rotation":{"angle":0,"axis":"y","origin":[8,-6,8]},"faces":{"north":{"uv":[0,0,16,0],"texture":"#missing"},"east":{"uv":[0,0,16,0],"texture":"#missing"},"south":{"uv":[0,0,16,0],"texture":"#missing"},"west":{"uv":[0,0,16,0],"texture":"#missing"},"up":{"uv":[0,0,7.875,8],"texture":"#0"},"down":{"uv":[0,8,7.875,0],"texture":"#0"}}},{"from":[-15,-6.5,-15],"to":[31,-6.5,31],"rotation":{"angle":0,"axis":"y","origin":[8,-6,8]},"faces":{"north":{"uv":[0,0,16,0],"texture":"#missing"},"east":{"uv":[0,0,16,0],"texture":"#missing"},"south":{"uv":[0,0,16,0],"texture":"#missing"},"west":{"uv":[0,0,16,0],"texture":"#missing"},"up":{"uv":[0,0,7.875,8],"texture":"#0"},"down":{"uv":[0,8,7.875,0],"texture":"#0"}}}],"display":{"head":{"translation":[0,23.5,0],"scale":[4,4,4]}}}