{
	"credit": "Made with Blockbench",
	"textures": {
		"0": "custom/elitecreatures/vampirelord/slash",
		"particle": "custom/elitecreatures/vampirelord/slash"
	},
	"elements": [
		{
			"from": [-11.52, -12.24, 8],
			"to": [27.52, 29.24, 8],
			"rotation": {"angle": 0, "axis": "y", "origin": [27.52, -12.24, -11.52]},
			"faces": {
				"north": {"uv": [16, 0, 0, 16], "texture": "#0"},
				"east": {"uv": [0, 0, 0, 16], "texture": "#0"},
				"south": {"uv": [0, 0, 16, 16], "texture": "#0"},
				"west": {"uv": [0, 0, 0, 16], "texture": "#0"},
				"up": {"uv": [16, 0, 0, 0], "texture": "#0"},
				"down": {"uv": [16, 0, 0, 0], "texture": "#0"}
			}
		}
	],
	"display": {
		"ground": {
			"translation": [0, 25.75, 0],
			"scale": [4, 4, 4]
		},
		"head": {
			"rotation": [-13.66, 89.11, 124.78],
			"translation": [0.25, -2.5, 0],
			"scale": [4, 4, 4]
		}
	}
}