{
	"credit": "Made with Blockbench",
	"textures": {
		"0": "custom/elitecreatures/vampirelord/sonic_waves_long",
		"particle": "custom/elitecreatures/vampirelord/sonic_waves_long"
	},
	"elements": [
		{
			"from": [-5, 0, 0],
			"to": [21, 0, 26],
			"rotation": {"angle": 0, "axis": "y", "origin": [8, 0, 13]},
			"faces": {
				"north": {"uv": [0, 0, 16, 0], "texture": "#missing"},
				"east": {"uv": [0, 0, 16, 0], "texture": "#missing"},
				"south": {"uv": [0, 0, 16, 0], "texture": "#missing"},
				"west": {"uv": [0, 0, 16, 0], "texture": "#missing"},
				"up": {"uv": [0, 0.25, 8, 7.75], "texture": "#0"},
				"down": {"uv": [0, 7.75, 8, 0.25], "texture": "#0"}
			}
		},
		{
			"from": [-4, 0.25, 1],
			"to": [20, 0.25, 26],
			"rotation": {"angle": 0, "axis": "y", "origin": [8, 0, 13]},
			"faces": {
				"north": {"uv": [0, 0, 16, 0], "texture": "#missing"},
				"east": {"uv": [0, 0, 16, 0], "texture": "#missing"},
				"south": {"uv": [0, 0, 16, 0], "texture": "#missing"},
				"west": {"uv": [0, 0, 16, 0], "texture": "#missing"},
				"up": {"uv": [0, 0.25, 8, 7.75], "texture": "#0"},
				"down": {"uv": [0, 7.75, 8, 0.25], "texture": "#0"}
			}
		},
		{
			"from": [-4, -0.5, 1],
			"to": [20, -0.5, 26],
			"rotation": {"angle": 0, "axis": "y", "origin": [8, 0, 13]},
			"faces": {
				"north": {"uv": [0, 0, 16, 0], "texture": "#missing"},
				"east": {"uv": [0, 0, 16, 0], "texture": "#missing"},
				"south": {"uv": [0, 0, 16, 0], "texture": "#missing"},
				"west": {"uv": [0, 0, 16, 0], "texture": "#missing"},
				"up": {"uv": [0, 0.25, 8, 7.75], "texture": "#0"},
				"down": {"uv": [0, 7.75, 8, 0.25], "texture": "#0"}
			}
		}
	],
	"display": {
		"head": {
			"rotation": [-1, 0, 0],
			"translation": [0, 0, -23],
			"scale": [1.77, 1.77, 1.77]
		}
	}
}