{"textures":{"0":"modelengine:entity/blazeminion"},"elements":[{"from":[6.8480005,7.3048573,6.601508],"to":[9.152,8.45352,9.374624],"faces":{"east":{"uv":[6.75,5.1875,6.9375,5.25],"tintindex":0,"rotation":0,"texture":"#0"},"south":{"uv":[10.5,2.9375,10.65625,3.0],"tintindex":0,"rotation":0,"texture":"#0"},"north":{"uv":[10.5,2.5,10.65625,2.5625],"tintindex":0,"rotation":0,"texture":"#0"},"west":{"uv":[7.1875,4.6875,7.375,4.75],"tintindex":0,"rotation":0,"texture":"#0"},"up":{"uv":[10.34375,9.5,10.1875,9.3125],"tintindex":0,"rotation":0,"texture":"#0"},"down":{"uv":[10.28125,10.1875,10.125,10.375],"tintindex":0,"rotation":0,"texture":"#0"}},"rotation":{"origin":[8.1876,7.8619976,8.058413],"angle":22.5,"axis":"x"}},{"from":[6.8480005,4.2490354,7.628609],"to":[9.152,6.3714867,9.7510605],"faces":{"east":{"uv":[10.4375,8.4375,10.5625,8.5625],"tintindex":0,"rotation":0,"texture":"#0"},"south":{"uv":[1.6875,10.4375,1.84375,10.5625],"tintindex":0,"rotation":0,"texture":"#0"},"north":{"uv":[10.4375,1.625,10.59375,1.75],"tintindex":0,"rotation":0,"texture":"#0"},"west":{"uv":[10.4375,8.5625,10.5625,8.6875],"tintindex":0,"rotation":0,"texture":"#0"},"up":{"uv":[2.15625,10.5625,2.0,10.4375],"tintindex":0,"rotation":0,"texture":"#0"},"down":{"uv":[2.34375,10.4375,2.1875,10.5625],"tintindex":0,"rotation":0,"texture":"#0"}},"rotation":{"origin":[7.5176,5.5354357,6.878209],"angle":45.0,"axis":"x"}},{"from":[6.9280005,4.0952,6.4992],"to":[9.0720005,7.9048004,9.5008],"faces":{"east":{"uv":[0.9375,10.0,1.125,10.25],"tintindex":0,"rotation":0,"texture":"#0"},"south":{"uv":[6.75,10.1875,6.875,10.4375],"tintindex":0,"rotation":0,"texture":"#0"},"north":{"uv":[6.625,10.1875,6.75,10.4375],"tintindex":0,"rotation":0,"texture":"#0"},"west":{"uv":[1.125,10.0,1.3125,10.25],"tintindex":0,"rotation":0,"texture":"#0"},"up":{"uv":[10.4375,8.375,10.3125,8.1875],"tintindex":0,"rotation":0,"texture":"#0"},"down":{"uv":[10.4375,8.375,10.3125,8.5625],"tintindex":0,"rotation":0,"texture":"#0"}}}],"display":{"gui":{"rotation":[30,225,0]}}}