{"textures":{"0":"modelengine:entity/blazeminion"},"elements":[{"from":[6.0984,4.0952,7.3288],"to":[9.1,7.9048,9.4728],"faces":{"east":{"uv":[8.4375,9.125,8.5625,9.375],"tintindex":0,"rotation":0,"texture":"#0"},"south":{"uv":[9.9375,9.875,10.125,10.125],"tintindex":0,"rotation":0,"texture":"#0"},"north":{"uv":[9.9375,9.625,10.125,9.875],"tintindex":0,"rotation":0,"texture":"#0"},"west":{"uv":[6.25,10.1875,6.375,10.4375],"tintindex":0,"rotation":0,"texture":"#0"},"up":{"uv":[10.5,1.875,10.3125,1.75],"tintindex":0,"rotation":0,"texture":"#0"},"down":{"uv":[10.5,1.875,10.3125,2.0],"tintindex":0,"rotation":0,"texture":"#0"}}},{"from":[6.2007084,7.3048573,7.2488003],"to":[8.973825,8.45352,9.5528],"faces":{"east":{"uv":[10.4375,5.375,10.59375,5.4375],"tintindex":0,"rotation":0,"texture":"#0"},"south":{"uv":[2.375,6.5625,2.5625,6.625],"tintindex":0,"rotation":0,"texture":"#0"},"north":{"uv":[6.5,2.4375,6.6875,2.5],"tintindex":0,"rotation":0,"texture":"#0"},"west":{"uv":[10.4375,7.125,10.59375,7.1875],"tintindex":0,"rotation":0,"texture":"#0"},"up":{"uv":[8.0625,10.34375,7.875,10.1875],"tintindex":0,"rotation":0,"texture":"#0"},"down":{"uv":[8.25,10.1875,8.0625,10.34375],"tintindex":0,"rotation":0,"texture":"#0"}},"rotation":{"origin":[7.657612,7.8619976,8.2132],"angle":-22.5,"axis":"z"}},{"from":[7.22781,4.2490354,7.2488003],"to":[9.350262,6.3714867,9.5528],"faces":{"east":{"uv":[10.125,10.375,10.28125,10.5],"tintindex":0,"rotation":0,"texture":"#0"},"south":{"uv":[10.4375,6.75,10.5625,6.875],"tintindex":0,"rotation":0,"texture":"#0"},"north":{"uv":[6.6875,10.4375,6.8125,10.5625],"tintindex":0,"rotation":0,"texture":"#0"},"west":{"uv":[10.3125,10.375,10.46875,10.5],"tintindex":0,"rotation":0,"texture":"#0"},"up":{"uv":[10.5625,0.90625,10.4375,0.75],"tintindex":0,"rotation":0,"texture":"#0"},"down":{"uv":[10.125,10.375,10.28125,10.5],"tintindex":0,"rotation":0,"texture":"#0"}},"rotation":{"origin":[6.4774094,5.535435,8.8832],"angle":-45.0,"axis":"z"}}],"display":{"gui":{"rotation":[30,225,0]}}}