{"textures":{"0":"modelengine:entity/ezekiel"},"elements":[{"from":[7.0,4.0,6.0],"to":[10.0,10.0,10.0],"faces":{"east":{"uv":[5.375,6.625,5.875,7.375],"tintindex":0,"rotation":0,"texture":"#0"},"south":{"uv":[3.25,7.375,3.625,8.125],"tintindex":0,"rotation":0,"texture":"#0"},"north":{"uv":[6.25,7.125,6.625,7.875],"tintindex":0,"rotation":0,"texture":"#0"},"west":{"uv":[6.625,5.5,7.125,6.25],"tintindex":0,"rotation":0,"texture":"#0"},"up":{"uv":[8.75,3.25,8.375,2.75],"tintindex":0,"rotation":0,"texture":"#0"},"down":{"uv":[8.75,3.25,8.375,3.75],"tintindex":0,"rotation":0,"texture":"#0"}}}],"display":{"gui":{"rotation":[30,225,0]}}}