{"credit":"Made by PolygonMC","texture_size":[8,8],"textures":{"1":"tavern:items/sets/discordnitro/sword","2":"tavern:items/sets/discordnitro/animations/nitro_gems","3":"tavern:items/sets/discordnitro/animations/animations_1","particle":"tavern:items/sets/discordnitro/animations/nitro_gems"},"elements":[{"from":[7.5,0,7.5],"to":[8.5,1,8.5],"rotation":{"angle":0,"axis":"y","origin":[7.5,0,7.5]},"faces":{"north":{"uv":[9.33333,7.33333,10,8],"texture":"#1"},"east":{"uv":[4,12,4.66667,12.66667],"texture":"#1"},"south":{"uv":[12.66667,10,13.33333,10.66667],"texture":"#1"},"west":{"uv":[13.33333,5.33333,14,6],"texture":"#1"},"up":{"uv":[14,6.66667,13.33333,6],"texture":"#1"},"down":{"uv":[14,6.66667,13.33333,7.33333],"texture":"#1"}}},{"from":[7.5,1.75,7.5],"to":[8.5,2.75,8.5],"rotation":{"angle":0,"axis":"y","origin":[7.5,0,7.5]},"faces":{"north":{"uv":[13.33333,8.66667,14,9.33333],"texture":"#1"},"east":{"uv":[13.33333,9.33333,14,10],"texture":"#1"},"south":{"uv":[13.33333,10,14,10.66667],"texture":"#1"},"west":{"uv":[10.66667,13.33333,11.33333,14],"texture":"#1"},"up":{"uv":[14,11.33333,13.33333,10.66667],"texture":"#1"},"down":{"uv":[12,13.33333,11.33333,14],"texture":"#1"}}},{"from":[7.5,3.5,7.5],"to":[8.5,4.5,8.5],"rotation":{"angle":0,"axis":"y","origin":[7.5,1.75,7.5]},"faces":{"north":{"uv":[13.33333,11.33333,14,12],"texture":"#1"},"east":{"uv":[12,13.33333,12.66667,14],"texture":"#1"},"south":{"uv":[13.33333,12,14,12.66667],"texture":"#1"},"west":{"uv":[12.66667,13.33333,13.33333,14],"texture":"#1"},"up":{"uv":[14,13.33333,13.33333,12.66667],"texture":"#1"},"down":{"uv":[14,13.33333,13.33333,14],"texture":"#1"}}},{"from":[7.6,1,7.6],"to":[8.4,1.75,8.4],"rotation":{"angle":0,"axis":"y","origin":[7.5,0,7.5]},"faces":{"north":{"uv":[2,14.66667,2.5,15.16667],"texture":"#1"},"east":{"uv":[2.66667,14.66667,3.16667,15.16667],"texture":"#1"},"south":{"uv":[14.66667,2.66667,15.16667,3.16667],"texture":"#1"},"west":{"uv":[3.33333,14.66667,3.83333,15.16667],"texture":"#1"}}},{"from":[7.6,2.75,7.6],"to":[8.4,3.5,8.4],"rotation":{"angle":0,"axis":"y","origin":[7.5,0,7.5]},"faces":{"north":{"uv":[14.66667,3.33333,15.16667,3.83333],"texture":"#1"},"east":{"uv":[14.66667,4,15.16667,4.5],"texture":"#1"},"south":{"uv":[14.66667,4.66667,15.16667,5.16667],"texture":"#1"},"west":{"uv":[14.66667,5.33333,15.16667,5.83333],"texture":"#1"}}},{"from":[7.375,-0.625,7.375],"to":[8.625,0.625,8.625],"rotation":{"angle":-45,"axis":"x","origin":[8,0,8]},"faces":{"north":{"uv":[7.33333,12,8.16667,12.83333],"texture":"#1"},"east":{"uv":[10.66667,12,11.5,12.83333],"texture":"#1"},"south":{"uv":[12,10.66667,12.83333,11.5],"texture":"#1"},"west":{"uv":[12,12,12.83333,12.83333],"texture":"#1"},"up":{"uv":[13.5,0.83333,12.66667,0],"texture":"#1"},"down":{"uv":[13.5,1.33333,12.66667,2.16667],"texture":"#1"}}},{"from":[7.6,-1.25,7.1],"to":[8.4,-0.25,8.1],"rotation":{"angle":-22.5,"axis":"x","origin":[7.75,-1.25,6.1]},"faces":{"east":{"uv":[7.33333,13.33333,8,14],"texture":"#1"},"west":{"uv":[13.33333,7.33333,14,8],"texture":"#1"},"up":{"uv":[7.83333,14.66667,7.33333,14],"texture":"#1"},"down":{"uv":[8.5,14,8,14.66667],"texture":"#1"}}},{"from":[7.5,-1.20978,5.67926],"to":[8.5,0.79022,6.67926],"rotation":{"angle":-22.5,"axis":"x","origin":[8,-0.13478,6.17926]},"faces":{"north":{"uv":[4,10.66667,4.66667,12],"texture":"#1"},"east":{"uv":[10.66667,6,11.33333,7.33333],"texture":"#1"},"south":{"uv":[10.66667,9.33333,11.33333,10.66667],"texture":"#1"},"west":{"uv":[10.66667,10.66667,11.33333,12],"texture":"#1"},"up":{"uv":[8.66667,14,8,13.33333],"texture":"#1"},"down":{"uv":[14,8,13.33333,8.66667],"texture":"#1"}}},{"from":[7.6,-1.25,7.9],"to":[8.4,-0.25,8.9],"rotation":{"angle":22.5,"axis":"x","origin":[7.75,-1.25,9.9]},"faces":{"east":{"uv":[8,13.33333,7.33333,14],"texture":"#1"},"west":{"uv":[14,7.33333,13.33333,8],"texture":"#1"},"up":{"uv":[7.83333,14,7.33333,14.66667],"texture":"#1"},"down":{"uv":[8.5,14.66667,8,14],"texture":"#1"}}},{"from":[7.5,-1.20978,9.32074],"to":[8.5,0.79022,10.32074],"rotation":{"angle":22.5,"axis":"x","origin":[8,-0.13478,9.82074]},"faces":{"north":{"uv":[11.33333,9.33333,10.66667,10.66667],"texture":"#1"},"east":{"uv":[11.33333,6,10.66667,7.33333],"texture":"#1"},"south":{"uv":[4.66667,10.66667,4,12],"texture":"#1"},"west":{"uv":[11.33333,10.66667,10.66667,12],"texture":"#1"},"up":{"uv":[8.66667,13.33333,8,14],"texture":"#1"},"down":{"uv":[14,8.66667,13.33333,8],"texture":"#1"}}},{"from":[7.3,4.51351,4.35971],"to":[8.7,7.51351,5.35971],"rotation":{"angle":-45,"axis":"x","origin":[8,6.31351,4.75971]},"faces":{"north":{"uv":[7.33333,8,8.33333,10],"texture":"#1"},"east":{"uv":[10,9.33333,10.66667,11.33333],"texture":"#1"},"south":{"uv":[8.66667,8,9.66667,10],"texture":"#1"},"west":{"uv":[10.66667,0,11.33333,2],"texture":"#1"},"up":{"uv":[13.66667,4.66667,12.66667,4],"texture":"#1"},"down":{"uv":[13.66667,4.66667,12.66667,5.33333],"texture":"#1"}}},{"from":[7.55,4.92931,3.79784],"to":[8.45,8.42931,5.29784],"rotation":{"angle":-22.5,"axis":"x","origin":[8,5.72931,4.69784]},"faces":{"north":{"uv":[8.66667,10,9.33333,12.33333],"texture":"#1"},"east":{"uv":[8,2.66667,9,5],"texture":"#1"},"south":{"uv":[9.33333,10,10,12.33333],"texture":"#1"},"west":{"uv":[8,5.33333,9,7.66667],"texture":"#1"},"up":{"uv":[13.33333,6.33333,12.66667,5.33333],"texture":"#1"},"down":{"uv":[13.33333,6.66667,12.66667,7.66667],"texture":"#1"}}},{"from":[7.5,5.02545,5.06836],"to":[8.5,6.02545,6.81836],"rotation":{"angle":-22.5,"axis":"x","origin":[8,6.77545,4.56836]},"faces":{"east":{"uv":[11.33333,9.33333,12.5,10],"texture":"#1"},"west":{"uv":[11.33333,10,12.5,10.66667],"texture":"#1"},"up":{"uv":[10.66667,12.5,10,11.33333],"texture":"#1"},"down":{"uv":[12,10.66667,11.33333,11.83333],"texture":"#1"}}},{"from":[7.65,6.35,5.7],"to":[8.35,6.85,7.7],"rotation":{"angle":-22.5,"axis":"x","origin":[7.5,5.35,5.7]},"faces":{"east":{"uv":[14,0,15.33333,0.33333],"texture":"#1"},"west":{"uv":[14,0.66667,15.33333,1],"texture":"#1"},"up":{"uv":[5.83333,14,5.33333,12.66667],"texture":"#1"}}},{"from":[7.75,7.75,7],"to":[8.25,9.75,9],"rotation":{"angle":-45,"axis":"x","origin":[8,8.75,8]},"faces":{"north":{"uv":[14,1.33333,14.33333,2.66667],"texture":"#1"},"east":{"uv":[9.33333,0,10.66667,1.33333],"texture":"#1"},"south":{"uv":[14,2.66667,14.33333,4],"texture":"#1"},"west":{"uv":[9.33333,1.33333,10.66667,2.66667],"texture":"#1"},"up":{"uv":[4.33333,15.33333,4,14],"texture":"#1"},"down":{"uv":[14.33333,4,14,5.33333],"texture":"#1"}}},{"from":[7.75,13.75,7],"to":[8.25,15.75,9],"rotation":{"angle":-45,"axis":"x","origin":[8,14.75,8]},"faces":{"north":{"uv":[4.66667,14,5,15.33333],"texture":"#1"},"east":{"uv":[9.33333,2.66667,10.66667,4],"texture":"#1"},"south":{"uv":[5.33333,14,5.66667,15.33333],"texture":"#1"},"west":{"uv":[9.33333,4,10.66667,5.33333],"texture":"#1"},"up":{"uv":[14.33333,6.66667,14,5.33333],"texture":"#1"},"down":{"uv":[14.33333,6.66667,14,8],"texture":"#1"}}},{"from":[7.75,24.24992,7],"to":[8.25,25.54292,8.293],"rotation":{"angle":-45,"axis":"x","origin":[8,25.24992,8]},"faces":{"north":{"uv":[10.66667,14,11,14.83333],"texture":"#1"},"east":{"uv":[12.66667,2.66667,13.5,3.5],"texture":"#1"},"south":{"uv":[14,10.66667,14.33333,11.5],"texture":"#1"},"west":{"uv":[4,12.66667,4.83333,13.5],"texture":"#1"},"up":{"uv":[11.66667,14.83333,11.33333,14],"texture":"#1"},"down":{"uv":[12.33333,14,12,14.83333],"texture":"#1"}}},{"from":[7.755,8.75,6.586],"to":[8.245,14.75,9.414],"rotation":{"angle":0,"axis":"x","origin":[8.005,10.25,7.336]},"faces":{"north":{"uv":[10.66667,2,11,6],"texture":"#1"},"east":{"uv":[6,0,7.83333,4],"texture":"#1"},"south":{"uv":[3.33333,10.66667,3.66667,14.66667],"texture":"#1"},"west":{"uv":[6,4,7.83333,8],"texture":"#1"}}},{"from":[7.755,14.75,7.086],"to":[8.245,24.75,8.914],"rotation":{"angle":0,"axis":"x","origin":[8.005,16.25,7.336]},"faces":{"north":{"uv":[6,8,6.33333,14.66667],"texture":"#1"},"east":{"uv":[3.33333,0,4.5,6.66667],"texture":"#1"},"south":{"uv":[6.66667,8,7,14.66667],"texture":"#1"},"west":{"uv":[4.66667,0,5.83333,6.66667],"texture":"#1"}}},{"from":[7.25,5.07855,6.7625],"to":[8.75,7.57855,7.2625],"rotation":{"angle":0,"axis":"y","origin":[7,3.57855,6.7625]},"faces":{"north":{"uv":[4.83333,9.33333,5.83333,11],"texture":"#1"},"east":{"uv":[12.66667,8,13,9.66667],"texture":"#1"},"south":{"uv":[9.33333,5.33333,10.33333,7],"texture":"#1"},"west":{"uv":[8.66667,12.66667,9,14.33333],"texture":"#1"}}},{"from":[7.25,7.18211,7.21961],"to":[8.75,8.43211,7.71961],"rotation":{"angle":45,"axis":"x","origin":[8,7.93211,7.46961]},"faces":{"north":{"uv":[11.33333,0,12.33333,0.83333],"texture":"#1"},"east":{"uv":[14,12,14.33333,12.83333],"texture":"#1"},"south":{"uv":[11.33333,1.33333,12.33333,2.16667],"texture":"#1"},"west":{"uv":[12.66667,14,13,14.83333],"texture":"#1"}}},{"from":[7.25,8.43211,7.21961],"to":[8.75,8.93211,7.71961],"rotation":{"angle":45,"axis":"x","origin":[8,7.93211,7.46961]},"faces":{"north":{"uv":[14,8,15,8.33333],"texture":"#1"},"east":{"uv":[6,14.66667,6.33333,15],"texture":"#1"},"west":{"uv":[14.66667,6,15,6.33333],"texture":"#1"},"up":{"uv":[15,9,14,8.66667],"texture":"#1"}}},{"from":[7.25,4.16434,7.21973],"to":[8.75,4.66434,7.71973],"rotation":{"angle":45,"axis":"x","origin":[8,3.66434,7.46973]},"faces":{"east":{"uv":[6.66667,14.66667,7,15],"texture":"#1"},"south":{"uv":[14,9.33333,15,9.66667],"texture":"#1"},"west":{"uv":[14.66667,6.66667,15,7],"texture":"#1"},"down":{"uv":[15,10,14,10.33333],"texture":"#1"}}},{"from":[7.25,7.18211,8.28039],"to":[8.75,8.43211,8.78039],"rotation":{"angle":-45,"axis":"x","origin":[8,7.93211,8.53039]},"faces":{"north":{"uv":[11.33333,2.66667,12.33333,3.5],"texture":"#1"},"east":{"uv":[13.33333,14,13.66667,14.83333],"texture":"#1"},"south":{"uv":[11.33333,4,12.33333,4.83333],"texture":"#1"},"west":{"uv":[14,13.33333,14.33333,14.16667],"texture":"#1"}}},{"from":[7.25,4.225,8.28039],"to":[8.75,5.475,8.78039],"rotation":{"angle":45,"axis":"x","origin":[8,4.725,8.53039]},"faces":{"north":{"uv":[11.33333,6.66667,12.33333,7.5],"texture":"#1"},"east":{"uv":[1.33333,14.66667,1.66667,15.5],"texture":"#1"},"south":{"uv":[11.33333,8,12.33333,8.83333],"texture":"#1"},"west":{"uv":[14.66667,1.33333,15,2.16667],"texture":"#1"}}},{"from":[7.25,4.225,7.21961],"to":[8.75,5.475,7.71961],"rotation":{"angle":-45,"axis":"x","origin":[8,4.725,7.46961]},"faces":{"north":{"uv":[4.66667,11.33333,5.66667,12.16667],"texture":"#1"},"east":{"uv":[0,14.66667,0.33333,15.5],"texture":"#1"},"south":{"uv":[11.33333,5.33333,12.33333,6.16667],"texture":"#1"},"west":{"uv":[0.66667,14.66667,1,15.5],"texture":"#1"}}},{"from":[7.25,5.07855,8.7375],"to":[8.75,7.57855,9.2375],"rotation":{"angle":0,"axis":"y","origin":[7,3.57855,9.2375]},"faces":{"north":{"uv":[7.33333,10,8.33333,11.66667],"texture":"#1"},"east":{"uv":[9.33333,12.66667,9.66667,14.33333],"texture":"#1"},"south":{"uv":[10,7.33333,11,9],"texture":"#1"},"west":{"uv":[10,12.66667,10.33333,14.33333],"texture":"#1"}}},{"from":[7.4,4.52322,7.25],"to":[7.4,8.14822,8.75],"rotation":{"angle":0,"axis":"y","origin":[7.5,4.64822,6.5]},"faces":{"west":{"uv":[0,0,6,15],"texture":"#2"}}},{"from":[8.6,4.52322,7.25],"to":[8.6,8.14822,8.75],"rotation":{"angle":0,"axis":"y","origin":[8.5,4.64822,9.5]},"faces":{"east":{"uv":[0,0,6,15],"texture":"#2"}}},{"from":[7.975,3.38042,2.82474],"to":[8.025,9.38042,4.82474],"rotation":{"angle":-22.5,"axis":"x","origin":[7.975,3.88042,2.32474]},"faces":{"east":{"uv":[4.66667,6.66667,3.33333,10.66667],"texture":"#1"},"west":{"uv":[3.33333,6.66667,4.66667,10.66667],"texture":"#1"}}},{"from":[7.975,3.38042,11.17526],"to":[8.025,9.38042,13.17526],"rotation":{"angle":22.5,"axis":"x","origin":[7.975,3.88042,13.67526]},"faces":{"east":{"uv":[3.33333,6.66667,4.66667,10.66667],"texture":"#1"},"west":{"uv":[4.66667,6.66667,3.33333,10.66667],"texture":"#1"}}},{"from":[7.55,4.92931,10.70216],"to":[8.45,8.42931,12.20216],"rotation":{"angle":22.5,"axis":"x","origin":[8,5.72931,11.30216]},"faces":{"north":{"uv":[10,10,9.33333,12.33333],"texture":"#1"},"east":{"uv":[9,2.66667,8,5],"texture":"#1"},"south":{"uv":[9.33333,10,8.66667,12.33333],"texture":"#1"},"west":{"uv":[9,5.33333,8,7.66667],"texture":"#1"},"up":{"uv":[13.33333,5.33333,12.66667,6.33333],"texture":"#1"},"down":{"uv":[13.33333,7.66667,12.66667,6.66667],"texture":"#1"}}},{"from":[7.3,4.51351,10.64029],"to":[8.7,7.51351,11.64029],"rotation":{"angle":45,"axis":"x","origin":[8,6.31351,11.24029]},"faces":{"north":{"uv":[9.66667,8,8.66667,10],"texture":"#1"},"east":{"uv":[10.66667,9.33333,10,11.33333],"texture":"#1"},"south":{"uv":[8.33333,8,7.33333,10],"texture":"#1"},"west":{"uv":[11.33333,0,10.66667,2],"texture":"#1"},"up":{"uv":[13.66667,4,12.66667,4.66667],"texture":"#1"},"down":{"uv":[13.66667,5.33333,12.66667,4.66667],"texture":"#1"}}},{"from":[7.65,6.35,8.3],"to":[8.35,6.85,10.3],"rotation":{"angle":22.5,"axis":"x","origin":[7.5,5.35,10.3]},"faces":{"east":{"uv":[15.33333,0,14,0.33333],"texture":"#1"},"west":{"uv":[15.33333,0.66667,14,1],"texture":"#1"},"up":{"uv":[5.83333,12.66667,5.33333,14],"texture":"#1"}}},{"from":[7.5,5.02545,9.18164],"to":[8.5,6.02545,10.93164],"rotation":{"angle":22.5,"axis":"x","origin":[8,6.77545,11.43164]},"faces":{"east":{"uv":[12.5,9.33333,11.33333,10],"texture":"#1"},"west":{"uv":[12.5,10,11.33333,10.66667],"texture":"#1"},"up":{"uv":[10.66667,11.33333,10,12.5],"texture":"#1"},"down":{"uv":[12,11.83333,11.33333,10.66667],"texture":"#1"}}},{"from":[7.975,7.5,5.625],"to":[8.025,29.5,10.375],"rotation":{"angle":0,"axis":"y","origin":[7.975,0,5.625]},"faces":{"east":{"uv":[3.16667,0,0,14.66667],"texture":"#1"},"west":{"uv":[0,0,3.16667,14.66667],"texture":"#1"}}},{"from":[7,3,4.5],"to":[7,10,11.5],"rotation":{"angle":0,"axis":"y","origin":[7,3,4.5]},"faces":{"west":{"uv":[0,0,14,14],"texture":"#3"}}},{"from":[9,3,4.5],"to":[9,10,11.5],"rotation":{"angle":0,"axis":"y","origin":[9,3,11.5]},"faces":{"east":{"uv":[0,0,14,14],"texture":"#3"}}}],"gui_light":"front","display":{"thirdperson_righthand":{"translation":[0,3.5,1]},"thirdperson_lefthand":{"translation":[0,3.5,1]},"firstperson_righthand":{"rotation":[-10,0,0],"translation":[0,3.5,0]},"firstperson_lefthand":{"rotation":[-10,0,0],"translation":[0,3.5,0]},"ground":{"rotation":[45,0,0],"translation":[0,12.25,0]},"gui":{"rotation":[-90,-45,-90],"translation":[-2.75,-2.75,0],"scale":[0.73828,0.73828,0.73828]},"head":{"rotation":[0,90,0],"translation":[0,-2,0],"scale":[1.5,1.5,1.5]},"fixed":{"rotation":[-90,90,90],"translation":[0,-7.75,-1.25],"scale":[1.5,1.5,1.5]}}}