{"textures":{"0":"modelengine:entity/spider"},"elements":[{"from":[8.4437,8.3041,-4.29325],"to":[9.25509,8.50694,-1.2733698],"faces":{"east":{"uv":[8.875,3.875,8.125,4.0],"tintindex":0,"rotation":0,"texture":"#0"},"south":{"uv":[10.125,4.25,9.875,4.375],"tintindex":0,"rotation":0,"texture":"#0"},"north":{"uv":[10.125,4.0,9.875,4.125],"tintindex":0,"rotation":0,"texture":"#0"},"west":{"uv":[8.875,3.625,8.125,3.75],"tintindex":0,"rotation":0,"texture":"#0"},"up":{"uv":[2.625,8.875,2.875,8.125],"tintindex":0,"rotation":0,"texture":"#0"},"down":{"uv":[3.0,8.125,3.25,8.875],"tintindex":0,"rotation":0,"texture":"#0"}},"rotation":{"origin":[6.99196,8.33669,-0.8613701],"angle":22.5,"axis":"y"}},{"from":[8.65932,8.38232,-3.8255396],"to":[9.06502,8.70979,-1.4142103],"faces":{"east":{"uv":[9.25,3.25,8.625,3.375],"tintindex":0,"rotation":0,"texture":"#0"},"south":{"uv":[1.125,10.375,1.0,10.5],"tintindex":0,"rotation":0,"texture":"#0"},"north":{"uv":[0.875,10.375,0.75,10.5],"tintindex":0,"rotation":0,"texture":"#0"},"west":{"uv":[9.25,3.0,8.625,3.125],"tintindex":0,"rotation":0,"texture":"#0"},"up":{"uv":[8.625,8.375,8.75,7.75],"tintindex":0,"rotation":0,"texture":"#0"},"down":{"uv":[8.75,0.0,8.875,0.625],"tintindex":0,"rotation":0,"texture":"#0"}},"rotation":{"origin":[6.99196,8.33669,-0.8613701],"angle":22.5,"axis":"y"}},{"from":[6.39253,7.7975397,-2.5257301],"to":[6.55481,8.00039,-1.8994598],"faces":{"east":{"uv":[7.0,10.375,6.875,10.5],"tintindex":0,"rotation":0,"texture":"#0"},"south":{"uv":[6.75,10.375,6.625,10.5],"tintindex":0,"rotation":0,"texture":"#0"},"north":{"uv":[6.25,10.375,6.125,10.5],"tintindex":0,"rotation":0,"texture":"#0"},"west":{"uv":[6.5,10.375,6.375,10.5],"tintindex":0,"rotation":0,"texture":"#0"},"up":{"uv":[7.125,10.5,7.25,10.375],"tintindex":0,"rotation":0,"texture":"#0"},"down":{"uv":[7.375,10.375,7.5,10.5],"tintindex":0,"rotation":0,"texture":"#0"}}},{"from":[6.8063,8.18239,-1.3673401],"to":[9.24049,8.50694,-0.37594986],"faces":{"east":{"uv":[10.125,5.25,9.875,5.375],"tintindex":0,"rotation":0,"texture":"#0"},"south":{"uv":[9.25,5.25,8.625,5.375],"tintindex":0,"rotation":0,"texture":"#0"},"north":{"uv":[9.25,5.0,8.625,5.125],"tintindex":0,"rotation":0,"texture":"#0"},"west":{"uv":[10.125,5.0,9.875,5.125],"tintindex":0,"rotation":0,"texture":"#0"},"up":{"uv":[6.0,1.125,6.625,0.875],"tintindex":0,"rotation":0,"texture":"#0"},"down":{"uv":[5.875,8.125,6.5,8.375],"tintindex":0,"rotation":0,"texture":"#0"}},"rotation":{"origin":[6.99196,8.33669,-0.8613701],"angle":45.0,"axis":"y"}},{"from":[6.27082,7.9262,-2.44458],"to":[6.67652,8.75037,-2.06174],"faces":{"east":{"uv":[0.625,10.0,0.5,10.25],"tintindex":0,"rotation":0,"texture":"#0"},"south":{"uv":[0.375,10.0,0.25,10.25],"tintindex":0,"rotation":0,"texture":"#0"},"north":{"uv":[10.0,7.75,9.875,8.0],"tintindex":0,"rotation":0,"texture":"#0"},"west":{"uv":[0.125,10.0,0.0,10.25],"tintindex":0,"rotation":0,"texture":"#0"},"up":{"uv":[10.375,10.5,10.5,10.375],"tintindex":0,"rotation":0,"texture":"#0"},"down":{"uv":[10.375,0.75,10.5,0.875],"tintindex":0,"rotation":0,"texture":"#0"}}},{"from":[6.8063,8.26352,-1.1645002],"to":[9.11878,8.70979,-0.5788002],"faces":{"east":{"uv":[2.125,10.375,2.0,10.5],"tintindex":0,"rotation":0,"texture":"#0"},"south":{"uv":[9.5,2.25,8.875,2.375],"tintindex":0,"rotation":0,"texture":"#0"},"north":{"uv":[9.5,2.0,8.875,2.125],"tintindex":0,"rotation":0,"texture":"#0"},"west":{"uv":[1.875,10.375,1.75,10.5],"tintindex":0,"rotation":0,"texture":"#0"},"up":{"uv":[8.875,5.625,9.5,5.5],"tintindex":0,"rotation":0,"texture":"#0"},"down":{"uv":[8.875,5.75,9.5,5.875],"tintindex":0,"rotation":0,"texture":"#0"}},"rotation":{"origin":[6.99196,8.33669,-0.8613701],"angle":45.0,"axis":"y"}}],"display":{"gui":{"rotation":[30,225,0]}}}