{"textures":{"0":"modelengine:entity/ender_dragon"},"elements":[{"from":[9.323621,7.55,11.501978],"to":[27.723621,8.55,12.501978],"faces":{"east":{"uv":[3.296875,7.6171875,3.2578125,7.65625],"tintindex":0,"rotation":0,"texture":"#0"},"south":{"uv":[8.046875,1.28125,7.328125,1.3203125],"tintindex":0,"rotation":0,"texture":"#0"},"north":{"uv":[8.046875,1.2421875,7.328125,1.28125],"tintindex":0,"rotation":0,"texture":"#0"},"west":{"uv":[6.2578125,7.609375,6.21875,7.6484375],"tintindex":0,"rotation":0,"texture":"#0"},"up":{"uv":[7.328125,1.359375,8.046875,1.3203125],"tintindex":0,"rotation":0,"texture":"#0"},"down":{"uv":[7.3359375,0.6796875,8.0546875,0.71875],"tintindex":0,"rotation":0,"texture":"#0"}},"rotation":{"origin":[18.32362,8.05,8.301977],"angle":-22.5,"axis":"y"}},{"from":[9.323621,8.05,12.501978],"to":[27.723621,8.05,27.101978],"faces":{"up":{"uv":[0.0,2.4375,0.71875,1.8671875],"tintindex":0,"rotation":0,"texture":"#0"},"down":{"uv":[0.0,1.8671875,0.71875,2.4375],"tintindex":0,"rotation":0,"texture":"#0"}},"rotation":{"origin":[18.32362,8.15,8.301977],"angle":-22.5,"axis":"y"}}],"display":{"gui":{"rotation":[30,225,0]}}}