{"credit":"Polygony Creation Co.,Ltd.","textures":{"5":"tavern:items/sets/wild/animations/animation_leaf1","6":"tavern:items/sets/wild/animations/animation_leaf2","7":"tavern:items/sets/wild/animations/animation_leaf3","8":"tavern:items/sets/wild/animations/crossbow_light","10":"tavern:items/sets/wild/crossbow","particle":"tavern:items/sets/wild/animations/animation_1"},"elements":[{"from":[6.56867,7.99704,-0.225],"to":[7.06867,9.44704,1.225],"rotation":{"angle":0,"axis":"y","origin":[3,8.72204,0.94797]},"faces":{"north":{"uv":[6.85714,14.28571,7.71429,14.57143],"rotation":90,"texture":"#10"},"east":{"uv":[12.28571,12,11.42857,12.85714],"rotation":270,"texture":"#10"},"south":{"uv":[8.57143,14.28571,9.42857,14.57143],"rotation":270,"texture":"#10"},"west":{"uv":[10,12.85714,9.14286,12],"rotation":270,"texture":"#10"},"up":{"uv":[14.28571,8,15.14286,8.28571],"rotation":270,"texture":"#10"},"down":{"uv":[14.28571,8.57143,15.14286,8.85714],"rotation":270,"texture":"#10"}}},{"from":[2.54339,8.23704,0.38316],"to":[3.99839,9.20704,1.35316],"rotation":{"angle":22.5,"axis":"y","origin":[3,8.72204,0.94797]},"faces":{"north":{"uv":[9.14286,13.14286,9.71429,14],"rotation":90,"texture":"#10"},"south":{"uv":[10.28571,13.14286,10.85714,14],"rotation":270,"texture":"#10"},"west":{"uv":[12,5.14286,11.42857,4.57143],"rotation":270,"texture":"#10"},"up":{"uv":[9.71429,13.14286,10.28571,14],"rotation":270,"texture":"#10"},"down":{"uv":[10.85714,13.14286,11.42857,14],"rotation":270,"texture":"#10"}}},{"from":[1.67654,8.23704,2.27931],"to":[2.64654,9.20704,3.73431],"rotation":{"angle":-22.5,"axis":"y","origin":[3,8.72204,0.94797]},"faces":{"north":{"uv":[6.85714,12,7.42857,12.57143],"rotation":90,"texture":"#10"},"east":{"uv":[13.71429,13.14286,13.14286,14],"rotation":270,"texture":"#10"},"west":{"uv":[13.14286,14,12.57143,13.14286],"rotation":270,"texture":"#10"},"up":{"uv":[13.14286,9.14286,14,9.71429],"rotation":270,"texture":"#10"},"down":{"uv":[11.42857,13.14286,12.28571,13.71429],"rotation":270,"texture":"#10"}}},{"from":[1.23599,8.33404,0.3027],"to":[2.78799,9.11004,1.0787],"rotation":{"angle":45,"axis":"y","origin":[3,8.72204,0.94797]},"faces":{"north":{"uv":[13.71429,9.71429,14.14286,10.57143],"rotation":90,"texture":"#10"},"south":{"uv":[11.42857,13.71429,11.85714,14.57143],"rotation":270,"texture":"#10"},"up":{"uv":[13.71429,10.85714,14.14286,11.71429],"rotation":270,"texture":"#10"},"down":{"uv":[12,13.71429,12.42857,14.57143],"rotation":270,"texture":"#10"}}},{"from":[3.49188,8.22204,0.80632],"to":[5.49188,9.22204,2.80632],"rotation":{"angle":45,"axis":"y","origin":[3,8.72204,0.94797]},"faces":{"north":{"uv":[7.42857,10.28571,8,11.42857],"rotation":90,"texture":"#10"},"east":{"uv":[2.28571,13.14286,1.71429,14.28571],"rotation":270,"texture":"#10"},"south":{"uv":[8,12.57143,8.57143,13.71429],"rotation":270,"texture":"#10"},"west":{"uv":[1.71429,14.28571,1.14286,13.14286],"rotation":270,"texture":"#10"},"up":{"uv":[2.85714,11.42857,4,12.57143],"rotation":270,"texture":"#10"},"down":{"uv":[11.42857,3.42857,12.57143,4.57143],"rotation":270,"texture":"#10"}}},{"from":[3.74188,7.97204,1.05632],"to":[5.24188,9.47204,2.55632],"rotation":{"angle":45,"axis":"y","origin":[3,8.72204,0.94797]},"faces":{"north":{"uv":[12.57143,0,13.42857,0.85714],"rotation":90,"texture":"#10"},"east":{"uv":[13.42857,8,12.57143,8.85714],"rotation":270,"texture":"#10"},"south":{"uv":[2.85714,12.57143,3.71429,13.42857],"rotation":270,"texture":"#10"},"west":{"uv":[7.71429,13.42857,6.85714,12.57143],"rotation":270,"texture":"#10"},"up":{"uv":[12.57143,1.14286,13.42857,2],"rotation":270,"texture":"#10"},"down":{"uv":[12.57143,3.42857,13.42857,4.28571],"rotation":270,"texture":"#10"}}},{"from":[5.56867,8.2888,-0.11879],"to":[6.56867,9.7888,1.38121],"rotation":{"angle":-45,"axis":"x","origin":[3,8.72204,0.94797]},"faces":{"north":{"uv":[13.71429,0,14.57143,0.57143],"rotation":90,"texture":"#10"},"east":{"uv":[13.42857,10.85714,12.57143,11.71429],"rotation":270,"texture":"#10"},"south":{"uv":[13.71429,1.14286,14.57143,1.71429],"rotation":270,"texture":"#10"},"west":{"uv":[13.42857,10.57143,12.57143,9.71429],"rotation":270,"texture":"#10"},"up":{"uv":[13.71429,0.57143,14.57143,1.14286],"rotation":270,"texture":"#10"},"down":{"uv":[13.71429,1.71429,14.57143,2.28571],"rotation":270,"texture":"#10"}}},{"from":[-2.30502,8.70704,2.57764],"to":[0.19498,8.73704,5.57764],"rotation":{"angle":22.5,"axis":"y","origin":[3,8.72204,0.94797]},"faces":{"up":{"uv":[0,14.28571,10,2.28571],"rotation":180,"texture":"#6"},"down":{"uv":[0,2.28571,10,14.28571],"rotation":180,"texture":"#6"}}},{"from":[1.59532,8.70704,-3.75755],"to":[4.84532,8.73704,-0.25755],"rotation":{"angle":0,"axis":"y","origin":[3,8.72204,0.94797]},"faces":{"up":{"uv":[0,1.28571,14,14.28571],"rotation":270,"texture":"#7"},"down":{"uv":[14,1.28571,0,14.28571],"rotation":270,"texture":"#7"}}},{"from":[-5.57309,8.69704,0.00973],"to":[2.42691,8.74704,4.00973],"rotation":{"angle":22.5,"axis":"y","origin":[3,8.72204,0.94797]},"faces":{"up":{"uv":[16,5.28571,0,13.28571],"texture":"#5"},"down":{"uv":[0,5.28571,16,13.28571],"rotation":180,"texture":"#5"}}},{"from":[4.76218,8.25204,-0.30857],"to":[5.70218,9.19204,1.10143],"rotation":{"angle":22.5,"axis":"y","origin":[3,8.72204,0.94797]},"faces":{"north":{"uv":[13.71429,12,14.28571,12.57143],"rotation":90,"texture":"#10"},"east":{"uv":[4,13.71429,3.42857,14.57143],"rotation":270,"texture":"#10"},"west":{"uv":[14.28571,3.71429,13.71429,2.85714],"rotation":270,"texture":"#10"},"up":{"uv":[2.28571,13.71429,3.14286,14.28571],"rotation":270,"texture":"#10"},"down":{"uv":[13.71429,2.28571,14.57143,2.85714],"rotation":270,"texture":"#10"}}},{"from":[4.20353,8.33194,-2.06863],"to":[4.98373,9.11214,-0.89833],"rotation":{"angle":0,"axis":"y","origin":[3,8.72204,0.94797]},"faces":{"north":{"uv":[14.28571,10.28571,14.71429,10.71429],"rotation":90,"texture":"#10"},"east":{"uv":[14.71429,5.14286,14.28571,5.85714],"rotation":270,"texture":"#10"},"west":{"uv":[5.57143,15,5.14286,14.28571],"rotation":270,"texture":"#10"},"up":{"uv":[14.28571,3.42857,15,3.85714],"rotation":270,"texture":"#10"},"down":{"uv":[4,14.28571,4.71429,14.71429],"rotation":270,"texture":"#10"}}},{"from":[3.00721,8.42556,-3.18002],"to":[3.60017,9.01852,-2.29059],"rotation":{"angle":-22.5,"axis":"y","origin":[3,8.72204,0.94797]},"faces":{"north":{"uv":[14.85714,1.71429,15.14286,2],"rotation":90,"texture":"#10"},"east":{"uv":[12.85714,14.28571,12.57143,14.85714],"rotation":270,"texture":"#10"},"west":{"uv":[14.57143,12.57143,14.28571,12],"rotation":270,"texture":"#10"},"up":{"uv":[14.28571,10.85714,14.85714,11.14286],"rotation":270,"texture":"#10"},"down":{"uv":[14.28571,11.42857,14.85714,11.71429],"rotation":270,"texture":"#10"}}},{"from":[6.18978,8.54638,-2.73083],"to":[6.5411,8.8977,-2.20384],"rotation":{"angle":22.5,"axis":"y","origin":[3,8.72204,0.94797]},"faces":{"north":{"uv":[14.85714,5.14286,15,5.28571],"rotation":90,"texture":"#10"},"east":{"uv":[4.71429,14.85714,4.57143,15.14286],"rotation":270,"texture":"#10"},"west":{"uv":[4.14286,15.14286,4,14.85714],"rotation":270,"texture":"#10"},"up":{"uv":[2.85714,14.85714,3.14286,15],"rotation":270,"texture":"#10"},"down":{"uv":[3.42857,14.85714,3.71429,15],"rotation":270,"texture":"#10"}}},{"from":[4.62701,8.48782,-3.33816],"to":[5.09544,8.95626,-2.63551],"rotation":{"angle":0,"axis":"y","origin":[3,8.72204,0.94797]},"faces":{"north":{"uv":[2.28571,14.85714,2.57143,15.14286],"rotation":90,"texture":"#10"},"east":{"uv":[2,14.85714,1.71429,15.28571],"rotation":270,"texture":"#10"},"west":{"uv":[15.14286,1.57143,14.85714,1.14286],"rotation":270,"texture":"#10"},"up":{"uv":[14.85714,0.57143,15.28571,0.85714],"rotation":270,"texture":"#10"},"down":{"uv":[1.14286,14.85714,1.57143,15.14286],"rotation":270,"texture":"#10"}}},{"from":[-0.14845,8.22204,1.9557],"to":[0.85155,9.22204,2.9557],"rotation":{"angle":22.5,"axis":"y","origin":[3,8.72204,0.94797]},"faces":{"north":{"uv":[13.71429,12.57143,14.28571,13.14286],"rotation":90,"texture":"#10"},"east":{"uv":[1.71429,14.28571,1.14286,14.85714],"rotation":270,"texture":"#10"},"south":{"uv":[13.71429,13.71429,14.28571,14.28571],"rotation":270,"texture":"#10"},"west":{"uv":[1.14286,14.85714,0.57143,14.28571],"rotation":270,"texture":"#10"},"up":{"uv":[13.71429,13.14286,14.28571,13.71429],"rotation":270,"texture":"#10"},"down":{"uv":[0,14.28571,0.57143,14.85714],"rotation":270,"texture":"#10"}}},{"from":[12.00161,8.23704,0.38316],"to":[13.45661,9.20704,1.35316],"rotation":{"angle":-22.5,"axis":"y","origin":[13,8.72204,0.94797]},"faces":{"north":{"uv":[9.14286,14,9.71429,13.14286],"rotation":90,"texture":"#10"},"east":{"uv":[12,4.57143,11.42857,5.14286],"rotation":270,"texture":"#10"},"south":{"uv":[10.28571,14,10.85714,13.14286],"rotation":270,"texture":"#10"},"up":{"uv":[9.71429,14,10.28571,13.14286],"rotation":270,"texture":"#10"},"down":{"uv":[10.85714,14,11.42857,13.14286],"rotation":270,"texture":"#10"}}},{"from":[13.35346,8.23704,2.27931],"to":[14.32346,9.20704,3.73431],"rotation":{"angle":22.5,"axis":"y","origin":[13,8.72204,0.94797]},"faces":{"north":{"uv":[6.85714,12.57143,7.42857,12],"rotation":90,"texture":"#10"},"east":{"uv":[13.14286,13.14286,12.57143,14],"rotation":270,"texture":"#10"},"west":{"uv":[13.71429,14,13.14286,13.14286],"rotation":270,"texture":"#10"},"up":{"uv":[13.14286,9.71429,14,9.14286],"rotation":270,"texture":"#10"},"down":{"uv":[11.42857,13.71429,12.28571,13.14286],"rotation":270,"texture":"#10"}}},{"from":[13.21201,8.33404,0.3027],"to":[14.76401,9.11004,1.0787],"rotation":{"angle":-45,"axis":"y","origin":[13,8.72204,0.94797]},"faces":{"north":{"uv":[13.71429,10.57143,14.14286,9.71429],"rotation":90,"texture":"#10"},"south":{"uv":[11.42857,14.57143,11.85714,13.71429],"rotation":270,"texture":"#10"},"up":{"uv":[13.71429,11.71429,14.14286,10.85714],"rotation":270,"texture":"#10"},"down":{"uv":[12,14.57143,12.42857,13.71429],"rotation":270,"texture":"#10"}}},{"from":[10.50812,8.22204,0.80632],"to":[12.50812,9.22204,2.80632],"rotation":{"angle":-45,"axis":"y","origin":[13,8.72204,0.94797]},"faces":{"north":{"uv":[7.42857,11.42857,8,10.28571],"rotation":90,"texture":"#10"},"east":{"uv":[1.71429,13.14286,1.14286,14.28571],"rotation":270,"texture":"#10"},"south":{"uv":[8,13.71429,8.57143,12.57143],"rotation":270,"texture":"#10"},"west":{"uv":[2.28571,14.28571,1.71429,13.14286],"rotation":270,"texture":"#10"},"up":{"uv":[2.85714,12.57143,4,11.42857],"rotation":270,"texture":"#10"},"down":{"uv":[11.42857,4.57143,12.57143,3.42857],"rotation":270,"texture":"#10"}}},{"from":[10.75812,7.97204,1.05632],"to":[12.25812,9.47204,2.55632],"rotation":{"angle":-45,"axis":"y","origin":[13,8.72204,0.94797]},"faces":{"north":{"uv":[12.57143,0.85714,13.42857,0],"rotation":90,"texture":"#10"},"east":{"uv":[7.71429,12.57143,6.85714,13.42857],"rotation":270,"texture":"#10"},"south":{"uv":[2.85714,13.42857,3.71429,12.57143],"rotation":270,"texture":"#10"},"west":{"uv":[13.42857,8.85714,12.57143,8],"rotation":270,"texture":"#10"},"up":{"uv":[12.57143,2,13.42857,1.14286],"rotation":270,"texture":"#10"},"down":{"uv":[12.57143,4.28571,13.42857,3.42857],"rotation":270,"texture":"#10"}}},{"from":[9.43133,8.2888,-0.11879],"to":[10.43133,9.7888,1.38121],"rotation":{"angle":-45,"axis":"x","origin":[13,8.72204,0.94797]},"faces":{"north":{"uv":[13.71429,0.57143,14.57143,0],"rotation":90,"texture":"#10"},"east":{"uv":[13.42857,9.71429,12.57143,10.57143],"rotation":270,"texture":"#10"},"south":{"uv":[13.71429,1.71429,14.57143,1.14286],"rotation":270,"texture":"#10"},"west":{"uv":[13.42857,11.71429,12.57143,10.85714],"rotation":270,"texture":"#10"},"up":{"uv":[13.71429,1.14286,14.57143,0.57143],"rotation":270,"texture":"#10"},"down":{"uv":[13.71429,2.28571,14.57143,1.71429],"rotation":270,"texture":"#10"}}},{"from":[15.80502,8.70704,2.57764],"to":[18.30502,8.73704,5.57764],"rotation":{"angle":-22.5,"axis":"y","origin":[13,8.72204,0.94797]},"faces":{"up":{"uv":[10,14.28571,0,2.28571],"rotation":180,"texture":"#6"},"down":{"uv":[10,2.28571,0,14.28571],"rotation":180,"texture":"#6"}}},{"from":[11.15468,8.70704,-3.75755],"to":[14.40468,8.73704,-0.25755],"rotation":{"angle":0,"axis":"y","origin":[13,8.72204,0.94797]},"faces":{"up":{"uv":[0,14.28571,14,1.28571],"rotation":270,"texture":"#7"},"down":{"uv":[14,14.28571,0,1.28571],"rotation":270,"texture":"#7"}}},{"from":[13.57309,8.69704,0.00973],"to":[21.57309,8.74704,4.00973],"rotation":{"angle":-22.5,"axis":"y","origin":[13,8.72204,0.94797]},"faces":{"up":{"uv":[0,5.28571,16,13.28571],"texture":"#5"},"down":{"uv":[16,5.28571,0,13.28571],"rotation":180,"texture":"#5"}}},{"from":[10.29782,8.25204,-0.30857],"to":[11.23782,9.19204,1.10143],"rotation":{"angle":-22.5,"axis":"y","origin":[13,8.72204,0.94797]},"faces":{"north":{"uv":[13.71429,12.57143,14.28571,12],"rotation":90,"texture":"#10"},"east":{"uv":[14.28571,2.85714,13.71429,3.71429],"rotation":270,"texture":"#10"},"west":{"uv":[4,14.57143,3.42857,13.71429],"rotation":270,"texture":"#10"},"up":{"uv":[2.28571,14.28571,3.14286,13.71429],"rotation":270,"texture":"#10"},"down":{"uv":[13.71429,2.85714,14.57143,2.28571],"rotation":270,"texture":"#10"}}},{"from":[11.01627,8.33194,-2.06863],"to":[11.79647,9.11214,-0.89833],"rotation":{"angle":0,"axis":"y","origin":[13,8.72204,0.94797]},"faces":{"north":{"uv":[14.28571,10.71429,14.71429,10.28571],"rotation":90,"texture":"#10"},"east":{"uv":[5.57143,14.28571,5.14286,15],"rotation":270,"texture":"#10"},"west":{"uv":[14.71429,5.85714,14.28571,5.14286],"rotation":270,"texture":"#10"},"up":{"uv":[14.28571,3.85714,15,3.42857],"rotation":270,"texture":"#10"},"down":{"uv":[4,14.71429,4.71429,14.28571],"rotation":270,"texture":"#10"}}},{"from":[12.39983,8.42556,-3.18002],"to":[12.99279,9.01852,-2.29059],"rotation":{"angle":22.5,"axis":"y","origin":[13,8.72204,0.94797]},"faces":{"north":{"uv":[14.85714,2,15.14286,1.71429],"rotation":90,"texture":"#10"},"east":{"uv":[14.57143,12,14.28571,12.57143],"rotation":270,"texture":"#10"},"west":{"uv":[12.85714,14.85714,12.57143,14.28571],"rotation":270,"texture":"#10"},"up":{"uv":[14.28571,11.14286,14.85714,10.85714],"rotation":270,"texture":"#10"},"down":{"uv":[14.28571,11.71429,14.85714,11.42857],"rotation":270,"texture":"#10"}}},{"from":[9.4589,8.54638,-2.73083],"to":[9.81022,8.8977,-2.20384],"rotation":{"angle":-22.5,"axis":"y","origin":[13,8.72204,0.94797]},"faces":{"north":{"uv":[14.85714,5.28571,15,5.14286],"rotation":90,"texture":"#10"},"east":{"uv":[4.14286,14.85714,4,15.14286],"rotation":270,"texture":"#10"},"west":{"uv":[4.71429,15.14286,4.57143,14.85714],"rotation":270,"texture":"#10"},"up":{"uv":[2.85714,15,3.14286,14.85714],"rotation":270,"texture":"#10"},"down":{"uv":[3.42857,15,3.71429,14.85714],"rotation":270,"texture":"#10"}}},{"from":[10.90456,8.48782,-3.33816],"to":[11.37299,8.95626,-2.63551],"rotation":{"angle":0,"axis":"y","origin":[13,8.72204,0.94797]},"faces":{"north":{"uv":[2.28571,15.14286,2.57143,14.85714],"rotation":90,"texture":"#10"},"east":{"uv":[15.14286,1.14286,14.85714,1.57143],"rotation":270,"texture":"#10"},"west":{"uv":[2,15.28571,1.71429,14.85714],"rotation":270,"texture":"#10"},"up":{"uv":[14.85714,0.85714,15.28571,0.57143],"rotation":270,"texture":"#10"},"down":{"uv":[1.14286,15.14286,1.57143,14.85714],"rotation":270,"texture":"#10"}}},{"from":[15.14845,8.22204,1.9557],"to":[16.14845,9.22204,2.9557],"rotation":{"angle":-22.5,"axis":"y","origin":[13,8.72204,0.94797]},"faces":{"north":{"uv":[13.71429,13.14286,14.28571,12.57143],"rotation":90,"texture":"#10"},"east":{"uv":[1.14286,14.28571,0.57143,14.85714],"rotation":270,"texture":"#10"},"south":{"uv":[13.71429,14.28571,14.28571,13.71429],"rotation":270,"texture":"#10"},"west":{"uv":[1.71429,14.85714,1.14286,14.28571],"rotation":270,"texture":"#10"},"up":{"uv":[13.71429,13.71429,14.28571,13.14286],"rotation":270,"texture":"#10"},"down":{"uv":[0,14.85714,0.57143,14.28571],"rotation":270,"texture":"#10"}}},{"from":[8.93133,7.99704,-0.225],"to":[9.43133,9.44704,1.225],"rotation":{"angle":0,"axis":"y","origin":[13,8.72204,0.94797]},"faces":{"north":{"uv":[6.85714,14.57143,7.71429,14.28571],"rotation":90,"texture":"#10"},"east":{"uv":[10,12,9.14286,12.85714],"rotation":270,"texture":"#10"},"south":{"uv":[8.57143,14.57143,9.42857,14.28571],"rotation":270,"texture":"#10"},"west":{"uv":[12.28571,12.85714,11.42857,12],"rotation":270,"texture":"#10"},"up":{"uv":[14.28571,8.28571,15.14286,8],"rotation":270,"texture":"#10"},"down":{"uv":[14.28571,8.85714,15.14286,8.57143],"rotation":270,"texture":"#10"}}},{"from":[1.25,8.745,3.45],"to":[14.75,8.755,7.95],"rotation":{"angle":0,"axis":"y","origin":[14.75,4,5.75]},"faces":{"up":{"uv":[7.71429,8.28571,0,5.71429],"texture":"#10"},"down":{"uv":[7.71429,5.71429,0,8.28571],"texture":"#10"}}},{"from":[7,7,0],"to":[9,8.5,8],"rotation":{"angle":0,"axis":"y","origin":[7,7,0]},"faces":{"north":{"uv":[7.42857,11.42857,8.57143,12.28571],"texture":"#10"},"east":{"uv":[2.85714,8.57143,7.42857,9.42857],"texture":"#10"},"west":{"uv":[9.14286,6.85714,13.71429,7.71429],"texture":"#10"},"up":{"uv":[9.14286,11.42857,8,6.85714],"texture":"#10"},"down":{"uv":[1.14286,8.57143,0,13.14286],"texture":"#10"}}},{"from":[7.5,6.5,0.5],"to":[8.5,7,3.5],"rotation":{"angle":0,"axis":"y","origin":[7,5.5,0]},"faces":{"north":{"uv":[14.28571,12.57143,14.85714,12.85714],"texture":"#10"},"east":{"uv":[13.71429,4,15.42857,4.28571],"texture":"#10"},"south":{"uv":[13.14286,14.28571,13.71429,14.57143],"texture":"#10"},"west":{"uv":[13.71429,4.57143,15.42857,4.85714],"texture":"#10"}}},{"from":[7.25,5.5,0],"to":[8.75,6.5,4],"rotation":{"angle":0,"axis":"y","origin":[7,5.5,0]},"faces":{"north":{"uv":[13.71429,6.28571,14.57143,6.85714],"texture":"#10"},"east":{"uv":[9.71429,6.28571,12,6.85714],"texture":"#10"},"south":{"uv":[6.85714,13.71429,7.71429,14.28571],"texture":"#10"},"west":{"uv":[10.85714,9.14286,13.14286,9.71429],"texture":"#10"},"up":{"uv":[7.14286,12,6.28571,9.71429],"texture":"#10"},"down":{"uv":[10,9.71429,9.14286,12],"texture":"#10"}}},{"from":[6.75,6.75,8],"to":[9.25,9.75,11],"rotation":{"angle":0,"axis":"y","origin":[9,6.75,8]},"faces":{"north":{"uv":[9.71429,1.71429,11.14286,3.42857],"texture":"#10"},"east":{"uv":[9.14286,8,10.85714,9.71429],"texture":"#10"},"south":{"uv":[2.85714,9.71429,4.28571,11.42857],"texture":"#10"},"west":{"uv":[9.71429,0,11.42857,1.71429],"texture":"#10"},"up":{"uv":[11.14286,5.14286,9.71429,3.42857],"texture":"#10"},"down":{"uv":[6,9.71429,4.57143,11.42857],"texture":"#10"}}},{"from":[7,7,8.25],"to":[9,9.5,10.75],"rotation":{"angle":0,"axis":"y","origin":[7,6.75,8]},"faces":{"north":{"uv":[6,0,10,5],"texture":"#8"},"east":{"uv":[0,0,5,5],"texture":"#8"},"south":{"uv":[6,6,10,11],"texture":"#8"},"west":{"uv":[0,6,5,11],"texture":"#8"},"up":{"uv":[14,5,10,0],"texture":"#8"},"down":{"uv":[14,6,10,11],"texture":"#8"}}},{"from":[7.5,7,11],"to":[8.5,8.5,13],"rotation":{"angle":0,"axis":"y","origin":[7.5,7.5,11]},"faces":{"east":{"uv":[11.42857,10.85714,12.57143,11.71429],"texture":"#10"},"west":{"uv":[1.14286,12,2.28571,12.85714],"texture":"#10"},"up":{"uv":[13.71429,3.42857,13.14286,2.28571],"texture":"#10"},"down":{"uv":[4.57143,13.14286,4,14.28571],"texture":"#10"}}},{"from":[7.5,6.02513,13.35355],"to":[8.5,7.52513,16.35355],"rotation":{"angle":0,"axis":"y","origin":[7.5,6.52513,13.35355]},"faces":{"east":{"uv":[10.85714,8,12.57143,8.85714],"texture":"#10"},"west":{"uv":[11.42857,2.28571,13.14286,3.14286],"texture":"#10"},"up":{"uv":[2.85714,13.71429,2.28571,12],"texture":"#10"},"down":{"uv":[6.85714,12,6.28571,13.71429],"texture":"#10"}}},{"from":[7.4975,7.29289,12.29289],"to":[8.5025,8.79289,14.29289],"rotation":{"angle":45,"axis":"x","origin":[7.4975,7.79289,12.29289]},"faces":{"north":{"uv":[13.71429,5.14286,14.28571,6],"texture":"#10"},"east":{"uv":[12,4.57143,13.14286,5.42857],"texture":"#10"},"south":{"uv":[6.28571,13.71429,6.85714,14.57143],"texture":"#10"},"west":{"uv":[12,5.71429,13.14286,6.57143],"texture":"#10"},"up":{"uv":[5.14286,14.28571,4.57143,13.14286],"texture":"#10"},"down":{"uv":[13.71429,4.57143,13.14286,5.71429],"texture":"#10"}}},{"from":[7.375,4.97836,16.85195],"to":[8.625,7.97836,17.85195],"rotation":{"angle":-22.5,"axis":"x","origin":[7.375,4.72836,16.85195]},"faces":{"north":{"uv":[4,11.42857,4.71429,13.14286],"texture":"#10"},"east":{"uv":[7.42857,8.57143,8,10.28571],"texture":"#10"},"south":{"uv":[5.14286,11.42857,5.85714,13.14286],"texture":"#10"},"west":{"uv":[8.57143,11.42857,9.14286,13.14286],"texture":"#10"},"up":{"uv":[14.42857,7.42857,13.71429,6.85714],"texture":"#10"},"down":{"uv":[14.42857,7.42857,13.71429,8],"texture":"#10"}}},{"from":[7.5,8.11732,7.82612],"to":[8.5,9.11732,8.57612],"rotation":{"angle":-22.5,"axis":"x","origin":[7.5,8.11732,7.57612]},"faces":{"north":{"uv":[2.85714,14.28571,3.42857,14.85714],"texture":"#10"},"east":{"uv":[5.71429,14.28571,6.14286,14.85714],"texture":"#10"},"west":{"uv":[14.28571,9.14286,14.71429,9.71429],"texture":"#10"},"up":{"uv":[10.28571,14.71429,9.71429,14.28571],"texture":"#10"}}},{"from":[7.5,5.53649,9.69029],"to":[8.5,7.53649,10.69029],"rotation":{"angle":-45,"axis":"x","origin":[8,6.28649,10.19029]},"faces":{"north":{"uv":[5.14286,13.14286,5.71429,14.28571],"texture":"#10"},"east":{"uv":[5.71429,13.14286,6.28571,14.28571],"texture":"#10"},"south":{"uv":[13.14286,5.71429,13.71429,6.85714],"texture":"#10"},"west":{"uv":[8.57143,13.14286,9.14286,14.28571],"texture":"#10"}}},{"from":[7.75,7.03649,9.19029],"to":[8.25,8.03649,9.69029],"rotation":{"angle":-45,"axis":"x","origin":[8,6.28649,10.19029]},"faces":{"north":{"uv":[14.28571,13.71429,14.57143,14.28571],"texture":"#10"},"east":{"uv":[14.28571,14.28571,14.57143,14.85714],"texture":"#10"},"west":{"uv":[0,14.85714,0.28571,15.42857],"texture":"#10"},"down":{"uv":[15.14286,2.28571,14.85714,2.57143],"texture":"#10"}}},{"from":[7.5,5.03649,9.44029],"to":[8.5,5.53649,10.69029],"rotation":{"angle":-45,"axis":"x","origin":[8,6.28649,10.19029]},"faces":{"north":{"uv":[14.28571,13.14286,14.85714,13.42857],"texture":"#10"},"east":{"uv":[14.28571,9.71429,15,10],"texture":"#10"},"south":{"uv":[13.71429,14.28571,14.28571,14.57143],"texture":"#10"},"west":{"uv":[10.28571,14.28571,11,14.57143],"texture":"#10"},"up":{"uv":[8.57143,14.42857,8,13.71429],"texture":"#10"},"down":{"uv":[14.28571,8,13.71429,8.71429],"texture":"#10"}}},{"from":[7.5,9.75,8.5],"to":[8.5,10.25,10.5],"rotation":{"angle":0,"axis":"y","origin":[7.5,9.75,8]},"faces":{"north":{"uv":[14.85714,0,15.42857,0.28571],"texture":"#10"},"east":{"uv":[1.71429,14.28571,2.85714,14.57143],"texture":"#10"},"south":{"uv":[0.57143,14.85714,1.14286,15.14286],"texture":"#10"},"west":{"uv":[14.28571,2.85714,15.42857,3.14286],"texture":"#10"}}},{"from":[7.25,10.25,7.75],"to":[8.75,11.75,11.25],"rotation":{"angle":0,"axis":"y","origin":[7.5,9.75,8]},"faces":{"north":{"uv":[12.57143,12,13.42857,12.85714],"texture":"#10"},"east":{"uv":[9.71429,5.14286,11.71429,6],"texture":"#10"},"south":{"uv":[0,13.14286,0.85714,14],"texture":"#10"},"west":{"uv":[10.28571,9.71429,12.28571,10.57143],"texture":"#10"},"up":{"uv":[11.14286,12.85714,10.28571,10.85714],"texture":"#10"},"down":{"uv":[12.28571,0,11.42857,2],"texture":"#10"}}},{"from":[6.75,8.74561,2],"to":[9.25,8.77561,8],"rotation":{"angle":-45,"axis":"z","origin":[8,8.76061,5]},"faces":{"up":{"uv":[2.57143,12,1.14286,8.57143],"texture":"#10"},"down":{"uv":[2.57143,8.57143,1.14286,12],"texture":"#10"}}},{"from":[7.985,7.51061,2],"to":[8.015,10.01061,8],"rotation":{"angle":-45,"axis":"z","origin":[8,8.76061,5]},"faces":{"east":{"uv":[2.57143,8.57143,1.14286,12],"rotation":270,"texture":"#10"},"west":{"uv":[2.57143,12,1.14286,8.57143],"rotation":270,"texture":"#10"}}}],"gui_light":"front","display":{"thirdperson_righthand":{"translation":[-0.75,1.25,-1]},"thirdperson_lefthand":{"translation":[-0.75,1.25,-1]},"firstperson_righthand":{"rotation":[0,-9.75,0],"translation":[1.5,-0.25,-1.5]},"firstperson_lefthand":{"rotation":[0,-9.75,0],"translation":[1.5,-0.25,-1.5]},"ground":{"rotation":[35,0,0],"translation":[0,5,0],"scale":[0.7,0.7,0.7]},"gui":{"rotation":[90,-45,0],"translation":[-1.75,-1.75,0]},"head":{"rotation":[36,0,0]},"fixed":{"rotation":[-90,0,0],"translation":[0,0,-4.5],"scale":[2,2,2]}}}