{"credit":"Polygony Creation Co.,Ltd.","texture_size":[24,24],"textures":{"1":"tavern:items/sets/wild/animations/animation_1","4":"tavern:items/sets/wild/trident","6":"tavern:items/sets/wild/animations/animation_leaf2","7":"tavern:items/sets/wild/animations/animation_leaf3","particle":"tavern:items/sets/wild/trident"},"elements":[{"from":[7.5,1.55337,7.5],"to":[8.5,3.05337,8.5],"rotation":{"angle":0,"axis":"y","origin":[8,2.30337,8]},"faces":{"north":{"uv":[10.66667,5.33333,11.33333,6.33333],"texture":"#4"},"east":{"uv":[6.66667,10.66667,7.33333,11.66667],"texture":"#4"},"south":{"uv":[10.66667,6.66667,11.33333,7.66667],"texture":"#4"},"west":{"uv":[7.33333,10.66667,8,11.66667],"texture":"#4"},"up":{"uv":[4,12.66667,3.33333,12],"texture":"#4"},"down":{"uv":[4.66667,12,4,12.66667],"texture":"#4"}}},{"from":[7.25,1.30337,7.325],"to":[8.75,1.80337,8.825],"rotation":{"angle":0,"axis":"y","origin":[8,6.38522,7.66692]},"faces":{"north":{"uv":[12.66667,2.66667,13.66667,3],"texture":"#4"},"east":{"uv":[3.33333,12.66667,4.33333,13],"texture":"#4"},"south":{"uv":[12.66667,3.33333,13.66667,3.66667],"texture":"#4"},"west":{"uv":[12.66667,4,13.66667,4.33333],"texture":"#4"},"up":{"uv":[9,1,8,0],"texture":"#4"},"down":{"uv":[2.33333,8,1.33333,9],"texture":"#4"}}},{"from":[7.275,5.15337,7.275],"to":[8.725,5.65337,8.725],"rotation":{"angle":0,"axis":"y","origin":[8,6.38522,7.66692]},"faces":{"north":{"uv":[4.66667,12.66667,5.66667,13],"texture":"#4"},"east":{"uv":[12.66667,4.66667,13.66667,5],"texture":"#4"},"south":{"uv":[12.66667,5.33333,13.66667,5.66667],"texture":"#4"},"west":{"uv":[12.66667,6,13.66667,6.33333],"texture":"#4"},"up":{"uv":[9,2.33333,8,1.33333],"texture":"#4"},"down":{"uv":[9,2.66667,8,3.66667],"texture":"#4"}}},{"from":[7.275,15.35337,7.275],"to":[8.725,15.85337,8.725],"rotation":{"angle":0,"axis":"y","origin":[8,16.58522,7.66692]},"faces":{"north":{"uv":[8.66667,12.66667,9.66667,13],"texture":"#4"},"east":{"uv":[12.66667,8.66667,13.66667,9],"texture":"#4"},"south":{"uv":[12.66667,9.33333,13.66667,9.66667],"texture":"#4"},"west":{"uv":[12.66667,10,13.66667,10.33333],"texture":"#4"},"up":{"uv":[2.33333,10.33333,1.33333,9.33333],"texture":"#4"},"down":{"uv":[10.33333,1.33333,9.33333,2.33333],"texture":"#4"}}},{"from":[7.5,3.65337,7.5],"to":[8.5,5.15337,8.5],"rotation":{"angle":0,"axis":"y","origin":[8,4.40337,8]},"faces":{"north":{"uv":[8,10.66667,8.66667,11.66667],"texture":"#4"},"east":{"uv":[8.66667,10.66667,9.33333,11.66667],"texture":"#4"},"south":{"uv":[9.33333,10.66667,10,11.66667],"texture":"#4"},"west":{"uv":[10,10.66667,10.66667,11.66667],"texture":"#4"},"up":{"uv":[12.66667,4.66667,12,4],"texture":"#4"},"down":{"uv":[5.33333,12,4.66667,12.66667],"texture":"#4"}}},{"from":[7.6,3.05337,7.6],"to":[8.4,3.65337,8.4],"rotation":{"angle":0,"axis":"y","origin":[8,6.36022,7.14192]},"faces":{"north":{"uv":[2.66667,13.33333,3.16667,13.66667],"texture":"#4"},"east":{"uv":[3.33333,13.33333,3.83333,13.66667],"texture":"#4"},"south":{"uv":[4,13.33333,4.5,13.66667],"texture":"#4"},"west":{"uv":[4.66667,13.33333,5.16667,13.66667],"texture":"#4"},"up":{"uv":[10.5,13.16667,10,12.66667],"texture":"#4"},"down":{"uv":[13.16667,10.66667,12.66667,11.16667],"texture":"#4"}}},{"from":[7.5,17.95337,7.5],"to":[8.5,19.45337,8.5],"rotation":{"angle":0,"axis":"y","origin":[8,18.70337,8]},"faces":{"north":{"uv":[12,1.33333,12.66667,2.33333],"texture":"#4"},"east":{"uv":[2,12,2.66667,13],"texture":"#4"},"south":{"uv":[2.66667,12,3.33333,13],"texture":"#4"},"west":{"uv":[12,2.66667,12.66667,3.66667],"texture":"#4"},"up":{"uv":[12.66667,9.33333,12,8.66667],"texture":"#4"},"down":{"uv":[10,12,9.33333,12.66667],"texture":"#4"}}},{"from":[7.6,17.35337,7.6],"to":[8.4,17.95337,8.4],"rotation":{"angle":0,"axis":"y","origin":[8,20.66022,7.14192]},"faces":{"north":{"uv":[8,13.33333,8.5,13.66667],"texture":"#4"},"east":{"uv":[8.66667,13.33333,9.16667,13.66667],"texture":"#4"},"south":{"uv":[9.33333,13.33333,9.83333,13.66667],"texture":"#4"},"west":{"uv":[10,13.33333,10.5,13.66667],"texture":"#4"},"up":{"uv":[13.16667,12.5,12.66667,12],"texture":"#4"},"down":{"uv":[13.16667,12.66667,12.66667,13.16667],"texture":"#4"}}},{"from":[7.5,15.85337,7.5],"to":[8.5,17.35337,8.5],"rotation":{"angle":0,"axis":"y","origin":[8,16.60337,8]},"faces":{"north":{"uv":[0,12,0.66667,13],"texture":"#4"},"east":{"uv":[12,0,12.66667,1],"texture":"#4"},"south":{"uv":[0.66667,12,1.33333,13],"texture":"#4"},"west":{"uv":[1.33333,12,2,13],"texture":"#4"},"up":{"uv":[12.66667,8.66667,12,8],"texture":"#4"},"down":{"uv":[9.33333,12,8.66667,12.66667],"texture":"#4"}}},{"from":[7.275,20.45337,7.275],"to":[8.725,20.95337,8.725],"rotation":{"angle":0,"axis":"y","origin":[8,20.18522,7.66692]},"faces":{"north":{"uv":[12.66667,6.66667,13.66667,7],"texture":"#4"},"east":{"uv":[7.33333,12.66667,8.33333,13],"texture":"#4"},"south":{"uv":[12.66667,7.33333,13.66667,7.66667],"texture":"#4"},"west":{"uv":[12.66667,8,13.66667,8.33333],"texture":"#4"},"up":{"uv":[9,5,8,4],"texture":"#4"},"down":{"uv":[9,5.33333,8,6.33333],"texture":"#4"}}},{"from":[7.36,2.11441,11.12513],"to":[8.64,3.39441,12.40513],"rotation":{"angle":45,"axis":"x","origin":[8,6.38522,7.66692]},"faces":{"north":{"uv":[10,8,10.83333,8.83333],"texture":"#4"},"east":{"uv":[10,9.33333,10.83333,10.16667],"texture":"#4"},"south":{"uv":[0,10.66667,0.83333,11.5],"texture":"#4"},"west":{"uv":[10.66667,0,11.5,0.83333],"texture":"#4"},"up":{"uv":[2.16667,11.5,1.33333,10.66667],"texture":"#4"},"down":{"uv":[11.5,1.33333,10.66667,2.16667],"texture":"#4"}}},{"from":[7.5,19.27444,2.99697],"to":[8.5,21.27444,4.99697],"rotation":{"angle":45,"axis":"x","origin":[8,16.18522,7.79192]},"faces":{"north":{"uv":[9.33333,2.66667,10,4],"texture":"#4"},"east":{"uv":[0,14.16667,1.33333,15.5],"texture":"#4"},"south":{"uv":[9.33333,4,10,5.33333],"texture":"#4"},"west":{"uv":[1.33333,14.16667,2.66667,15.5],"texture":"#4"},"up":{"uv":[10,6.66667,9.33333,5.33333],"texture":"#4"},"down":{"uv":[7.33333,9.33333,6.66667,10.66667],"texture":"#4"}}},{"from":[7.25,19.52444,3.24697],"to":[8.75,21.02444,4.74697],"rotation":{"angle":45,"axis":"x","origin":[8,16.18522,7.79192]},"faces":{"north":{"uv":[6.66667,8,7.66667,9],"texture":"#4"},"east":{"uv":[8,6.66667,9,7.66667],"texture":"#4"},"south":{"uv":[8,8,9,9],"texture":"#4"},"west":{"uv":[2.66667,8.66667,3.66667,9.66667],"texture":"#4"},"up":{"uv":[5,9.66667,4,8.66667],"texture":"#4"},"down":{"uv":[6.33333,8.66667,5.33333,9.66667],"texture":"#4"}}},{"from":[7.01447,19.45337,7.15244],"to":[8.51447,20.45337,8.65244],"rotation":{"angle":45,"axis":"y","origin":[8,20.18522,7.66692]},"faces":{"north":{"uv":[10.66667,10.66667,11.66667,11.33333],"texture":"#4"},"east":{"uv":[2.66667,11.33333,3.66667,12],"texture":"#4"},"south":{"uv":[4,11.33333,5,12],"texture":"#4"},"west":{"uv":[5.33333,11.33333,6.33333,12],"texture":"#4"},"up":{"uv":[1,10.33333,0,9.33333],"texture":"#4"},"down":{"uv":[10.33333,0,9.33333,1],"texture":"#4"}}},{"from":[7.985,-1.64933,6.99742],"to":[8.015,0.35067,8.99742],"rotation":{"angle":45,"axis":"x","origin":[8,-0.64933,7.99742]},"faces":{"east":{"uv":[4.16667,14.16667,2.83333,15.5],"texture":"#4"},"west":{"uv":[2.83333,14.16667,4.16667,15.5],"texture":"#4"}}},{"from":[7.96,20.86693,10.07403],"to":[8.04,23.36693,13.07403],"rotation":{"angle":22.5,"axis":"x","origin":[8,23.61693,12.07403]},"faces":{"east":{"uv":[0,14,10,2],"rotation":270,"texture":"#6"},"west":{"uv":[0,2,10,14],"rotation":270,"texture":"#6"}}},{"from":[7.96,20.86693,2.92597],"to":[8.04,23.36693,5.92597],"rotation":{"angle":-22.5,"axis":"x","origin":[8,23.61693,3.92597]},"faces":{"east":{"uv":[0,2,10,14],"rotation":270,"texture":"#6"},"west":{"uv":[0,14,10,2],"rotation":270,"texture":"#6"}}},{"from":[7.96,-1.45247,3.86014],"to":[8.04,1.79753,7.36014],"rotation":{"angle":22.5,"axis":"x","origin":[8.15,0.70625,6.74717]},"faces":{"east":{"uv":[0,14,14,1],"texture":"#7"},"west":{"uv":[14,14,0,1],"texture":"#7"}}},{"from":[7.96,-1.45247,8.63986],"to":[8.04,1.79753,12.13986],"rotation":{"angle":-22.5,"axis":"x","origin":[8.15,0.70625,9.25283]},"faces":{"east":{"uv":[14,14,0,1],"texture":"#7"},"west":{"uv":[0,14,14,1],"texture":"#7"}}},{"from":[7.885,11.7,9.875],"to":[8.115,21.2,16.875],"rotation":{"angle":0,"axis":"y","origin":[7.485,9.7,21.875]},"faces":{"east":{"uv":[4.66667,0,0,6.16666],"texture":"#1"},"west":{"uv":[0,0,4.66667,6.16666],"texture":"#1"}}},{"from":[7.885,11.7,-0.875],"to":[8.115,21.2,6.125],"rotation":{"angle":0,"axis":"y","origin":[7.485,9.7,-5.875]},"faces":{"east":{"uv":[0,0,4.66667,6.16666],"texture":"#1"},"west":{"uv":[4.66667,0,0,6.16666],"texture":"#1"}}},{"from":[7.82434,25.00755,9.70127],"to":[8.17566,25.53454,10.05259],"rotation":{"angle":0,"axis":"y","origin":[8,23.87717,9.21854]},"faces":{"north":{"uv":[11.33333,13.33333,11.5,13.66667],"texture":"#4"},"east":{"uv":[13.33333,11.33333,13.5,11.66667],"texture":"#4"},"south":{"uv":[12,13.33333,12.16667,13.66667],"texture":"#4"},"west":{"uv":[13.33333,12,13.5,12.33333],"texture":"#4"},"up":{"uv":[12.83333,13.5,12.66667,13.33333],"texture":"#4"}}},{"from":[7.76578,24.55715,9.11812],"to":[8.23422,25.2598,9.58655],"rotation":{"angle":22.5,"axis":"x","origin":[8,23.87717,9.21854]},"faces":{"north":{"uv":[5.33333,13.33333,5.66667,13.83333],"texture":"#4"},"east":{"uv":[6,13.33333,6.33333,13.83333],"texture":"#4"},"south":{"uv":[6.66667,13.33333,7,13.83333],"texture":"#4"},"west":{"uv":[7.33333,13.33333,7.66667,13.83333],"texture":"#4"},"up":{"uv":[11,13.66667,10.66667,13.33333],"texture":"#4"}}},{"from":[7.70352,23.76181,9.11356],"to":[8.29648,24.35477,10.00299],"rotation":{"angle":-45,"axis":"x","origin":[8,23.87717,9.21854]},"faces":{"east":{"uv":[0,13.33333,0.66667,13.66667],"texture":"#4"},"south":{"uv":[13.33333,10.66667,13.66667,11],"texture":"#4"},"west":{"uv":[13.33333,0,14,0.33333],"texture":"#4"},"up":{"uv":[1,14,0.66667,13.33333],"texture":"#4"},"down":{"uv":[13.66667,0.66667,13.33333,1.33333],"texture":"#4"}}},{"from":[7.6099,22.81997,8.69464],"to":[8.3901,23.99027,9.47484],"rotation":{"angle":22.5,"axis":"x","origin":[8,23.87717,9.21854]},"faces":{"north":{"uv":[12,10.66667,12.5,11.5],"texture":"#4"},"east":{"uv":[12,12,12.5,12.83333],"texture":"#4"},"south":{"uv":[12.66667,0,13.16667,0.83333],"texture":"#4"},"west":{"uv":[12.66667,1.33333,13.16667,2.16667],"texture":"#4"},"up":{"uv":[13.16667,11.83333,12.66667,11.33333],"texture":"#4"}}},{"from":[7.53,21.70228,8.27367],"to":[8.47,23.11228,9.21367],"rotation":{"angle":0,"axis":"y","origin":[8,23.87717,9.21854]},"faces":{"north":{"uv":[11.33333,5.33333,12,6.33333],"texture":"#4"},"east":{"uv":[11.33333,6.66667,12,7.66667],"texture":"#4"},"south":{"uv":[11.33333,8,12,9],"texture":"#4"},"west":{"uv":[11.33333,9.33333,12,10.33333],"texture":"#4"},"up":{"uv":[12.66667,5.33333,12,4.66667],"texture":"#4"},"down":{"uv":[6,12,5.33333,12.66667],"texture":"#4"}}},{"from":[7.53,21.70228,6.78633],"to":[8.47,23.11228,7.72633],"rotation":{"angle":0,"axis":"y","origin":[8,23.87717,6.78146]},"faces":{"north":{"uv":[12,8,11.33333,9],"texture":"#4"},"east":{"uv":[12,6.66667,11.33333,7.66667],"texture":"#4"},"south":{"uv":[12,5.33333,11.33333,6.33333],"texture":"#4"},"west":{"uv":[12,9.33333,11.33333,10.33333],"texture":"#4"},"up":{"uv":[12.66667,4.66667,12,5.33333],"texture":"#4"},"down":{"uv":[6,12.66667,5.33333,12],"texture":"#4"}}},{"from":[7.6099,22.81997,6.52516],"to":[8.3901,23.99027,7.30536],"rotation":{"angle":-22.5,"axis":"x","origin":[8,23.87717,6.78146]},"faces":{"north":{"uv":[13.16667,0,12.66667,0.83333],"texture":"#4"},"east":{"uv":[12.5,12,12,12.83333],"texture":"#4"},"south":{"uv":[12.5,10.66667,12,11.5],"texture":"#4"},"west":{"uv":[13.16667,1.33333,12.66667,2.16667],"texture":"#4"},"up":{"uv":[13.16667,11.33333,12.66667,11.83333],"texture":"#4"}}},{"from":[7.70352,23.76181,5.99701],"to":[8.29648,24.35477,6.88644],"rotation":{"angle":45,"axis":"x","origin":[8,23.87717,6.78146]},"faces":{"north":{"uv":[13.66667,10.66667,13.33333,11],"texture":"#4"},"east":{"uv":[0.66667,13.33333,0,13.66667],"texture":"#4"},"west":{"uv":[14,0,13.33333,0.33333],"texture":"#4"},"up":{"uv":[1,13.33333,0.66667,14],"texture":"#4"},"down":{"uv":[13.66667,1.33333,13.33333,0.66667],"texture":"#4"}}},{"from":[7.76578,24.55715,6.41345],"to":[8.23422,25.2598,6.88188],"rotation":{"angle":-22.5,"axis":"x","origin":[8,23.87717,6.78146]},"faces":{"north":{"uv":[7,13.33333,6.66667,13.83333],"texture":"#4"},"east":{"uv":[6.33333,13.33333,6,13.83333],"texture":"#4"},"south":{"uv":[5.66667,13.33333,5.33333,13.83333],"texture":"#4"},"west":{"uv":[7.66667,13.33333,7.33333,13.83333],"texture":"#4"},"up":{"uv":[11,13.33333,10.66667,13.66667],"texture":"#4"}}},{"from":[7.82434,25.00755,5.94741],"to":[8.17566,25.53454,6.29873],"rotation":{"angle":0,"axis":"y","origin":[8,23.87717,6.78146]},"faces":{"north":{"uv":[12.16667,13.33333,12,13.66667],"texture":"#4"},"east":{"uv":[13.5,11.33333,13.33333,11.66667],"texture":"#4"},"south":{"uv":[11.5,13.33333,11.33333,13.66667],"texture":"#4"},"west":{"uv":[13.5,12,13.33333,12.33333],"texture":"#4"},"up":{"uv":[12.83333,13.33333,12.66667,13.5],"texture":"#4"}}},{"from":[7.75,22.61372,8],"to":[8.25,24.61372,10],"rotation":{"angle":-45,"axis":"x","origin":[7.75,22.61372,8]},"faces":{"north":{"uv":[12,5.33333,12.33333,6.66667],"texture":"#4"},"east":{"uv":[6.66667,0,8,1.33333],"texture":"#4"},"south":{"uv":[6,12,6.33333,13.33333],"texture":"#4"},"west":{"uv":[6.66667,1.33333,8,2.66667],"texture":"#4"},"up":{"uv":[7,13.33333,6.66667,12],"texture":"#4"},"down":{"uv":[12.33333,6.66667,12,8],"texture":"#4"}}},{"from":[7.75,26.27486,8],"to":[8.25,27.33986,9.065],"rotation":{"angle":-45,"axis":"x","origin":[7.75,26.27486,8]},"faces":{"north":{"uv":[1.33333,13.33333,1.66667,14],"texture":"#4"},"east":{"uv":[7.33333,12,8,12.66667],"texture":"#4"},"south":{"uv":[13.33333,1.33333,13.66667,2],"texture":"#4"},"west":{"uv":[8,12,8.66667,12.66667],"texture":"#4"},"up":{"uv":[2.33333,14,2,13.33333],"texture":"#4"},"down":{"uv":[13.66667,2,13.33333,2.66667],"texture":"#4"}}},{"from":[7.7535,24.02793,7.25],"to":[8.2465,27.02793,8.75],"rotation":{"angle":0,"axis":"y","origin":[8.0035,20.02793,8]},"faces":{"north":{"uv":[10.66667,11.33333,11,13.33333],"texture":"#4"},"east":{"uv":[14.16667,2,15.16667,4],"texture":"#4"},"south":{"uv":[11.33333,11.33333,11.66667,13.33333],"texture":"#4"},"west":{"uv":[14.16667,0,15.16667,2],"texture":"#4"}}},{"from":[7.5035,9.05992,6.88038],"to":[8.4965,11.05992,7.88038],"rotation":{"angle":22.5,"axis":"x","origin":[7.5035,9.05992,6.88038]},"faces":{"north":{"uv":[9.33333,6.66667,10,8],"texture":"#4"},"east":{"uv":[7.33333,9.33333,8,10.66667],"texture":"#4"},"south":{"uv":[8,9.33333,8.66667,10.66667],"texture":"#4"},"west":{"uv":[9.33333,8,10,9.33333],"texture":"#4"}}},{"from":[7.5,10.14232,7.64574],"to":[8.5,12.14232,8.64574],"rotation":{"angle":-22.5,"axis":"x","origin":[7.5,10.14232,7.64574]},"faces":{"north":{"uv":[8.66667,9.33333,9.33333,10.66667],"texture":"#4"},"east":{"uv":[9.33333,9.33333,10,10.66667],"texture":"#4"},"south":{"uv":[2.66667,10,3.33333,11.33333],"texture":"#4"},"west":{"uv":[10,2.66667,10.66667,4],"texture":"#4"},"up":{"uv":[12.66667,10,12,9.33333],"texture":"#4"},"down":{"uv":[10.66667,12,10,12.66667],"texture":"#4"}}},{"from":[7.5035,11.99008,6.88038],"to":[8.4965,13.99008,7.88038],"rotation":{"angle":22.5,"axis":"x","origin":[7.5035,11.99008,6.88038]},"faces":{"north":{"uv":[3.33333,10,4,11.33333],"texture":"#4"},"east":{"uv":[4,10,4.66667,11.33333],"texture":"#4"},"south":{"uv":[10,4,10.66667,5.33333],"texture":"#4"},"west":{"uv":[4.66667,10,5.33333,11.33333],"texture":"#4"}}},{"from":[7.4,13.35337,7.4],"to":[8.6,15.35337,8.6],"rotation":{"angle":0,"axis":"y","origin":[7.5,13.35337,7.5]},"faces":{"north":{"uv":[6.66667,2.66667,7.5,4],"texture":"#4"},"east":{"uv":[6.66667,4,7.5,5.33333],"texture":"#4"},"south":{"uv":[6.66667,5.33333,7.5,6.66667],"texture":"#4"},"west":{"uv":[6.66667,6.66667,7.5,8],"texture":"#4"},"down":{"uv":[11.5,2.66667,10.66667,3.5],"texture":"#4"}}},{"from":[7.4,5.65337,7.4],"to":[8.6,7.65337,8.6],"rotation":{"angle":0,"axis":"y","origin":[7.5,7.65337,7.5]},"faces":{"north":{"uv":[2.66667,7.33333,3.5,8.66667],"texture":"#4"},"east":{"uv":[4,7.33333,4.83333,8.66667],"texture":"#4"},"south":{"uv":[5.33333,7.33333,6.16667,8.66667],"texture":"#4"},"west":{"uv":[0,8,0.83333,9.33333],"texture":"#4"},"up":{"uv":[11.5,4.83333,10.66667,4],"texture":"#4"}}},{"from":[7.5,7.05992,6.88038],"to":[8.5,9.05992,7.88038],"rotation":{"angle":-22.5,"axis":"x","origin":[7.5,9.05992,6.88038]},"faces":{"north":{"uv":[5.33333,10,6,11.33333],"texture":"#4"},"east":{"uv":[10,5.33333,10.66667,6.66667],"texture":"#4"},"south":{"uv":[6,10,6.66667,11.33333],"texture":"#4"},"west":{"uv":[10,6.66667,10.66667,8],"texture":"#4"},"up":{"uv":[12.66667,10.66667,12,10],"texture":"#4"}}},{"from":[7.985,23,3.375],"to":[8.015,32,12.625],"rotation":{"angle":0,"axis":"y","origin":[7.985,24,5.875]},"faces":{"east":{"uv":[6.16667,0,0,6],"texture":"#4"},"west":{"uv":[0,0,6.16667,6],"texture":"#4"}}}],"gui_light":"front","display":{"thirdperson_righthand":{"translation":[0,-4.5,1.25]},"thirdperson_lefthand":{"translation":[0,-4.5,1.25]},"firstperson_righthand":{"translation":[2.25,-7.75,-0.75]},"firstperson_lefthand":{"translation":[2.25,-7.75,-0.75]},"ground":{"rotation":[-45,0,0],"translation":[0,5,0],"scale":[0.7,0.7,0.7]},"gui":{"rotation":[-90,-45,-90],"translation":[-3.25,-3.25,0],"scale":[0.7,0.7,0.7]},"head":{"rotation":[0,-90,0]},"fixed":{"rotation":[0,-90,0],"translation":[0,-6,-1],"scale":[2,2,2]}}}