{"textures":{"0":"modelengine:entity/toro_deep_creature"},"elements":[{"from":[4.5,-4.25,-6.5],"to":[8.5,5.75,-2.5],"faces":{"east":{"uv":[0.125,8.625,0.25,8.9375],"tintindex":0,"rotation":0,"texture":"#0"},"south":{"uv":[8.625,1.0,8.75,1.3125],"tintindex":0,"rotation":0,"texture":"#0"},"north":{"uv":[3.09375,8.59375,3.21875,8.90625],"tintindex":0,"rotation":0,"texture":"#0"},"west":{"uv":[3.375,8.625,3.5,8.9375],"tintindex":0,"rotation":0,"texture":"#0"},"up":{"uv":[1.75,9.0,1.625,8.875],"tintindex":0,"rotation":0,"texture":"#0"},"down":{"uv":[9.0,1.6875,8.875,1.8125],"tintindex":0,"rotation":0,"texture":"#0"}},"rotation":{"origin":[6.5,7.5,-7.5],"angle":22.5,"axis":"x"}},{"from":[4.0,0.5,-9.25],"to":[9.0,6.5,-2.25],"faces":{"east":{"uv":[8.5,6.5,8.71875,6.6875],"tintindex":0,"rotation":0,"texture":"#0"},"south":{"uv":[8.6875,2.5625,8.84375,2.75],"tintindex":0,"rotation":0,"texture":"#0"},"north":{"uv":[8.6875,2.1875,8.84375,2.375],"tintindex":0,"rotation":0,"texture":"#0"},"west":{"uv":[8.5,7.75,8.71875,7.9375],"tintindex":0,"rotation":0,"texture":"#0"},"up":{"uv":[7.34375,1.5625,7.1875,1.34375],"tintindex":0,"rotation":0,"texture":"#0"},"down":{"uv":[8.78125,5.4375,8.625,5.65625],"tintindex":0,"rotation":0,"texture":"#0"}},"rotation":{"origin":[6.5,7.5,-7.5],"angle":-45.0,"axis":"x"}},{"from":[3.0,4.0,-3.0],"to":[10.0,11.0,6.0],"faces":{"east":{"uv":[8.0625,8.125,8.34375,8.34375],"tintindex":0,"rotation":0,"texture":"#0"},"south":{"uv":[8.46875,8.4375,8.6875,8.65625],"tintindex":0,"rotation":0,"texture":"#0"},"north":{"uv":[8.46875,8.21875,8.6875,8.4375],"tintindex":0,"rotation":0,"texture":"#0"},"west":{"uv":[8.15625,1.9375,8.4375,2.15625],"tintindex":0,"rotation":0,"texture":"#0"},"up":{"uv":[8.375,2.4375,8.15625,2.15625],"tintindex":0,"rotation":0,"texture":"#0"},"down":{"uv":[8.375,5.0625,8.15625,5.34375],"tintindex":0,"rotation":0,"texture":"#0"}}}],"display":{"gui":{"rotation":[30,225,0]}}}