{"textures":{"0":"modelengine:entity/deaddoge2"},"elements":[{"from":[5.97153,-1.0254202,8.73829],"to":[8.01591,1.0189695,11.28629],"faces":{"east":{"uv":[8.25,0.75,8.5625,1.0],"tintindex":0,"rotation":0,"texture":"#0"},"south":{"uv":[8.875,3.875,9.125,4.125],"tintindex":0,"rotation":0,"texture":"#0"},"north":{"uv":[3.625,8.5,3.875,8.75],"tintindex":0,"rotation":0,"texture":"#0"},"west":{"uv":[9.125,2.25,9.4375,2.5],"tintindex":0,"rotation":0,"texture":"#0"},"up":{"uv":[6.125,8.9375,5.875,8.625],"tintindex":0,"rotation":0,"texture":"#0"},"down":{"uv":[3.75,10.25,3.5,10.5625],"tintindex":0,"rotation":0,"texture":"#0"}},"rotation":{"origin":[8.005199,-1.00735,10.49434],"angle":-45.0,"axis":"z"}},{"from":[6.5544,0.4178896,8.73241],"to":[9.4456005,5.43931,11.29217],"faces":{"east":{"uv":[8.75,11.625,9.0625,12.25],"tintindex":0,"rotation":0,"texture":"#0"},"south":{"uv":[6.125,11.5,6.5,12.125],"tintindex":0,"rotation":0,"texture":"#0"},"north":{"uv":[5.75,11.5,6.125,12.125],"tintindex":0,"rotation":0,"texture":"#0"},"west":{"uv":[11.625,8.75,11.9375,9.375],"tintindex":0,"rotation":0,"texture":"#0"},"up":{"uv":[3.625,12.8125,3.25,12.5],"tintindex":0,"rotation":0,"texture":"#0"},"down":{"uv":[4.5,12.5,4.125,12.8125],"tintindex":0,"rotation":0,"texture":"#0"}}},{"from":[6.5492,4.68189,7.4844103],"to":[9.4508,9.54593,10.26844],"faces":{"east":{"uv":[3.75,11.5,4.125,12.125],"tintindex":0,"rotation":0,"texture":"#0"},"south":{"uv":[4.125,11.5,4.5,12.125],"tintindex":0,"rotation":0,"texture":"#0"},"north":{"uv":[1.25,11.5,1.625,12.125],"tintindex":0,"rotation":0,"texture":"#0"},"west":{"uv":[4.5,11.5,4.875,12.125],"tintindex":0,"rotation":0,"texture":"#0"},"up":{"uv":[7.25,3.75,6.875,3.375],"tintindex":0,"rotation":0,"texture":"#0"},"down":{"uv":[8.625,12.125,8.25,12.5],"tintindex":0,"rotation":0,"texture":"#0"}},"rotation":{"origin":[8.0,7.6339197,8.87643],"angle":-22.5,"axis":"x"}}],"display":{"gui":{"rotation":[30,225,0]}}}