{"textures":{"0":"modelengine:entity/octanaroller"},"elements":[{"from":[-1.1229105,2.2147503,6.514845],"to":[18.742582,11.460577,20.901672],"faces":{"east":{"uv":[1.84375,4.875,0.0,6.25],"tintindex":0,"rotation":0,"texture":"#0"},"south":{"uv":[0.0,2.4375,2.625,3.84375],"tintindex":0,"rotation":0,"texture":"#0"},"north":{"uv":[0.0,0.0,2.625,2.4375],"tintindex":0,"rotation":0,"texture":"#0"},"west":{"uv":[0.0,4.875,1.84375,6.25],"tintindex":0,"rotation":0,"texture":"#0"},"up":{"uv":[5.25,6.34375,2.625,4.5],"tintindex":0,"rotation":0,"texture":"#0"},"down":{"uv":[7.40625,0.0,4.78125,1.84375],"tintindex":0,"rotation":0,"texture":"#0"}}}],"display":{"gui":{"rotation":[30,225,0]}}}