{"textures":{"0":"modelengine:entity/octanaroller"},"elements":[{"from":[-5.5983562,5.1006227,6.400009],"to":[-4.7885227,7.530122,8.709843],"faces":{"east":{"uv":[7.0625,9.125,7.25,9.71875],"tintindex":0,"rotation":0,"texture":"#0"},"south":{"uv":[8.46875,8.875,8.28125,9.46875],"tintindex":0,"rotation":0,"texture":"#0"},"north":{"uv":[8.28125,8.875,8.46875,9.46875],"tintindex":0,"rotation":0,"texture":"#0"},"west":{"uv":[8.65625,9.90625,8.84375,10.5],"tintindex":0,"rotation":0,"texture":"#0"},"up":{"uv":[2.6875,9.53125,2.5,9.34375],"tintindex":0,"rotation":0,"texture":"#0"},"down":{"uv":[12.65625,5.75,12.46875,5.9375],"tintindex":0,"rotation":0,"texture":"#0"}}},{"from":[-5.8413067,7.530122,6.150009],"to":[-4.6265564,9.959621,8.864759],"faces":{"east":{"uv":[8.84375,12.53125,9.125,13.125],"tintindex":0,"rotation":0,"texture":"#0"},"south":{"uv":[8.84375,12.53125,8.5625,13.125],"tintindex":0,"rotation":0,"texture":"#0"},"north":{"uv":[8.5625,12.53125,8.84375,13.125],"tintindex":0,"rotation":0,"texture":"#0"},"west":{"uv":[11.40625,12.5,12.0,13.09375],"tintindex":0,"rotation":0,"texture":"#0"},"up":{"uv":[11.9375,6.28125,11.65625,6.0],"tintindex":0,"rotation":0,"texture":"#0"},"down":{"uv":[12.40625,4.0625,12.125,4.34375],"tintindex":0,"rotation":0,"texture":"#0"}}},{"from":[-5.517374,3.952108,7.100009],"to":[-4.909998,5.152446,8.207384],"faces":{"east":{"uv":[12.5625,0.6875,12.71875,0.96875],"tintindex":0,"rotation":0,"texture":"#0"},"south":{"uv":[12.25,8.8125,12.09375,9.09375],"tintindex":0,"rotation":0,"texture":"#0"},"north":{"uv":[12.09375,8.8125,12.25,9.09375],"tintindex":0,"rotation":0,"texture":"#0"},"west":{"uv":[3.0,13.4375,3.15625,13.71875],"tintindex":0,"rotation":0,"texture":"#0"},"up":{"uv":[13.25,13.59375,13.09375,13.4375],"tintindex":0,"rotation":0,"texture":"#0"},"down":{"uv":[13.59375,13.1875,13.4375,13.34375],"tintindex":0,"rotation":0,"texture":"#0"}}},{"from":[5.14748,7.3402452,6.475088],"to":[6.767146,18.272991,8.594755],"faces":{"east":{"uv":[3.09375,8.1875,3.46875,10.8125],"tintindex":0,"rotation":0,"texture":"#0"},"south":{"uv":[2.71875,8.1875,3.09375,10.8125],"tintindex":0,"rotation":0,"texture":"#0"},"north":{"uv":[2.71875,8.1875,3.09375,10.8125],"tintindex":0,"rotation":0,"texture":"#0"},"west":{"uv":[0.375,8.4375,0.75,11.0625],"tintindex":0,"rotation":0,"texture":"#0"},"up":{"uv":[13.3125,11.9375,12.9375,11.5625],"tintindex":0,"rotation":0,"texture":"#0"},"down":{"uv":[12.46875,12.9375,12.09375,13.3125],"tintindex":0,"rotation":0,"texture":"#0"}},"rotation":{"origin":[4.435189,7.12387,9.942694],"angle":22.5,"axis":"z"}},{"from":[-4.505081,9.276657,5.900009],"to":[-2.885416,13.730738,9.019675],"faces":{"east":{"uv":[11.125,9.09375,11.5,10.15625],"tintindex":0,"rotation":0,"texture":"#0"},"south":{"uv":[3.375,10.8125,3.0,11.875],"tintindex":0,"rotation":0,"texture":"#0"},"north":{"uv":[3.0,10.8125,3.375,11.875],"tintindex":0,"rotation":0,"texture":"#0"},"west":{"uv":[11.03125,10.59375,11.65625,11.65625],"tintindex":0,"rotation":0,"texture":"#0"},"up":{"uv":[2.8125,13.34375,2.4375,12.96875],"tintindex":0,"rotation":0,"texture":"#0"},"down":{"uv":[6.375,12.96875,6.0,13.34375],"tintindex":0,"rotation":0,"texture":"#0"}},"rotation":{"origin":[-3.736885,13.268269,8.608854],"angle":-22.5,"axis":"z"}},{"from":[-6.3272057,13.774937,5.650009],"to":[0.556375,15.589855,9.174609],"faces":{"east":{"uv":[4.5625,7.5,5.0625,7.9375],"tintindex":0,"rotation":0,"texture":"#0"},"south":{"uv":[11.09375,4.8125,9.4375,5.25],"tintindex":0,"rotation":0,"texture":"#0"},"north":{"uv":[9.4375,4.8125,11.09375,5.25],"tintindex":0,"rotation":0,"texture":"#0"},"west":{"uv":[12.40625,3.21875,12.90625,3.65625],"tintindex":0,"rotation":0,"texture":"#0"},"up":{"uv":[10.8125,10.1875,9.15625,9.5],"tintindex":0,"rotation":0,"texture":"#0"},"down":{"uv":[11.15625,0.0,9.5,0.5],"tintindex":0,"rotation":0,"texture":"#0"}},"rotation":{"origin":[-3.4456444,17.120258,9.2567215],"angle":45.0,"axis":"z"}},{"from":[5.0104566,7.5963564,7.056072],"to":[8.249789,9.013565,8.47328],"faces":{"east":{"uv":[13.65625,4.65625,13.3125,5.0],"tintindex":0,"rotation":0,"texture":"#0"},"south":{"uv":[12.40625,3.375,11.625,3.71875],"tintindex":0,"rotation":0,"texture":"#0"},"north":{"uv":[11.625,3.375,12.40625,3.71875],"tintindex":0,"rotation":0,"texture":"#0"},"west":{"uv":[7.5,13.21875,7.84375,13.5625],"tintindex":0,"rotation":0,"texture":"#0"},"up":{"uv":[0.78125,12.34375,0.0,12.0],"tintindex":0,"rotation":0,"texture":"#0"},"down":{"uv":[1.84375,12.0,1.0625,12.34375],"tintindex":0,"rotation":0,"texture":"#0"}}}],"display":{"gui":{"rotation":[30,225,0]}}}