{"textures":{"0":"modelengine:entity/octanaroller"},"elements":[{"from":[8.673334,7.3402452,6.975088],"to":[10.292999,18.272991,9.094754],"faces":{"east":{"uv":[0.75,8.4375,0.375,11.0625],"tintindex":0,"rotation":0,"texture":"#0"},"south":{"uv":[2.71875,8.1875,3.09375,10.8125],"tintindex":0,"rotation":0,"texture":"#0"},"north":{"uv":[3.09375,8.1875,2.71875,10.8125],"tintindex":0,"rotation":0,"texture":"#0"},"west":{"uv":[3.09375,8.1875,3.46875,10.8125],"tintindex":0,"rotation":0,"texture":"#0"},"up":{"uv":[12.9375,11.9375,13.3125,11.5625],"tintindex":0,"rotation":0,"texture":"#0"},"down":{"uv":[12.46875,12.9375,12.09375,13.3125],"tintindex":0,"rotation":0,"texture":"#0"}},"rotation":{"origin":[11.005291,7.12387,10.442694],"angle":-22.5,"axis":"z"}},{"from":[18.325895,9.276657,6.475088],"to":[19.945562,13.730738,9.594754],"faces":{"east":{"uv":[11.65625,10.59375,11.03125,11.65625],"tintindex":0,"rotation":0,"texture":"#0"},"south":{"uv":[3.0,10.8125,3.375,11.875],"tintindex":0,"rotation":0,"texture":"#0"},"north":{"uv":[3.375,10.8125,3.0,11.875],"tintindex":0,"rotation":0,"texture":"#0"},"west":{"uv":[11.5,9.09375,11.125,10.15625],"tintindex":0,"rotation":0,"texture":"#0"},"up":{"uv":[7.5,13.34375,7.125,12.96875],"tintindex":0,"rotation":0,"texture":"#0"},"down":{"uv":[6.0,12.96875,6.375,13.34375],"tintindex":0,"rotation":0,"texture":"#0"}},"rotation":{"origin":[19.177364,13.268269,9.108854],"angle":22.5,"axis":"z"}},{"from":[7.190691,7.5963564,7.5560718],"to":[10.430023,9.013565,8.97328],"faces":{"east":{"uv":[10.875,13.21875,11.21875,13.5625],"tintindex":0,"rotation":0,"texture":"#0"},"south":{"uv":[11.625,3.375,12.40625,3.71875],"tintindex":0,"rotation":0,"texture":"#0"},"north":{"uv":[12.40625,3.375,11.625,3.71875],"tintindex":0,"rotation":0,"texture":"#0"},"west":{"uv":[13.3125,4.65625,13.65625,5.0],"tintindex":0,"rotation":0,"texture":"#0"},"up":{"uv":[0.0,12.34375,0.78125,12.0],"tintindex":0,"rotation":0,"texture":"#0"},"down":{"uv":[1.0625,12.0,1.84375,12.34375],"tintindex":0,"rotation":0,"texture":"#0"}}},{"from":[14.884106,13.774937,6.252384],"to":[21.767687,15.589855,9.776967],"faces":{"east":{"uv":[12.90625,3.21875,12.40625,3.65625],"tintindex":0,"rotation":0,"texture":"#0"},"south":{"uv":[9.4375,4.8125,11.09375,5.25],"tintindex":0,"rotation":0,"texture":"#0"},"north":{"uv":[11.09375,4.8125,9.4375,5.25],"tintindex":0,"rotation":0,"texture":"#0"},"west":{"uv":[5.0625,7.5,4.5625,7.9375],"tintindex":0,"rotation":0,"texture":"#0"},"up":{"uv":[9.15625,10.1875,10.8125,9.5],"tintindex":0,"rotation":0,"texture":"#0"},"down":{"uv":[9.5,0.0,11.15625,0.5],"tintindex":0,"rotation":0,"texture":"#0"}},"rotation":{"origin":[18.886126,17.120258,9.7567215],"angle":-45.0,"axis":"z"}},{"from":[20.067038,7.530122,6.6775465],"to":[21.281786,9.959621,9.392296],"faces":{"east":{"uv":[12.0,12.5,11.40625,13.09375],"tintindex":0,"rotation":0,"texture":"#0"},"south":{"uv":[8.5625,12.53125,8.84375,13.125],"tintindex":0,"rotation":0,"texture":"#0"},"north":{"uv":[8.84375,12.53125,8.5625,13.125],"tintindex":0,"rotation":0,"texture":"#0"},"west":{"uv":[9.125,12.53125,8.84375,13.125],"tintindex":0,"rotation":0,"texture":"#0"},"up":{"uv":[12.5625,0.96875,12.28125,0.6875],"tintindex":0,"rotation":0,"texture":"#0"},"down":{"uv":[12.125,4.0625,12.40625,4.34375],"tintindex":0,"rotation":0,"texture":"#0"}}},{"from":[20.229004,5.1006227,6.880005],"to":[21.038836,7.530122,9.189838],"faces":{"east":{"uv":[8.84375,9.90625,8.65625,10.5],"tintindex":0,"rotation":0,"texture":"#0"},"south":{"uv":[8.28125,8.875,8.46875,9.46875],"tintindex":0,"rotation":0,"texture":"#0"},"north":{"uv":[8.46875,8.875,8.28125,9.46875],"tintindex":0,"rotation":0,"texture":"#0"},"west":{"uv":[7.25,9.125,7.0625,9.71875],"tintindex":0,"rotation":0,"texture":"#0"},"up":{"uv":[12.78125,10.03125,12.59375,9.84375],"tintindex":0,"rotation":0,"texture":"#0"},"down":{"uv":[12.84375,5.75,12.65625,5.9375],"tintindex":0,"rotation":0,"texture":"#0"}}},{"from":[20.35048,3.952108,7.7000093],"to":[20.957853,5.152446,8.8073845],"faces":{"east":{"uv":[3.15625,13.4375,3.0,13.71875],"tintindex":0,"rotation":0,"texture":"#0"},"south":{"uv":[12.09375,8.8125,12.25,9.09375],"tintindex":0,"rotation":0,"texture":"#0"},"north":{"uv":[12.25,8.8125,12.09375,9.09375],"tintindex":0,"rotation":0,"texture":"#0"},"west":{"uv":[12.71875,0.6875,12.5625,0.96875],"tintindex":0,"rotation":0,"texture":"#0"},"up":{"uv":[13.40625,13.59375,13.25,13.4375],"tintindex":0,"rotation":0,"texture":"#0"},"down":{"uv":[13.59375,13.34375,13.4375,13.5],"tintindex":0,"rotation":0,"texture":"#0"}}}],"display":{"gui":{"rotation":[30,225,0]}}}