{"textures":{"0":"modelengine:entity/octanacocoon"},"elements":[{"from":[2.8666668,-4.333334,2.1999998],"to":[13.133333,1.8266664,12.466667],"faces":{"east":{"uv":[9.0,1.5,11.5,3.0],"tintindex":0,"rotation":0,"texture":"#0"},"south":{"uv":[11.5,1.5,9.0,3.0],"tintindex":0,"rotation":0,"texture":"#0"},"north":{"uv":[11.5,1.5,9.0,3.0],"tintindex":0,"rotation":0,"texture":"#0"},"west":{"uv":[9.0,1.5,11.5,3.0],"tintindex":0,"rotation":0,"texture":"#0"},"up":{"uv":[8.5,8.5,6.0,6.0],"tintindex":0,"rotation":0,"texture":"#0"},"down":{"uv":[2.5,10.5,5.0,8.0],"tintindex":0,"rotation":0,"texture":"#0"}}},{"from":[2.8666668,18.253334,2.1999998],"to":[13.133333,24.413334,12.466667],"faces":{"east":{"uv":[12.5,7.5,10.0,9.0],"tintindex":0,"rotation":0,"texture":"#0"},"south":{"uv":[10.0,7.5,12.5,9.0],"tintindex":0,"rotation":0,"texture":"#0"},"north":{"uv":[10.0,7.5,12.5,9.0],"tintindex":0,"rotation":0,"texture":"#0"},"west":{"uv":[12.5,7.5,10.0,9.0],"tintindex":0,"rotation":0,"texture":"#0"},"up":{"uv":[5.0,10.5,2.5,8.0],"tintindex":0,"rotation":0,"texture":"#0"},"down":{"uv":[7.5,8.5,5.0,11.0],"tintindex":0,"rotation":0,"texture":"#0"}}},{"from":[1.8400002,1.8266664,1.1733332],"to":[14.16,18.253334,13.493334],"faces":{"east":{"uv":[6.0,4.0,3.0,8.0],"tintindex":0,"rotation":0,"texture":"#0"},"south":{"uv":[3.0,4.0,6.0,8.0],"tintindex":0,"rotation":0,"texture":"#0"},"north":{"uv":[3.0,4.0,6.0,8.0],"tintindex":0,"rotation":0,"texture":"#0"},"west":{"uv":[6.0,4.0,3.0,8.0],"tintindex":0,"rotation":0,"texture":"#0"},"up":{"uv":[5.0,10.5,2.5,8.0],"tintindex":0,"rotation":0,"texture":"#0"},"down":{"uv":[5.0,10.5,2.5,8.0],"tintindex":0,"rotation":0,"texture":"#0"}}}],"display":{"gui":{"rotation":[30,225,0]}}}