{"credit":"Pologony Creation Co.,Ltd.","texture_size":[44,44],"textures":{"2":"tavern:items/sets/frostbiteset/animated/sword_animated","3":"tavern:items/sets/frostbiteset/animated/animated_1","6":"tavern:items/sets/frostbiteset/fishing_rod","particle":"tavern:items/sets/frostbiteset/animated/sword_animated"},"elements":[{"from":[7.5,4.66421,6.5],"to":[8.5,7.66421,9.5],"rotation":{"angle":45,"axis":"x","origin":[8.5,6.16421,8]},"faces":{"north":{"uv":[8,6.90909,8.36364,8],"texture":"#6"},"east":{"uv":[2.54545,2.54545,3.63636,3.63636],"texture":"#6"},"south":{"uv":[1.09091,8.36364,1.45455,9.45455],"texture":"#6"},"west":{"uv":[3.63636,0,4.72727,1.09091],"texture":"#6"},"up":{"uv":[2.18182,9.45455,1.81818,8.36364],"texture":"#6"},"down":{"uv":[8.72727,1.81818,8.36364,2.90909],"texture":"#6"}}},{"from":[7,5.91421,6.75],"to":[9,6.41421,7.25],"rotation":{"angle":45,"axis":"x","origin":[8.5,6.16421,8]},"faces":{"north":{"uv":[9.81818,11.63636,10.54545,11.81818],"texture":"#6"},"east":{"uv":[8,14.18182,8.18182,14.36364],"texture":"#6"},"south":{"uv":[11.63636,10.54545,12.36364,10.72727],"texture":"#6"},"west":{"uv":[8.72727,14.18182,8.90909,14.36364],"texture":"#6"},"up":{"uv":[11.63636,11.81818,10.90909,11.63636],"texture":"#6"},"down":{"uv":[0.72727,12,0,12.18182],"texture":"#6"}}},{"from":[7,5.91421,8.75],"to":[9,6.41421,9.25],"rotation":{"angle":-45,"axis":"x","origin":[8.5,6.16421,8]},"faces":{"north":{"uv":[12,0.72727,12.72727,0.90909],"texture":"#6"},"east":{"uv":[14.18182,9.45455,14.36364,9.63636],"texture":"#6"},"south":{"uv":[1.09091,12,1.81818,12.18182],"texture":"#6"},"west":{"uv":[14.18182,10.18182,14.36364,10.36364],"texture":"#6"},"up":{"uv":[12.72727,1.63636,12,1.45455],"texture":"#6"},"down":{"uv":[12.72727,4.36364,12,4.54545],"texture":"#6"}}},{"from":[7,4.91421,7.75],"to":[9,5.41421,8.25],"rotation":{"angle":45,"axis":"x","origin":[8.5,6.16421,8]},"faces":{"north":{"uv":[12,11.27273,12.72727,11.45455],"texture":"#6"},"east":{"uv":[14.18182,10.90909,14.36364,11.09091],"texture":"#6"},"south":{"uv":[12,12,12.72727,12.18182],"texture":"#6"},"west":{"uv":[14.18182,11.63636,14.36364,11.81818],"texture":"#6"},"up":{"uv":[2.90909,12.54545,2.18182,12.36364],"texture":"#6"},"down":{"uv":[13.09091,2.18182,12.36364,2.36364],"texture":"#6"}}},{"from":[7,4.91421,7.75],"to":[9,5.41421,8.25],"rotation":{"angle":-45,"axis":"x","origin":[8.5,6.16421,8]},"faces":{"north":{"uv":[3.27273,12.36364,4,12.54545],"texture":"#6"},"east":{"uv":[14.18182,12.36364,14.36364,12.54545],"texture":"#6"},"south":{"uv":[4.36364,12.36364,5.09091,12.54545],"texture":"#6"},"west":{"uv":[14.18182,13.09091,14.36364,13.27273],"texture":"#6"},"up":{"uv":[13.09091,6,12.36364,5.81818],"texture":"#6"},"down":{"uv":[13.09091,6.54545,12.36364,6.72727],"texture":"#6"}}},{"from":[7.25,5.16421,7],"to":[8.75,7.16421,9],"rotation":{"angle":45,"axis":"x","origin":[8.5,6.16421,8]},"faces":{"north":{"uv":[2.54545,8.36364,3.09091,9.09091],"texture":"#6"},"east":{"uv":[5.09091,2.18182,5.81818,2.90909],"texture":"#6"},"south":{"uv":[8.36364,3.27273,8.90909,4],"texture":"#6"},"west":{"uv":[1.45455,5.81818,2.18182,6.54545],"texture":"#6"},"up":{"uv":[4.18182,9.09091,3.63636,8.36364],"texture":"#6"},"down":{"uv":[5.27273,8.36364,4.72727,9.09091],"texture":"#6"}}},{"from":[7.125,-4.08579,7.5],"to":[8.875,-2.08579,9.5],"rotation":{"angle":45,"axis":"x","origin":[8.375,-2.58579,8]},"faces":{"north":{"uv":[7.27273,2.18182,7.90909,2.90909],"texture":"#6"},"east":{"uv":[5.81818,3.27273,6.54545,4],"texture":"#6"},"south":{"uv":[2.54545,7.27273,3.18182,8],"texture":"#6"},"west":{"uv":[5.81818,4.36364,6.54545,5.09091],"texture":"#6"},"up":{"uv":[4.27273,8,3.63636,7.27273],"texture":"#6"},"down":{"uv":[7.90909,5.81818,7.27273,6.54545],"texture":"#6"}}},{"from":[6.75,-3.83579,7.75],"to":[9.25,-2.33579,9.25],"rotation":{"angle":45,"axis":"x","origin":[8.5,-2.58579,8]},"faces":{"north":{"uv":[6.54545,0,7.45455,0.54545],"texture":"#6"},"east":{"uv":[8.72727,6.18182,9.27273,6.72727],"texture":"#6"},"south":{"uv":[6.54545,1.09091,7.45455,1.63636],"texture":"#6"},"west":{"uv":[8.72727,7.27273,9.27273,7.81818],"texture":"#6"},"up":{"uv":[6.72727,7.09091,5.81818,6.54545],"texture":"#6"},"down":{"uv":[7.81818,3.27273,6.90909,3.81818],"texture":"#6"}}},{"from":[7.25,-2.75,7.25],"to":[8.75,-2,8.75],"rotation":{"angle":0,"axis":"y","origin":[7.5,-2.75,7.5]},"faces":{"north":{"uv":[10.90909,4.36364,11.45455,4.63636],"texture":"#6"},"east":{"uv":[11.27273,2.18182,11.81818,2.45455],"texture":"#6"},"south":{"uv":[11.27273,8.36364,11.81818,8.63636],"texture":"#6"},"west":{"uv":[11.27273,9.09091,11.81818,9.36364],"texture":"#6"},"up":{"uv":[9.63636,1.63636,9.09091,1.09091],"texture":"#6"}}},{"from":[7.375,-2,7.375],"to":[8.625,-1.25,8.625],"rotation":{"angle":0,"axis":"y","origin":[7.625,-2,7.375]},"faces":{"north":{"uv":[2.18182,13.09091,2.63636,13.36364],"texture":"#6"},"east":{"uv":[3.27273,13.09091,3.72727,13.36364],"texture":"#6"},"south":{"uv":[4.36364,13.09091,4.81818,13.36364],"texture":"#6"},"west":{"uv":[13.09091,4.36364,13.54545,4.63636],"texture":"#6"},"up":{"uv":[2.63636,11,2.18182,10.54545],"texture":"#6"}}},{"from":[7.375,-1,7.44822],"to":[8.375,2.5,8.44822],"rotation":{"angle":45,"axis":"y","origin":[8,-0.875,7.82322]},"faces":{"north":{"uv":[7.27273,6.90909,7.63636,8.18182],"texture":"#6"},"east":{"uv":[5.81818,7.63636,6.18182,8.90909],"texture":"#6"},"south":{"uv":[6.54545,7.63636,6.90909,8.90909],"texture":"#6"},"west":{"uv":[8,0,8.36364,1.27273],"texture":"#6"}}},{"from":[7.375,2.75,7.375],"to":[8.625,3.5,8.625],"rotation":{"angle":0,"axis":"y","origin":[7.625,3.5,7.375]},"faces":{"north":{"uv":[9.81818,13.09091,10.27273,13.36364],"texture":"#6"},"east":{"uv":[10.90909,13.09091,11.36364,13.36364],"texture":"#6"},"south":{"uv":[13.09091,10.90909,13.54545,11.18182],"texture":"#6"},"west":{"uv":[13.09091,11.63636,13.54545,11.90909],"texture":"#6"},"down":{"uv":[3.72727,10.54545,3.27273,11],"texture":"#6"}}},{"from":[7.375,0.5,7.375],"to":[8.625,1.25,8.625],"rotation":{"angle":45,"axis":"y","origin":[8,0.875,8]},"faces":{"north":{"uv":[0,13.45455,0.45455,13.72727],"texture":"#6"},"east":{"uv":[1.09091,13.45455,1.54545,13.72727],"texture":"#6"},"south":{"uv":[13.45455,2.18182,13.90909,2.45455],"texture":"#6"},"west":{"uv":[5.45455,13.45455,5.90909,13.72727],"texture":"#6"},"up":{"uv":[11,3.72727,10.54545,3.27273],"texture":"#6"},"down":{"uv":[4.81818,10.54545,4.36364,11],"texture":"#6"}}},{"from":[7.375,-1.75,7.375],"to":[8.625,-1,8.625],"rotation":{"angle":45,"axis":"y","origin":[8,-1.375,8]},"faces":{"north":{"uv":[13.45455,5.81818,13.90909,6.09091],"texture":"#6"},"east":{"uv":[6.54545,13.45455,7,13.72727],"texture":"#6"},"south":{"uv":[13.45455,6.54545,13.90909,6.81818],"texture":"#6"},"west":{"uv":[13.45455,7.27273,13.90909,7.54545],"texture":"#6"},"up":{"uv":[11,5.54545,10.54545,5.09091],"texture":"#6"},"down":{"uv":[5.90909,10.54545,5.45455,11],"texture":"#6"}}},{"from":[7.375,2.5,7.375],"to":[8.625,3.25,8.625],"rotation":{"angle":45,"axis":"y","origin":[8,11.875,8]},"faces":{"north":{"uv":[7.63636,13.45455,8.09091,13.72727],"texture":"#6"},"east":{"uv":[13.45455,8,13.90909,8.27273],"texture":"#6"},"south":{"uv":[8.72727,13.45455,9.18182,13.72727],"texture":"#6"},"west":{"uv":[13.45455,8.72727,13.90909,9],"texture":"#6"},"up":{"uv":[7,11,6.54545,10.54545],"texture":"#6"},"down":{"uv":[8.09091,10.54545,7.63636,11],"texture":"#6"}}},{"from":[7.25,3.5,7.25],"to":[8.75,4.25,8.75],"rotation":{"angle":0,"axis":"y","origin":[7.5,4.25,7.5]},"faces":{"north":{"uv":[11.27273,9.81818,11.81818,10.09091],"texture":"#6"},"east":{"uv":[11.63636,0,12.18182,0.27273],"texture":"#6"},"south":{"uv":[2.18182,11.63636,2.72727,11.90909],"texture":"#6"},"west":{"uv":[11.63636,2.90909,12.18182,3.18182],"texture":"#6"},"up":{"uv":[9.63636,2.72727,9.09091,2.18182],"texture":"#6"},"down":{"uv":[9.63636,8.36364,9.09091,8.90909],"texture":"#6"}}},{"from":[7.25,3.75,7.25],"to":[8.75,4.5,8.75],"rotation":{"angle":45,"axis":"y","origin":[8,4.125,8]},"faces":{"north":{"uv":[3.27273,11.63636,3.81818,11.90909],"texture":"#6"},"east":{"uv":[11.63636,3.63636,12.18182,3.90909],"texture":"#6"},"south":{"uv":[4.36364,11.63636,4.90909,11.90909],"texture":"#6"},"west":{"uv":[11.63636,5.09091,12.18182,5.36364],"texture":"#6"},"up":{"uv":[3.09091,10,2.54545,9.45455],"texture":"#6"},"down":{"uv":[10,3.27273,9.45455,3.81818],"texture":"#6"}}},{"from":[7.6285,5.16421,5.12132],"to":[8.3715,7.16421,6.62132],"rotation":{"angle":0,"axis":"y","origin":[7.1285,4.66421,6.62132]},"faces":{"north":{"uv":[0,10.90909,0.27273,11.63636],"texture":"#6"},"east":{"uv":[8.36364,5.09091,8.90909,5.81818],"texture":"#6"},"south":{"uv":[10.90909,0,11.18182,0.72727],"texture":"#6"},"west":{"uv":[8,8.36364,8.54545,9.09091],"texture":"#6"}}},{"from":[7.625,6.19454,4.53033],"to":[8.375,7.69454,5.78033],"rotation":{"angle":-45,"axis":"x","origin":[7.625,7.69454,5.03033]},"faces":{"north":{"uv":[5.45455,11.63636,5.72727,12.18182],"texture":"#6"},"east":{"uv":[9.09091,9.45455,9.54545,10],"texture":"#6"},"south":{"uv":[11.63636,5.81818,11.90909,6.36364],"texture":"#6"},"west":{"uv":[0,9.81818,0.45455,10.36364],"texture":"#6"},"up":{"uv":[13.72727,9.90909,13.45455,9.45455],"texture":"#6"},"down":{"uv":[12.27273,13.45455,12,13.90909],"texture":"#6"}}},{"from":[7.625,4.63388,4.53033],"to":[8.375,6.13388,5.78033],"rotation":{"angle":45,"axis":"x","origin":[7.625,4.63388,5.03033]},"faces":{"north":{"uv":[6.18182,11.63636,6.45455,12.18182],"texture":"#6"},"east":{"uv":[9.81818,0,10.27273,0.54545],"texture":"#6"},"south":{"uv":[6.90909,11.63636,7.18182,12.18182],"texture":"#6"},"west":{"uv":[1.09091,9.81818,1.54545,10.36364],"texture":"#6"},"up":{"uv":[13.72727,12.81818,13.45455,12.36364],"texture":"#6"},"down":{"uv":[13,13.45455,12.72727,13.90909],"texture":"#6"}}},{"from":[7.7535,-4.04289,6.08579],"to":[8.2465,-2.54289,7.33579],"rotation":{"angle":0,"axis":"y","origin":[7.2535,-4.79289,7.33579]},"faces":{"north":{"uv":[2.90909,13.81818,3.09091,14.36364],"texture":"#6"},"east":{"uv":[9.81818,6.18182,10.27273,6.72727],"texture":"#6"},"west":{"uv":[9.81818,7.27273,10.27273,7.81818],"texture":"#6"}}},{"from":[7.75,-3.51256,5.4948],"to":[8.25,-2.26256,6.4948],"rotation":{"angle":-45,"axis":"x","origin":[7.75,-2.01256,5.7448]},"faces":{"north":{"uv":[13.81818,2.90909,14,3.36364],"texture":"#6"},"east":{"uv":[10.90909,6.18182,11.27273,6.63636],"texture":"#6"},"south":{"uv":[3.63636,13.81818,3.81818,14.27273],"texture":"#6"},"west":{"uv":[10.90909,7.27273,11.27273,7.72727],"texture":"#6"},"up":{"uv":[14,5.45455,13.81818,5.09091],"texture":"#6"},"down":{"uv":[10.72727,13.81818,10.54545,14.18182],"texture":"#6"}}},{"from":[7.75,-4.32322,5.4948],"to":[8.25,-3.07322,6.4948],"rotation":{"angle":45,"axis":"x","origin":[7.75,-4.57322,5.7448]},"faces":{"north":{"uv":[4.36364,13.81818,4.54545,14.27273],"texture":"#6"},"east":{"uv":[10.90909,10.54545,11.27273,11],"texture":"#6"},"south":{"uv":[9.81818,13.81818,10,14.27273],"texture":"#6"},"west":{"uv":[11.27273,1.09091,11.63636,1.54545],"texture":"#6"},"down":{"uv":[11.45455,13.81818,11.27273,14.18182],"texture":"#6"}}},{"from":[7.985,-7,5.25],"to":[8.015,-1,7.25],"rotation":{"angle":0,"axis":"y","origin":[7.985,-8,3.25]},"faces":{"east":{"uv":[3.27273,0,2.54545,2.18182],"texture":"#6"},"west":{"uv":[2.54545,0,3.27273,2.18182],"texture":"#6"}}},{"from":[7.7535,-4.04289,8.66421],"to":[8.2465,-2.54289,9.91421],"rotation":{"angle":0,"axis":"y","origin":[7.2535,-4.79289,8.66421]},"faces":{"east":{"uv":[10.27273,6.18182,9.81818,6.72727],"texture":"#6"},"south":{"uv":[3.09091,13.81818,2.90909,14.36364],"texture":"#6"},"west":{"uv":[10.27273,7.27273,9.81818,7.81818],"texture":"#6"}}},{"from":[7.75,-3.51256,9.5052],"to":[8.25,-2.26256,10.5052],"rotation":{"angle":45,"axis":"x","origin":[7.75,-2.01256,10.2552]},"faces":{"north":{"uv":[3.81818,13.81818,3.63636,14.27273],"texture":"#6"},"east":{"uv":[11.27273,6.18182,10.90909,6.63636],"texture":"#6"},"south":{"uv":[14,2.90909,13.81818,3.36364],"texture":"#6"},"west":{"uv":[11.27273,7.27273,10.90909,7.72727],"texture":"#6"},"up":{"uv":[14,5.09091,13.81818,5.45455],"texture":"#6"},"down":{"uv":[10.72727,14.18182,10.54545,13.81818],"texture":"#6"}}},{"from":[7.75,-4.32322,9.5052],"to":[8.25,-3.07322,10.5052],"rotation":{"angle":-45,"axis":"x","origin":[7.75,-4.57322,10.2552]},"faces":{"north":{"uv":[10,13.81818,9.81818,14.27273],"texture":"#6"},"east":{"uv":[11.27273,10.54545,10.90909,11],"texture":"#6"},"south":{"uv":[4.54545,13.81818,4.36364,14.27273],"texture":"#6"},"west":{"uv":[11.63636,1.09091,11.27273,1.54545],"texture":"#6"},"down":{"uv":[11.45455,14.18182,11.27273,13.81818],"texture":"#6"}}},{"from":[7.985,-7,8.75],"to":[8.015,-1,10.75],"rotation":{"angle":0,"axis":"y","origin":[7.985,-8,12.75]},"faces":{"east":{"uv":[2.54545,0,3.27273,2.18182],"texture":"#6"},"west":{"uv":[3.27273,0,2.54545,2.18182],"texture":"#6"}}},{"from":[7.6285,5.16421,9.37868],"to":[8.3715,7.16421,10.87868],"rotation":{"angle":0,"axis":"y","origin":[7.1285,4.66421,9.37868]},"faces":{"north":{"uv":[0.72727,10.90909,1,11.63636],"texture":"#6"},"east":{"uv":[0,8.72727,0.54545,9.45455],"texture":"#6"},"south":{"uv":[1.45455,10.90909,1.72727,11.63636],"texture":"#6"},"west":{"uv":[8.72727,0,9.27273,0.72727],"texture":"#6"}}},{"from":[7.625,6.19454,10.21967],"to":[8.375,7.69454,11.46967],"rotation":{"angle":45,"axis":"x","origin":[7.625,7.69454,10.96967]},"faces":{"north":{"uv":[11.63636,6.90909,11.90909,7.45455],"texture":"#6"},"east":{"uv":[10.18182,1.09091,10.63636,1.63636],"texture":"#6"},"south":{"uv":[7.63636,11.63636,7.90909,12.18182],"texture":"#6"},"west":{"uv":[10.18182,2.18182,10.63636,2.72727],"texture":"#6"},"up":{"uv":[13.72727,13.90909,13.45455,13.45455],"texture":"#6"},"down":{"uv":[14.09091,0,13.81818,0.45455],"texture":"#6"}}},{"from":[7.625,4.63388,10.21967],"to":[8.375,6.13388,11.46967],"rotation":{"angle":-45,"axis":"x","origin":[7.625,4.63388,10.96967]},"faces":{"north":{"uv":[8.36364,11.63636,8.63636,12.18182],"texture":"#6"},"east":{"uv":[10.18182,8.36364,10.63636,8.90909],"texture":"#6"},"south":{"uv":[9.09091,11.63636,9.36364,12.18182],"texture":"#6"},"west":{"uv":[10.18182,9.45455,10.63636,10],"texture":"#6"},"up":{"uv":[14.09091,1.54545,13.81818,1.09091],"texture":"#6"},"down":{"uv":[2.45455,13.81818,2.18182,14.27273],"texture":"#6"}}},{"from":[6.15224,3.25,6.625],"to":[6.18224,24.25,9.375],"rotation":{"angle":0,"axis":"y","origin":[8,13.75,8]},"faces":{"east":{"uv":[5.83333,0,7.66667,14],"texture":"#2"},"west":{"uv":[7.66667,0,5.83333,14],"texture":"#2"}}},{"from":[6.81908,3.25,9.94744],"to":[8.81908,24.25,9.97744],"rotation":{"angle":-22.5,"axis":"y","origin":[8,13.75,8]},"faces":{"north":{"uv":[4.5,0,5.83333,14],"texture":"#2"},"south":{"uv":[5.83333,0,4.5,14],"texture":"#2"}}},{"from":[6.81908,3.25,6.02256],"to":[8.81908,24.25,6.05256],"rotation":{"angle":22.5,"axis":"y","origin":[8,13.75,8]},"faces":{"north":{"uv":[9,0,7.66667,14],"texture":"#2"},"south":{"uv":[7.66667,0,9,14],"texture":"#2"}}},{"from":[9.81776,3.25,6.625],"to":[9.84776,24.25,9.375],"rotation":{"angle":0,"axis":"y","origin":[8,13.75,8]},"faces":{"east":{"uv":[3.16667,0,1.33333,14],"texture":"#2"},"west":{"uv":[1.33333,0,3.16667,14],"texture":"#2"}}},{"from":[7.18092,3.25,9.94744],"to":[9.18092,24.25,9.97744],"rotation":{"angle":22.5,"axis":"y","origin":[8,13.75,8]},"faces":{"north":{"uv":[3.16667,0,4.5,14],"texture":"#2"},"south":{"uv":[4.5,0,3.16667,14],"texture":"#2"}}},{"from":[7.18092,3.25,6.02256],"to":[9.18092,24.25,6.05256],"rotation":{"angle":-22.5,"axis":"y","origin":[8,13.75,8]},"faces":{"north":{"uv":[1.33333,0,0,14],"texture":"#2"},"south":{"uv":[0,0,1.33333,14],"texture":"#2"}}},{"from":[7.5,-7.25,6],"to":[8.5,-1.25,10],"rotation":{"angle":0,"axis":"y","origin":[-0.5,0,6]},"faces":{"east":{"uv":[0,0,8,12],"texture":"#3"},"west":{"uv":[8,0,0,12],"texture":"#3"}}},{"from":[8,7.25,6.58579],"to":[10,7.75,8.58579],"rotation":{"angle":-45,"axis":"y","origin":[8,7.25,6.58579]},"faces":{"north":{"uv":[12.36364,7.27273,13.09091,7.45455],"texture":"#6"},"east":{"uv":[12.36364,8,13.09091,8.18182],"texture":"#6"},"south":{"uv":[12.36364,8.72727,13.09091,8.90909],"texture":"#6"},"west":{"uv":[12.36364,9.45455,13.09091,9.63636],"texture":"#6"},"up":{"uv":[5.45455,6.54545,4.72727,5.81818],"texture":"#6"},"down":{"uv":[6.54545,5.45455,5.81818,6.18182],"texture":"#6"}}},{"from":[8.25,7.75,6.83579],"to":[9.75,10.25,8.33579],"rotation":{"angle":-45,"axis":"y","origin":[8,7.75,6.58579]},"faces":{"north":{"uv":[1.45455,6.90909,2,7.81818],"texture":"#6"},"east":{"uv":[6.90909,4.36364,7.45455,5.27273],"texture":"#6"},"south":{"uv":[4.72727,6.90909,5.27273,7.81818],"texture":"#6"},"west":{"uv":[0,7.27273,0.54545,8.18182],"texture":"#6"}}},{"from":[7.375,10.75,7.375],"to":[8.625,15.25,8.625],"rotation":{"angle":45,"axis":"y","origin":[8,14.25,8]},"faces":{"north":{"uv":[4,1.45455,4.45455,3.09091],"texture":"#6"},"east":{"uv":[2.54545,4,3,5.63636],"texture":"#6"},"south":{"uv":[3.63636,4,4.09091,5.63636],"texture":"#6"},"west":{"uv":[4.72727,3.63636,5.18182,5.27273],"texture":"#6"},"up":{"uv":[9.18182,11,8.72727,10.54545],"texture":"#6"},"down":{"uv":[10.27273,10.54545,9.81818,11],"texture":"#6"}}},{"from":[7.5,15.25,7.5],"to":[8.5,19.75,8.5],"rotation":{"angle":45,"axis":"y","origin":[8,14.25,8]},"faces":{"north":{"uv":[0,5.09091,0.36364,6.72727],"texture":"#6"},"east":{"uv":[5.09091,0,5.45455,1.63636],"texture":"#6"},"south":{"uv":[0.72727,5.09091,1.09091,6.72727],"texture":"#6"},"west":{"uv":[5.81818,0,6.18182,1.63636],"texture":"#6"}}},{"from":[8,10.25,6.58579],"to":[10,10.75,8.58579],"rotation":{"angle":-45,"axis":"y","origin":[8,10.25,6.58579]},"faces":{"north":{"uv":[9.81818,12.36364,10.54545,12.54545],"texture":"#6"},"east":{"uv":[10.90909,12.36364,11.63636,12.54545],"texture":"#6"},"south":{"uv":[0,12.72727,0.72727,12.90909],"texture":"#6"},"west":{"uv":[12.72727,0,13.45455,0.18182],"texture":"#6"},"up":{"uv":[6.90909,2.90909,6.18182,2.18182],"texture":"#6"},"down":{"uv":[3.27273,6.18182,2.54545,6.90909],"texture":"#6"}}},{"from":[7.04289,19.75,7.75],"to":[8.54289,21.25,9.25],"rotation":{"angle":45,"axis":"y","origin":[7.29289,20,8]},"faces":{"north":{"uv":[3.63636,9.45455,4.18182,10],"texture":"#6"},"east":{"uv":[4.72727,9.45455,5.27273,10],"texture":"#6"},"south":{"uv":[9.45455,5.09091,10,5.63636],"texture":"#6"},"west":{"uv":[5.81818,9.45455,6.36364,10],"texture":"#6"},"up":{"uv":[7.45455,10,6.90909,9.45455],"texture":"#6"},"down":{"uv":[8.54545,9.45455,8,10],"texture":"#6"}}},{"from":[7,8.5,7],"to":[9,9,7.5],"rotation":{"angle":22.5,"axis":"x","origin":[8,8.75,6.5]},"faces":{"north":{"uv":[5.45455,12.72727,6.18182,12.90909],"texture":"#6"},"east":{"uv":[14.54545,0.72727,14.72727,0.90909],"texture":"#6"},"south":{"uv":[6.54545,12.72727,7.27273,12.90909],"texture":"#6"},"west":{"uv":[14.54545,1.45455,14.72727,1.63636],"texture":"#6"},"up":{"uv":[8.36364,12.90909,7.63636,12.72727],"texture":"#6"},"down":{"uv":[9.45455,12.72727,8.72727,12.90909],"texture":"#6"}}},{"from":[7,8.5,5.5],"to":[9,9,6],"rotation":{"angle":22.5,"axis":"x","origin":[8,8.75,6.5]},"faces":{"north":{"uv":[1.09091,12.72727,1.81818,12.90909],"texture":"#6"},"east":{"uv":[14.18182,13.81818,14.36364,14],"texture":"#6"},"south":{"uv":[12.72727,2.90909,13.45455,3.09091],"texture":"#6"},"west":{"uv":[14.54545,0,14.72727,0.18182],"texture":"#6"},"up":{"uv":[13.45455,3.81818,12.72727,3.63636],"texture":"#6"},"down":{"uv":[13.45455,5.09091,12.72727,5.27273],"texture":"#6"}}},{"from":[7,8.5,6],"to":[7.5,9,7],"rotation":{"angle":22.5,"axis":"x","origin":[8,8.75,6.5]},"faces":{"east":{"uv":[5.09091,14.18182,5.45455,14.36364],"texture":"#6"},"west":{"uv":[5.81818,14.18182,6.18182,14.36364],"texture":"#6"},"up":{"uv":[6.72727,14.54545,6.54545,14.18182],"texture":"#6"},"down":{"uv":[7.45455,14.18182,7.27273,14.54545],"texture":"#6"}}},{"from":[8.5,8.5,6],"to":[9,9,7],"rotation":{"angle":22.5,"axis":"x","origin":[8,8.75,6.5]},"faces":{"east":{"uv":[0,14.18182,0.36364,14.36364],"texture":"#6"},"west":{"uv":[0.72727,14.18182,1.09091,14.36364],"texture":"#6"},"up":{"uv":[1.63636,14.54545,1.45455,14.18182],"texture":"#6"},"down":{"uv":[14.36364,4,14.18182,4.36364],"texture":"#6"}}},{"from":[7,12.5,5.5],"to":[9,13,6],"rotation":{"angle":22.5,"axis":"x","origin":[8,12.75,6.5]},"faces":{"north":{"uv":[1.09091,12.72727,1.81818,12.90909],"texture":"#6"},"east":{"uv":[14.18182,13.81818,14.36364,14],"texture":"#6"},"south":{"uv":[12.72727,2.90909,13.45455,3.09091],"texture":"#6"},"west":{"uv":[14.54545,0,14.72727,0.18182],"texture":"#6"},"up":{"uv":[13.45455,3.81818,12.72727,3.63636],"texture":"#6"},"down":{"uv":[13.45455,5.09091,12.72727,5.27273],"texture":"#6"}}},{"from":[7,12.5,6],"to":[7.5,13,7],"rotation":{"angle":22.5,"axis":"x","origin":[8,12.75,6.5]},"faces":{"east":{"uv":[5.09091,14.18182,5.45455,14.36364],"texture":"#6"},"west":{"uv":[5.81818,14.18182,6.18182,14.36364],"texture":"#6"},"up":{"uv":[6.72727,14.54545,6.54545,14.18182],"texture":"#6"},"down":{"uv":[7.45455,14.18182,7.27273,14.54545],"texture":"#6"}}},{"from":[7,12.5,7],"to":[9,13,7.5],"rotation":{"angle":22.5,"axis":"x","origin":[8,12.75,6.5]},"faces":{"north":{"uv":[5.45455,12.72727,6.18182,12.90909],"texture":"#6"},"east":{"uv":[14.54545,0.72727,14.72727,0.90909],"texture":"#6"},"south":{"uv":[6.54545,12.72727,7.27273,12.90909],"texture":"#6"},"west":{"uv":[14.54545,1.45455,14.72727,1.63636],"texture":"#6"},"up":{"uv":[8.36364,12.90909,7.63636,12.72727],"texture":"#6"},"down":{"uv":[9.45455,12.72727,8.72727,12.90909],"texture":"#6"}}},{"from":[8.5,12.5,6],"to":[9,13,7],"rotation":{"angle":22.5,"axis":"x","origin":[8,12.75,6.5]},"faces":{"east":{"uv":[0,14.18182,0.36364,14.36364],"texture":"#6"},"west":{"uv":[0.72727,14.18182,1.09091,14.36364],"texture":"#6"},"up":{"uv":[1.63636,14.54545,1.45455,14.18182],"texture":"#6"},"down":{"uv":[14.36364,4,14.18182,4.36364],"texture":"#6"}}},{"from":[7,16.5,7],"to":[9,17,7.5],"rotation":{"angle":22.5,"axis":"x","origin":[8,16.75,6.5]},"faces":{"north":{"uv":[5.45455,12.72727,6.18182,12.90909],"texture":"#6"},"east":{"uv":[14.54545,0.72727,14.72727,0.90909],"texture":"#6"},"south":{"uv":[6.54545,12.72727,7.27273,12.90909],"texture":"#6"},"west":{"uv":[14.54545,1.45455,14.72727,1.63636],"texture":"#6"},"up":{"uv":[8.36364,12.90909,7.63636,12.72727],"texture":"#6"},"down":{"uv":[9.45455,12.72727,8.72727,12.90909],"texture":"#6"}}},{"from":[7,16.5,6],"to":[7.5,17,7],"rotation":{"angle":22.5,"axis":"x","origin":[8,16.75,6.5]},"faces":{"east":{"uv":[5.09091,14.18182,5.45455,14.36364],"texture":"#6"},"west":{"uv":[5.81818,14.18182,6.18182,14.36364],"texture":"#6"},"up":{"uv":[6.72727,14.54545,6.54545,14.18182],"texture":"#6"},"down":{"uv":[7.45455,14.18182,7.27273,14.54545],"texture":"#6"}}},{"from":[7,16.5,5.5],"to":[9,17,6],"rotation":{"angle":22.5,"axis":"x","origin":[8,16.75,6.5]},"faces":{"north":{"uv":[1.09091,12.72727,1.81818,12.90909],"texture":"#6"},"east":{"uv":[14.18182,13.81818,14.36364,14],"texture":"#6"},"south":{"uv":[12.72727,2.90909,13.45455,3.09091],"texture":"#6"},"west":{"uv":[14.54545,0,14.72727,0.18182],"texture":"#6"},"up":{"uv":[13.45455,3.81818,12.72727,3.63636],"texture":"#6"},"down":{"uv":[13.45455,5.09091,12.72727,5.27273],"texture":"#6"}}},{"from":[8.5,16.5,6],"to":[9,17,7],"rotation":{"angle":22.5,"axis":"x","origin":[8,16.75,6.5]},"faces":{"east":{"uv":[0,14.18182,0.36364,14.36364],"texture":"#6"},"west":{"uv":[0.72727,14.18182,1.09091,14.36364],"texture":"#6"},"up":{"uv":[1.63636,14.54545,1.45455,14.18182],"texture":"#6"},"down":{"uv":[14.36364,4,14.18182,4.36364],"texture":"#6"}}},{"from":[7,20.5,7],"to":[9,21,7.5],"rotation":{"angle":22.5,"axis":"x","origin":[8,20.75,6.5]},"faces":{"north":{"uv":[5.45455,12.72727,6.18182,12.90909],"texture":"#6"},"east":{"uv":[14.54545,0.72727,14.72727,0.90909],"texture":"#6"},"south":{"uv":[6.54545,12.72727,7.27273,12.90909],"texture":"#6"},"west":{"uv":[14.54545,1.45455,14.72727,1.63636],"texture":"#6"},"up":{"uv":[8.36364,12.90909,7.63636,12.72727],"texture":"#6"},"down":{"uv":[9.45455,12.72727,8.72727,12.90909],"texture":"#6"}}},{"from":[7,20.5,6],"to":[7.5,21,7],"rotation":{"angle":22.5,"axis":"x","origin":[8,20.75,6.5]},"faces":{"east":{"uv":[5.09091,14.18182,5.45455,14.36364],"texture":"#6"},"west":{"uv":[5.81818,14.18182,6.18182,14.36364],"texture":"#6"},"up":{"uv":[6.72727,14.54545,6.54545,14.18182],"texture":"#6"},"down":{"uv":[7.45455,14.18182,7.27273,14.54545],"texture":"#6"}}},{"from":[7,20.5,5.5],"to":[9,21,6],"rotation":{"angle":22.5,"axis":"x","origin":[8,20.75,6.5]},"faces":{"north":{"uv":[1.09091,12.72727,1.81818,12.90909],"texture":"#6"},"east":{"uv":[14.18182,13.81818,14.36364,14],"texture":"#6"},"south":{"uv":[12.72727,2.90909,13.45455,3.09091],"texture":"#6"},"west":{"uv":[14.54545,0,14.72727,0.18182],"texture":"#6"},"up":{"uv":[13.45455,3.81818,12.72727,3.63636],"texture":"#6"},"down":{"uv":[13.45455,5.09091,12.72727,5.27273],"texture":"#6"}}},{"from":[8.5,20.5,6],"to":[9,21,7],"rotation":{"angle":22.5,"axis":"x","origin":[8,20.75,6.5]},"faces":{"east":{"uv":[0,14.18182,0.36364,14.36364],"texture":"#6"},"west":{"uv":[0.72727,14.18182,1.09091,14.36364],"texture":"#6"},"up":{"uv":[1.63636,14.54545,1.45455,14.18182],"texture":"#6"},"down":{"uv":[14.36364,4,14.18182,4.36364],"texture":"#6"}}},{"from":[7.985,7.25,5.25],"to":[8.015,21.75,7],"rotation":{"angle":0,"axis":"y","origin":[7.985,10.75,4]},"faces":{"east":{"uv":[2.09091,0,1.45455,5.27273],"texture":"#6"},"west":{"uv":[1.45455,0,2.09091,5.27273],"texture":"#6"}}},{"from":[7.995,18.55285,0.73851],"to":[8.005,19.05285,6.98851],"rotation":{"angle":-45,"axis":"x","origin":[7.995,18.30285,2.86351]},"faces":{"east":{"uv":[10.27273,4.36364,8,4.54545],"texture":"#6"},"west":{"uv":[8,4.36364,10.27273,4.54545],"texture":"#6"}}},{"from":[7.985,14.6967,-0.0533],"to":[8.015,16.6967,1.9467],"rotation":{"angle":45,"axis":"x","origin":[7.985,16.4467,-0.0533]},"faces":{"east":{"uv":[4.36364,6.18182,3.63636,6.90909],"texture":"#6"},"west":{"uv":[3.63636,6.18182,4.36364,6.90909],"texture":"#6"}}},{"from":[7.5,16.16637,0.83058],"to":[8.5,17.16637,1.83058],"rotation":{"angle":-45,"axis":"x","origin":[7.5,15.91637,0.83058]},"faces":{"north":{"uv":[7.27273,8.72727,7.63636,9.09091],"texture":"#6"},"east":{"uv":[12.72727,10.18182,13.09091,10.54545],"texture":"#6"},"south":{"uv":[12,12.72727,12.36364,13.09091],"texture":"#6"},"west":{"uv":[12.72727,12.72727,13.09091,13.09091],"texture":"#6"},"up":{"uv":[13.45455,1.09091,13.09091,0.72727],"texture":"#6"},"down":{"uv":[13.45455,1.45455,13.09091,1.81818],"texture":"#6"}}},{"from":[7.985,6,8.5],"to":[8.015,19,11.25],"rotation":{"angle":0,"axis":"y","origin":[7.985,0,0]},"faces":{"east":{"uv":[1,0,0,4.72727],"texture":"#6"},"west":{"uv":[0,0,1,4.72727],"texture":"#6"}}}],"gui_light":"front","display":{"thirdperson_righthand":{"translation":[0,4.5,1]},"thirdperson_lefthand":{"translation":[0,4.5,1]},"firstperson_righthand":{"rotation":[10,0,0],"translation":[1.25,2,0.5],"scale":[0.7,0.7,0.7]},"firstperson_lefthand":{"rotation":[10,0,0],"translation":[1.25,2,0.5],"scale":[0.7,0.7,0.7]},"ground":{"rotation":[-45,0,0],"translation":[0,5,0],"scale":[0.7,0.7,0.7]},"gui":{"rotation":[-90,-45,-90],"translation":[-0.25,0.5,0],"scale":[0.7,0.7,0.7]},"head":{"rotation":[0,-90,0]},"fixed":{"rotation":[0,-90,0],"translation":[0,0,-1.75],"scale":[2,2,2]}}}