{"textures":{"0":"modelengine:entity/jupiter"},"elements":[{"from":[3.1603894,7.0213165,3.9999995],"to":[12.660389,22.921318,13.0],"faces":{"east":{"uv":[0.0,6.8125,0.5625,7.8125],"tintindex":0,"rotation":0,"texture":"#0"},"south":{"uv":[1.625,6.4375,2.21875,7.4375],"tintindex":0,"rotation":0,"texture":"#0"},"north":{"uv":[6.0625,6.375,6.65625,7.375],"tintindex":0,"rotation":0,"texture":"#0"},"west":{"uv":[0.5625,6.8125,1.125,7.8125],"tintindex":0,"rotation":0,"texture":"#0"},"up":{"uv":[8.53125,7.6875,7.9375,7.125],"tintindex":0,"rotation":0,"texture":"#0"},"down":{"uv":[5.40625,8.0,4.8125,8.5625],"tintindex":0,"rotation":0,"texture":"#0"}}},{"from":[10.21039,6.2883034,3.5],"to":[16.61039,13.288303,13.7],"faces":{"east":{"uv":[8.75,0.0,9.375,0.4375],"tintindex":0,"rotation":0,"texture":"#0"},"south":{"uv":[10.375,3.625,10.78125,4.0625],"tintindex":0,"rotation":0,"texture":"#0"},"north":{"uv":[10.3125,8.0,10.71875,8.4375],"tintindex":0,"rotation":0,"texture":"#0"},"west":{"uv":[8.875,0.4375,9.5,0.875],"tintindex":0,"rotation":0,"texture":"#0"},"up":{"uv":[5.71875,9.75,5.3125,9.125],"tintindex":0,"rotation":0,"texture":"#0"},"down":{"uv":[6.78125,9.125,6.375,9.75],"tintindex":0,"rotation":0,"texture":"#0"}},"rotation":{"origin":[16.410389,16.588303,7.1000004],"angle":-22.5,"axis":"z"}},{"from":[1.6603894,7.0213165,7.0],"to":[14.160389,20.921318,12.5],"faces":{"east":{"uv":[1.875,8.0625,2.21875,8.9375],"tintindex":0,"rotation":0,"texture":"#0"},"south":{"uv":[5.8125,5.5,6.59375,6.375],"tintindex":0,"rotation":0,"texture":"#0"},"north":{"uv":[5.8125,4.625,6.59375,5.5],"tintindex":0,"rotation":0,"texture":"#0"},"west":{"uv":[4.375,8.625,4.71875,9.5],"tintindex":0,"rotation":0,"texture":"#0"},"up":{"uv":[3.03125,9.21875,2.25,8.875],"tintindex":0,"rotation":0,"texture":"#0"},"down":{"uv":[9.65625,2.625,8.875,2.96875],"tintindex":0,"rotation":0,"texture":"#0"}}},{"from":[0.61038923,5.3883057,2.9],"to":[15.21039,11.788303,14.5],"faces":{"east":{"uv":[8.5625,7.6875,9.28125,8.09375],"tintindex":0,"rotation":0,"texture":"#0"},"south":{"uv":[7.4375,3.3125,8.34375,3.71875],"tintindex":0,"rotation":0,"texture":"#0"},"north":{"uv":[7.4375,1.0,8.34375,1.40625],"tintindex":0,"rotation":0,"texture":"#0"},"west":{"uv":[8.625,2.1875,9.34375,2.59375],"tintindex":0,"rotation":0,"texture":"#0"},"up":{"uv":[5.34375,6.71875,4.4375,6.0],"tintindex":0,"rotation":0,"texture":"#0"},"down":{"uv":[7.15625,2.0625,6.25,2.78125],"tintindex":0,"rotation":0,"texture":"#0"}}},{"from":[-0.7896099,6.2883034,3.3000002],"to":[5.6103897,21.288303,14.3],"faces":{"east":{"uv":[6.25,2.8125,6.9375,3.75],"tintindex":0,"rotation":0,"texture":"#0"},"south":{"uv":[6.25,7.375,6.65625,8.3125],"tintindex":0,"rotation":0,"texture":"#0"},"north":{"uv":[3.9375,7.0,4.34375,7.9375],"tintindex":0,"rotation":0,"texture":"#0"},"west":{"uv":[5.375,6.375,6.0625,7.3125],"tintindex":0,"rotation":0,"texture":"#0"},"up":{"uv":[3.90625,9.4375,3.5,8.75],"tintindex":0,"rotation":0,"texture":"#0"},"down":{"uv":[9.21875,3.3125,8.8125,4.0],"tintindex":0,"rotation":0,"texture":"#0"}},"rotation":{"origin":[-0.5896101,16.588303,7.1000004],"angle":22.5,"axis":"z"}},{"from":[9.210389,11.788303,3.6999998],"to":[14.61039,16.788303,13.4],"faces":{"east":{"uv":[10.0,7.6875,10.59375,8.0],"tintindex":0,"rotation":0,"texture":"#0"},"south":{"uv":[11.5,4.6875,11.84375,5.0],"tintindex":0,"rotation":0,"texture":"#0"},"north":{"uv":[11.5,1.25,11.84375,1.5625],"tintindex":0,"rotation":0,"texture":"#0"},"west":{"uv":[10.125,7.0625,10.71875,7.375],"tintindex":0,"rotation":0,"texture":"#0"},"up":{"uv":[2.84375,10.53125,2.5,9.9375],"tintindex":0,"rotation":0,"texture":"#0"},"down":{"uv":[7.59375,9.9375,7.25,10.53125],"tintindex":0,"rotation":0,"texture":"#0"}}}],"display":{"gui":{"rotation":[30,225,0]}}}