{"textures":{"0":"modelengine:entity/jupiter"},"elements":[{"from":[-1.1999998,-4.8999996,7.9],"to":[16.3,8.5,8.3],"faces":{"east":{"uv":[7.0,10.625,7.03125,11.46875],"tintindex":0,"rotation":0,"texture":"#0"},"south":{"uv":[4.0,2.0625,5.09375,2.90625],"tintindex":0,"rotation":0,"texture":"#0"},"north":{"uv":[4.0,1.1875,5.09375,2.03125],"tintindex":0,"rotation":0,"texture":"#0"},"west":{"uv":[3.1875,10.6875,3.21875,11.53125],"tintindex":0,"rotation":0,"texture":"#0"},"up":{"uv":[12.90625,0.78125,11.8125,0.75],"tintindex":0,"rotation":0,"texture":"#0"},"down":{"uv":[12.96875,7.3125,11.875,7.34375],"tintindex":0,"rotation":0,"texture":"#0"}}}],"display":{"gui":{"rotation":[30,225,0]}}}