{"textures":{"0":"modelengine:entity/xi"},"elements":[{"from":[5.3500004,-11.200001,5.8],"to":[10.95,1.6000004,9.4],"faces":{"east":{"uv":[5.65625,7.21875,5.78125,7.625],"tintindex":0,"rotation":0,"texture":"#0"},"south":{"uv":[6.6875,5.15625,6.875,5.5625],"tintindex":0,"rotation":0,"texture":"#0"},"north":{"uv":[6.6875,3.5,6.875,3.90625],"tintindex":0,"rotation":0,"texture":"#0"},"west":{"uv":[1.125,7.3125,1.25,7.71875],"tintindex":0,"rotation":0,"texture":"#0"},"up":{"uv":[6.875,5.6875,6.6875,5.5625],"tintindex":0,"rotation":0,"texture":"#0"},"down":{"uv":[7.25,1.125,7.0625,1.25],"tintindex":0,"rotation":0,"texture":"#0"}},"rotation":{"origin":[10.4,9.0,13.2],"angle":45.0,"axis":"x"}},{"from":[3.2000008,-4.8,9.6],"to":[13.2,2.3999996,16.4],"faces":{"east":{"uv":[7.28125,3.875,7.5,4.09375],"tintindex":0,"rotation":0,"texture":"#0"},"south":{"uv":[6.90625,2.625,7.21875,2.84375],"tintindex":0,"rotation":0,"texture":"#0"},"north":{"uv":[2.34375,1.09375,2.65625,1.3125],"tintindex":0,"rotation":0,"texture":"#0"},"west":{"uv":[2.0,7.34375,2.21875,7.5625],"tintindex":0,"rotation":0,"texture":"#0"},"up":{"uv":[7.25,2.21875,6.9375,2.0],"tintindex":0,"rotation":0,"texture":"#0"},"down":{"uv":[7.28125,3.875,6.96875,4.09375],"tintindex":0,"rotation":0,"texture":"#0"}},"rotation":{"origin":[10.4,9.0,13.2],"angle":45.0,"axis":"x"}},{"from":[4.799999,-6.6000004,3.6000004],"to":[11.8,-1.6000004,12.0],"faces":{"east":{"uv":[7.5,7.53125,7.75,7.6875],"tintindex":0,"rotation":0,"texture":"#0"},"south":{"uv":[6.8125,7.71875,7.03125,7.875],"tintindex":0,"rotation":0,"texture":"#0"},"north":{"uv":[7.71875,5.75,7.9375,5.90625],"tintindex":0,"rotation":0,"texture":"#0"},"west":{"uv":[0.5,7.5625,0.75,7.71875],"tintindex":0,"rotation":0,"texture":"#0"},"up":{"uv":[7.1875,7.5,6.96875,7.25],"tintindex":0,"rotation":0,"texture":"#0"},"down":{"uv":[0.78125,7.3125,0.5625,7.5625],"tintindex":0,"rotation":0,"texture":"#0"}},"rotation":{"origin":[10.4,9.0,13.2],"angle":22.5,"axis":"x"}},{"from":[6.6000004,-3.0,8.6],"to":[12.8,9.799999,12.2],"faces":{"east":{"uv":[3.09375,7.3125,3.21875,7.71875],"tintindex":0,"rotation":0,"texture":"#0"},"south":{"uv":[0.0,6.75,0.1875,7.15625],"tintindex":0,"rotation":0,"texture":"#0"},"north":{"uv":[6.71875,0.0,6.90625,0.40625],"tintindex":0,"rotation":0,"texture":"#0"},"west":{"uv":[3.21875,7.3125,3.34375,7.71875],"tintindex":0,"rotation":0,"texture":"#0"},"up":{"uv":[5.28125,8.0,5.09375,7.875],"tintindex":0,"rotation":0,"texture":"#0"},"down":{"uv":[5.8125,7.875,5.625,8.0],"tintindex":0,"rotation":0,"texture":"#0"}},"rotation":{"origin":[10.4,9.0,13.2],"angle":22.5,"axis":"x"}},{"from":[10.6,-10.4,7.2],"to":[14.2,1.6000004,10.8],"faces":{"east":{"uv":[3.34375,7.40625,3.46875,7.78125],"tintindex":0,"rotation":0,"texture":"#0"},"south":{"uv":[3.46875,7.40625,3.59375,7.78125],"tintindex":0,"rotation":0,"texture":"#0"},"north":{"uv":[2.75,7.40625,2.875,7.78125],"tintindex":0,"rotation":0,"texture":"#0"},"west":{"uv":[3.59375,7.40625,3.71875,7.78125],"tintindex":0,"rotation":0,"texture":"#0"},"up":{"uv":[8.09375,3.46875,7.96875,3.34375],"tintindex":0,"rotation":0,"texture":"#0"},"down":{"uv":[8.09375,3.65625,7.96875,3.78125],"tintindex":0,"rotation":0,"texture":"#0"}},"rotation":{"origin":[10.4,9.0,13.2],"angle":45.0,"axis":"x"}},{"from":[2.3999996,-10.4,7.2],"to":[6.0,1.6000004,10.8],"faces":{"east":{"uv":[7.375,7.09375,7.5,7.46875],"tintindex":0,"rotation":0,"texture":"#0"},"south":{"uv":[2.5,7.40625,2.625,7.78125],"tintindex":0,"rotation":0,"texture":"#0"},"north":{"uv":[0.6875,5.125,0.8125,5.5],"tintindex":0,"rotation":0,"texture":"#0"},"west":{"uv":[2.625,7.40625,2.75,7.78125],"tintindex":0,"rotation":0,"texture":"#0"},"up":{"uv":[8.09375,0.875,7.96875,0.75],"tintindex":0,"rotation":0,"texture":"#0"},"down":{"uv":[8.09375,2.46875,7.96875,2.59375],"tintindex":0,"rotation":0,"texture":"#0"}},"rotation":{"origin":[10.4,9.0,13.2],"angle":45.0,"axis":"x"}},{"from":[5.0,-3.0,2.7999992],"to":[11.2,9.799999,8.8],"faces":{"east":{"uv":[6.6875,1.28125,6.875,1.6875],"tintindex":0,"rotation":0,"texture":"#0"},"south":{"uv":[1.5,6.6875,1.6875,7.09375],"tintindex":0,"rotation":0,"texture":"#0"},"north":{"uv":[6.6875,0.875,6.875,1.28125],"tintindex":0,"rotation":0,"texture":"#0"},"west":{"uv":[1.6875,6.6875,1.875,7.09375],"tintindex":0,"rotation":0,"texture":"#0"},"up":{"uv":[7.75,5.75,7.5625,5.5625],"tintindex":0,"rotation":0,"texture":"#0"},"down":{"uv":[6.40625,7.5625,6.21875,7.75],"tintindex":0,"rotation":0,"texture":"#0"}},"rotation":{"origin":[10.4,9.0,13.2],"angle":22.5,"axis":"x"}}],"display":{"gui":{"rotation":[30,225,0]}}}