{"textures":{"0":"modelengine:entity/xi","1":"modelengine:entity/xi_fire"},"elements":[{"from":[9.5,1.0,5.0],"to":[12.5,9.5,8.5],"faces":{"east":{"uv":[5.75,3.71875,5.96875,4.25],"tintindex":0,"rotation":0,"texture":"#0"},"south":{"uv":[0.9375,6.15625,1.125,6.6875],"tintindex":0,"rotation":0,"texture":"#0"},"north":{"uv":[0.75,6.15625,0.9375,6.6875],"tintindex":0,"rotation":0,"texture":"#0"},"west":{"uv":[2.46875,5.78125,2.6875,6.3125],"tintindex":0,"rotation":0,"texture":"#0"},"up":{"uv":[7.0625,7.71875,6.875,7.5],"tintindex":0,"rotation":0,"texture":"#0"},"down":{"uv":[7.6875,7.09375,7.5,7.3125],"tintindex":0,"rotation":0,"texture":"#0"}},"rotation":{"origin":[9.5,6.0,8.0],"angle":22.5,"axis":"x"}},{"from":[7.125,2.375,7.75],"to":[11.625,12.875,11.25],"faces":{"east":{"uv":[5.5,0.46875,5.71875,1.125],"tintindex":0,"rotation":0,"texture":"#0"},"south":{"uv":[4.46875,4.40625,4.75,5.0625],"tintindex":0,"rotation":0,"texture":"#0"},"north":{"uv":[0.5625,4.46875,0.84375,5.125],"tintindex":0,"rotation":0,"texture":"#0"},"west":{"uv":[0.6875,5.5,0.90625,6.15625],"tintindex":0,"rotation":0,"texture":"#0"},"up":{"uv":[7.53125,2.1875,7.25,1.96875],"tintindex":0,"rotation":0,"texture":"#0"},"down":{"uv":[2.5,7.25,2.21875,7.46875],"tintindex":0,"rotation":0,"texture":"#0"}},"rotation":{"origin":[9.5,6.0,8.0],"angle":45.0,"axis":"x"}},{"from":[11.0,5.25,6.25],"to":[14.0,13.75,9.25],"faces":{"east":{"uv":[1.6875,6.15625,1.875,6.6875],"tintindex":0,"rotation":0,"texture":"#0"},"south":{"uv":[6.1875,1.0,6.375,1.53125],"tintindex":0,"rotation":0,"texture":"#0"},"north":{"uv":[1.5,6.15625,1.6875,6.6875],"tintindex":0,"rotation":0,"texture":"#0"},"west":{"uv":[6.21875,0.25,6.40625,0.78125],"tintindex":0,"rotation":0,"texture":"#0"},"up":{"uv":[7.25,7.84375,7.0625,7.65625],"tintindex":0,"rotation":0,"texture":"#0"},"down":{"uv":[3.90625,7.6875,3.71875,7.875],"tintindex":0,"rotation":0,"texture":"#0"}},"rotation":{"origin":[9.5,6.0,8.0],"angle":45.0,"axis":"x"}},{"from":[7.5,5.25,7.75],"to":[17.0,24.25,7.75],"faces":{"south":{"uv":[12.375,6.5,10.0,11.25],"tintindex":0,"rotation":0,"texture":"#1"},"north":{"uv":[10.0,6.5,12.375,11.25],"tintindex":0,"rotation":0,"texture":"#1"}},"rotation":{"origin":[9.5,6.0,8.0],"angle":45.0,"axis":"x"}},{"from":[8.125,7.875,5.25],"to":[11.125,16.375,8.25],"faces":{"east":{"uv":[6.21875,2.46875,6.40625,3.0],"tintindex":0,"rotation":0,"texture":"#0"},"south":{"uv":[6.21875,4.21875,6.40625,4.75],"tintindex":0,"rotation":0,"texture":"#0"},"north":{"uv":[6.21875,1.9375,6.40625,2.46875],"tintindex":0,"rotation":0,"texture":"#0"},"west":{"uv":[6.21875,5.6875,6.40625,6.21875],"tintindex":0,"rotation":0,"texture":"#0"},"up":{"uv":[4.3125,7.875,4.125,7.6875],"tintindex":0,"rotation":0,"texture":"#0"},"down":{"uv":[5.28125,7.6875,5.09375,7.875],"tintindex":0,"rotation":0,"texture":"#0"}},"rotation":{"origin":[9.5,6.0,8.0],"angle":45.0,"axis":"x"}},{"from":[6.5,0.5,5.5],"to":[11.5,8.5,10.5],"faces":{"east":{"uv":[4.9375,2.03125,5.25,2.53125],"tintindex":0,"rotation":0,"texture":"#0"},"south":{"uv":[3.28125,4.9375,3.59375,5.4375],"tintindex":0,"rotation":0,"texture":"#0"},"north":{"uv":[2.96875,4.8125,3.28125,5.3125],"tintindex":0,"rotation":0,"texture":"#0"},"west":{"uv":[0.84375,5.0,1.15625,5.5],"tintindex":0,"rotation":0,"texture":"#0"},"up":{"uv":[6.6875,3.84375,6.375,3.53125],"tintindex":0,"rotation":0,"texture":"#0"},"down":{"uv":[6.6875,3.84375,6.375,4.15625],"tintindex":0,"rotation":0,"texture":"#0"}},"rotation":{"origin":[9.5,6.0,8.0],"angle":22.5,"axis":"x"}}],"display":{"gui":{"rotation":[30,225,0]}}}