{"textures":{"0":"modelengine:entity/octanaeggs"},"elements":[{"from":[-0.55999947,4.3599987,8.0],"to":[17.64,8.0,22.560001],"faces":{"east":{"uv":[8.5,11.96875,8.71875,11.0625],"tintindex":0,"rotation":90,"texture":"#0"},"south":{"uv":[8.5,11.96875,8.71875,11.0625],"tintindex":0,"rotation":90,"texture":"#0"},"north":{"uv":[8.5,11.96875,8.71875,11.0625],"tintindex":0,"rotation":90,"texture":"#0"},"west":{"uv":[8.5,11.0625,8.71875,11.96875],"tintindex":0,"rotation":90,"texture":"#0"},"up":{"uv":[1.125,9.78125,0.0,8.875],"tintindex":0,"rotation":0,"texture":"#0"},"down":{"uv":[1.125,8.875,0.0,9.78125],"tintindex":0,"rotation":0,"texture":"#0"}},"rotation":{"origin":[14.0,8.0,8.0],"angle":-45.0,"axis":"x"}}],"display":{"gui":{"rotation":[30,225,0]}}}