{"credit":"Made with Blockbench","texture_size":[128,128],"textures":{"0":"tavern:items/sets/christmas_2023/cristmas_texture_01","1":"tavern:items/sets/christmas_2023/cristmas_animation_01","particle":"tavern:items/sets/christmas_2023/cristmas_texture_01"},"elements":[{"from":[0,8,0],"to":[16,14,16],"faces":{"north":{"uv":[3.5625,9.125,5.5625,9.875],"texture":"#0"},"east":{"uv":[3.5625,9.125,5.5625,9.875],"texture":"#0"},"south":{"uv":[3.5625,9.125,5.5625,9.875],"texture":"#0"},"west":{"uv":[3.5625,9.125,5.5625,9.875],"texture":"#0"},"up":{"uv":[3.5625,7.125,5.5625,9.125],"texture":"#0"},"down":{"uv":[3.5625,7.125,5.5625,9.125],"texture":"#0"}}},{"from":[1,0,1],"to":[15,8,15],"faces":{"north":{"uv":[6.25,6.125,8,7.125],"texture":"#0"},"east":{"uv":[6.25,6.125,8,7.125],"texture":"#0"},"south":{"uv":[6.25,6.125,8,7.125],"texture":"#0"},"west":{"uv":[6.25,6.125,8,7.125],"texture":"#0"},"up":{"uv":[6.25,4.375,8,6.125],"texture":"#0"},"down":{"uv":[6.25,4.375,8,6.125],"texture":"#0"}}},{"from":[11.2,12.5,2.6],"to":[22.2,17.7,2.6],"rotation":{"angle":-22.5,"axis":"y","origin":[15.7,15.1,2.6]},"faces":{"north":{"uv":[11.5625,0.65,12.9375,0],"texture":"#0"},"east":{"uv":[1.9375,2.9,2.325,2.5],"texture":"#0"},"south":{"uv":[12.9375,0.65,11.5625,0],"texture":"#0"},"west":{"uv":[1.9375,2.9,2.325,2.5],"texture":"#0"},"up":{"uv":[2.375,2.5,2.75,2.8875],"texture":"#0"},"down":{"uv":[1.125,2.9375,1.5,3.325],"rotation":180,"texture":"#0"}}},{"from":[-6,12.5,2.6],"to":[5,17.7,2.6],"rotation":{"angle":22.5,"axis":"y","origin":[0.5,15.1,2.6]},"faces":{"north":{"uv":[12.9375,0.65,11.5625,0],"texture":"#0"},"east":{"uv":[2.325,2.9,1.9375,2.5],"texture":"#0"},"south":{"uv":[11.5625,0.65,12.9375,0],"texture":"#0"},"west":{"uv":[2.325,2.9,1.9375,2.5],"texture":"#0"},"up":{"uv":[2.75,2.5,2.375,2.8875],"texture":"#0"},"down":{"uv":[1.5,2.9375,1.125,3.325],"rotation":180,"texture":"#0"}}},{"from":[5.5,9.7,-1.5],"to":[10.5,14.7,-1.5],"rotation":{"angle":0,"axis":"y","origin":[16,-17.3,-7.3]},"faces":{"north":{"uv":[15,0.9375,16,1.9375],"texture":"#0"},"east":{"uv":[0,0,0,14],"texture":"#missing"},"south":{"uv":[16,0.9375,15,1.9375],"texture":"#0"},"west":{"uv":[0,0,0,14],"texture":"#missing"},"up":{"uv":[0,16,0,0],"rotation":270,"texture":"#missing"},"down":{"uv":[0,16,0,0],"rotation":90,"texture":"#missing"}}},{"from":[11.5,24,6.3],"to":[15.5,28,6.3],"rotation":{"angle":-22.5,"axis":"z","origin":[11.5,25,6.3]},"faces":{"north":{"uv":[14.1875,0.9375,13.6875,1.4375],"texture":"#0"},"east":{"uv":[0,0,0,14],"texture":"#missing"},"south":{"uv":[13.6875,0.9375,14.1875,1.4375],"texture":"#0"},"west":{"uv":[0,0,0,14],"texture":"#missing"},"up":{"uv":[0,16,0,0],"rotation":90,"texture":"#missing"},"down":{"uv":[0,16,0,0],"rotation":270,"texture":"#missing"}}},{"from":[0.5,24,6.3],"to":[4.5,28,6.3],"rotation":{"angle":22.5,"axis":"z","origin":[4.5,25,6.3]},"faces":{"north":{"uv":[13.6875,0.9375,14.1875,1.4375],"texture":"#0"},"east":{"uv":[0,0,0,14],"texture":"#missing"},"south":{"uv":[14.1875,0.9375,13.6875,1.4375],"texture":"#0"},"west":{"uv":[0,0,0,14],"texture":"#missing"},"up":{"uv":[0,0,0,16],"rotation":90,"texture":"#missing"},"down":{"uv":[0,0,0,16],"rotation":270,"texture":"#missing"}}},{"from":[-4,25,6.3],"to":[0,29,6.3],"rotation":{"angle":45,"axis":"z","origin":[4.5,25,6.3]},"faces":{"north":{"uv":[13.6875,0.9375,14.1875,1.4375],"texture":"#0"},"east":{"uv":[0,0,0,14],"texture":"#missing"},"south":{"uv":[14.1875,0.9375,13.6875,1.4375],"texture":"#0"},"west":{"uv":[0,0,0,14],"texture":"#missing"},"up":{"uv":[0,0,0,16],"rotation":90,"texture":"#missing"},"down":{"uv":[0,0,0,16],"rotation":270,"texture":"#missing"}}},{"from":[16,25,6.3],"to":[20,29,6.3],"rotation":{"angle":-45,"axis":"z","origin":[11.5,25,6.3]},"faces":{"north":{"uv":[14.1875,0.9375,13.6875,1.4375],"texture":"#0"},"east":{"uv":[0,0,0,14],"texture":"#missing"},"south":{"uv":[13.6875,0.9375,14.1875,1.4375],"texture":"#0"},"west":{"uv":[0,0,0,14],"texture":"#missing"},"up":{"uv":[0,16,0,0],"rotation":90,"texture":"#missing"},"down":{"uv":[0,16,0,0],"rotation":270,"texture":"#missing"}}},{"from":[4,23.5,6.3],"to":[12,31.5,6.3],"rotation":{"angle":0,"axis":"y","origin":[16,0,13.8]},"faces":{"north":{"uv":[15,0.9375,16,1.9375],"texture":"#0"},"east":{"uv":[0,0,0,14],"texture":"#missing"},"south":{"uv":[16,0.9375,15,1.9375],"texture":"#0"},"west":{"uv":[0,0,0,14],"texture":"#missing"},"up":{"uv":[0,0,0,16],"rotation":90,"texture":"#missing"},"down":{"uv":[0,0,0,16],"rotation":270,"texture":"#missing"}}},{"from":[6.75,9.7,-0.55],"to":[9.25,12.2,1.95],"rotation":{"angle":0,"axis":"y","origin":[-9,-16.8,-0.3]},"faces":{"north":{"uv":[2.1875,2.125,2.5,2.4375],"texture":"#0"},"east":{"uv":[2.1875,2.125,2.5,2.4375],"texture":"#0"},"south":{"uv":[2.1875,2.125,2.5,2.4375],"texture":"#0"},"west":{"uv":[2.1875,2.125,2.5,2.4375],"texture":"#0"},"up":{"uv":[2.8125,2.4375,2.5,2.125],"rotation":270,"texture":"#0"},"down":{"uv":[2.8125,2.4375,2.5,2.125],"rotation":90,"texture":"#0"}}},{"from":[5.5,9.7,-1.4],"to":[10.5,16.7,-1.4],"rotation":{"angle":22.5,"axis":"z","origin":[10.5,18.2,-1.4]},"faces":{"north":{"uv":[15.125,0,14.5,0.875],"texture":"#0"},"east":{"uv":[0,0,0,12],"texture":"#missing"},"south":{"uv":[14.5,0,15.125,0.875],"texture":"#0"},"west":{"uv":[0,0,0,12],"texture":"#missing"},"up":{"uv":[0,10,0,0],"rotation":90,"texture":"#missing"},"down":{"uv":[0,10,0,0],"rotation":270,"texture":"#missing"}}},{"from":[8,6.2,-2.3],"to":[13,8.2,3.7],"rotation":{"angle":22.5,"axis":"z","origin":[10,10.075,9.7]},"faces":{"north":{"uv":[1,1.625,1.625,1.875],"texture":"#0"},"east":{"uv":[1,1.875,1.75,2.125],"texture":"#0"},"south":{"uv":[1.625,1.625,1,1.875],"texture":"#0"},"west":{"uv":[1,1.875,1.75,2.125],"texture":"#0"},"up":{"uv":[1,0.875,1.75,1.5],"rotation":90,"texture":"#0"},"down":{"uv":[1,0.875,1.75,1.5],"rotation":270,"texture":"#0"}}},{"from":[9,8.2,-1.3],"to":[12,11.2,2.7],"rotation":{"angle":22.5,"axis":"z","origin":[10,10.075,9.7]},"faces":{"north":{"uv":[1.125,0,1.5,0.375],"texture":"#0"},"east":{"uv":[1.625,0,2.125,0.375],"texture":"#0"},"south":{"uv":[1.5,0,1.125,0.375],"texture":"#0"},"west":{"uv":[1.625,0,2.125,0.375],"texture":"#0"},"up":{"uv":[1.125,0.375,1.625,0.75],"rotation":90,"texture":"#0"},"down":{"uv":[1.125,0.375,1.625,0.75],"rotation":270,"texture":"#0"}}},{"from":[5.5,9.7,-1.4],"to":[10.5,16.7,-1.4],"rotation":{"angle":-22.5,"axis":"z","origin":[5.5,18.2,-1.4]},"faces":{"north":{"uv":[14.5,0,15.125,0.875],"texture":"#0"},"east":{"uv":[0,0,0,12],"texture":"#missing"},"south":{"uv":[15.125,0,14.5,0.875],"texture":"#0"},"west":{"uv":[0,0,0,12],"texture":"#missing"},"up":{"uv":[0,0,0,10],"rotation":90,"texture":"#missing"},"down":{"uv":[0,0,0,10],"rotation":270,"texture":"#missing"}}},{"from":[3,6.2,-2.3],"to":[8,8.2,3.7],"rotation":{"angle":-22.5,"axis":"z","origin":[6,10.075,9.7]},"faces":{"north":{"uv":[1.625,1.625,1,1.875],"texture":"#0"},"east":{"uv":[1.75,1.875,1,2.125],"texture":"#0"},"south":{"uv":[1,1.625,1.625,1.875],"texture":"#0"},"west":{"uv":[1.75,1.875,1,2.125],"texture":"#0"},"up":{"uv":[1,1.5,1.75,0.875],"rotation":90,"texture":"#0"},"down":{"uv":[1,1.5,1.75,0.875],"rotation":270,"texture":"#0"}}},{"from":[4,8.2,-1.3],"to":[7,11.2,2.7],"rotation":{"angle":-22.5,"axis":"z","origin":[6,10.075,9.7]},"faces":{"north":{"uv":[1.5,0,1.125,0.375],"texture":"#0"},"east":{"uv":[2.125,0,1.625,0.375],"texture":"#0"},"south":{"uv":[1.125,0,1.5,0.375],"texture":"#0"},"west":{"uv":[2.125,0,1.625,0.375],"texture":"#0"},"up":{"uv":[1.125,0.75,1.625,0.375],"rotation":90,"texture":"#0"},"down":{"uv":[1.125,0.75,1.625,0.375],"rotation":270,"texture":"#0"}}},{"from":[13,4.2,-0.3],"to":[15,5.7,1.7],"rotation":{"angle":22.5,"axis":"z","origin":[-6,-1.925,8.7]},"faces":{"north":{"uv":[1.875,0.8125,2.125,1],"texture":"#0"},"east":{"uv":[1.75,0.625,2,0.8125],"texture":"#0"},"south":{"uv":[2.125,0.8125,1.875,1],"texture":"#0"},"west":{"uv":[1.75,0.625,2,0.8125],"texture":"#0"},"up":{"uv":[1.75,0.375,2,0.625],"rotation":90,"texture":"#0"},"down":{"uv":[1.75,0.375,2,0.625],"rotation":270,"texture":"#0"}}},{"from":[1,4.2,-0.3],"to":[3,5.7,1.7],"rotation":{"angle":-22.5,"axis":"z","origin":[22,-1.925,8.7]},"faces":{"north":{"uv":[2.125,0.8125,1.875,1],"texture":"#0"},"east":{"uv":[2,0.625,1.75,0.8125],"texture":"#0"},"south":{"uv":[1.875,0.8125,2.125,1],"texture":"#0"},"west":{"uv":[2,0.625,1.75,0.8125],"texture":"#0"},"up":{"uv":[1.75,0.625,2,0.375],"rotation":90,"texture":"#0"},"down":{"uv":[1.75,0.625,2,0.375],"rotation":270,"texture":"#0"}}},{"from":[7.5,10.7,-0.8],"to":[10.5,13.7,2.2],"rotation":{"angle":-45,"axis":"z","origin":[7.9375,13.2,0.4625]},"faces":{"north":{"uv":[1.875,1.5625,2.25,1.9375],"texture":"#0"},"east":{"uv":[2.625,1.5625,2.25,1.9375],"rotation":270,"texture":"#0"},"south":{"uv":[2.25,1.5625,1.875,1.9375],"texture":"#0"},"west":{"uv":[2.625,1.9375,3,1.5625],"texture":"#0"},"up":{"uv":[3,1.9375,2.625,1.5625],"rotation":270,"texture":"#0"},"down":{"uv":[2.25,1.9375,2.625,1.5625],"texture":"#0"}}},{"from":[7,22.8,6.5],"to":[9,24.8,8.5],"rotation":{"angle":0,"axis":"y","origin":[5,6,7.5]},"faces":{"north":{"uv":[3.25,1.5,3,1.75],"texture":"#0"},"east":{"uv":[3.25,1.5,3,1.75],"texture":"#0"},"south":{"uv":[3.25,1.5,3,1.75],"texture":"#0"},"west":{"uv":[3.25,1.5,3,1.75],"texture":"#0"},"up":{"uv":[3.25,1.5,3,1.75],"rotation":90,"texture":"#0"},"down":{"uv":[3.25,1.5,3,1.75],"rotation":270,"texture":"#0"}}},{"from":[5.5,21,7],"to":[10.5,28,7],"rotation":{"angle":-22.5,"axis":"z","origin":[5.5,29.5,7]},"faces":{"north":{"uv":[14.5,0,15.125,0.875],"texture":"#0"},"east":{"uv":[0,0,0,12],"texture":"#missing"},"south":{"uv":[15.125,0,14.5,0.875],"texture":"#0"},"west":{"uv":[0,0,0,12],"texture":"#missing"},"up":{"uv":[0,0,0,10],"rotation":90,"texture":"#missing"},"down":{"uv":[0,0,0,10],"rotation":270,"texture":"#missing"}}},{"from":[5.5,21,7],"to":[10.5,28,7],"rotation":{"angle":22.5,"axis":"z","origin":[10.5,29.5,7]},"faces":{"north":{"uv":[15.125,0,14.5,0.875],"texture":"#0"},"east":{"uv":[0,0,0,12],"texture":"#missing"},"south":{"uv":[14.5,0,15.125,0.875],"texture":"#0"},"west":{"uv":[0,0,0,12],"texture":"#missing"},"up":{"uv":[0,10,0,0],"rotation":90,"texture":"#missing"},"down":{"uv":[0,10,0,0],"rotation":270,"texture":"#missing"}}},{"from":[1.5,11.5,7.2],"to":[14.5,24.5,7.2],"rotation":{"angle":0,"axis":"y","origin":[16,-5,-0.5]},"faces":{"north":{"uv":[11.25,0.9375,12.875,2.5625],"texture":"#0"},"east":{"uv":[0,0,0,1.5],"texture":"#missing"},"south":{"uv":[11.25,0.9375,12.875,2.5625],"texture":"#0"},"west":{"uv":[0,0,0,1.5],"texture":"#missing"},"up":{"uv":[0,0,0,1.5],"rotation":90,"texture":"#missing"},"down":{"uv":[0,0,0,1.5],"rotation":270,"texture":"#missing"}}},{"from":[1.5,11.5,7.8],"to":[14.5,24.5,7.8],"rotation":{"angle":0,"axis":"y","origin":[16,-5,15.5]},"faces":{"north":{"uv":[12.875,0.9375,11.25,2.5625],"texture":"#0"},"east":{"uv":[0,0,0,1.5],"texture":"#missing"},"south":{"uv":[12.875,0.9375,11.25,2.5625],"texture":"#0"},"west":{"uv":[0,0,0,1.5],"texture":"#missing"},"up":{"uv":[0,0,0,1.5],"rotation":90,"texture":"#missing"},"down":{"uv":[0,0,0,1.5],"rotation":270,"texture":"#missing"}}},{"from":[4,14.2,7.5],"to":[12,22.2,7.5],"rotation":{"angle":0,"axis":"y","origin":[16,7,15.5]},"faces":{"north":{"uv":[0,0,16,16],"texture":"#1"},"east":{"uv":[0,0,0,16],"texture":"#1"},"south":{"uv":[16,0,0,16],"texture":"#1"},"west":{"uv":[0,0,0,16],"texture":"#1"},"up":{"uv":[0,16,0,0],"rotation":90,"texture":"#1"},"down":{"uv":[0,0,0,16],"rotation":270,"texture":"#1"}}},{"from":[-5,13.2,7.5],"to":[1,19.2,7.5],"rotation":{"angle":22.5,"axis":"z","origin":[-2,18.2,7.5]},"faces":{"north":{"uv":[0,0,16,16],"texture":"#1"},"east":{"uv":[0,0,0,16],"texture":"#1"},"south":{"uv":[16,0,0,16],"texture":"#1"},"west":{"uv":[0,0,0,16],"texture":"#1"},"up":{"uv":[0,16,0,0],"rotation":90,"texture":"#1"},"down":{"uv":[0,0,0,16],"rotation":270,"texture":"#1"}}},{"from":[15,14.2,7.5],"to":[21,20.2,7.5],"rotation":{"angle":-22.5,"axis":"z","origin":[18,18.2,7.5]},"faces":{"north":{"uv":[16,0,0,16],"texture":"#1"},"east":{"uv":[0,0,0,16],"texture":"#1"},"south":{"uv":[0,0,16,16],"texture":"#1"},"west":{"uv":[0,0,0,16],"texture":"#1"},"up":{"uv":[0,0,0,16],"rotation":90,"texture":"#1"},"down":{"uv":[0,16,0,0],"rotation":270,"texture":"#1"}}}],"gui_light":"front","display":{"thirdperson_righthand":{"rotation":[48.61,39.75,0.89],"translation":[0.25,2.75,1.5],"scale":[0.35453,0.35453,0.35453]},"thirdperson_lefthand":{"rotation":[48.61,39.75,0.89],"translation":[0.25,2.75,1.5],"scale":[0.35453,0.35453,0.35453]},"firstperson_righthand":{"rotation":[-166,71,168.78],"translation":[17.5,-5.5,-20.25],"scale":[1.10938,1.10938,1.10938]},"firstperson_lefthand":{"rotation":[-166,71,168.78],"translation":[17.5,-5.5,-20.25],"scale":[1.10938,1.10938,1.10938]},"ground":{"translation":[0.5,1.75,0],"scale":[0.61719,0.61719,0.61719]},"gui":{"rotation":[13.2,165,1.2],"translation":[0,-3,0],"scale":[0.49609,0.49609,0.49609]},"head":{"translation":[0,-30.4,0],"scale":[1.6,1.6,1.6]},"fixed":{"rotation":[-90,0,0],"translation":[0,0,-14],"scale":[2,2,2]}}}