{"credit":"MadebyPolygonMC","texture_size":[24,24],"textures":{"1":"tavern:items/sets/fuchsia/animations/animations_5","2":"tavern:items/sets/fuchsia/wings","3":"tavern:items/sets/fuchsia/animations/animations_6","particle":"tavern:items/sets/fuchsia/animations/animations_5"},"elements":[{"from":[6.86738,-9.86738,8.65963],"to":[8.86738,-7.86738,10.15963],"rotation":{"angle":-45,"axis":"z","origin":[8,-9,8]},"faces":{"north":{"uv":[8,6.66667,9.33333,8],"texture":"#2","tintindex":0},"east":{"uv":[6.66667,8.66667,7.66667,10],"texture":"#2","tintindex":0},"south":{"uv":[8,5.33333,9.33333,6.66667],"texture":"#2","tintindex":0},"west":{"uv":[9.33333,6.66667,10.33333,8],"texture":"#2","tintindex":0},"up":{"uv":[9,10.66667,8,9.33333],"rotation":90,"texture":"#2","tintindex":0},"down":{"uv":[10.33333,8,9.33333,9.33333],"rotation":270,"texture":"#2","tintindex":0}}},{"from":[7.11738,-9.61738,8.40963],"to":[8.61738,-8.11738,10.40963],"rotation":{"angle":-45,"axis":"z","origin":[8,-9,8]},"faces":{"north":{"uv":[9.33333,11.33333,10.33333,12.33333],"texture":"#2","tintindex":0},"east":{"uv":[9.33333,9.33333,10.66667,10.33333],"texture":"#2","tintindex":0},"south":{"uv":[6,11.33333,7,12.33333],"texture":"#2","tintindex":0},"west":{"uv":[0,10,1.33333,11],"texture":"#2","tintindex":0},"up":{"uv":[2.66667,11,1.33333,10],"rotation":90,"texture":"#2","tintindex":0},"down":{"uv":[4,10,2.66667,11],"rotation":270,"texture":"#2","tintindex":0}}},{"from":[7.98453,-10.18453,8.75963],"to":[9.18453,-8.98453,10.05963],"rotation":{"angle":-45,"axis":"z","origin":[8,-9,8]},"faces":{"north":{"uv":[2,13.33333,2.66667,14],"texture":"#2","tintindex":0},"east":{"uv":[12,8.66667,13,9.33333],"texture":"#2","tintindex":0},"south":{"uv":[13.33333,1.33333,14,2],"texture":"#2","tintindex":0},"west":{"uv":[6.66667,12.66667,7.66667,13.33333],"texture":"#2","tintindex":0},"up":{"uv":[13.66667,7.33333,12.66667,6.66667],"rotation":90,"texture":"#2","tintindex":0},"down":{"uv":[13.66667,7.33333,12.66667,8],"rotation":270,"texture":"#2","tintindex":0}}},{"from":[8.18453,-9.98453,8.60963],"to":[8.98453,-9.18453,10.20963],"rotation":{"angle":-45,"axis":"z","origin":[8,-9,8]},"faces":{"north":{"uv":[2.66667,13.33333,3.33333,14],"texture":"#2","tintindex":0},"east":{"uv":[9.33333,12.66667,10.33333,13.33333],"texture":"#2","tintindex":0},"south":{"uv":[13.33333,2,14,2.66667],"texture":"#2","tintindex":0},"west":{"uv":[12.66667,9.33333,13.66667,10],"texture":"#2","tintindex":0},"up":{"uv":[13.66667,10.66667,12.66667,10],"rotation":90,"texture":"#2","tintindex":0},"down":{"uv":[11.66667,12.66667,10.66667,13.33333],"rotation":270,"texture":"#2","tintindex":0}}},{"from":[5.88961,-8.88961,9.00963],"to":[7.88961,-6.88961,9.80963],"rotation":{"angle":-45,"axis":"z","origin":[8,-9,8]},"faces":{"north":{"uv":[0,8.66667,1.33333,10],"texture":"#2","tintindex":0},"east":{"uv":[7.33333,11.33333,8,12.66667],"texture":"#2","tintindex":0},"south":{"uv":[8,8,9.33333,9.33333],"texture":"#2","tintindex":0},"west":{"uv":[1.33333,12,2,13.33333],"texture":"#2","tintindex":0},"up":{"uv":[2.66667,13.33333,2,12],"rotation":90,"texture":"#2","tintindex":0},"down":{"uv":[3.33333,12,2.66667,13.33333],"rotation":270,"texture":"#2","tintindex":0}}},{"from":[10.28065,-7.6141,8.89463],"to":[10.86065,-6.4541,9.92463],"rotation":{"angle":-45,"axis":"z","origin":[8,-9,8]},"faces":{"north":{"uv":[14,4.66667,14.33333,5.33333],"texture":"#2","tintindex":0},"east":{"uv":[13.33333,2.66667,14,3.33333],"texture":"#2","tintindex":0},"south":{"uv":[14,4,14.33333,4.66667],"texture":"#2","tintindex":0},"west":{"uv":[3.33333,13.33333,4,14],"texture":"#2","tintindex":0},"down":{"uv":[6,14,5.33333,14.33333],"rotation":270,"texture":"#2","tintindex":0}}},{"from":[10.28065,-6.4541,8.89463],"to":[10.86065,-5.8741,9.92463],"rotation":{"angle":-45,"axis":"z","origin":[8,-9,8]},"faces":{"north":{"uv":[14.66667,4,15,4.33333],"texture":"#2","tintindex":0},"east":{"uv":[14,5.33333,14.66667,5.66667],"texture":"#2","tintindex":0},"south":{"uv":[4,14.66667,4.33333,15],"texture":"#2","tintindex":0},"up":{"uv":[6.66667,14.33333,6,14],"rotation":90,"texture":"#2","tintindex":0}}},{"from":[9.70065,-5.2941,8.89463],"to":[10.28065,-4.7141,9.92463],"rotation":{"angle":-45,"axis":"z","origin":[8,-9,8]},"faces":{"north":{"uv":[14.66667,4.66667,15,5],"texture":"#2","tintindex":0},"east":{"uv":[14,6,14.66667,6.33333],"texture":"#2","tintindex":0},"south":{"uv":[4.66667,14.66667,5,15],"texture":"#2","tintindex":0},"up":{"uv":[14.66667,7,14,6.66667],"rotation":90,"texture":"#2","tintindex":0},"down":{"uv":[14.66667,7.33333,14,7.66667],"rotation":270,"texture":"#2","tintindex":0}}},{"from":[11.44065,-7.0341,8.89463],"to":[12.02065,-6.4541,9.92463],"rotation":{"angle":-45,"axis":"z","origin":[8,-9,8]},"faces":{"north":{"uv":[14.66667,5.33333,15,5.66667],"texture":"#2","tintindex":0},"east":{"uv":[14,8,14.66667,8.33333],"texture":"#2","tintindex":0},"south":{"uv":[5.33333,14.66667,5.66667,15],"texture":"#2","tintindex":0},"west":{"uv":[8.66667,14,9.33333,14.33333],"texture":"#2","tintindex":0},"up":{"uv":[14.66667,9,14,8.66667],"rotation":90,"texture":"#2","tintindex":0}}},{"from":[9.12065,-6.4541,8.89463],"to":[10.28065,-5.8741,9.92463],"rotation":{"angle":-45,"axis":"z","origin":[8,-9,8]},"faces":{"north":{"uv":[10,14,10.66667,14.33333],"texture":"#2","tintindex":0},"south":{"uv":[9.33333,14,10,14.33333],"texture":"#2","tintindex":0},"west":{"uv":[14,9.33333,14.66667,9.66667],"texture":"#2","tintindex":0},"up":{"uv":[14,4,13.33333,3.33333],"rotation":90,"texture":"#2","tintindex":0},"down":{"uv":[4.66667,13.33333,4,14],"rotation":270,"texture":"#2","tintindex":0}}},{"from":[9.12065,-5.8741,8.89463],"to":[9.70065,-4.7141,9.92463],"rotation":{"angle":-45,"axis":"z","origin":[8,-9,8]},"faces":{"north":{"uv":[10.66667,14,11,14.66667],"texture":"#2","tintindex":0},"east":{"uv":[13.33333,4,14,4.66667],"texture":"#2","tintindex":0},"south":{"uv":[14,10,14.33333,10.66667],"texture":"#2","tintindex":0},"west":{"uv":[4.66667,13.33333,5.33333,14],"texture":"#2","tintindex":0},"up":{"uv":[14.66667,11,14,10.66667],"rotation":90,"texture":"#2","tintindex":0}}},{"from":[10.86065,-7.6141,8.89463],"to":[12.02065,-7.0341,9.92463],"rotation":{"angle":-45,"axis":"z","origin":[8,-9,8]},"faces":{"north":{"uv":[12,14,12.66667,14.33333],"texture":"#2","tintindex":0},"east":{"uv":[11.33333,14,12,14.33333],"texture":"#2","tintindex":0},"south":{"uv":[14,11.33333,14.66667,11.66667],"texture":"#2","tintindex":0},"up":{"uv":[14,5.33333,13.33333,4.66667],"rotation":90,"texture":"#2","tintindex":0},"down":{"uv":[6,13.33333,5.33333,14],"rotation":270,"texture":"#2","tintindex":0}}},{"from":[9.56776,-7.16699,9.15963],"to":[11.56776,-5.16699,9.65963],"rotation":{"angle":-45,"axis":"z","origin":[8,-9,8]},"faces":{"north":{"uv":[2.66667,8.66667,4,10],"texture":"#2","tintindex":0},"east":{"uv":[13.33333,5.33333,13.66667,6.66667],"texture":"#2","tintindex":0},"south":{"uv":[1.33333,8.66667,2.66667,10],"texture":"#2","tintindex":0},"west":{"uv":[6.66667,13.33333,7,14.66667],"texture":"#2","tintindex":0},"up":{"uv":[7.66667,14.66667,7.33333,13.33333],"rotation":90,"texture":"#2","tintindex":0},"down":{"uv":[13.66667,8,13.33333,9.33333],"rotation":270,"texture":"#2","tintindex":0}}},{"from":[9.70065,-8.1941,8.64463],"to":[10.28065,-7.0341,10.17463],"rotation":{"angle":-45,"axis":"z","origin":[8,-9,8]},"faces":{"north":{"uv":[12.66667,14,13,14.66667],"texture":"#2","tintindex":0},"east":{"uv":[12.66667,10.66667,13.66667,11.33333],"texture":"#2","tintindex":0},"south":{"uv":[14,12,14.33333,12.66667],"texture":"#2","tintindex":0},"west":{"uv":[12.66667,11.33333,13.66667,12],"texture":"#2","tintindex":0},"down":{"uv":[3.66667,14,2.66667,14.33333],"rotation":270,"texture":"#2","tintindex":0}}},{"from":[9.70065,-7.0341,8.64463],"to":[10.28065,-6.4541,10.17463],"rotation":{"angle":-45,"axis":"z","origin":[8,-9,8]},"faces":{"north":{"uv":[14.66667,6,15,6.33333],"texture":"#2","tintindex":0},"east":{"uv":[14,2.66667,15,3],"texture":"#2","tintindex":0},"south":{"uv":[6,14.66667,6.33333,15],"texture":"#2","tintindex":0},"up":{"uv":[15,3.66667,14,3.33333],"rotation":90,"texture":"#2","tintindex":0}}},{"from":[9.9659,-10.70065,8.64463],"to":[10.5459,-9.54065,10.17463],"rotation":{"angle":45,"axis":"z","origin":[8,-9,8]},"faces":{"north":{"uv":[14,13.33333,14.33333,14],"texture":"#2","tintindex":0},"east":{"uv":[12,12.66667,13,13.33333],"texture":"#2","tintindex":0},"south":{"uv":[13.33333,14,13.66667,14.66667],"texture":"#2","tintindex":0},"west":{"uv":[12.66667,12,13.66667,12.66667],"texture":"#2","tintindex":0},"up":{"uv":[5,14.33333,4,14],"rotation":90,"texture":"#2","tintindex":0}}},{"from":[7.99969,-8.73507,8.90963],"to":[9.99969,-6.73507,9.90963],"rotation":{"angle":-45,"axis":"z","origin":[8,-9,8]},"faces":{"north":{"uv":[5.33333,8.66667,6.66667,10],"texture":"#2","tintindex":0},"east":{"uv":[3.33333,12,4,13.33333],"texture":"#2","tintindex":0},"south":{"uv":[4,8.66667,5.33333,10],"texture":"#2","tintindex":0},"west":{"uv":[4,12,4.66667,13.33333],"texture":"#2","tintindex":0},"up":{"uv":[5.33333,13.33333,4.66667,12],"rotation":90,"texture":"#2","tintindex":0},"down":{"uv":[6,12,5.33333,13.33333],"rotation":270,"texture":"#2","tintindex":0}}},{"from":[11.62467,-9.13976,9.10963],"to":[15.62467,-8.13976,9.70963],"rotation":{"angle":22.5,"axis":"z","origin":[8,-9,8]},"faces":{"north":{"uv":[9.33333,6,12,6.66667],"texture":"#2","tintindex":0},"east":{"uv":[14,14,14.33333,14.66667],"texture":"#2","tintindex":0},"south":{"uv":[9.33333,5.33333,12,6],"texture":"#2","tintindex":0},"west":{"uv":[0,14.66667,0.33333,15.33333],"texture":"#2","tintindex":0},"up":{"uv":[12.33333,8,12,5.33333],"rotation":90,"texture":"#2","tintindex":0},"down":{"uv":[8.33333,12,8,14.66667],"rotation":270,"texture":"#2","tintindex":0}}},{"from":[11,-12.47665,9.40963],"to":[31,-4.47665,9.40963],"rotation":{"angle":0,"axis":"y","origin":[8,-9,8]},"faces":{"north":{"uv":[0,0,13.33333,5.33333],"texture":"#2","tintindex":0},"east":{"uv":[0,0,0,5.33333],"texture":"#2","tintindex":0},"south":{"uv":[13.33333,0,0,5.33333],"texture":"#2","tintindex":0},"west":{"uv":[0,0,0,5.33333],"texture":"#2","tintindex":0},"up":{"uv":[0,13.33333,0,0],"rotation":90,"texture":"#2","tintindex":0},"down":{"uv":[0,0,0,13.33333],"rotation":270,"texture":"#2","tintindex":0}}},{"from":[12.74866,-12.53846,9.30963],"to":[24.74866,-7.53846,9.30963],"rotation":{"angle":-22.5,"axis":"z","origin":[8,-9,8]},"faces":{"north":{"uv":[0,5.33333,8,8.66667],"texture":"#2","tintindex":0},"east":{"uv":[0,0,0,3.33333],"texture":"#2","tintindex":0},"south":{"uv":[8,5.33333,0,8.66667],"texture":"#2","tintindex":0},"west":{"uv":[0,0,0,3.33333],"texture":"#2","tintindex":0},"up":{"uv":[0,8,0,0],"rotation":90,"texture":"#2","tintindex":0},"down":{"uv":[0,0,0,8],"rotation":270,"texture":"#2","tintindex":0}}},{"from":[11.35,-5.05428,8.91925],"to":[12.85,-3.55428,10.91925],"rotation":{"angle":-22.5,"axis":"x","origin":[8,-9,8]},"faces":{"north":{"uv":[11.66667,11.33333,10.66667,12.33333],"texture":"#2","tintindex":0},"east":{"uv":[5.33333,10,4,11],"texture":"#2","tintindex":0},"south":{"uv":[1,12,0,13],"texture":"#2","tintindex":0},"west":{"uv":[6.66667,10,5.33333,11],"texture":"#2","tintindex":0},"up":{"uv":[6.66667,11,8,10],"rotation":90,"texture":"#2","tintindex":0},"down":{"uv":[10.66667,6.66667,12,7.66667],"rotation":270,"texture":"#2","tintindex":0}}},{"from":[11.55,-4.85428,7.91925],"to":[12.65,-3.75428,8.91925],"rotation":{"angle":-22.5,"axis":"x","origin":[8,-9,8]},"faces":{"north":{"uv":[10.66667,13.33333,10,14],"texture":"#2","tintindex":0},"east":{"uv":[10,13.33333,9.33333,14],"texture":"#2","tintindex":0},"west":{"uv":[11.33333,13.33333,10.66667,14],"texture":"#2","tintindex":0},"up":{"uv":[11.33333,14,12,13.33333],"rotation":90,"texture":"#2","tintindex":0},"down":{"uv":[12,13.33333,12.66667,14],"rotation":270,"texture":"#2","tintindex":0}}},{"from":[11.6,-6.60507,6.17372],"to":[12.6,-4.10507,7.17372],"rotation":{"angle":22.5,"axis":"x","origin":[8,-9,8]},"faces":{"north":{"uv":[0,11.33333,1.66667,12],"rotation":90,"texture":"#2","tintindex":0},"east":{"uv":[11,10.66667,9.33333,11.33333],"rotation":270,"texture":"#2","tintindex":0},"south":{"uv":[10.66667,10.66667,12.33333,10],"rotation":90,"texture":"#2","tintindex":0},"west":{"uv":[12.33333,9.33333,10.66667,10],"rotation":90,"texture":"#2","tintindex":0},"down":{"uv":[9.33333,13.33333,8.66667,14],"texture":"#2","tintindex":0}}},{"from":[11.8,-7.21656,5.84623],"to":[12.4,-6.21656,7.84623],"rotation":{"angle":45,"axis":"x","origin":[8,-9,8]},"faces":{"east":{"uv":[12.66667,10.66667,11.33333,11.33333],"texture":"#2","tintindex":0},"south":{"uv":[15,0,14.66667,0.66667],"texture":"#2","tintindex":0},"west":{"uv":[13.33333,8,12,8.66667],"texture":"#2","tintindex":0},"up":{"uv":[12.66667,13.66667,14,13.33333],"rotation":90,"texture":"#2","tintindex":0},"down":{"uv":[13.33333,12.66667,14.66667,13],"rotation":270,"texture":"#2","tintindex":0}}},{"from":[8.3859,-13.28065,9.25963],"to":[9.3859,-11.28065,9.55963],"rotation":{"angle":45,"axis":"z","origin":[8,-9,8]},"faces":{"north":{"uv":[6,12.66667,6.66667,14],"texture":"#2","tintindex":0},"east":{"uv":[14,1.33333,14.33333,2.66667],"texture":"#2","tintindex":0},"south":{"uv":[12.66667,5.33333,13.33333,6.66667],"texture":"#2","tintindex":0},"west":{"uv":[2,14,2.33333,15.33333],"texture":"#2","tintindex":0},"up":{"uv":[3.66667,15.33333,3.33333,14.66667],"rotation":90,"texture":"#2","tintindex":0}}},{"from":[11.27445,-11.79439,9.15963],"to":[13.77445,-10.79439,9.65963],"rotation":{"angle":0,"axis":"x","origin":[8,-9,8]},"faces":{"north":{"uv":[4,11.33333,5.66667,12],"texture":"#2","tintindex":0},"south":{"uv":[2,11.33333,3.66667,12],"texture":"#2","tintindex":0},"west":{"uv":[2.66667,14.66667,3,15.33333],"texture":"#2","tintindex":0},"up":{"uv":[1,15,0.66667,13.33333],"rotation":90,"texture":"#2","tintindex":0},"down":{"uv":[1.66667,13.33333,1.33333,15],"rotation":270,"texture":"#2","tintindex":0}}},{"from":[11.20493,-14.7808,8.90963],"to":[12.70493,-12.7808,9.90963],"rotation":{"angle":22.5,"axis":"z","origin":[8,-9,8]},"faces":{"north":{"uv":[10.66667,8,11.66667,9.33333],"texture":"#2","tintindex":0},"east":{"uv":[8.66667,12,9.33333,13.33333],"texture":"#2","tintindex":0},"south":{"uv":[8,10.66667,9,12],"texture":"#2","tintindex":0},"west":{"uv":[12,11.33333,12.66667,12.66667],"texture":"#2","tintindex":0},"up":{"uv":[0.66667,14.33333,0,13.33333],"rotation":90,"texture":"#2","tintindex":0},"down":{"uv":[14,0,13.33333,1],"rotation":270,"texture":"#2","tintindex":0}}},{"from":[11.40493,-15.7808,9.10963],"to":[12.50493,-14.7808,9.70963],"rotation":{"angle":22.5,"axis":"z","origin":[8,-9,8]},"faces":{"north":{"uv":[14,0.66667,14.66667,1.33333],"texture":"#2","tintindex":0},"east":{"uv":[14.66667,0.66667,15,1.33333],"texture":"#2","tintindex":0},"south":{"uv":[14,0,14.66667,0.66667],"texture":"#2","tintindex":0},"west":{"uv":[14.66667,1.33333,15,2],"texture":"#2","tintindex":0},"down":{"uv":[15,2,14.66667,2.66667],"rotation":270,"texture":"#2","tintindex":0}}},{"from":[5.13935,-7.6141,8.89463],"to":[5.71935,-6.4541,9.92463],"rotation":{"angle":45,"axis":"z","origin":[8,-9,8]},"faces":{"north":{"uv":[14.33333,4.66667,14,5.33333],"texture":"#2","tintindex":0},"east":{"uv":[4,13.33333,3.33333,14],"texture":"#2","tintindex":0},"south":{"uv":[14.33333,4,14,4.66667],"texture":"#2","tintindex":0},"west":{"uv":[14,2.66667,13.33333,3.33333],"texture":"#2","tintindex":0},"down":{"uv":[6,14.33333,5.33333,14],"rotation":270,"texture":"#2","tintindex":0}}},{"from":[5.13935,-6.4541,8.89463],"to":[5.71935,-5.8741,9.92463],"rotation":{"angle":45,"axis":"z","origin":[8,-9,8]},"faces":{"north":{"uv":[15,4,14.66667,4.33333],"texture":"#2","tintindex":0},"south":{"uv":[4.33333,14.66667,4,15],"texture":"#2","tintindex":0},"west":{"uv":[14.66667,5.33333,14,5.66667],"texture":"#2","tintindex":0},"up":{"uv":[6.66667,14,6,14.33333],"rotation":90,"texture":"#2","tintindex":0}}},{"from":[5.71935,-5.2941,8.89463],"to":[6.29935,-4.7141,9.92463],"rotation":{"angle":45,"axis":"z","origin":[8,-9,8]},"faces":{"north":{"uv":[15,4.66667,14.66667,5],"texture":"#2","tintindex":0},"south":{"uv":[5,14.66667,4.66667,15],"texture":"#2","tintindex":0},"west":{"uv":[14.66667,6,14,6.33333],"texture":"#2","tintindex":0},"up":{"uv":[14.66667,6.66667,14,7],"rotation":90,"texture":"#2","tintindex":0},"down":{"uv":[14.66667,7.66667,14,7.33333],"rotation":270,"texture":"#2","tintindex":0}}},{"from":[3.97935,-7.0341,8.89463],"to":[4.55935,-6.4541,9.92463],"rotation":{"angle":45,"axis":"z","origin":[8,-9,8]},"faces":{"north":{"uv":[15,5.33333,14.66667,5.66667],"texture":"#2","tintindex":0},"east":{"uv":[9.33333,14,8.66667,14.33333],"texture":"#2","tintindex":0},"south":{"uv":[5.66667,14.66667,5.33333,15],"texture":"#2","tintindex":0},"west":{"uv":[14.66667,8,14,8.33333],"texture":"#2","tintindex":0},"up":{"uv":[14.66667,8.66667,14,9],"rotation":90,"texture":"#2","tintindex":0}}},{"from":[5.71935,-6.4541,8.89463],"to":[6.87935,-5.8741,9.92463],"rotation":{"angle":45,"axis":"z","origin":[8,-9,8]},"faces":{"north":{"uv":[10.66667,14,10,14.33333],"texture":"#2","tintindex":0},"east":{"uv":[14.66667,9.33333,14,9.66667],"texture":"#2","tintindex":0},"south":{"uv":[10,14,9.33333,14.33333],"texture":"#2","tintindex":0},"up":{"uv":[14,3.33333,13.33333,4],"rotation":90,"texture":"#2","tintindex":0},"down":{"uv":[4.66667,14,4,13.33333],"rotation":270,"texture":"#2","tintindex":0}}},{"from":[6.29935,-5.8741,8.89463],"to":[6.87935,-4.7141,9.92463],"rotation":{"angle":45,"axis":"z","origin":[8,-9,8]},"faces":{"north":{"uv":[11,14,10.66667,14.66667],"texture":"#2","tintindex":0},"east":{"uv":[5.33333,13.33333,4.66667,14],"texture":"#2","tintindex":0},"south":{"uv":[14.33333,10,14,10.66667],"texture":"#2","tintindex":0},"west":{"uv":[14,4,13.33333,4.66667],"texture":"#2","tintindex":0},"up":{"uv":[14.66667,10.66667,14,11],"rotation":90,"texture":"#2","tintindex":0}}},{"from":[3.97935,-7.6141,8.89463],"to":[5.13935,-7.0341,9.92463],"rotation":{"angle":45,"axis":"z","origin":[8,-9,8]},"faces":{"north":{"uv":[12.66667,14,12,14.33333],"texture":"#2","tintindex":0},"south":{"uv":[14.66667,11.33333,14,11.66667],"texture":"#2","tintindex":0},"west":{"uv":[12,14,11.33333,14.33333],"texture":"#2","tintindex":0},"up":{"uv":[14,4.66667,13.33333,5.33333],"rotation":90,"texture":"#2","tintindex":0},"down":{"uv":[6,14,5.33333,13.33333],"rotation":270,"texture":"#2","tintindex":0}}},{"from":[4.43224,-7.16699,9.15963],"to":[6.43224,-5.16699,9.65963],"rotation":{"angle":45,"axis":"z","origin":[8,-9,8]},"faces":{"north":{"uv":[4,8.66667,2.66667,10],"texture":"#2","tintindex":0},"east":{"uv":[7,13.33333,6.66667,14.66667],"texture":"#2","tintindex":0},"south":{"uv":[2.66667,8.66667,1.33333,10],"texture":"#2","tintindex":0},"west":{"uv":[13.66667,5.33333,13.33333,6.66667],"texture":"#2","tintindex":0},"up":{"uv":[7.66667,13.33333,7.33333,14.66667],"rotation":90,"texture":"#2","tintindex":0},"down":{"uv":[13.66667,9.33333,13.33333,8],"rotation":270,"texture":"#2","tintindex":0}}},{"from":[5.71935,-8.1941,8.64463],"to":[6.29935,-7.0341,10.17463],"rotation":{"angle":45,"axis":"z","origin":[8,-9,8]},"faces":{"north":{"uv":[13,14,12.66667,14.66667],"texture":"#2","tintindex":0},"east":{"uv":[13.66667,11.33333,12.66667,12],"texture":"#2","tintindex":0},"south":{"uv":[14.33333,12,14,12.66667],"texture":"#2","tintindex":0},"west":{"uv":[13.66667,10.66667,12.66667,11.33333],"texture":"#2","tintindex":0},"down":{"uv":[3.66667,14.33333,2.66667,14],"rotation":270,"texture":"#2","tintindex":0}}},{"from":[5.71935,-7.0341,8.64463],"to":[6.29935,-6.4541,10.17463],"rotation":{"angle":45,"axis":"z","origin":[8,-9,8]},"faces":{"north":{"uv":[15,6,14.66667,6.33333],"texture":"#2","tintindex":0},"south":{"uv":[6.33333,14.66667,6,15],"texture":"#2","tintindex":0},"west":{"uv":[15,2.66667,14,3],"texture":"#2","tintindex":0},"up":{"uv":[15,3.33333,14,3.66667],"rotation":90,"texture":"#2","tintindex":0}}},{"from":[5.4541,-10.70065,8.64463],"to":[6.0341,-9.54065,10.17463],"rotation":{"angle":-45,"axis":"z","origin":[8,-9,8]},"faces":{"north":{"uv":[14.33333,13.33333,14,14],"texture":"#2","tintindex":0},"east":{"uv":[13.66667,12,12.66667,12.66667],"texture":"#2","tintindex":0},"south":{"uv":[13.66667,14,13.33333,14.66667],"texture":"#2","tintindex":0},"west":{"uv":[13,12.66667,12,13.33333],"texture":"#2","tintindex":0},"up":{"uv":[5,14,4,14.33333],"rotation":90,"texture":"#2","tintindex":0}}},{"from":[6.00031,-8.73507,8.90963],"to":[8.00031,-6.73507,9.90963],"rotation":{"angle":45,"axis":"z","origin":[8,-9,8]},"faces":{"north":{"uv":[6.66667,8.66667,5.33333,10],"texture":"#2","tintindex":0},"east":{"uv":[4.66667,12,4,13.33333],"texture":"#2","tintindex":0},"south":{"uv":[5.33333,8.66667,4,10],"texture":"#2","tintindex":0},"west":{"uv":[4,12,3.33333,13.33333],"texture":"#2","tintindex":0},"up":{"uv":[5.33333,12,4.66667,13.33333],"rotation":90,"texture":"#2","tintindex":0},"down":{"uv":[6,13.33333,5.33333,12],"rotation":270,"texture":"#2","tintindex":0}}},{"from":[0.37533,-9.13976,9.10963],"to":[4.37533,-8.13976,9.70963],"rotation":{"angle":-22.5,"axis":"z","origin":[8,-9,8]},"faces":{"north":{"uv":[12,6,9.33333,6.66667],"texture":"#2","tintindex":0},"east":{"uv":[0.33333,14.66667,0,15.33333],"texture":"#2","tintindex":0},"south":{"uv":[12,5.33333,9.33333,6],"texture":"#2","tintindex":0},"west":{"uv":[14.33333,14,14,14.66667],"texture":"#2","tintindex":0},"up":{"uv":[12.33333,5.33333,12,8],"rotation":90,"texture":"#2","tintindex":0},"down":{"uv":[8.33333,14.66667,8,12],"rotation":270,"texture":"#2","tintindex":0}}},{"from":[-15,-12.47665,9.40963],"to":[5,-4.47665,9.40963],"rotation":{"angle":0,"axis":"y","origin":[8,-9,8]},"faces":{"north":{"uv":[13.33333,0,0,5.33333],"texture":"#2","tintindex":0},"east":{"uv":[0,0,0,5.33333],"texture":"#2","tintindex":0},"south":{"uv":[0,0,13.33333,5.33333],"texture":"#2","tintindex":0},"west":{"uv":[0,0,0,5.33333],"texture":"#2","tintindex":0},"up":{"uv":[0,0,0,13.33333],"rotation":90,"texture":"#2","tintindex":0},"down":{"uv":[0,13.33333,0,0],"rotation":270,"texture":"#2","tintindex":0}}},{"from":[3.15,-5.05428,8.91925],"to":[4.65,-3.55428,10.91925],"rotation":{"angle":-22.5,"axis":"x","origin":[8,-9,8]},"faces":{"north":{"uv":[10.66667,11.33333,11.66667,12.33333],"texture":"#2","tintindex":0},"east":{"uv":[5.33333,10,6.66667,11],"texture":"#2","tintindex":0},"south":{"uv":[0,12,1,13],"texture":"#2","tintindex":0},"west":{"uv":[4,10,5.33333,11],"texture":"#2","tintindex":0},"up":{"uv":[6.66667,10,8,11],"rotation":90,"texture":"#2","tintindex":0},"down":{"uv":[10.66667,7.66667,12,6.66667],"rotation":270,"texture":"#2","tintindex":0}}},{"from":[3.4,-6.60507,6.17372],"to":[4.4,-4.10507,7.17372],"rotation":{"angle":22.5,"axis":"x","origin":[8,-9,8]},"faces":{"north":{"uv":[0,12,1.66667,11.33333],"rotation":90,"texture":"#2","tintindex":0},"east":{"uv":[12.33333,10,10.66667,9.33333],"rotation":90,"texture":"#2","tintindex":0},"south":{"uv":[10.66667,10,12.33333,10.66667],"rotation":90,"texture":"#2","tintindex":0},"west":{"uv":[11,11.33333,9.33333,10.66667],"rotation":270,"texture":"#2","tintindex":0},"down":{"uv":[8.66667,13.33333,9.33333,14],"texture":"#2","tintindex":0}}},{"from":[3.35,-4.85428,7.91925],"to":[4.45,-3.75428,8.91925],"rotation":{"angle":-22.5,"axis":"x","origin":[8,-9,8]},"faces":{"north":{"uv":[10,13.33333,10.66667,14],"texture":"#2","tintindex":0},"east":{"uv":[10.66667,13.33333,11.33333,14],"texture":"#2","tintindex":0},"west":{"uv":[9.33333,13.33333,10,14],"texture":"#2","tintindex":0},"up":{"uv":[11.33333,13.33333,12,14],"rotation":90,"texture":"#2","tintindex":0},"down":{"uv":[12,14,12.66667,13.33333],"rotation":270,"texture":"#2","tintindex":0}}},{"from":[3.6,-7.21656,5.84623],"to":[4.2,-6.21656,7.84623],"rotation":{"angle":45,"axis":"x","origin":[8,-9,8]},"faces":{"east":{"uv":[12,8,13.33333,8.66667],"texture":"#2","tintindex":0},"south":{"uv":[14.66667,0,15,0.66667],"texture":"#2","tintindex":0},"west":{"uv":[11.33333,10.66667,12.66667,11.33333],"texture":"#2","tintindex":0},"up":{"uv":[12.66667,13.33333,14,13.66667],"rotation":90,"texture":"#2","tintindex":0},"down":{"uv":[13.33333,13,14.66667,12.66667],"rotation":270,"texture":"#2","tintindex":0}}},{"from":[3.49507,-15.7808,9.10963],"to":[4.59507,-14.7808,9.70963],"rotation":{"angle":-22.5,"axis":"z","origin":[8,-9,8]},"faces":{"north":{"uv":[14.66667,0.66667,14,1.33333],"texture":"#2","tintindex":0},"east":{"uv":[15,1.33333,14.66667,2],"texture":"#2","tintindex":0},"south":{"uv":[14.66667,0,14,0.66667],"texture":"#2","tintindex":0},"west":{"uv":[15,0.66667,14.66667,1.33333],"texture":"#2","tintindex":0},"down":{"uv":[15,2.66667,14.66667,2],"rotation":270,"texture":"#2","tintindex":0}}},{"from":[3.29507,-14.7808,8.90963],"to":[4.79507,-12.7808,9.90963],"rotation":{"angle":-22.5,"axis":"z","origin":[8,-9,8]},"faces":{"north":{"uv":[11.66667,8,10.66667,9.33333],"texture":"#2","tintindex":0},"east":{"uv":[12.66667,11.33333,12,12.66667],"texture":"#2","tintindex":0},"south":{"uv":[9,10.66667,8,12],"texture":"#2","tintindex":0},"west":{"uv":[9.33333,12,8.66667,13.33333],"texture":"#2","tintindex":0},"up":{"uv":[0.66667,13.33333,0,14.33333],"rotation":90,"texture":"#2","tintindex":0},"down":{"uv":[14,1,13.33333,0],"rotation":270,"texture":"#2","tintindex":0}}},{"from":[2.22555,-11.79439,9.15963],"to":[4.72555,-10.79439,9.65963],"rotation":{"angle":0,"axis":"x","origin":[8,-9,8]},"faces":{"north":{"uv":[5.66667,11.33333,4,12],"texture":"#2","tintindex":0},"east":{"uv":[3,14.66667,2.66667,15.33333],"texture":"#2","tintindex":0},"south":{"uv":[3.66667,11.33333,2,12],"texture":"#2","tintindex":0},"up":{"uv":[1,13.33333,0.66667,15],"rotation":90,"texture":"#2","tintindex":0},"down":{"uv":[1.66667,15,1.33333,13.33333],"rotation":270,"texture":"#2","tintindex":0}}},{"from":[6.6141,-13.28065,9.25963],"to":[7.6141,-11.28065,9.55963],"rotation":{"angle":-45,"axis":"z","origin":[8,-9,8]},"faces":{"north":{"uv":[6.66667,12.66667,6,14],"texture":"#2","tintindex":0},"east":{"uv":[2.33333,14,2,15.33333],"texture":"#2","tintindex":0},"south":{"uv":[13.33333,5.33333,12.66667,6.66667],"texture":"#2","tintindex":0},"west":{"uv":[14.33333,1.33333,14,2.66667],"texture":"#2","tintindex":0},"up":{"uv":[3.66667,14.66667,3.33333,15.33333],"rotation":90,"texture":"#2","tintindex":0}}},{"from":[-8.74866,-12.53846,9.30963],"to":[3.25134,-7.53846,9.30963],"rotation":{"angle":22.5,"axis":"z","origin":[8,-9,8]},"faces":{"north":{"uv":[8,5.33333,0,8.66667],"texture":"#2","tintindex":0},"east":{"uv":[0,0,0,3.33333],"texture":"#2","tintindex":0},"south":{"uv":[0,5.33333,8,8.66667],"texture":"#2","tintindex":0},"west":{"uv":[0,0,0,3.33333],"texture":"#2","tintindex":0},"up":{"uv":[0,0,0,8],"rotation":90,"texture":"#2","tintindex":0},"down":{"uv":[0,8,0,0],"rotation":270,"texture":"#2","tintindex":0}}},{"from":[9.65,-15,8.75],"to":[22.65,-11,8.75],"rotation":{"angle":-22.5,"axis":"z","origin":[16.9,-13.25,4.25]},"faces":{"north":{"uv":[0,0,3.66667,15],"rotation":270,"texture":"#1","tintindex":0}}},{"from":[-6.65,-15,8.75],"to":[6.35,-11,8.75],"rotation":{"angle":22.5,"axis":"z","origin":[-0.9,-13.25,4.25]},"faces":{"north":{"uv":[0,15,3.66667,0],"rotation":270,"texture":"#1","tintindex":0}}},{"from":[9.1,-7.8,8.8],"to":[31.1,-4.8,8.8],"rotation":{"angle":0,"axis":"z","origin":[20.1,-6.3,8.8]},"faces":{"north":{"uv":[0,0,2,14.66667],"rotation":270,"texture":"#3","tintindex":0}}},{"from":[-15.1,-7.8,8.8],"to":[6.9,-4.8,8.8],"rotation":{"angle":0,"axis":"z","origin":[-4.1,-6.3,8.8]},"faces":{"north":{"uv":[0,14.66667,2,0],"rotation":270,"texture":"#3","tintindex":0}}},{"from":[9.65,-15,10.25],"to":[22.65,-11,10.25],"rotation":{"angle":-22.5,"axis":"z","origin":[16.9,-13.25,14.75]},"faces":{"south":{"uv":[0,15,3.66667,0],"rotation":270,"texture":"#1","tintindex":0}}},{"from":[-6.65,-15,10.25],"to":[6.35,-11,10.25],"rotation":{"angle":22.5,"axis":"z","origin":[-0.9,-13.25,14.75]},"faces":{"south":{"uv":[0,0,3.66667,15],"rotation":270,"texture":"#1","tintindex":0}}},{"from":[-15.1,-7.8,10.2],"to":[6.9,-4.8,10.2],"rotation":{"angle":0,"axis":"z","origin":[-4.1,-6.3,10.2]},"faces":{"south":{"uv":[0,0,2,14.66667],"rotation":270,"texture":"#3","tintindex":0}}},{"from":[9.1,-7.8,10.2],"to":[31.1,-4.8,10.2],"rotation":{"angle":0,"axis":"z","origin":[20.1,-6.3,10.2]},"faces":{"south":{"uv":[0,14.66667,2,0],"rotation":270,"texture":"#3","tintindex":0}}}],"gui_light":"front","display":{"thirdperson_righthand":{"rotation":[39,0,0],"translation":[0,0.5,-1],"scale":[0.50781,0.50781,0.50781]},"thirdperson_lefthand":{"rotation":[67.75,0,0],"translation":[-5.5,-5,8.5],"scale":[1.57617,1.57617,1.57617]},"firstperson_righthand":{"rotation":[3.25,0,0],"translation":[-1.25,3.25,2.5],"scale":[0.4375,0.4375,0.4375]},"firstperson_lefthand":{"rotation":[-10,0,0],"translation":[-1.25,4.75,2.5],"scale":[0,0,0]},"ground":{"rotation":[-40,0,0],"translation":[0,5,0]},"gui":{"rotation":[0,180,0],"translation":[0,5.75,0],"scale":[0.38868,0.38868,0.38868]},"head":{"translation":[0,-71.25,3],"scale":[2.36133,2.36133,2.36133]},"fixed":{"translation":[0,0,-6],"scale":[3,3,3]}}}