{"textures":{"0":"modelengine:entity/hades"},"elements":[{"from":[4.2,2.0,2.2313714],"to":[10.2,9.799999,10.6313715],"faces":{"east":{"uv":[9.4375,2.0625,9.96875,2.5625],"tintindex":0,"rotation":0,"texture":"#0"},"south":{"uv":[0.375,11.0,0.75,11.5],"tintindex":0,"rotation":0,"texture":"#0"},"north":{"uv":[6.5,10.9375,6.875,11.4375],"tintindex":0,"rotation":0,"texture":"#0"},"west":{"uv":[9.4375,6.0625,9.96875,6.5625],"tintindex":0,"rotation":0,"texture":"#0"},"up":{"uv":[0.375,11.40625,0.0,10.875],"tintindex":0,"rotation":0,"texture":"#0"},"down":{"uv":[11.25,1.0,10.875,1.53125],"tintindex":0,"rotation":0,"texture":"#0"}}}],"display":{"gui":{"rotation":[30,225,0]}}}