{"textures":{"0":"modelengine:entity/vampirebonker"},"elements":[{"from":[4.37514,0.77514553,3.96447],"to":[11.62486,8.024855,12.03553],"faces":{"east":{"uv":[5.8125,2.1875,6.3125,2.625],"tintindex":0,"rotation":0,"texture":"#0"},"south":{"uv":[6.125,1.375,6.5625,1.8125],"tintindex":0,"rotation":0,"texture":"#0"},"north":{"uv":[6.0625,5.9375,6.5,6.375],"tintindex":0,"rotation":0,"texture":"#0"},"west":{"uv":[5.8125,2.625,6.3125,3.0625],"tintindex":0,"rotation":0,"texture":"#0"},"up":{"uv":[2.9375,6.3125,2.5,5.8125],"tintindex":0,"rotation":0,"texture":"#0"},"down":{"uv":[6.25,3.0625,5.8125,3.5625],"tintindex":0,"rotation":0,"texture":"#0"}}}],"display":{"gui":{"rotation":[30,225,0]}}}