{"textures":{"0":"modelengine:entity/vampirebonker"},"elements":[{"from":[5.6064997,-5.146513,-3.8770447],"to":[12.3935,2.576027,1.572875],"faces":{"east":{"uv":[6.3125,2.1875,6.65625,2.65625],"tintindex":0,"rotation":0,"texture":"#0"},"south":{"uv":[4.75,6.0,5.1875,6.46875],"tintindex":0,"rotation":0,"texture":"#0"},"north":{"uv":[2.9375,6.0,3.375,6.46875],"tintindex":0,"rotation":0,"texture":"#0"},"west":{"uv":[2.375,6.3125,2.71875,6.78125],"tintindex":0,"rotation":0,"texture":"#0"},"up":{"uv":[1.5625,6.84375,1.125,6.5],"tintindex":0,"rotation":0,"texture":"#0"},"down":{"uv":[3.1875,6.5,2.75,6.84375],"tintindex":0,"rotation":0,"texture":"#0"}},"rotation":{"origin":[9.0,0.014757156,0.4979148],"angle":-22.5,"axis":"x"}},{"from":[5.6,-3.5252628,3.5402951],"to":[12.4,12.674738,11.940295],"faces":{"east":{"uv":[0.5625,2.25,1.09375,3.25],"tintindex":0,"rotation":0,"texture":"#0"},"south":{"uv":[3.1875,3.0,3.625,4.0],"tintindex":0,"rotation":0,"texture":"#0"},"north":{"uv":[2.75,3.0,3.1875,4.0],"tintindex":0,"rotation":0,"texture":"#0"},"west":{"uv":[1.125,2.25,1.65625,3.25],"tintindex":0,"rotation":0,"texture":"#0"},"up":{"uv":[0.75,5.96875,0.3125,5.4375],"tintindex":0,"rotation":0,"texture":"#0"},"down":{"uv":[3.375,5.4375,2.9375,5.96875],"tintindex":0,"rotation":0,"texture":"#0"}},"rotation":{"origin":[9.5,6.224737,6.7402954],"angle":45.0,"axis":"x"}},{"from":[5.6064997,-4.346513,3.522955],"to":[12.3935,0.37602806,8.272875],"faces":{"east":{"uv":[1.25,7.375,1.53125,7.65625],"tintindex":0,"rotation":0,"texture":"#0"},"south":{"uv":[6.875,1.6875,7.3125,1.96875],"tintindex":0,"rotation":0,"texture":"#0"},"north":{"uv":[1.0625,6.875,1.5,7.15625],"tintindex":0,"rotation":0,"texture":"#0"},"west":{"uv":[1.5625,7.375,1.84375,7.65625],"tintindex":0,"rotation":0,"texture":"#0"},"up":{"uv":[2.875,7.15625,2.4375,6.875],"tintindex":0,"rotation":0,"texture":"#0"},"down":{"uv":[3.3125,6.875,2.875,7.15625],"tintindex":0,"rotation":0,"texture":"#0"}}}],"display":{"gui":{"rotation":[30,225,0]}}}