{"credit":"Made with Blockbench","textures":{"0":"tavern:items/sets/berserker/texture","1":"tavern:items/sets/berserker/fire_eye","particle":"tavern:items/sets/berserker/texture"},"elements":[{"from":[8,-0.855,-3.75273],"to":[8,0.855,10.32227],"rotation":{"angle":22.5,"axis":"z","origin":[8,0,6.78477]},"faces":{"north":{"uv":[4.14286,0,0,0],"rotation":270,"texture":"#0"},"east":{"uv":[5.85714,11.57143,5.14286,16],"rotation":90,"texture":"#0"},"south":{"uv":[4.14286,0,0,0],"rotation":270,"texture":"#0"},"west":{"uv":[5.14286,11.57143,5.85714,16],"rotation":270,"texture":"#0"},"up":{"uv":[0,0,0,14.42857],"texture":"#0"},"down":{"uv":[0,0,0,14.42857],"rotation":180,"texture":"#0"}}},{"from":[8,-0.855,-3.75273],"to":[8,0.855,10.32227],"rotation":{"angle":-22.5,"axis":"z","origin":[8,0,6.78477]},"faces":{"north":{"uv":[4.14286,0,0,0],"rotation":270,"texture":"#0"},"east":{"uv":[5.85714,11.57143,5.14286,16],"rotation":90,"texture":"#0"},"south":{"uv":[4.14286,0,0,0],"rotation":270,"texture":"#0"},"west":{"uv":[5.14286,11.57143,5.85714,16],"rotation":270,"texture":"#0"},"up":{"uv":[0,0,0,14.42857],"texture":"#0"},"down":{"uv":[0,0,0,14.42857],"rotation":180,"texture":"#0"}}},{"from":[8,-10.5375,8.92977],"to":[8,10.5375,10.63977],"rotation":{"angle":0,"axis":"y","origin":[8,0,6.17875]},"faces":{"north":{"uv":[0,0,0,14.42857],"texture":"#0"},"east":{"uv":[15.14286,4.85714,14.42857,8.14286],"texture":"#0"},"south":{"uv":[0,0,0,14.42857],"texture":"#0"},"west":{"uv":[14.42857,4.85714,15.14286,8.14286],"texture":"#0"},"up":{"uv":[4.14286,0,0,0],"rotation":90,"texture":"#0"},"down":{"uv":[4.14286,0,0,0],"rotation":270,"texture":"#0"}}},{"from":[7.6325,-1.1025,3.7725],"to":[8.3675,1.1025,4.5075],"rotation":{"angle":0,"axis":"y","origin":[8,0,6.17875]},"faces":{"north":{"uv":[12.57143,7.42857,13,8.71429],"texture":"#0"},"east":{"uv":[12.57143,2.28571,13,3.57143],"texture":"#0"},"south":{"uv":[12.57143,4,13,5.28571],"texture":"#0"},"west":{"uv":[12.57143,5.71429,13,7],"texture":"#0"},"up":{"uv":[14.14286,3.85714,13.71429,3.42857],"rotation":90,"texture":"#0"},"down":{"uv":[14.14286,4,13.71429,4.42857],"rotation":270,"texture":"#0"}}},{"from":[7.5,5.2641,0.69881],"to":[8.5,10.2641,1.69881],"rotation":{"angle":45,"axis":"x","origin":[8,0,6.17875]},"faces":{"north":{"uv":[15.85714,7.57143,15.28571,9.85714],"texture":"#0"},"east":{"uv":[15.28571,5.14286,15.85714,7.42857],"texture":"#0"},"south":{"uv":[15.14286,9.28571,14.57143,11.57143],"texture":"#0"},"west":{"uv":[15.85714,5.14286,15.28571,7.42857],"texture":"#0"},"up":{"uv":[4.42857,12.28571,5,11.71429],"texture":"#0"},"down":{"uv":[4.42857,11.71429,5,12.28571],"texture":"#0"}}},{"from":[7.375,2.01498,2.97348],"to":[8.625,7.01498,4.22348],"rotation":{"angle":22.5,"axis":"x","origin":[8,0,6.17875]},"faces":{"north":{"uv":[15.85714,7.57143,15.28571,9.85714],"texture":"#0"},"east":{"uv":[15.28571,5.14286,15.85714,7.42857],"texture":"#0"},"south":{"uv":[15.14286,9.28571,14.57143,11.57143],"texture":"#0"},"west":{"uv":[15.85714,5.14286,15.28571,7.42857],"texture":"#0"},"up":{"uv":[4.42857,12.28571,5,11.71429],"texture":"#0"},"down":{"uv":[0,0.67857,0.67857,0],"texture":"#0"}}},{"from":[7.51,1.86188,1.54833],"to":[8.49,3.33188,3.01833],"rotation":{"angle":22.5,"axis":"x","origin":[8,0,6.17875]},"faces":{"north":{"uv":[9.14286,12.57143,9.71429,13.42857],"texture":"#0"},"east":{"uv":[9.14286,4.57143,10,5.42857],"texture":"#0"},"south":{"uv":[12,10.28571,12.57143,11.14286],"texture":"#0"},"west":{"uv":[9.14286,5.71429,10,6.57143],"texture":"#0"},"up":{"uv":[10.57143,13.14286,9.71429,12.57143],"rotation":90,"texture":"#0"},"down":{"uv":[13.42857,10.28571,12.57143,10.85714],"rotation":270,"texture":"#0"}}},{"from":[7.31,2.21878,5.86785],"to":[8.69,3.68878,7.33785],"rotation":{"angle":-45,"axis":"x","origin":[8,0,6.17875]},"faces":{"north":{"uv":[10,8,9.14286,8.85714],"texture":"#0"},"east":{"uv":[10,6.85714,9.14286,7.71429],"texture":"#0"},"south":{"uv":[11.14286,4.57143,10.28571,5.42857],"texture":"#0"},"west":{"uv":[10,9.14286,9.14286,10],"texture":"#0"},"up":{"uv":[10.28571,6.57143,11.14286,5.71429],"rotation":90,"texture":"#0"},"down":{"uv":[10.28571,6.85714,11.14286,7.71429],"rotation":270,"texture":"#0"}}},{"from":[7.5835,2.3355,3.52912],"to":[8.4165,4.2955,4.50912],"rotation":{"angle":0,"axis":"y","origin":[8,0,6.17875]},"faces":{"north":{"uv":[12.57143,10.85714,13,12],"texture":"#0"},"east":{"uv":[11.42857,0,12,1.14286],"texture":"#0"},"south":{"uv":[10.85714,12.57143,11.28571,13.71429],"texture":"#0"},"west":{"uv":[11.42857,1.14286,12,2.28571],"texture":"#0"},"up":{"uv":[14.28571,0.42857,13.71429,0],"rotation":90,"texture":"#0"},"down":{"uv":[14.28571,0.57143,13.71429,1],"rotation":270,"texture":"#0"}}},{"from":[7.559,-0.027,1.18047],"to":[8.441,0.953,3.14047],"rotation":{"angle":45,"axis":"x","origin":[8,0,6.17875]},"faces":{"north":{"uv":[13.14286,2.85714,13.71429,3.42857],"texture":"#0"},"east":{"uv":[11.42857,2.28571,12.57143,2.85714],"texture":"#0"},"south":{"uv":[13.14286,2.28571,13.71429,2.85714],"texture":"#0"},"west":{"uv":[11.42857,2.85714,12.57143,3.42857],"texture":"#0"},"up":{"uv":[12.57143,4,11.42857,3.42857],"rotation":90,"texture":"#0"},"down":{"uv":[12.57143,4,11.42857,4.57143],"rotation":270,"texture":"#0"}}},{"from":[7.4835,0.62954,1.53832],"to":[8.5165,1.60954,3.49832],"rotation":{"angle":22.5,"axis":"x","origin":[8,0,6.17875]},"faces":{"north":{"uv":[13.14286,4,13.71429,4.57143],"texture":"#0"},"east":{"uv":[11.42857,4.57143,12.57143,5.14286],"texture":"#0"},"south":{"uv":[13.14286,3.42857,13.71429,4],"texture":"#0"},"west":{"uv":[11.42857,5.14286,12.57143,5.71429],"texture":"#0"},"up":{"uv":[12.57143,6.28571,11.42857,5.71429],"rotation":90,"texture":"#0"},"down":{"uv":[12.57143,6.28571,11.42857,6.85714],"rotation":270,"texture":"#0"}}},{"from":[7.459,2.53562,3.2553],"to":[8.541,3.51562,5.2153],"rotation":{"angle":-22.5,"axis":"x","origin":[8,0,6.17875]},"faces":{"north":{"uv":[13.14286,5.14286,13.71429,5.71429],"texture":"#0"},"east":{"uv":[11.42857,6.85714,12.57143,7.42857],"texture":"#0"},"south":{"uv":[13.14286,4.57143,13.71429,5.14286],"texture":"#0"},"west":{"uv":[11.42857,7.42857,12.57143,8],"texture":"#0"},"up":{"uv":[12.57143,8.57143,11.42857,8],"rotation":90,"texture":"#0"},"down":{"uv":[12.57143,8.57143,11.42857,9.14286],"rotation":270,"texture":"#0"}}},{"from":[7.41,3.43543,4.4459],"to":[8.59,4.90543,5.9159],"rotation":{"angle":-45,"axis":"x","origin":[8,0,6.17875]},"faces":{"north":{"uv":[12,0,12.71429,0.85714],"texture":"#0"},"east":{"uv":[10.28571,8,11.14286,8.85714],"texture":"#0"},"south":{"uv":[11.42857,11.42857,12.14286,12.28571],"texture":"#0"},"west":{"uv":[9.14286,10.28571,10,11.14286],"texture":"#0"},"up":{"uv":[12.85714,1.85714,12,1.14286],"rotation":90,"texture":"#0"},"down":{"uv":[12.85714,9.14286,12,9.85714],"rotation":270,"texture":"#0"}}},{"from":[7.51,1.06,3.65],"to":[8.49,2.04,4.63],"rotation":{"angle":0,"axis":"y","origin":[8,0,6.17875]},"faces":{"north":{"uv":[13.14286,7.42857,13.71429,8],"texture":"#0"},"east":{"uv":[13.14286,5.71429,13.71429,6.28571],"texture":"#0"},"south":{"uv":[13.14286,6.28571,13.71429,6.85714],"texture":"#0"},"west":{"uv":[13.14286,6.85714,13.71429,7.42857],"texture":"#0"},"up":{"uv":[13.71429,8.57143,13.14286,8],"rotation":90,"texture":"#0"},"down":{"uv":[13.71429,8.57143,13.14286,9.14286],"rotation":270,"texture":"#0"}}},{"from":[7.51,0.325,3.65],"to":[8.49,0.815,4.63],"rotation":{"angle":0,"axis":"y","origin":[8,0,6.17875]},"faces":{"north":{"uv":[13.71429,6.28571,14.28571,6.57143],"texture":"#0"},"east":{"uv":[13.71429,4.57143,14.28571,4.85714],"texture":"#0"},"south":{"uv":[13.71429,5.14286,14.28571,5.42857],"texture":"#0"},"west":{"uv":[13.71429,5.71429,14.28571,6],"texture":"#0"},"up":{"uv":[13.71429,12.57143,13.14286,12],"rotation":90,"texture":"#0"},"down":{"uv":[13.14286,13.14286,12.57143,13.71429],"rotation":270,"texture":"#0"}}},{"from":[7.5835,4.62208,6.72966],"to":[8.4165,6.58208,7.70966],"rotation":{"angle":-22.5,"axis":"x","origin":[8,0,6.17875]},"faces":{"north":{"uv":[11.42857,12.57143,11.85714,13.71429],"rotation":180,"texture":"#0"},"east":{"uv":[9.14286,11.42857,9.71429,12.57143],"rotation":180,"texture":"#0"},"south":{"uv":[12,12.57143,12.42857,13.71429],"rotation":180,"texture":"#0"},"west":{"uv":[11.42857,9.14286,12,10.28571],"rotation":180,"texture":"#0"},"up":{"uv":[14.28571,2.85714,13.71429,3.28571],"rotation":270,"texture":"#0"},"down":{"uv":[14.28571,2.71429,13.71429,2.28571],"rotation":90,"texture":"#0"}}},{"from":[7.461,3.0019,0.30624],"to":[8.539,4.4719,1.77624],"rotation":{"angle":45,"axis":"x","origin":[8,0,6.17875]},"faces":{"north":{"uv":[13.14286,2.28571,14,1.71429],"rotation":270,"texture":"#0"},"east":{"uv":[11.14286,10,10.28571,9.14286],"rotation":90,"texture":"#0"},"south":{"uv":[13.14286,1.14286,14,1.71429],"rotation":270,"texture":"#0"},"west":{"uv":[11.14286,11.14286,10.28571,10.28571],"rotation":270,"texture":"#0"},"up":{"uv":[13.71429,0.85714,13.14286,0],"texture":"#0"},"down":{"uv":[13.14286,12.85714,12.57143,12],"rotation":180,"texture":"#0"}}},{"from":[8,4.91493,5.97623],"to":[8,8.23993,9.68623],"rotation":{"angle":-22.5,"axis":"x","origin":[8,0,6.17875]},"faces":{"north":{"uv":[0,0,0,1.85714],"rotation":180,"texture":"#0"},"east":{"uv":[11.28571,2.28571,9.14286,4.14285],"rotation":180,"texture":"#0"},"south":{"uv":[0,0,0,1.85714],"rotation":180,"texture":"#0"},"west":{"uv":[9.14286,2.28571,11.28571,4.14286],"rotation":180,"texture":"#0"},"up":{"uv":[2.14286,0,0,0],"rotation":270,"texture":"#0"},"down":{"uv":[2.14286,0,0,0],"rotation":90,"texture":"#0"}}},{"from":[7.95,9.88528,3.49613],"to":[8.05,13.21028,7.20613],"rotation":{"angle":22.5,"axis":"x","origin":[8,0,6.17875]},"faces":{"north":{"uv":[0,0,0,1.85714],"rotation":180,"texture":"#0"},"east":{"uv":[11.28571,2.28571,9.14286,4.14285],"rotation":180,"texture":"#0"},"south":{"uv":[0,0,0,1.85714],"rotation":180,"texture":"#0"},"west":{"uv":[9.14286,2.28571,11.28571,4.14286],"rotation":180,"texture":"#0"},"up":{"uv":[2.14286,0,0,0],"rotation":270,"texture":"#0"},"down":{"uv":[2.14286,0,0,0],"rotation":90,"texture":"#0"}}},{"from":[7.875,0.36488,-0.27261],"to":[8.125,8.11488,7.47739],"rotation":{"angle":22.5,"axis":"x","origin":[8,0,6.17875]},"faces":{"north":{"uv":[0,0,2.14286,0],"rotation":90,"texture":"#1"},"east":{"uv":[16,16,0,0],"rotation":270,"texture":"#1"},"south":{"uv":[0,0,2.14286,0],"rotation":90,"texture":"#1"},"west":{"uv":[0,16,16,0],"rotation":90,"texture":"#1"},"up":{"uv":[0,1.85714,0,0],"rotation":180,"texture":"#1"},"down":{"uv":[0,1.85714,0,0],"texture":"#1"}}},{"from":[7.5,-10.2641,0.69881],"to":[8.5,-5.2641,1.69881],"rotation":{"angle":-45,"axis":"x","origin":[8,0,6.17875]},"faces":{"north":{"uv":[15.85714,9.85714,15.28571,7.57143],"texture":"#0"},"east":{"uv":[15.28571,7.42857,15.85714,5.14286],"texture":"#0"},"south":{"uv":[15.14286,11.57143,14.57143,9.28571],"texture":"#0"},"west":{"uv":[15.85714,7.42857,15.28571,5.14286],"texture":"#0"},"up":{"uv":[4.42857,12.28571,5,11.71429],"texture":"#0"},"down":{"uv":[4.42857,11.71429,5,12.28571],"texture":"#0"}}},{"from":[7.375,-7.01498,2.97348],"to":[8.625,-2.01498,4.22348],"rotation":{"angle":-22.5,"axis":"x","origin":[8,0,6.17875]},"faces":{"north":{"uv":[15.85714,9.85714,15.28571,7.57143],"texture":"#0"},"east":{"uv":[15.28571,7.42857,15.85714,5.14286],"texture":"#0"},"south":{"uv":[15.14286,11.57143,14.57143,9.28571],"texture":"#0"},"west":{"uv":[15.85714,7.42857,15.28571,5.14286],"texture":"#0"},"up":{"uv":[0,0,0.67857,0.67857],"texture":"#0"},"down":{"uv":[4.42857,11.71429,5,12.28571],"texture":"#0"}}},{"from":[7.51,-3.33188,1.54833],"to":[8.49,-1.86188,3.01833],"rotation":{"angle":-22.5,"axis":"x","origin":[8,0,6.17875]},"faces":{"north":{"uv":[9.14286,13.42857,9.71429,12.57143],"texture":"#0"},"east":{"uv":[9.14286,5.42857,10,4.57143],"texture":"#0"},"south":{"uv":[12,11.14286,12.57143,10.28571],"texture":"#0"},"west":{"uv":[9.14286,6.57143,10,5.71429],"texture":"#0"},"up":{"uv":[12.57143,10.28571,13.42857,10.85714],"rotation":270,"texture":"#0"},"down":{"uv":[9.71429,13.14286,10.57143,12.57143],"rotation":90,"texture":"#0"}}},{"from":[7.31,-3.68878,5.86785],"to":[8.69,-2.21878,7.33785],"rotation":{"angle":45,"axis":"x","origin":[8,0,6.17875]},"faces":{"north":{"uv":[10,8.85714,9.14286,8],"texture":"#0"},"east":{"uv":[10,7.71429,9.14286,6.85714],"texture":"#0"},"south":{"uv":[11.14286,5.42857,10.28571,4.57143],"texture":"#0"},"west":{"uv":[10,10,9.14286,9.14286],"texture":"#0"},"up":{"uv":[11.14286,6.85714,10.28571,7.71429],"rotation":270,"texture":"#0"},"down":{"uv":[11.14286,6.57143,10.28571,5.71429],"rotation":90,"texture":"#0"}}},{"from":[7.5835,-4.2955,3.52912],"to":[8.4165,-2.3355,4.50912],"rotation":{"angle":0,"axis":"y","origin":[8,0,6.17875]},"faces":{"north":{"uv":[12.57143,12,13,10.85714],"texture":"#0"},"east":{"uv":[11.42857,1.14286,12,0],"texture":"#0"},"south":{"uv":[10.85714,13.71429,11.28571,12.57143],"texture":"#0"},"west":{"uv":[11.42857,2.28571,12,1.14286],"texture":"#0"},"up":{"uv":[13.71429,0.57143,14.28571,1],"rotation":270,"texture":"#0"},"down":{"uv":[13.71429,0.42857,14.28571,0],"rotation":90,"texture":"#0"}}},{"from":[7.559,-0.953,1.18047],"to":[8.441,0.027,3.14047],"rotation":{"angle":-45,"axis":"x","origin":[8,0,6.17875]},"faces":{"north":{"uv":[13.14286,3.42857,13.71429,2.85714],"texture":"#0"},"east":{"uv":[11.42857,2.85714,12.57143,2.28571],"texture":"#0"},"south":{"uv":[13.14286,2.85714,13.71429,2.28571],"texture":"#0"},"west":{"uv":[11.42857,3.42857,12.57143,2.85714],"texture":"#0"},"up":{"uv":[11.42857,4,12.57143,4.57143],"rotation":270,"texture":"#0"},"down":{"uv":[11.42857,4,12.57143,3.42857],"rotation":90,"texture":"#0"}}},{"from":[7.4835,-1.60954,1.53832],"to":[8.5165,-0.62954,3.49832],"rotation":{"angle":-22.5,"axis":"x","origin":[8,0,6.17875]},"faces":{"north":{"uv":[13.14286,4.57143,13.71429,4],"texture":"#0"},"east":{"uv":[11.42857,5.14286,12.57143,4.57143],"texture":"#0"},"south":{"uv":[13.14286,4,13.71429,3.42857],"texture":"#0"},"west":{"uv":[11.42857,5.71429,12.57143,5.14286],"texture":"#0"},"up":{"uv":[11.42857,6.28571,12.57143,6.85714],"rotation":270,"texture":"#0"},"down":{"uv":[11.42857,6.28571,12.57143,5.71429],"rotation":90,"texture":"#0"}}},{"from":[7.459,-3.51562,3.2553],"to":[8.541,-2.53562,5.2153],"rotation":{"angle":22.5,"axis":"x","origin":[8,0,6.17875]},"faces":{"north":{"uv":[13.14286,5.71429,13.71429,5.14286],"texture":"#0"},"east":{"uv":[11.42857,7.42857,12.57143,6.85714],"texture":"#0"},"south":{"uv":[13.14286,5.14286,13.71429,4.57143],"texture":"#0"},"west":{"uv":[11.42857,8,12.57143,7.42857],"texture":"#0"},"up":{"uv":[11.42857,8.57143,12.57143,9.14286],"rotation":270,"texture":"#0"},"down":{"uv":[11.42857,8.57143,12.57143,8],"rotation":90,"texture":"#0"}}},{"from":[7.41,-4.90543,4.4459],"to":[8.59,-3.43543,5.9159],"rotation":{"angle":45,"axis":"x","origin":[8,0,6.17875]},"faces":{"north":{"uv":[12,0.85714,12.71429,0],"texture":"#0"},"east":{"uv":[10.28571,8.85714,11.14286,8],"texture":"#0"},"south":{"uv":[11.42857,12.28571,12.14286,11.42857],"texture":"#0"},"west":{"uv":[9.14286,11.14286,10,10.28571],"texture":"#0"},"up":{"uv":[12,9.14286,12.85714,9.85714],"rotation":270,"texture":"#0"},"down":{"uv":[12,1.85714,12.85714,1.14286],"rotation":90,"texture":"#0"}}},{"from":[7.51,-2.04,3.65],"to":[8.49,-1.06,4.63],"rotation":{"angle":0,"axis":"y","origin":[8,0,6.17875]},"faces":{"north":{"uv":[13.14286,8,13.71429,7.42857],"texture":"#0"},"east":{"uv":[13.14286,6.28571,13.71429,5.71429],"texture":"#0"},"south":{"uv":[13.14286,6.85714,13.71429,6.28571],"texture":"#0"},"west":{"uv":[13.14286,7.42857,13.71429,6.85714],"texture":"#0"},"up":{"uv":[13.14286,8.57143,13.71429,9.14286],"rotation":270,"texture":"#0"},"down":{"uv":[13.14286,8.57143,13.71429,8],"rotation":90,"texture":"#0"}}},{"from":[7.51,-0.815,3.65],"to":[8.49,-0.325,4.63],"rotation":{"angle":0,"axis":"y","origin":[8,0,6.17875]},"faces":{"north":{"uv":[13.71429,6.57143,14.28571,6.28571],"texture":"#0"},"east":{"uv":[13.71429,4.85714,14.28571,4.57143],"texture":"#0"},"south":{"uv":[13.71429,5.42857,14.28571,5.14286],"texture":"#0"},"west":{"uv":[13.71429,6,14.28571,5.71429],"texture":"#0"},"up":{"uv":[12.57143,13.14286,13.14286,13.71429],"rotation":270,"texture":"#0"},"down":{"uv":[13.14286,12.57143,13.71429,12],"rotation":90,"texture":"#0"}}},{"from":[7.5835,-6.58208,6.72966],"to":[8.4165,-4.62208,7.70966],"rotation":{"angle":22.5,"axis":"x","origin":[8,0,6.17875]},"faces":{"north":{"uv":[11.42857,13.71429,11.85714,12.57143],"rotation":180,"texture":"#0"},"east":{"uv":[9.14286,12.57143,9.71429,11.42857],"rotation":180,"texture":"#0"},"south":{"uv":[12,13.71429,12.42857,12.57143],"rotation":180,"texture":"#0"},"west":{"uv":[11.42857,10.28571,12,9.14286],"rotation":180,"texture":"#0"},"up":{"uv":[13.71429,2.71429,14.28571,2.28571],"rotation":90,"texture":"#0"},"down":{"uv":[13.71429,2.85714,14.28571,3.28571],"rotation":270,"texture":"#0"}}},{"from":[7.461,-4.4719,0.30624],"to":[8.539,-3.0019,1.77624],"rotation":{"angle":-45,"axis":"x","origin":[8,0,6.17875]},"faces":{"north":{"uv":[14,2.28571,13.14286,1.71429],"rotation":270,"texture":"#0"},"east":{"uv":[10.28571,10,11.14286,9.14286],"rotation":90,"texture":"#0"},"south":{"uv":[14,1.14286,13.14286,1.71429],"rotation":270,"texture":"#0"},"west":{"uv":[10.28571,11.14286,11.14286,10.28571],"rotation":270,"texture":"#0"},"up":{"uv":[13.14286,12,12.57143,12.85714],"rotation":180,"texture":"#0"},"down":{"uv":[13.71429,0,13.14286,0.85714],"texture":"#0"}}},{"from":[8,-8.23993,5.97623],"to":[8,-4.91493,9.68623],"rotation":{"angle":22.5,"axis":"x","origin":[8,0,6.17875]},"faces":{"north":{"uv":[0,1.85714,0,0],"rotation":180,"texture":"#0"},"east":{"uv":[11.28571,4.14285,9.14286,2.28571],"rotation":180,"texture":"#0"},"south":{"uv":[0,1.85714,0,0],"rotation":180,"texture":"#0"},"west":{"uv":[9.14286,4.14286,11.28571,2.28571],"rotation":180,"texture":"#0"},"up":{"uv":[0,0,2.14286,0],"rotation":90,"texture":"#0"},"down":{"uv":[0,0,2.14286,0],"rotation":270,"texture":"#0"}}},{"from":[7.95,-13.21028,3.49613],"to":[8.05,-9.88528,7.20613],"rotation":{"angle":-22.5,"axis":"x","origin":[8,0,6.17875]},"faces":{"north":{"uv":[0,1.85714,0,0],"rotation":180,"texture":"#0"},"east":{"uv":[11.28571,4.14285,9.14286,2.28571],"rotation":180,"texture":"#0"},"south":{"uv":[0,1.85714,0,0],"rotation":180,"texture":"#0"},"west":{"uv":[9.14286,4.14286,11.28571,2.28571],"rotation":180,"texture":"#0"},"up":{"uv":[0,0,2.14286,0],"rotation":90,"texture":"#0"},"down":{"uv":[0,0,2.14286,0],"rotation":270,"texture":"#0"}}},{"from":[7.875,-8.11488,-0.27261],"to":[8.125,-0.36488,7.47739],"rotation":{"angle":-22.5,"axis":"x","origin":[8,0,6.17875]},"faces":{"north":{"uv":[2.14286,0,0,0],"rotation":90,"texture":"#1"},"east":{"uv":[0,16,16,0],"rotation":270,"texture":"#1"},"south":{"uv":[2.14286,0,0,0],"rotation":90,"texture":"#1"},"west":{"uv":[16,16,0,0],"rotation":90,"texture":"#1"},"up":{"uv":[0,0,0,1.85714],"texture":"#1"},"down":{"uv":[0,0,0,1.85714],"rotation":180,"texture":"#1"}}}],"gui_light":"front","display":{"thirdperson_righthand":{"translation":[0,6,4.75]},"thirdperson_lefthand":{"translation":[0,6,4.75]},"firstperson_righthand":{"rotation":[12,0,0],"translation":[17.25,23.5,-9.75],"scale":[1.4,1.4,1.4]},"firstperson_lefthand":{"rotation":[12,0,0],"translation":[17.25,23.5,-9.75],"scale":[1.4,1.4,1.4]},"ground":{"rotation":[45,0,0],"translation":[-0.5,11,3.25],"scale":[0.7,0.7,0.7]},"gui":{"rotation":[90,45,-90],"translation":[3,4.75,0],"scale":[0.68375,0.68375,0.68375]},"head":{"translation":[0,-24.5,0],"scale":[0,0,0]},"fixed":{"rotation":[0,-90,0],"translation":[-4,20.75,-1.75],"scale":[2.7,2.7,2.7]}},"groups":[{"name":"bow","origin":[9.99,-10.75,7.05],"color":0,"boneType":"","children":[{"name":"arrow","origin":[8,8,8],"color":0,"boneType":"","children":[0,1]},{"name":"group","origin":[8,9.01875,8],"color":0,"boneType":"","children":[2,3]},{"name":"group","origin":[8,6.75307,5.57896],"color":0,"boneType":"","children":[4,5,6,7,8,9,10,11,12,13,14,15,16,17,18,19]},{"name":"group","origin":[8,6.75307,5.57896],"color":0,"boneType":"","children":[20,21,22,23,24,25,26,27,28,29,30,31,32,33,34,35]}]}]}