{"credit":"Made by PolygonMC","texture_size":[28,28],"textures":{"0":"tavern:items/sets/azure/crossbow_2","1":"tavern:items/sets/azure/animations/animations_2","particle":"tavern:items/sets/azure/crossbow_2"},"elements":[{"from":[7.25,7.5,1.99641],"to":[8.75,8.5,8.99641],"rotation":{"angle":0,"axis":"y","origin":[7.5,7.5,0.99641]},"faces":{"east":{"uv":[5.14286,2.28571,9.14286,2.85714],"texture":"#0"},"west":{"uv":[5.14286,2.85714,9.14286,3.42857],"texture":"#0"},"up":{"uv":[4.85714,6.28571,4,2.28571],"texture":"#0"},"down":{"uv":[0.85714,5.14286,0,9.14286],"texture":"#0"}}},{"from":[7.5,6.5,1.99641],"to":[8.5,7.5,8.99641],"rotation":{"angle":0,"axis":"y","origin":[7.5,7.5,0.99641]},"faces":{"east":{"uv":[5.14286,3.42857,9.14286,4],"texture":"#0"},"west":{"uv":[5.14286,4,9.14286,4.57143],"texture":"#0"},"up":{"uv":[2.85714,9.14286,2.28571,5.14286],"texture":"#0"},"down":{"uv":[5.71429,4.57143,5.14286,8.57143],"texture":"#0"}}},{"from":[7.5,7.01956,9.90492],"to":[8.5,8.01956,14.90492],"rotation":{"angle":0,"axis":"y","origin":[7.5,7.01956,6.90492]},"faces":{"east":{"uv":[6.28571,4.57143,9.14286,5.14286],"texture":"#0"},"south":{"uv":[9.71429,1.71429,10.28571,2.28571],"texture":"#0"},"west":{"uv":[6.28571,5.14286,9.14286,5.71429],"texture":"#0"},"up":{"uv":[4.57143,9.14286,4,6.28571],"texture":"#0"},"down":{"uv":[5.14286,6.28571,4.57143,9.14286],"texture":"#0"}}},{"from":[7.75,6.26956,12.90492],"to":[8.25,7.01956,14.90492],"rotation":{"angle":0,"axis":"y","origin":[7.5,7.01956,6.90492]},"faces":{"east":{"uv":[10.85714,10.28571,12,10.71429],"texture":"#0"},"west":{"uv":[6.85714,11.42857,8,11.85714],"texture":"#0"},"down":{"uv":[11.71429,12,11.42857,13.14286],"texture":"#0"}}},{"from":[7.75,6.86683,12.21298],"to":[8.25,7.61683,13.46298],"rotation":{"angle":45,"axis":"x","origin":[8,7.24183,12.46298]},"faces":{"east":{"uv":[1.71429,12.57143,2.42857,13],"texture":"#0"},"west":{"uv":[12.57143,1.71429,13.28571,2.14286],"texture":"#0"},"down":{"uv":[12.85714,9.14286,12.57143,9.85714],"texture":"#0"}}},{"from":[7.2,6.25,8.74641],"to":[8.8,8.25,10.74641],"rotation":{"angle":22.5,"axis":"x","origin":[8,8.25,9.74641]},"faces":{"north":{"uv":[8.57143,5.71429,9.42857,6.85714],"texture":"#0"},"east":{"uv":[1.14286,8,2.28571,9.14286],"texture":"#0"},"south":{"uv":[8.57143,6.85714,9.42857,8],"texture":"#0"},"west":{"uv":[7.42857,8,8.57143,9.14286],"texture":"#0"},"up":{"uv":[9.42857,9.14286,8.57143,8],"texture":"#0"},"down":{"uv":[0.85714,9.14286,0,10.28571],"texture":"#0"}}},{"from":[6.95,6.5,8.99641],"to":[9.05,8,10.49641],"rotation":{"angle":22.5,"axis":"x","origin":[8,8.25,9.74641]},"faces":{"north":{"uv":[1.14286,9.14286,2.28571,10],"texture":"#0"},"east":{"uv":[9.71429,8.57143,10.57143,9.42857],"texture":"#0"},"south":{"uv":[9.14286,2.28571,10.28571,3.14286],"texture":"#0"},"west":{"uv":[9.71429,9.71429,10.57143,10.57143],"texture":"#0"},"up":{"uv":[10.28571,4.28571,9.14286,3.42857],"texture":"#0"},"down":{"uv":[5.14286,9.14286,4,10],"texture":"#0"}}},{"from":[7.45,6.01956,14.40492],"to":[8.55,8.06956,14.90492],"rotation":{"angle":22.5,"axis":"x","origin":[8,7.01956,14.65492]},"faces":{"north":{"uv":[9.14286,4.57143,9.71429,5.71429],"texture":"#0"},"east":{"uv":[12,12,12.28571,13.14286],"texture":"#0"},"south":{"uv":[6.85714,9.71429,7.42857,10.85714],"texture":"#0"},"west":{"uv":[0,12.57143,0.28571,13.71429],"texture":"#0"},"up":{"uv":[8,13.42857,7.42857,13.14286],"texture":"#0"},"down":{"uv":[8.57143,13.14286,8,13.42857],"texture":"#0"}}},{"from":[7.5,8.5,2.24641],"to":[8.5,8.75,8.74641],"rotation":{"angle":0,"axis":"y","origin":[7.5,8.5,1.99641]},"faces":{"north":{"uv":[13.14286,11.42857,13.71429,11.57143],"texture":"#0"},"east":{"uv":[10.85714,7.42857,14.57143,7.57143],"texture":"#0"},"south":{"uv":[12,13.14286,12.57143,13.28571],"texture":"#0"},"west":{"uv":[8,10.85714,11.71429,11],"texture":"#0"},"up":{"uv":[6.28571,8.28571,5.71429,4.57143],"texture":"#0"}}},{"from":[7.525,4,8.99641],"to":[8.475,7,9.99641],"rotation":{"angle":-22.5,"axis":"x","origin":[7.5,5,8.99641]},"faces":{"north":{"uv":[2.28571,9.14286,2.85714,10.85714],"texture":"#0"},"east":{"uv":[7.42857,9.14286,8,10.85714],"texture":"#0"},"south":{"uv":[8,9.14286,8.57143,10.85714],"texture":"#0"},"west":{"uv":[8.57143,9.14286,9.14286,10.85714],"texture":"#0"}}},{"from":[7.5,4.1,9.24641],"to":[8.5,4.6,10.49641],"rotation":{"angle":-45,"axis":"x","origin":[8,4.35,9.99641]},"faces":{"north":{"uv":[8.57143,13.14286,9.14286,13.42857],"texture":"#0"},"east":{"uv":[9.71429,12.57143,10.42857,12.85714],"texture":"#0"},"south":{"uv":[9.14286,13.14286,9.71429,13.42857],"texture":"#0"},"west":{"uv":[12.57143,10.28571,13.28571,10.57143],"texture":"#0"},"up":{"uv":[12.57143,7,12,6.28571],"texture":"#0"},"down":{"uv":[7.42857,12,6.85714,12.71429],"texture":"#0"}}},{"from":[7.75,5.44344,8.95521],"to":[8.25,6.69344,9.45521],"rotation":{"angle":-22.5,"axis":"x","origin":[7.75,3.69344,8.45521]},"faces":{"north":{"uv":[10.85714,12.57143,11.14286,13.28571],"texture":"#0"},"east":{"uv":[12.57143,11.42857,12.85714,12.14286],"texture":"#0"},"west":{"uv":[12.57143,12.57143,12.85714,13.28571],"texture":"#0"},"down":{"uv":[13.42857,12,13.14286,12.28571],"texture":"#0"}}},{"from":[7.15,6,1.99641],"to":[8.85,8.5,2.99641],"rotation":{"angle":-22.5,"axis":"x","origin":[7.25,6,1.99641]},"faces":{"north":{"uv":[6.28571,5.71429,7.28571,7.14286],"texture":"#0"},"east":{"uv":[9.14286,9.14286,9.71429,10.57143],"texture":"#0"},"south":{"uv":[2.85714,6.85714,3.85714,8.28571],"texture":"#0"},"west":{"uv":[9.71429,0,10.28571,1.42857],"texture":"#0"},"up":{"uv":[11.85714,5.14286,10.85714,4.57143],"texture":"#0"},"down":{"uv":[7.85714,10.85714,6.85714,11.42857],"texture":"#0"}}},{"from":[6.15,7.34619,1.08],"to":[7.15,9.84619,2.28],"rotation":{"angle":-22.5,"axis":"x","origin":[5.15,8.09619,1.98]},"faces":{"north":{"uv":[9.71429,4.57143,10.28571,6],"texture":"#0"},"east":{"uv":[2.85714,8.57143,3.57143,10],"texture":"#0"},"south":{"uv":[6.28571,9.71429,6.85714,11.14286],"texture":"#0"},"west":{"uv":[5.14286,8.57143,5.85714,10],"texture":"#0"},"up":{"uv":[8,12.71429,7.42857,12],"texture":"#0"},"down":{"uv":[8.57143,12,8,12.71429],"texture":"#0"}}},{"from":[4.9,8.30887,1.08552],"to":[6.15,9.55887,1.58552],"rotation":{"angle":0,"axis":"y","origin":[-0.1,-0.94113,1.43552]},"faces":{"north":{"uv":[10.85714,8,11.57143,8.71429],"texture":"#0"},"south":{"uv":[10.85714,9.14286,11.57143,9.85714],"texture":"#0"},"up":{"uv":[1.28571,13.42857,0.57143,13.14286],"texture":"#0"},"down":{"uv":[13.85714,0.57143,13.14286,0.85714],"texture":"#0"}}},{"from":[3.82179,8.30887,1.44917],"to":[5.07179,9.55887,1.94917],"rotation":{"angle":22.5,"axis":"y","origin":[4.07179,8.93387,1.69917]},"faces":{"north":{"uv":[0,11.42857,0.71429,12.14286],"texture":"#0"},"south":{"uv":[11.42857,0,12.14286,0.71429],"texture":"#0"},"up":{"uv":[13.85714,1.42857,13.14286,1.14286],"texture":"#0"},"down":{"uv":[2.42857,13.14286,1.71429,13.42857],"texture":"#0"}}},{"from":[2.96482,8.30887,2.19775],"to":[4.21482,9.55887,2.69775],"rotation":{"angle":45,"axis":"y","origin":[3.21482,8.93387,2.44775]},"faces":{"north":{"uv":[1.14286,11.42857,1.85714,12.14286],"texture":"#0"},"south":{"uv":[11.42857,1.14286,12.14286,1.85714],"texture":"#0"},"up":{"uv":[13.85714,2.57143,13.14286,2.28571],"texture":"#0"},"down":{"uv":[13.85714,2.85714,13.14286,3.14286],"texture":"#0"}}},{"from":[1.92624,8.30887,2.60735],"to":[3.17624,9.55887,3.10735],"rotation":{"angle":22.5,"axis":"y","origin":[2.42624,8.93387,2.85735]},"faces":{"north":{"uv":[2.28571,11.42857,3,12.14286],"texture":"#0"},"south":{"uv":[11.42857,2.28571,12.14286,3],"texture":"#0"},"west":{"uv":[3.42857,13.14286,3.71429,13.85714],"texture":"#0"},"up":{"uv":[13.85714,3.71429,13.14286,3.42857],"texture":"#0"},"down":{"uv":[13.85714,4.57143,13.14286,4.85714],"texture":"#0"}}},{"from":[7.6,6,3.74641],"to":[8.4,6.5,6.24641],"rotation":{"angle":0,"axis":"y","origin":[7.5,5.5,1.99641]},"faces":{"north":{"uv":[13.14286,10.85714,13.57143,11.14286],"texture":"#0"},"east":{"uv":[12,8,13.42857,8.28571],"texture":"#0"},"south":{"uv":[11.42857,13.14286,11.85714,13.42857],"texture":"#0"},"west":{"uv":[8.57143,12,10,12.28571],"texture":"#0"},"up":{"uv":[10.71429,4.85714,10.28571,3.42857],"texture":"#0"},"down":{"uv":[4.42857,10.28571,4,11.71429],"texture":"#0"}}},{"from":[7.35,4.7,3.24641],"to":[8.65,6,6.49641],"rotation":{"angle":0,"axis":"x","origin":[8,5.25,3.99641]},"faces":{"north":{"uv":[4.57143,11.42857,5.28571,12.14286],"texture":"#0"},"east":{"uv":[7.42857,0,9.28571,0.71429],"texture":"#0"},"south":{"uv":[11.42857,5.14286,12.14286,5.85714],"texture":"#0"},"west":{"uv":[7.42857,1.14286,9.28571,1.85714],"texture":"#0"},"up":{"uv":[8.14286,7.57143,7.42857,5.71429],"texture":"#0"},"down":{"uv":[7,7.42857,6.28571,9.28571],"texture":"#0"}}},{"from":[7.6,4.95,2.99641],"to":[8.4,5.75,3.24641],"rotation":{"angle":0,"axis":"x","origin":[8,5.25,3.99641]},"faces":{"north":{"uv":[4,13.14286,4.42857,13.57143],"texture":"#0"},"east":{"uv":[13.14286,12.57143,13.28571,13],"texture":"#0"},"south":{"uv":[13.14286,6.28571,13.57143,6.71429],"texture":"#0"},"west":{"uv":[13.14286,13.14286,13.28571,13.57143],"texture":"#0"},"up":{"uv":[0.42857,13.85714,0,13.71429],"texture":"#0"},"down":{"uv":[14.14286,0,13.71429,0.14286],"texture":"#0"}}},{"from":[7.6,4.95,6.49641],"to":[8.4,5.75,6.74641],"rotation":{"angle":0,"axis":"x","origin":[8,5.25,3.99641]},"faces":{"north":{"uv":[6.85714,13.14286,7.28571,13.57143],"texture":"#0"},"east":{"uv":[0.57143,13.71429,0.71429,14.14286],"texture":"#0"},"south":{"uv":[13.14286,6.85714,13.57143,7.28571],"texture":"#0"},"west":{"uv":[1.14286,13.71429,1.28571,14.14286],"texture":"#0"},"up":{"uv":[2.14286,13.85714,1.71429,13.71429],"texture":"#0"},"down":{"uv":[14.14286,1.71429,13.71429,1.85714],"texture":"#0"}}},{"from":[7.4,8.6,6.64641],"to":[8.6,9.1,8.64641],"rotation":{"angle":0,"axis":"y","origin":[7.5,0,0.99641]},"faces":{"north":{"uv":[5.14286,13.14286,5.85714,13.42857],"texture":"#0"},"east":{"uv":[12.57143,0,13.71429,0.28571],"texture":"#0"},"south":{"uv":[13.14286,5.14286,13.85714,5.42857],"texture":"#0"},"west":{"uv":[0.57143,12.57143,1.71429,12.85714],"texture":"#0"},"up":{"uv":[10.42857,7.42857,9.71429,6.28571],"texture":"#0"},"down":{"uv":[10.42857,7.42857,9.71429,8.57143],"texture":"#0"}}},{"from":[7.2,8.8,7.14641],"to":[8.8,9.9,8.14641],"rotation":{"angle":0,"axis":"y","origin":[7.5,0,0.99641]},"faces":{"north":{"uv":[8,11.42857,8.85714,12],"texture":"#0"},"east":{"uv":[2.28571,10.85714,2.85714,11.42857],"texture":"#0"},"south":{"uv":[9.14286,11.42857,10,12],"texture":"#0"},"west":{"uv":[3.42857,11.42857,4,12],"texture":"#0"},"up":{"uv":[11.14286,12,10.28571,11.42857],"texture":"#0"},"down":{"uv":[12.28571,11.42857,11.42857,12],"texture":"#0"}}},{"from":[7.5,9.5,6.89641],"to":[8.5,10.5,8.39641],"rotation":{"angle":0,"axis":"y","origin":[7.5,7.5,7.99641]},"faces":{"east":{"uv":[3.42857,12,4.28571,12.57143],"texture":"#0"},"west":{"uv":[12,3.42857,12.85714,4],"texture":"#0"},"up":{"uv":[6.28571,11.14286,5.71429,10.28571],"texture":"#0"},"down":{"uv":[12.57143,4,12,4.85714],"texture":"#0"}}},{"from":[7.25,9.25,8.39641],"to":[8.75,10.75,8.89641],"rotation":{"angle":0,"axis":"y","origin":[7.5,7.5,7.99641]},"faces":{"north":{"uv":[0,10.28571,0.85714,11.14286],"texture":"#0"},"east":{"uv":[6.28571,12.57143,6.57143,13.42857],"texture":"#0"},"south":{"uv":[10.28571,0,11.14286,0.85714],"texture":"#0"},"west":{"uv":[12.57143,6.28571,12.85714,7.14286],"texture":"#0"},"up":{"uv":[9.42857,12.85714,8.57143,12.57143],"texture":"#0"},"down":{"uv":[13.42857,8.57143,12.57143,8.85714],"texture":"#0"}}},{"from":[7.35,9.35,8.89641],"to":[8.65,10.65,9.64641],"rotation":{"angle":0,"axis":"y","origin":[7.5,7.5,7.99641]},"faces":{"east":{"uv":[12.57143,2.28571,13,3],"texture":"#0"},"west":{"uv":[2.85714,12.57143,3.28571,13.28571],"texture":"#0"},"up":{"uv":[4.14286,13,3.42857,12.57143],"texture":"#0"},"down":{"uv":[13.28571,4,12.57143,4.42857],"texture":"#0"}}},{"from":[7.35,9.35,4.89641],"to":[8.65,10.65,5.64641],"rotation":{"angle":0,"axis":"y","origin":[7.5,7.5,7.99641]},"faces":{"north":{"uv":[5.71429,11.42857,6.42857,12.14286],"texture":"#0"},"east":{"uv":[4.57143,12.57143,5,13.28571],"texture":"#0"},"west":{"uv":[12.57143,4.57143,13,5.28571],"texture":"#0"},"up":{"uv":[5.85714,13,5.14286,12.57143],"texture":"#0"},"down":{"uv":[13.28571,5.71429,12.57143,6.14286],"texture":"#0"}}},{"from":[7.25,9.25,9.64641],"to":[8.75,10.75,10.39641],"rotation":{"angle":0,"axis":"y","origin":[7.5,7.5,7.99641]},"faces":{"north":{"uv":[1.14286,10.28571,2,11.14286],"texture":"#0"},"east":{"uv":[12,8.57143,12.42857,9.42857],"texture":"#0"},"south":{"uv":[10.28571,1.14286,11.14286,2],"texture":"#0"},"west":{"uv":[12,9.71429,12.42857,10.57143],"texture":"#0"},"up":{"uv":[11.14286,12.42857,10.28571,12],"texture":"#0"},"down":{"uv":[12.85714,10.85714,12,11.28571],"texture":"#0"}}},{"from":[7.25,9.25,5.64641],"to":[8.75,10.75,6.89641],"rotation":{"angle":0,"axis":"y","origin":[7.5,7.5,7.99641]},"faces":{"north":{"uv":[10.28571,2.28571,11.14286,3.14286],"texture":"#0"},"east":{"uv":[4.57143,10.28571,5.28571,11.14286],"texture":"#0"},"south":{"uv":[2.85714,10.28571,3.71429,11.14286],"texture":"#0"},"west":{"uv":[10.28571,5.14286,11,6],"texture":"#0"},"up":{"uv":[11.71429,4.14286,10.85714,3.42857],"texture":"#0"},"down":{"uv":[11.71429,6.28571,10.85714,7],"texture":"#0"}}},{"from":[1.95,8.75,2.79641],"to":[2.95,9.25,3.79641],"rotation":{"angle":-45,"axis":"y","origin":[1.95,8.75,2.79641]},"faces":{"north":{"uv":[13.14286,9.14286,13.71429,9.42857],"texture":"#0"},"east":{"uv":[9.71429,13.14286,10.28571,13.42857],"texture":"#0"},"south":{"uv":[13.14286,9.71429,13.71429,10],"texture":"#0"},"west":{"uv":[10.28571,13.14286,10.85714,13.42857],"texture":"#0"},"up":{"uv":[13.14286,1.14286,12.57143,0.57143],"texture":"#0"},"down":{"uv":[13.14286,1.14286,12.57143,1.71429],"texture":"#0"}}},{"from":[9.85,8.30887,1.08552],"to":[11.1,9.55887,1.58552],"rotation":{"angle":0,"axis":"y","origin":[16.1,-0.94113,1.43552]},"faces":{"north":{"uv":[11.57143,8,10.85714,8.71429],"texture":"#0"},"south":{"uv":[11.57143,9.14286,10.85714,9.85714],"texture":"#0"},"up":{"uv":[0.57143,13.42857,1.28571,13.14286],"texture":"#0"},"down":{"uv":[13.14286,0.57143,13.85714,0.85714],"texture":"#0"}}},{"from":[10.92821,8.30887,1.44917],"to":[12.17821,9.55887,1.94917],"rotation":{"angle":-22.5,"axis":"y","origin":[11.92821,8.93387,1.69917]},"faces":{"north":{"uv":[0.71429,11.42857,0,12.14286],"texture":"#0"},"south":{"uv":[12.14286,0,11.42857,0.71429],"texture":"#0"},"up":{"uv":[13.14286,1.42857,13.85714,1.14286],"texture":"#0"},"down":{"uv":[1.71429,13.14286,2.42857,13.42857],"texture":"#0"}}},{"from":[11.78518,8.30887,2.19775],"to":[13.03518,9.55887,2.69775],"rotation":{"angle":-45,"axis":"y","origin":[12.78518,8.93387,2.44775]},"faces":{"north":{"uv":[1.85714,11.42857,1.14286,12.14286],"texture":"#0"},"south":{"uv":[12.14286,1.14286,11.42857,1.85714],"texture":"#0"},"up":{"uv":[13.14286,2.57143,13.85714,2.28571],"texture":"#0"},"down":{"uv":[13.14286,2.85714,13.85714,3.14286],"texture":"#0"}}},{"from":[12.82376,8.30887,2.60735],"to":[14.07376,9.55887,3.10735],"rotation":{"angle":-22.5,"axis":"y","origin":[13.57376,8.93387,2.85735]},"faces":{"north":{"uv":[3,11.42857,2.28571,12.14286],"texture":"#0"},"east":{"uv":[3.71429,13.14286,3.42857,13.85714],"texture":"#0"},"south":{"uv":[12.14286,2.28571,11.42857,3],"texture":"#0"},"up":{"uv":[13.14286,3.71429,13.85714,3.42857],"texture":"#0"},"down":{"uv":[13.14286,4.57143,13.85714,4.85714],"texture":"#0"}}},{"from":[13.05,8.75,2.79641],"to":[14.05,9.25,3.79641],"rotation":{"angle":45,"axis":"y","origin":[14.05,8.75,2.79641]},"faces":{"north":{"uv":[13.71429,9.14286,13.14286,9.42857],"texture":"#0"},"east":{"uv":[10.85714,13.14286,10.28571,13.42857],"texture":"#0"},"south":{"uv":[13.71429,9.71429,13.14286,10],"texture":"#0"},"west":{"uv":[10.28571,13.14286,9.71429,13.42857],"texture":"#0"},"up":{"uv":[12.57143,1.14286,13.14286,0.57143],"texture":"#0"},"down":{"uv":[12.57143,1.14286,13.14286,1.71429],"texture":"#0"}}},{"from":[8.85,7.34619,1.08],"to":[9.85,9.84619,2.28],"rotation":{"angle":-22.5,"axis":"x","origin":[10.85,8.09619,1.98]},"faces":{"north":{"uv":[10.28571,4.57143,9.71429,6],"texture":"#0"},"east":{"uv":[5.85714,8.57143,5.14286,10],"texture":"#0"},"south":{"uv":[6.85714,9.71429,6.28571,11.14286],"texture":"#0"},"west":{"uv":[3.57143,8.57143,2.85714,10],"texture":"#0"},"up":{"uv":[7.42857,12.71429,8,12],"texture":"#0"},"down":{"uv":[8,12,8.57143,12.71429],"texture":"#0"}}},{"from":[1.75,9,3.49641],"to":[14.25,9,6.99641],"rotation":{"angle":0,"axis":"y","origin":[0,0,0.99641]},"faces":{"up":{"uv":[7.14286,2,0,0],"texture":"#0"},"down":{"uv":[7.14286,0,0,2],"texture":"#0"}}},{"from":[7.985,8.14,-0.75],"to":[8.015,9.89,6.75],"rotation":{"angle":45,"axis":"z","origin":[8,9.015,3]},"faces":{"east":{"uv":[16,7.57143,15,3.28571],"rotation":90,"texture":"#0"},"west":{"uv":[16,3.28571,15,7.57143],"rotation":90,"texture":"#0"}}},{"from":[7.125,9,-0.75],"to":[8.875,9.03,6.75],"rotation":{"angle":45,"axis":"z","origin":[8,9.015,3]},"faces":{"up":{"uv":[16,7.57143,15,3.28571],"texture":"#0"},"down":{"uv":[16,3.28571,15,7.57143],"texture":"#0"}}},{"from":[5.45,5.25,2.24641],"to":[7.45,5.28,7.24641],"rotation":{"angle":-22.5,"axis":"z","origin":[6.45,5.265,4.74641]},"faces":{"up":{"uv":[16,2.85714,14.85714,0],"texture":"#0"},"down":{"uv":[16,0,14.85714,2.85714],"texture":"#0"}}},{"from":[8.55,5.25,2.24641],"to":[10.55,5.28,7.24641],"rotation":{"angle":22.5,"axis":"z","origin":[9.55,5.265,4.74641]},"faces":{"up":{"uv":[14.85714,2.85714,16,0],"texture":"#0"},"down":{"uv":[14.85714,0,16,2.85714],"texture":"#0"}}},{"from":[1.25,8.925,-1.5],"to":[6.25,8.955,2.75],"rotation":{"angle":0,"axis":"y","origin":[0,-0.075,0]},"faces":{"up":{"uv":[2.85714,4.71429,0,2.28571],"texture":"#0"},"down":{"uv":[2.85714,2.28571,0,4.71429],"texture":"#0"}}},{"from":[9.75,8.925,-1.5],"to":[14.75,8.955,2.75],"rotation":{"angle":0,"axis":"y","origin":[16,-0.075,0]},"faces":{"up":{"uv":[0,4.71429,2.85714,2.28571],"texture":"#0"},"down":{"uv":[0,2.28571,2.85714,4.71429],"texture":"#0"}}},{"from":[4.5,5.525,0.235],"to":[11.5,12.525,0.265],"rotation":{"angle":0,"axis":"z","origin":[8,9.025,0.25]},"faces":{"north":{"uv":[1.50179,1.50179,14.00179,14.00179],"texture":"#1"},"south":{"uv":[14.00179,1.50179,1.50179,14.00179],"texture":"#1"}}}],"gui_light":"front","display":{"thirdperson_righthand":{"translation":[0,1.5,0.5]},"thirdperson_lefthand":{"translation":[0,1.5,0.5]},"firstperson_righthand":{"rotation":[0,-12,0],"translation":[5.75,3.5,3.5]},"firstperson_lefthand":{"rotation":[0,-14.25,0],"translation":[5.75,3.5,3.5]},"ground":{"rotation":[35,0,0],"translation":[0,7,0]},"gui":{"rotation":[90,-45,0],"translation":[-1.75,-1.75,0]},"head":{"rotation":[-45,180,0]},"fixed":{"rotation":[-90,0,0],"translation":[0,1.5,-7.75],"scale":[2.5,2.5,2.5]}}}