{"credit":"Made by PolygonMC","texture_size":[12,12],"textures":{"0":"tavern:items/sets/azure/key","particle":"tavern:items/sets/azure/key"},"elements":[{"from":[7.25,7,10],"to":[8.75,9,12],"rotation":{"angle":-45,"axis":"x","origin":[8,8,11]},"faces":{"north":{"uv":[0,5.33333,2,8],"texture":"#0"},"east":{"uv":[0,2.66667,2.66667,5.33333],"texture":"#0"},"south":{"uv":[5.33333,0,7.33333,2.66667],"texture":"#0"},"west":{"uv":[2.66667,2.66667,5.33333,5.33333],"texture":"#0"},"up":{"uv":[4.66667,8,2.66667,5.33333],"texture":"#0"},"down":{"uv":[7.33333,2.66667,5.33333,5.33333],"texture":"#0"}}},{"from":[7.05,7.25,10.25],"to":[8.95,8.75,11.75],"rotation":{"angle":-45,"axis":"x","origin":[8,8,11]},"faces":{"north":{"uv":[5.33333,5.33333,8,7.33333],"texture":"#0"},"east":{"uv":[8,2.66667,10,4.66667],"texture":"#0"},"south":{"uv":[0,8,2.66667,10],"texture":"#0"},"west":{"uv":[5.33333,8,7.33333,10],"texture":"#0"},"up":{"uv":[10.66667,2,8,0],"texture":"#0"},"down":{"uv":[5.33333,8,2.66667,10],"texture":"#0"}}},{"from":[7.5,7.5,9.25],"to":[8.5,8.5,10.25],"rotation":{"angle":0,"axis":"y","origin":[7.5,7.5,8.25]},"faces":{"north":{"uv":[4,10.66667,5.33333,12],"texture":"#0"},"east":{"uv":[10.66667,4,12,5.33333],"texture":"#0"},"west":{"uv":[5.33333,10.66667,6.66667,12],"texture":"#0"},"up":{"uv":[12,6.66667,10.66667,5.33333],"texture":"#0"},"down":{"uv":[8,10.66667,6.66667,12],"texture":"#0"}}},{"from":[7.5,7.5,5.5],"to":[8.5,8.5,7.5],"rotation":{"angle":0,"axis":"y","origin":[7.5,7.5,5.5]},"faces":{"north":{"uv":[10.66667,6.66667,12,8],"texture":"#0"},"east":{"uv":[8,5.33333,10.66667,6.66667],"texture":"#0"},"south":{"uv":[8,10.66667,9.33333,12],"texture":"#0"},"west":{"uv":[8,6.66667,10.66667,8],"texture":"#0"},"up":{"uv":[9.33333,10.66667,8,8],"texture":"#0"},"down":{"uv":[10.66667,8,9.33333,10.66667],"texture":"#0"}}},{"from":[7.985,8.25,5.5],"to":[8.015,9.75,9],"rotation":{"angle":0,"axis":"y","origin":[6.985,8.25,6.5]},"faces":{"east":{"uv":[4.66667,0,0,2],"texture":"#0"},"west":{"uv":[0,0,4.66667,2],"texture":"#0"}}},{"from":[7.75,6.5,5.75],"to":[8.25,7.5,6.25],"rotation":{"angle":0,"axis":"y","origin":[7.5,6.5,5.75]},"faces":{"north":{"uv":[10.66667,8,11.33333,9.33333],"texture":"#0"},"east":{"uv":[9.33333,10.66667,10,12],"texture":"#0"},"south":{"uv":[10.66667,9.33333,11.33333,10.66667],"texture":"#0"},"west":{"uv":[10.66667,10.66667,11.33333,12],"texture":"#0"},"down":{"uv":[4.66667,12,4,12.66667],"texture":"#0"}}},{"from":[7.75,6.5,6.75],"to":[8.25,7.5,7.25],"rotation":{"angle":0,"axis":"y","origin":[7.5,6.5,6.75]},"faces":{"north":{"uv":[0,12,0.66667,13.33333],"texture":"#0"},"east":{"uv":[1.33333,12,2,13.33333],"texture":"#0"},"south":{"uv":[12,1.33333,12.66667,2.66667],"texture":"#0"},"west":{"uv":[12,2.66667,12.66667,4],"texture":"#0"},"down":{"uv":[7.33333,12,6.66667,12.66667],"texture":"#0"}}},{"from":[7.75,7,6.25],"to":[8.25,7.5,6.75],"rotation":{"angle":0,"axis":"y","origin":[7.5,6.5,6.25]},"faces":{"east":{"uv":[12,4,12.66667,4.66667],"texture":"#0"},"west":{"uv":[5.33333,12,6,12.66667],"texture":"#0"},"down":{"uv":[12.66667,5.33333,12,6],"texture":"#0"}}},{"from":[7.6,7.6,7.5],"to":[8.4,8.4,9.25],"rotation":{"angle":0,"axis":"y","origin":[7.5,7.5,7.25]},"faces":{"east":{"uv":[0,10.66667,2.33333,11.66667],"texture":"#0"},"west":{"uv":[10.66667,0,13,1],"texture":"#0"},"up":{"uv":[11.66667,3.66667,10.66667,1.33333],"texture":"#0"},"down":{"uv":[3.66667,10.66667,2.66667,13],"texture":"#0"}}}],"gui_light":"front","display":{"thirdperson_righthand":{"rotation":[63.25,0,0],"translation":[0,2.75,-1.75]},"thirdperson_lefthand":{"rotation":[63.25,0,0],"translation":[0,2.75,-1.75]},"firstperson_righthand":{"rotation":[54.75,0,-23],"translation":[-4.25,7,4.75]},"firstperson_lefthand":{"rotation":[54.75,0,-23],"translation":[-4.25,7,4.75]},"ground":{"rotation":[45,0,0],"translation":[0,4.5,0],"scale":[1.3418,1.3418,1.3418]},"gui":{"rotation":[-90,-135,-90],"translation":[0.5,0.5,0],"scale":[2.5625,2.5625,2.5625]},"head":{"rotation":[90,-45,90],"translation":[0.5,0,0],"scale":[1.68359,1.68359,1.68359]},"fixed":{"rotation":[90,-45,90],"translation":[1,0.75,-2.25],"scale":[3.08984,3.08984,3.08984]}}}