{"credit":"Made by PolygonMC","texture_size":[20,20],"textures":{"3":"tavern:items/sets/azure/animations/animations_2","4":"tavern:items/sets/azure/shovel"},"elements":[{"from":[7.5,0,7.5],"to":[8.5,2.5,8.5],"rotation":{"angle":0,"axis":"y","origin":[7.5,1.5,7.5]},"faces":{"north":{"uv":[1.6,8,2.4,10],"texture":"#4"},"east":{"uv":[8,1.6,8.8,3.6],"texture":"#4"},"south":{"uv":[2.4,8,3.2,10],"texture":"#4"},"west":{"uv":[3.2,8,4,10],"texture":"#4"},"up":{"uv":[4,11.2,3.2,10.4],"texture":"#4"}}},{"from":[7.6,2.5,7.6],"to":[8.4,4,8.4],"rotation":{"angle":0,"axis":"y","origin":[7.5,3,7.5]},"faces":{"north":{"uv":[4.8,11.2,5.4,12.4],"texture":"#4"},"east":{"uv":[5.6,11.2,6.2,12.4],"texture":"#4"},"south":{"uv":[6.4,11.2,7,12.4],"texture":"#4"},"west":{"uv":[7.2,11.2,7.8,12.4],"texture":"#4"}}},{"from":[7.5,4,7.5],"to":[8.5,6,8.5],"rotation":{"angle":0,"axis":"y","origin":[7.5,4,7.5]},"faces":{"north":{"uv":[9.6,0,10.4,1.6],"texture":"#4"},"east":{"uv":[4,9.6,4.8,11.2],"texture":"#4"},"south":{"uv":[9.6,4,10.4,5.6],"texture":"#4"},"west":{"uv":[4.8,9.6,5.6,11.2],"texture":"#4"},"down":{"uv":[11.2,8.8,10.4,9.6],"texture":"#4"}}},{"from":[7.4,1,7.4],"to":[8.6,1.5,8.6],"rotation":{"angle":0,"axis":"y","origin":[7.5,1,7.5]},"faces":{"north":{"uv":[12,9.6,13,10],"texture":"#4"},"east":{"uv":[12,10.4,13,10.8],"texture":"#4"},"south":{"uv":[11.2,12,12.2,12.4],"texture":"#4"},"west":{"uv":[12,11.2,13,11.6],"texture":"#4"},"up":{"uv":[11.4,5,10.4,4],"texture":"#4"},"down":{"uv":[11.4,5.6,10.4,6.6],"texture":"#4"}}},{"from":[7.4,5,7.4],"to":[8.6,5.5,8.6],"rotation":{"angle":0,"axis":"y","origin":[7.5,5,7.5]},"faces":{"north":{"uv":[0,12.8,1,13.2],"texture":"#4"},"east":{"uv":[12.8,0,13.8,0.4],"texture":"#4"},"south":{"uv":[12.8,0.8,13.8,1.2],"texture":"#4"},"west":{"uv":[1.6,12.8,2.6,13.2],"texture":"#4"},"up":{"uv":[11.4,8.2,10.4,7.2],"texture":"#4"},"down":{"uv":[9,10.4,8,11.4],"texture":"#4"}}},{"from":[7.4,6,7.4],"to":[8.6,6.5,8.6],"rotation":{"angle":0,"axis":"y","origin":[7.5,6,7.5]},"faces":{"north":{"uv":[12.8,1.6,13.8,2],"texture":"#4"},"east":{"uv":[12.8,2.4,13.8,2.8],"texture":"#4"},"south":{"uv":[3.2,12.8,4.2,13.2],"texture":"#4"},"west":{"uv":[12.8,3.2,13.8,3.6],"texture":"#4"},"down":{"uv":[10.6,10.4,9.6,11.4],"texture":"#4"}}},{"from":[7.4,8.5,7.4],"to":[8.6,9.25,8.6],"rotation":{"angle":0,"axis":"y","origin":[7.5,8.5,7.5]},"faces":{"north":{"uv":[8,12,9,12.6],"texture":"#4"},"east":{"uv":[12,8,13,8.6],"texture":"#4"},"south":{"uv":[12,8.8,13,9.4],"texture":"#4"},"west":{"uv":[9.6,12,10.6,12.6],"texture":"#4"},"down":{"uv":[12.2,0,11.2,1],"texture":"#4"}}},{"from":[7.35,6.5,7.35],"to":[8.65,8.5,8.65],"rotation":{"angle":0,"axis":"y","origin":[7.5,6.5,7.5]},"faces":{"north":{"uv":[4,8,5,9.6],"texture":"#4"},"east":{"uv":[8,4,9,5.6],"texture":"#4"},"south":{"uv":[5.6,8,6.6,9.6],"texture":"#4"},"west":{"uv":[8,5.6,9,7.2],"texture":"#4"},"up":{"uv":[12.2,2.6,11.2,1.6],"texture":"#4"},"down":{"uv":[4.2,11.2,3.2,12.2],"texture":"#4"}}},{"from":[7.445,-0.755,7.445],"to":[8.555,0.355,8.555],"rotation":{"angle":-45,"axis":"x","origin":[8,-0.2,8]},"faces":{"north":{"uv":[11.2,3.2,12,4],"texture":"#4"},"east":{"uv":[11.2,8.8,12,9.6],"texture":"#4"},"south":{"uv":[11.2,9.6,12,10.4],"texture":"#4"},"west":{"uv":[11.2,10.4,12,11.2],"texture":"#4"},"up":{"uv":[12,12,11.2,11.2],"texture":"#4"},"down":{"uv":[0.8,12,0,12.8],"texture":"#4"}}},{"from":[7.5,8.90851,5.73071],"to":[8.5,10.90851,6.73071],"rotation":{"angle":-45,"axis":"x","origin":[8,9.40851,6.23071]},"faces":{"north":{"uv":[5.6,9.6,6.4,11.2],"texture":"#4"},"east":{"uv":[9.6,5.6,10.4,7.2],"texture":"#4"},"south":{"uv":[6.4,9.6,7.2,11.2],"texture":"#4"},"west":{"uv":[9.6,8,10.4,9.6],"texture":"#4"},"up":{"uv":[1.6,12.8,0.8,12],"texture":"#4"},"down":{"uv":[2.4,12,1.6,12.8],"texture":"#4"}}},{"from":[7.5,10.57483,5.647],"to":[8.5,11.57483,7.897],"rotation":{"angle":-45,"axis":"x","origin":[8,11.04983,6.49317]},"faces":{"east":{"uv":[7.2,8,9,8.8],"texture":"#4"},"south":{"uv":[2.4,12,3.2,12.8],"texture":"#4"},"west":{"uv":[8,7.2,9.8,8],"texture":"#4"},"up":{"uv":[9.6,1.8,8.8,0],"texture":"#4"},"down":{"uv":[8,8.8,7.2,10.6],"texture":"#4"}}},{"from":[7.5,10.57483,8.103],"to":[8.5,11.57483,10.353],"rotation":{"angle":45,"axis":"x","origin":[8,11.04983,9.50683]},"faces":{"north":{"uv":[3.2,12,2.4,12.8],"texture":"#4"},"east":{"uv":[9,8,7.2,8.8],"texture":"#4"},"west":{"uv":[9.8,7.2,8,8],"texture":"#4"},"up":{"uv":[9.6,0,8.8,1.8],"texture":"#4"},"down":{"uv":[8,10.6,7.2,8.8],"texture":"#4"}}},{"from":[7.5,8.90851,9.26929],"to":[8.5,10.90851,10.26929],"rotation":{"angle":45,"axis":"x","origin":[8,9.40851,9.76929]},"faces":{"north":{"uv":[7.2,9.6,6.4,11.2],"texture":"#4"},"east":{"uv":[10.4,5.6,9.6,7.2],"texture":"#4"},"south":{"uv":[6.4,9.6,5.6,11.2],"texture":"#4"},"west":{"uv":[10.4,8,9.6,9.6],"texture":"#4"},"up":{"uv":[1.6,12,0.8,12.8],"texture":"#4"},"down":{"uv":[2.4,12.8,1.6,12],"texture":"#4"}}},{"from":[7.2,8.6,8.1],"to":[8.8,10.65,10.15],"rotation":{"angle":-45,"axis":"x","origin":[7.5,8.5,8]},"faces":{"north":{"uv":[6.4,1.6,7.6,3.2],"texture":"#4"},"east":{"uv":[4.8,0,6.4,1.6],"texture":"#4"},"south":{"uv":[2.4,6.4,3.6,8],"texture":"#4"},"west":{"uv":[4.8,1.6,6.4,3.2],"texture":"#4"},"up":{"uv":[5.2,8,4,6.4],"texture":"#4"},"down":{"uv":[6.8,6.4,5.6,8],"texture":"#4"}}},{"from":[6.85,8.85,8.35],"to":[9.15,10.4,9.9],"rotation":{"angle":-45,"axis":"x","origin":[7.5,8.5,8]},"faces":{"north":{"uv":[4.8,3.2,6.6,4.4],"texture":"#4"},"east":{"uv":[8.8,2.4,10,3.6],"texture":"#4"},"south":{"uv":[4.8,4.8,6.6,6],"texture":"#4"},"west":{"uv":[8,8.8,9.2,10],"texture":"#4"},"up":{"uv":[1.8,7.6,0,6.4],"texture":"#4"},"down":{"uv":[8.2,0,6.4,1.2],"texture":"#4"}}},{"from":[7.1,6.55,4.5],"to":[7.1,13.55,11.5],"rotation":{"angle":0,"axis":"y","origin":[0.5,-4.3,4.5]},"faces":{"west":{"uv":[1,1,15,15],"texture":"#3"}}},{"from":[8.9,6.55,4.5],"to":[8.9,13.55,11.5],"rotation":{"angle":0,"axis":"y","origin":[15.5,-4.3,4.5]},"faces":{"east":{"uv":[15,1,1,15],"texture":"#3"}}},{"from":[7.525,11.64976,5.8025],"to":[8.475,12.64976,7.8025],"rotation":{"angle":22.5,"axis":"x","origin":[8,13.24701,5.53452]},"faces":{"north":{"uv":[12.8,4,12,4.8],"texture":"#4"},"east":{"uv":[11.2,1.6,9.6,2.4],"texture":"#4"},"south":{"uv":[12.8,3.2,12,4],"texture":"#4"},"west":{"uv":[11.2,9.6,9.6,10.4],"texture":"#4"},"up":{"uv":[0.8,10.4,0,12],"texture":"#4"},"down":{"uv":[11.2,1.6,10.4,0],"texture":"#4"}}},{"from":[7.525,11.64977,4.80251],"to":[8.475,13.64977,5.80251],"rotation":{"angle":22.5,"axis":"x","origin":[8,13.24701,5.53452]},"faces":{"north":{"uv":[3.2,10.4,2.4,12],"texture":"#4"},"east":{"uv":[2.4,10.4,1.6,12],"texture":"#4"},"south":{"uv":[1.6,10.4,0.8,12],"texture":"#4"},"west":{"uv":[11.2,2.4,10.4,4],"texture":"#4"},"up":{"uv":[12.8,4.8,12,5.6],"texture":"#4"},"down":{"uv":[12.8,6.4,12,5.6],"texture":"#4"}}},{"from":[7.53,13.51656,4.93623],"to":[8.47,16.51656,5.93623],"rotation":{"angle":0,"axis":"x","origin":[8,13.24701,5.53452]},"faces":{"north":{"uv":[0.8,8,0,10.4],"texture":"#4"},"east":{"uv":[8,5.6,7.2,8],"texture":"#4"},"south":{"uv":[8,3.2,7.2,5.6],"texture":"#4"},"west":{"uv":[1.6,8,0.8,10.4],"texture":"#4"},"up":{"uv":[12.8,6.4,12,7.2],"texture":"#4"},"down":{"uv":[12.8,8,12,7.2],"texture":"#4"}}},{"from":[7.53,13.51656,10.06377],"to":[8.47,16.51656,11.06377],"rotation":{"angle":0,"axis":"x","origin":[8,13.24701,10.46548]},"faces":{"north":{"uv":[7.2,3.2,8,5.6],"texture":"#4"},"east":{"uv":[7.2,5.6,8,8],"texture":"#4"},"south":{"uv":[0,8,0.8,10.4],"texture":"#4"},"west":{"uv":[0.8,8,1.6,10.4],"texture":"#4"},"up":{"uv":[12.8,7.2,12,6.4],"texture":"#4"},"down":{"uv":[12.8,7.2,12,8],"texture":"#4"}}},{"from":[7.525,11.64977,10.19749],"to":[8.475,13.64977,11.19749],"rotation":{"angle":-22.5,"axis":"x","origin":[8,13.24701,10.46548]},"faces":{"north":{"uv":[0.8,10.4,1.6,12],"texture":"#4"},"east":{"uv":[1.6,10.4,2.4,12],"texture":"#4"},"south":{"uv":[2.4,10.4,3.2,12],"texture":"#4"},"west":{"uv":[10.4,2.4,11.2,4],"texture":"#4"},"up":{"uv":[12.8,5.6,12,4.8],"texture":"#4"},"down":{"uv":[12.8,5.6,12,6.4],"texture":"#4"}}},{"from":[7.525,11.64976,8.1975],"to":[8.475,12.64976,10.1975],"rotation":{"angle":-22.5,"axis":"x","origin":[8,13.24701,10.46548]},"faces":{"north":{"uv":[12,3.2,12.8,4],"texture":"#4"},"east":{"uv":[9.6,1.6,11.2,2.4],"texture":"#4"},"south":{"uv":[12,4,12.8,4.8],"texture":"#4"},"west":{"uv":[9.6,9.6,11.2,10.4],"texture":"#4"},"up":{"uv":[0.8,12,0,10.4],"texture":"#4"},"down":{"uv":[11.2,0,10.4,1.6],"texture":"#4"}}},{"from":[7.985,11,4.95],"to":[8.015,19,11.05],"rotation":{"angle":0,"axis":"y","origin":[7.985,0,5.5]},"faces":{"east":{"uv":[0,0,4.8,6.4],"texture":"#4"},"west":{"uv":[0,0,4.8,6.4],"texture":"#4"}}}],"gui_light":"front","display":{"thirdperson_righthand":{"translation":[0,2.75,0.75]},"thirdperson_lefthand":{"translation":[0,2.75,0.75]},"firstperson_righthand":{"rotation":[-10,0,0],"translation":[0,3.75,0]},"firstperson_lefthand":{"rotation":[-10,0,0],"translation":[0,3.75,0]},"ground":{"rotation":[45,0,0],"translation":[0,7.5,0]},"gui":{"rotation":[-90,-45,-90],"translation":[-1.25,-1.25,0],"scale":[0.86133,0.86133,0.86133]},"head":{"rotation":[0,90,0]},"fixed":{"rotation":[0,90,0],"translation":[0,-1.5,-1.5],"scale":[2.5,2.5,2.5]}}}