{"credit":"Made by PolygonMC","textures":{"1":"tavern:items/sets/bonita/animations/animations_1","3":"tavern:items/sets/bonita/animations/animations_4","4":"tavern:items/sets/bonita/hoe","particle":"tavern:items/sets/bonita/animations/animations_1","main":"tavern:items/sets/bonita/animations/animations_3"},"elements":[{"from":[7.5,1.07897,7.5],"to":[8.5,2.07897,8.5],"rotation":{"angle":0,"axis":"y","origin":[7.5,-3.39603,8.55]},"faces":{"north":{"uv":[2,5,3,6],"texture":"#4"},"east":{"uv":[4,6,5,7],"texture":"#4"},"south":{"uv":[7,6,8,7],"texture":"#4"},"west":{"uv":[9,6,10,7],"texture":"#4"},"up":{"uv":[10,8,9,7],"texture":"#4"},"down":{"uv":[10,8,9,9],"texture":"#4"}}},{"from":[7.5,5.225,7.5],"to":[8.5,6.225,8.5],"rotation":{"angle":0,"axis":"y","origin":[8,6.725,8.15]},"faces":{"north":{"uv":[9,9,10,10],"texture":"#4"},"east":{"uv":[0,10,1,11],"texture":"#4"},"south":{"uv":[10,0,11,1],"texture":"#4"},"west":{"uv":[1,10,2,11],"texture":"#4"},"down":{"uv":[11,1,10,2],"texture":"#4"}}},{"from":[7.5,9.225,7.5],"to":[8.5,10.225,8.5],"rotation":{"angle":0,"axis":"y","origin":[7.5,8.225,7.5]},"faces":{"north":{"uv":[2,10,3,11],"texture":"#4"},"east":{"uv":[10,2,11,3],"texture":"#4"},"south":{"uv":[3,10,4,11],"texture":"#4"},"west":{"uv":[10,3,11,4],"texture":"#4"}}},{"from":[7.5,4.225,7.5],"to":[8.5,4.725,8.5],"rotation":{"angle":0,"axis":"y","origin":[8,3.65199,8.00452]},"faces":{"north":{"uv":[8,11,9,11.5],"texture":"#4"},"east":{"uv":[9,11,10,11.5],"texture":"#4"},"south":{"uv":[11,9,12,9.5],"texture":"#4"},"west":{"uv":[10,11,11,11.5],"texture":"#4"},"up":{"uv":[5,11,4,10],"texture":"#4"},"down":{"uv":[6,10,5,11],"texture":"#4"}}},{"from":[7.5,2.57897,7.5],"to":[8.5,3.07897,8.5],"rotation":{"angle":0,"axis":"y","origin":[8,3.65199,7.99548]},"faces":{"north":{"uv":[11,10,12,10.5],"texture":"#4"},"east":{"uv":[11,11,12,11.5],"texture":"#4"},"south":{"uv":[0,12,1,12.5],"texture":"#4"},"west":{"uv":[12,0,13,0.5],"texture":"#4"},"up":{"uv":[7,11,6,10],"texture":"#4"},"down":{"uv":[11,6,10,7],"texture":"#4"}}},{"from":[7.4,3.047,7.39637],"to":[8.6,4.247,8.59637],"rotation":{"angle":-45,"axis":"x","origin":[8,3.65199,7.99672]},"faces":{"north":{"uv":[7,10,8,11],"texture":"#4"},"east":{"uv":[10,7,11,8],"texture":"#4"},"south":{"uv":[8,10,9,11],"texture":"#4"},"west":{"uv":[10,8,11,9],"texture":"#4"},"up":{"uv":[10,11,9,10],"texture":"#4"},"down":{"uv":[11,9,10,10],"texture":"#4"}}},{"from":[7.6,2.07897,7.6],"to":[8.4,2.57897,8.4],"rotation":{"angle":0,"axis":"y","origin":[8,3.65199,7.99548]},"faces":{"north":{"uv":[1,12,2,12.5],"texture":"#4"},"east":{"uv":[12,1,13,1.5],"texture":"#4"},"south":{"uv":[2,12,3,12.5],"texture":"#4"},"west":{"uv":[12,2,13,2.5],"texture":"#4"}}},{"from":[7.6,4.725,7.6],"to":[8.4,5.225,8.4],"rotation":{"angle":0,"axis":"y","origin":[8,3.65199,8.00452]},"faces":{"north":{"uv":[3,12,4,12.5],"texture":"#4"},"east":{"uv":[12,3,13,3.5],"texture":"#4"},"south":{"uv":[4,12,5,12.5],"texture":"#4"},"west":{"uv":[12,4,13,4.5],"texture":"#4"}}},{"from":[7.75,0.11254,6.94818],"to":[8.25,1.11254,7.94818],"rotation":{"angle":22.5,"axis":"x","origin":[8,1.23632,7.98062]},"faces":{"north":{"uv":[5,12,5.5,13],"texture":"#4"},"east":{"uv":[10,10,11,11],"texture":"#4"},"south":{"uv":[12,5,12.5,6],"texture":"#4"},"west":{"uv":[0,11,1,12],"texture":"#4"},"up":{"uv":[12.5,7,12,6],"texture":"#4"},"down":{"uv":[12.5,7,12,8],"texture":"#4"}}},{"from":[7.752,1.17173,6.45595],"to":[8.248,2.22173,7.18095],"rotation":{"angle":-22.5,"axis":"x","origin":[8,1.23632,7.98062]},"faces":{"north":{"uv":[8,12,8.5,13],"texture":"#4"},"east":{"uv":[12,8,12.5,9],"texture":"#4"},"south":{"uv":[9,12,9.5,13],"texture":"#4"},"west":{"uv":[12,9,12.5,10],"texture":"#4"},"up":{"uv":[13.5,2.5,13,2],"texture":"#4"}}},{"from":[7.752,1.17173,8.81905],"to":[8.248,2.22173,9.54405],"rotation":{"angle":22.5,"axis":"x","origin":[8,1.23632,8.01938]},"faces":{"north":{"uv":[10,12,10.5,13],"texture":"#4"},"east":{"uv":[12,10,12.5,11],"texture":"#4"},"south":{"uv":[11,12,11.5,13],"texture":"#4"},"west":{"uv":[12,11,12.5,12],"texture":"#4"},"up":{"uv":[3.5,13.5,3,13],"texture":"#4"}}},{"from":[7.75,0.11254,8.05182],"to":[8.25,1.11254,9.05182],"rotation":{"angle":-22.5,"axis":"x","origin":[8,1.23632,8.01938]},"faces":{"north":{"uv":[12,12,12.5,13],"texture":"#4"},"east":{"uv":[11,0,12,1],"texture":"#4"},"south":{"uv":[0,13,0.5,14],"texture":"#4"},"west":{"uv":[1,11,2,12],"texture":"#4"},"up":{"uv":[13.5,1,13,0],"texture":"#4"},"down":{"uv":[1.5,13,1,14],"texture":"#4"}}},{"from":[7.405,0.3916,7.66275],"to":[8.595,1.5816,8.85275],"rotation":{"angle":45,"axis":"x","origin":[8,1.23632,7.98062]},"faces":{"north":{"uv":[11,1,12,2],"texture":"#4"},"east":{"uv":[2,11,3,12],"texture":"#4"},"south":{"uv":[11,2,12,3],"texture":"#4"},"west":{"uv":[3,11,4,12],"texture":"#4"},"up":{"uv":[12,4,11,3],"texture":"#4"},"down":{"uv":[5,11,4,12],"texture":"#4"}}},{"from":[7.4,9.975,7.25],"to":[8.6,11.725,9],"rotation":{"angle":-45,"axis":"x","origin":[8,10.725,8]},"faces":{"north":{"uv":[8,6,9,8],"texture":"#4"},"east":{"uv":[5,3,7,5],"texture":"#4"},"south":{"uv":[8,8,9,10],"texture":"#4"},"west":{"uv":[5,5,7,7],"texture":"#4"},"up":{"uv":[10,2,9,0],"texture":"#4"},"down":{"uv":[10,2,9,4],"texture":"#4"}}},{"from":[7.15,10.225,7.5],"to":[8.85,11.475,8.75],"rotation":{"angle":-45,"axis":"x","origin":[8,10.725,8]},"faces":{"north":{"uv":[2,6,3.5,7.5],"texture":"#4"},"east":{"uv":[7,0,8.5,1.5],"texture":"#4"},"south":{"uv":[7,2,8.5,3.5],"texture":"#4"},"west":{"uv":[4,7,5.5,8.5],"texture":"#4"},"up":{"uv":[8.5,5.5,7,4],"texture":"#4"},"down":{"uv":[7.5,7,6,8.5],"texture":"#4"}}},{"from":[7.35,6.225,7.35],"to":[8.65,9.225,8.65],"rotation":{"angle":0,"axis":"y","origin":[8,6.725,8.15]},"faces":{"north":{"uv":[3,0,4.5,3],"texture":"#4"},"east":{"uv":[3,3,4.5,6],"texture":"#4"},"south":{"uv":[0,5,1.5,8],"texture":"#4"},"west":{"uv":[5,0,6.5,3],"texture":"#4"},"up":{"uv":[1.5,9.5,0,8],"texture":"#4"},"down":{"uv":[3.5,8,2,9.5],"texture":"#4"}}},{"from":[7.75,12.03057,6.16287],"to":[8.25,13.03057,7.16287],"rotation":{"angle":22.5,"axis":"x","origin":[8,10.50768,5.23097]},"faces":{"east":{"uv":[11,4,12,5],"texture":"#4"},"west":{"uv":[5,11,6,12],"texture":"#4"},"up":{"uv":[13.5,2,13,1],"texture":"#4"},"down":{"uv":[13,2.5,13.5,3.5],"rotation":180,"texture":"#4"}}},{"from":[7.75,10.63268,5.67388],"to":[8.25,11.63268,7.67388],"rotation":{"angle":-22.5,"axis":"x","origin":[8,10.50768,5.23097]},"faces":{"east":{"uv":[4,9,6,10],"texture":"#4"},"west":{"uv":[9,4,11,5],"texture":"#4"},"up":{"uv":[11.5,7,11,5],"texture":"#4"},"down":{"uv":[6.5,11,6,13],"texture":"#4"}}},{"from":[7.75,10.33266,4.28287],"to":[8.25,11.33266,5.78287],"rotation":{"angle":-45,"axis":"x","origin":[8,10.83266,5.03287]},"faces":{"north":{"uv":[2,13,2.5,14],"texture":"#4"},"east":{"uv":[9,5,10.5,6],"texture":"#4"},"west":{"uv":[6,9,7.5,10],"texture":"#4"},"up":{"uv":[7.5,12.5,7,11],"texture":"#4"},"down":{"uv":[11.5,7,11,8.5],"texture":"#4"}}},{"from":[6.735,11.13268,5.67388],"to":[9.265,11.16268,7.67388],"rotation":{"angle":-22.5,"axis":"x","origin":[9.25,10.50768,5.23097]},"faces":{"up":{"uv":[2.5,5,0,3],"texture":"#4"},"down":{"uv":[2.5,3,0,5],"texture":"#4"}}},{"from":[6.735,11.83808,3.43949],"to":[9.265,11.86808,5.68949],"rotation":{"angle":-45,"axis":"x","origin":[9.25,11.21308,6.24658]},"faces":{"up":{"uv":[2.5,2.5,0,0],"texture":"#4"},"down":{"uv":[2.5,0,0,2.5],"texture":"#4"}}},{"from":[7,9.51053,6.25],"to":[7,13.01053,9.75],"rotation":{"angle":45,"axis":"x","origin":[7,11.26053,8]},"faces":{"west":{"uv":[0,0,7,7],"texture":"#1"}}},{"from":[9,9.51053,6.25],"to":[9,13.01053,9.75],"rotation":{"angle":45,"axis":"x","origin":[9,11.26053,8]},"faces":{"east":{"uv":[7,0,0,7],"texture":"#1"}}},{"from":[7.77411,8.625,8.80068],"to":[7.80411,13.625,13.30068],"rotation":{"angle":-45,"axis":"y","origin":[7.80411,8.625,8.80068]},"faces":{"east":{"uv":[4.5,0,0,5],"texture":"#main"},"west":{"uv":[0,0,4.5,5],"texture":"#main"}}},{"from":[7.77411,8.625,8.80068],"to":[7.80411,13.625,13.30068],"rotation":{"angle":-22.5,"axis":"y","origin":[7.80411,8.625,8.80068]},"faces":{"east":{"uv":[12.5,0,8,5],"texture":"#main"},"west":{"uv":[8,0,12.5,5],"texture":"#main"}}},{"from":[7.77411,8.625,8.80068],"to":[7.80411,13.625,13.30068],"rotation":{"angle":0,"axis":"y","origin":[7.80411,8.625,8.80068]},"faces":{"east":{"uv":[4.5,8,0,13],"texture":"#main"},"west":{"uv":[0,8,4.5,13],"texture":"#main"}}},{"from":[8.19589,8.625,8.80068],"to":[8.22589,13.625,13.30068],"rotation":{"angle":45,"axis":"y","origin":[8.19589,8.625,8.80068]},"faces":{"east":{"uv":[4.5,0,0,5],"texture":"#main"},"west":{"uv":[0,0,4.5,5],"texture":"#main"}}},{"from":[8.19589,8.625,8.80068],"to":[8.22589,13.625,13.30068],"rotation":{"angle":22.5,"axis":"y","origin":[8.19589,8.625,8.80068]},"faces":{"east":{"uv":[12.5,0,8,5],"texture":"#main"},"west":{"uv":[8,0,12.5,5],"texture":"#main"}}},{"from":[8.19589,8.625,8.80068],"to":[8.22589,13.625,13.30068],"rotation":{"angle":0,"axis":"y","origin":[8.19589,8.625,8.80068]},"faces":{"east":{"uv":[4.5,8,0,13],"texture":"#main"},"west":{"uv":[0,8,4.5,13],"texture":"#main"}}},{"from":[6.8,7.75,1.75],"to":[6.8,13.25,9.25],"rotation":{"angle":0,"axis":"y","origin":[6.8,7.75,1.25]},"faces":{"west":{"uv":[1,6,16,16],"texture":"#3"}}},{"from":[9.2,7.75,1.75],"to":[9.2,13.25,9.25],"rotation":{"angle":0,"axis":"y","origin":[9.2,7.75,1.25]},"faces":{"east":{"uv":[16,6,1,16],"texture":"#3"}}}],"gui_light":"front","display":{"thirdperson_righthand":{"translation":[0,2.25,1]},"thirdperson_lefthand":{"translation":[0,2.25,1]},"firstperson_righthand":{"rotation":[-10,0,0],"translation":[0,4.25,1.75]},"firstperson_lefthand":{"rotation":[-10,0,0],"translation":[0,4.25,1.75]},"ground":{"rotation":[-45,0,0],"translation":[0,8.25,0]},"gui":{"rotation":[-90,-45,-90],"translation":[0.5,-0.25,0]},"head":{"rotation":[90,-90,90]},"fixed":{"rotation":[0,-90,0],"translation":[0,4.25,-1.5],"scale":[2.5,2.5,2.5]}}}