{"textures":{"0":"modelengine:entity/ninetailhuman"},"elements":[{"from":[5.5190973,-0.93906975,5.794162],"to":[10.377817,6.4972057,10.081267],"faces":{"east":{"uv":[3.5625,5.1875,3.8125,5.640625],"tintindex":0,"rotation":0,"texture":"#0"},"south":{"uv":[0.875,4.9375,1.171875,5.390625],"tintindex":0,"rotation":0,"texture":"#0"},"north":{"uv":[1.171875,4.9375,0.875,5.390625],"tintindex":0,"rotation":0,"texture":"#0"},"west":{"uv":[3.8125,5.1875,3.5625,5.640625],"tintindex":0,"rotation":0,"texture":"#0"},"up":{"uv":[2.359375,5.9375,2.0625,5.6875],"tintindex":0,"rotation":0,"texture":"#0"},"down":{"uv":[4.5,5.6875,4.796875,5.9375],"tintindex":0,"rotation":0,"texture":"#0"}}},{"from":[5.8419533,3.3215714,6.9691463],"to":[10.340768,7.291115,10.39883],"faces":{"east":{"uv":[2.625,6.5,2.828125,6.734375],"tintindex":0,"rotation":0,"texture":"#0"},"south":{"uv":[5.9375,5.25,6.203125,5.484375],"tintindex":0,"rotation":0,"texture":"#0"},"north":{"uv":[5.9375,4.3125,6.203125,4.546875],"tintindex":0,"rotation":0,"texture":"#0"},"west":{"uv":[2.3125,6.5,2.515625,6.734375],"tintindex":0,"rotation":0,"texture":"#0"},"up":{"uv":[6.515625,6.078125,6.25,5.875],"tintindex":0,"rotation":0,"texture":"#0"},"down":{"uv":[6.578125,4.3125,6.3125,4.515625],"tintindex":0,"rotation":0,"texture":"#0"}},"rotation":{"origin":[8.09136,6.4972057,9.509653],"angle":-22.5,"axis":"x"}},{"from":[5.5102286,-1.0387039,5.2177815],"to":[10.410137,8.148624,11.602974],"faces":{"east":{"uv":[0.5,2.4375,0.890625,2.984375],"tintindex":0,"rotation":0,"texture":"#0"},"south":{"uv":[4.5,4.6875,4.796875,5.234375],"tintindex":0,"rotation":0,"texture":"#0"},"north":{"uv":[1.3125,4.6875,1.609375,5.234375],"tintindex":0,"rotation":0,"texture":"#0"},"west":{"uv":[2.625,0.0,3.015625,0.546875],"tintindex":0,"rotation":0,"texture":"#0"},"up":{"uv":[0.375,5.390625,0.671875,5.0],"tintindex":0,"rotation":0,"texture":"#0"},"down":{"uv":[2.484375,5.1875,2.1875,5.578125],"tintindex":0,"rotation":0,"texture":"#0"}}},{"from":[5.8440537,1.4691181,8.980381],"to":[10.347069,4.9093895,12.410066],"faces":{"east":{"uv":[6.5,5.5,6.703125,5.703125],"tintindex":0,"rotation":0,"texture":"#0"},"south":{"uv":[6.3125,5.1875,6.578125,5.390625],"tintindex":0,"rotation":0,"texture":"#0"},"north":{"uv":[6.3125,4.875,6.578125,5.078125],"tintindex":0,"rotation":0,"texture":"#0"},"west":{"uv":[3.453125,6.5,3.25,6.703125],"tintindex":0,"rotation":0,"texture":"#0"},"up":{"uv":[6.640625,0.515625,6.375,0.3125],"tintindex":0,"rotation":0,"texture":"#0"},"down":{"uv":[6.640625,4.0,6.375,4.203125],"tintindex":0,"rotation":0,"texture":"#0"}},"rotation":{"origin":[8.09136,6.4972057,9.509653],"angle":22.5,"axis":"x"}},{"from":[6.233615,-5.728984,5.794162],"to":[9.949106,-0.93906975,9.509653],"faces":{"east":{"uv":[6.0,3.0,6.21875,3.28125],"tintindex":0,"rotation":0,"texture":"#0"},"south":{"uv":[4.65625,6.0,4.4375,6.28125],"tintindex":0,"rotation":0,"texture":"#0"},"north":{"uv":[2.21875,6.0,2.0,6.28125],"tintindex":0,"rotation":0,"texture":"#0"},"west":{"uv":[6.21875,3.0,6.0,3.28125],"tintindex":0,"rotation":0,"texture":"#0"},"up":{"uv":[6.65625,3.40625,6.4375,3.1875],"tintindex":0,"rotation":0,"texture":"#0"},"down":{"uv":[6.4375,2.25,6.65625,2.46875],"tintindex":0,"rotation":0,"texture":"#0"}}}],"display":{"gui":{"rotation":[30,225,0]}}}