{"textures":{"0":"modelengine:entity/ninetailhuman"},"elements":[{"from":[7.215249,7.5460434,6.6850023],"to":[8.74647,9.077265,9.747445],"faces":{"east":{"uv":[4.40625,7.3125,4.3125,7.5],"tintindex":0,"rotation":90,"texture":"#0"},"south":{"uv":[7.5625,6.0625,7.65625,6.15625],"tintindex":0,"rotation":0,"texture":"#0"},"north":{"uv":[7.5625,6.0625,7.65625,6.15625],"tintindex":0,"rotation":0,"texture":"#0"},"west":{"uv":[4.40625,7.3125,4.3125,7.5],"tintindex":0,"rotation":90,"texture":"#0"},"up":{"uv":[4.40625,7.5,4.3125,7.3125],"tintindex":0,"rotation":0,"texture":"#0"},"down":{"uv":[4.3125,7.5,4.40625,7.3125],"tintindex":0,"rotation":0,"texture":"#0"}},"rotation":{"origin":[7.9808598,8.311653,6.6850023],"angle":22.5,"axis":"x"}},{"from":[6.066833,0.44823933,9.369457],"to":[9.894886,5.5012684,13.19751],"faces":{"east":{"uv":[0.3125,5.875,0.546875,6.171875],"tintindex":0,"rotation":0,"texture":"#0"},"south":{"uv":[0.3125,5.875,0.546875,6.171875],"tintindex":0,"rotation":0,"texture":"#0"},"north":{"uv":[0.3125,5.875,0.546875,6.171875],"tintindex":0,"rotation":0,"texture":"#0"},"west":{"uv":[0.3125,5.875,0.546875,6.171875],"tintindex":0,"rotation":0,"texture":"#0"},"up":{"uv":[6.1875,5.5625,6.421875,5.796875],"tintindex":0,"rotation":0,"texture":"#0"},"down":{"uv":[6.1875,5.5625,6.421875,5.796875],"tintindex":0,"rotation":0,"texture":"#0"}},"rotation":{"origin":[7.9808598,4.924391,11.603487],"angle":-22.5,"axis":"x"}},{"from":[5.6074667,-3.8850384,10.288189],"to":[10.507375,2.2398472,15.188098],"faces":{"east":{"uv":[1.25,5.3125,1.546875,5.6875],"tintindex":0,"rotation":0,"texture":"#0"},"south":{"uv":[1.546875,5.3125,1.25,5.6875],"tintindex":0,"rotation":0,"texture":"#0"},"north":{"uv":[1.25,5.3125,1.546875,5.6875],"tintindex":0,"rotation":0,"texture":"#0"},"west":{"uv":[1.25,5.3125,1.546875,5.6875],"tintindex":0,"rotation":0,"texture":"#0"},"up":{"uv":[5.734375,2.625,5.4375,2.921875],"tintindex":0,"rotation":0,"texture":"#0"},"down":{"uv":[5.734375,2.625,5.4375,2.921875],"tintindex":0,"rotation":0,"texture":"#0"}},"rotation":{"origin":[7.9808598,1.4375477,13.3105],"angle":-22.5,"axis":"x"}},{"from":[6.679322,5.3481464,8.756968],"to":[9.282398,7.9512234,12.278777],"faces":{"east":{"uv":[6.96875,0.21875,6.8125,0.0],"tintindex":0,"rotation":90,"texture":"#0"},"south":{"uv":[5.375,7.0625,5.53125,7.21875],"tintindex":0,"rotation":0,"texture":"#0"},"north":{"uv":[5.375,7.21875,5.53125,7.0625],"tintindex":0,"rotation":0,"texture":"#0"},"west":{"uv":[6.96875,0.21875,6.8125,0.0],"tintindex":0,"rotation":90,"texture":"#0"},"up":{"uv":[6.96875,0.21875,6.8125,0.0],"tintindex":0,"rotation":0,"texture":"#0"},"down":{"uv":[6.96875,0.0,6.8125,0.21875],"tintindex":0,"rotation":0,"texture":"#0"}},"rotation":{"origin":[7.9808598,6.7804317,9.747445],"angle":45.0,"axis":"x"}}],"display":{"gui":{"rotation":[30,225,0]}}}