{"textures":{"0":"modelengine:entity/xiddri_rockvfx_small"},"elements":[{"from":[-2.7010612,-6.860194,4.333333],"to":[-1.3677282,-2.1935272,5.6666665],"faces":{"east":{"uv":[5.125,10.0,5.625,11.75],"tintindex":0,"rotation":0,"texture":"#0"},"south":{"uv":[5.625,10.0,6.125,11.75],"tintindex":0,"rotation":0,"texture":"#0"},"north":{"uv":[5.5,6.875,6.0,8.625],"tintindex":0,"rotation":0,"texture":"#0"},"west":{"uv":[10.125,3.0,10.625,4.75],"tintindex":0,"rotation":0,"texture":"#0"},"up":{"uv":[7.625,4.0,7.125,3.5],"tintindex":0,"rotation":0,"texture":"#0"},"down":{"uv":[6.75,8.75,6.25,9.25],"tintindex":0,"rotation":0,"texture":"#0"}},"rotation":{"origin":[-6.2010612,2.1398058,31.333334],"angle":45.0,"axis":"z"}},{"from":[6.9656053,-15.526861,10.333334],"to":[8.298939,-11.193527,11.666667],"faces":{"east":{"uv":[1.0,10.75,1.5,12.375],"tintindex":0,"rotation":0,"texture":"#0"},"south":{"uv":[1.5,10.75,2.0,12.375],"tintindex":0,"rotation":0,"texture":"#0"},"north":{"uv":[0.5,10.75,1.0,12.375],"tintindex":0,"rotation":0,"texture":"#0"},"west":{"uv":[2.0,10.75,2.5,12.375],"tintindex":0,"rotation":0,"texture":"#0"},"up":{"uv":[5.125,6.0,4.625,5.5],"tintindex":0,"rotation":0,"texture":"#0"},"down":{"uv":[5.125,6.0,4.625,6.5],"tintindex":0,"rotation":0,"texture":"#0"}},"rotation":{"origin":[-6.2010612,2.1398058,31.333334],"angle":45.0,"axis":"z"}}],"display":{"gui":{"rotation":[30,225,0]}}}