{"credit":"Made with Blockbench","texture_size":[20,20],"textures":{"1":"tavern:items/sets/cyber/blue/bow","2":"tavern:items/sets/cyber/blue/animation_1-sheet","3":"tavern:items/sets/cyber/blue/animation_2-sheet","particle":"tavern:items/sets/cyber/blue/animation_1-sheet"},"elements":[{"from":[7.5244,9.1957,1.76624],"to":[8.4756,10.1469,3.66864],"rotation":{"angle":45,"axis":"x","origin":[8,8.00174,8]},"faces":{"north":{"uv":[7.2,4.8,8,5.6],"texture":"#1"},"east":{"uv":[9.6,3.2,11.2,4],"texture":"#1"},"south":{"uv":[11.2,9.6,12,10.4],"texture":"#1"},"west":{"uv":[7.2,11.2,8.8,12],"texture":"#1"},"up":{"uv":[12.8,4.8,12,3.2],"texture":"#1"},"down":{"uv":[12.8,4.8,12,6.4],"texture":"#1"}}},{"from":[7.5244,15.09576,10.14029],"to":[8.4756,16.99816,11.09149],"rotation":{"angle":-45,"axis":"x","origin":[8,16.04696,10.61589]},"faces":{"north":{"uv":[8.8,12,9.6,13.6],"texture":"#1"},"east":{"uv":[9.6,12,10.4,13.6],"texture":"#1"},"south":{"uv":[12,9.6,12.8,11.2],"texture":"#1"},"west":{"uv":[10.4,12,11.2,13.6],"texture":"#1"},"up":{"uv":[13.6,4.8,12.8,4],"texture":"#1"},"down":{"uv":[13.6,4.8,12.8,5.6],"texture":"#1"}}},{"from":[7.4,4.55423,4.55423],"to":[8.6,6.55423,6.55423],"rotation":{"angle":45,"axis":"x","origin":[8,8,8]},"faces":{"north":{"uv":[9.6,1.6,10.6,3.2],"texture":"#1"},"east":{"uv":[7.2,1.6,8.8,3.2],"texture":"#1"},"south":{"uv":[4,9.6,5,11.2],"texture":"#1"},"west":{"uv":[7.2,3.2,8.8,4.8],"texture":"#1"},"up":{"uv":[6.6,11.2,5.6,9.6],"texture":"#1"},"down":{"uv":[10.6,5.6,9.6,7.2],"texture":"#1"}}},{"from":[7.2,4.75423,4.75423],"to":[8.8,6.35423,6.35423],"rotation":{"angle":45,"axis":"x","origin":[8,8,8]},"faces":{"north":{"uv":[7.2,9.6,8.4,10.8],"texture":"#1"},"east":{"uv":[9.6,7.2,10.8,8.4],"texture":"#1"},"south":{"uv":[9.6,8.8,10.8,10],"texture":"#1"},"west":{"uv":[8.8,10.4,10,11.6],"texture":"#1"},"up":{"uv":[11.6,11.6,10.4,10.4],"texture":"#1"},"down":{"uv":[12.4,1.6,11.2,2.8],"texture":"#1"}}},{"from":[7.5,5.55597,4.05423],"to":[8.5,7.55597,5.05423],"rotation":{"angle":45,"axis":"x","origin":[8,8.00174,8]},"faces":{"north":{"uv":[12,6.4,12.8,8],"texture":"#1"},"east":{"uv":[7.2,12,8,13.6],"texture":"#1"},"south":{"uv":[8,12,8.8,13.6],"texture":"#1"},"west":{"uv":[12,8,12.8,9.6],"texture":"#1"},"up":{"uv":[2.4,13.6,1.6,12.8],"texture":"#1"},"down":{"uv":[13.6,1.6,12.8,2.4],"texture":"#1"}}},{"from":[7.6,7.39122,3.52205],"to":[8.4,10.39122,4.52205],"rotation":{"angle":22.5,"axis":"x","origin":[8,8.00174,8]},"faces":{"north":{"uv":[11.2,3.2,11.8,5.6],"texture":"#1"},"east":{"uv":[4,7.2,4.8,9.6],"texture":"#1"},"south":{"uv":[4,11.2,4.6,13.6],"texture":"#1"},"west":{"uv":[4.8,7.2,5.6,9.6],"texture":"#1"},"up":{"uv":[13.4,6.4,12.8,5.6],"texture":"#1"},"down":{"uv":[13.4,6.4,12.8,7.2],"texture":"#1"}}},{"from":[7.6,6.38361,2.07133],"to":[8.4,9.38361,3.07133],"rotation":{"angle":45,"axis":"x","origin":[8,8.00174,8]},"faces":{"north":{"uv":[4.8,11.2,5.4,13.6],"texture":"#1"},"east":{"uv":[5.6,7.2,6.4,9.6],"texture":"#1"},"south":{"uv":[5.6,11.2,6.2,13.6],"texture":"#1"},"west":{"uv":[6.4,7.2,7.2,9.6],"texture":"#1"},"up":{"uv":[13.4,8,12.8,7.2],"texture":"#1"},"down":{"uv":[13.4,8,12.8,8.8],"texture":"#1"}}},{"from":[7.8,6.78361,3.07134],"to":[8.2,7.78361,4.07134],"rotation":{"angle":45,"axis":"x","origin":[8,8.00174,8]},"faces":{"north":{"uv":[12.8,8.8,13.2,9.6],"texture":"#1"},"east":{"uv":[2.4,12.8,3.2,13.6],"texture":"#1"},"south":{"uv":[12.8,9.6,13.2,10.4],"texture":"#1"},"west":{"uv":[12.8,2.4,13.6,3.2],"texture":"#1"},"up":{"uv":[13.2,11.2,12.8,10.4],"texture":"#1"},"down":{"uv":[13.2,11.2,12.8,12],"texture":"#1"}}},{"from":[7.5,9.39122,3.04705],"to":[8.5,12.39122,4.04705],"rotation":{"angle":22.5,"axis":"x","origin":[8,8.00174,8]},"faces":{"north":{"uv":[7.2,7.2,8,9.6],"texture":"#1"},"east":{"uv":[8,4.8,8.8,7.2],"texture":"#1"},"south":{"uv":[8,7.2,8.8,9.6],"texture":"#1"},"west":{"uv":[8.8,1.6,9.6,4],"texture":"#1"},"up":{"uv":[4,13.6,3.2,12.8],"texture":"#1"},"down":{"uv":[13.6,3.2,12.8,4],"texture":"#1"}}},{"from":[7.75,12.83785,7.64584],"to":[8.25,13.83785,10.64584],"rotation":{"angle":-22.5,"axis":"x","origin":[8,8.00174,8]},"faces":{"north":{"uv":[12.8,12,13.2,12.8],"texture":"#1"},"east":{"uv":[8.8,4,11.2,4.8],"texture":"#1"},"south":{"uv":[12.8,12.8,13.2,13.6],"texture":"#1"},"west":{"uv":[8.8,4.8,11.2,5.6],"texture":"#1"},"up":{"uv":[11.6,14.4,11.2,12],"texture":"#1"},"down":{"uv":[12.4,11.2,12,13.6],"texture":"#1"}}},{"from":[7.755,12.29688,3.54454],"to":[8.245,15.29688,4.54454],"rotation":{"angle":45,"axis":"x","origin":[8,8.00174,8]},"faces":{"north":{"uv":[0,12.8,0.4,15.2],"texture":"#1"},"east":{"uv":[8.8,5.6,9.6,8],"texture":"#1"},"south":{"uv":[0.8,12.8,1.2,15.2],"texture":"#1"},"west":{"uv":[8.8,8,9.6,10.4],"texture":"#1"},"up":{"uv":[2,14.4,1.6,13.6],"texture":"#1"},"down":{"uv":[14,1.6,13.6,2.4],"texture":"#1"}}},{"from":[8,9.10887,1.43565],"to":[8,14.10887,3.43565],"rotation":{"angle":22.5,"axis":"x","origin":[8,8.00174,8]},"faces":{"north":{"uv":[0,0,0,4],"texture":"#1"},"east":{"uv":[7.2,1.6,5.6,5.6],"texture":"#1"},"south":{"uv":[0,0,0,4],"texture":"#1"},"west":{"uv":[5.6,1.6,7.2,5.6],"texture":"#1"},"up":{"uv":[0,1.6,0,0],"texture":"#1"},"down":{"uv":[0,0,0,1.6],"texture":"#1"}}},{"from":[8,15.36368,6.9396],"to":[8,17.36368,11.9396],"rotation":{"angle":-45,"axis":"x","origin":[8,16.36368,9.4396]},"faces":{"north":{"uv":[0,0,0,1.6],"rotation":180,"texture":"#1"},"east":{"uv":[7.2,1.6,5.6,5.6],"rotation":270,"texture":"#1"},"south":{"uv":[0,1.6,0,0],"texture":"#1"},"west":{"uv":[5.6,1.6,7.2,5.6],"rotation":90,"texture":"#1"},"up":{"uv":[0,0,0,4],"rotation":180,"texture":"#1"},"down":{"uv":[0,0,0,4],"texture":"#1"}}},{"from":[8,1.89113,1.43565],"to":[8,6.89113,3.43565],"rotation":{"angle":-22.5,"axis":"x","origin":[8,7.99826,8]},"faces":{"north":{"uv":[0,4,0,0],"texture":"#1"},"east":{"uv":[7.2,5.6,5.6,1.6],"texture":"#1"},"south":{"uv":[0,4,0,0],"texture":"#1"},"west":{"uv":[5.6,5.6,7.2,1.6],"texture":"#1"},"up":{"uv":[0,1.6,0,0],"texture":"#1"},"down":{"uv":[0,0,0,1.6],"texture":"#1"}}},{"from":[8,-1.36368,6.9396],"to":[8,0.63632,11.9396],"rotation":{"angle":45,"axis":"x","origin":[8,-0.36368,9.4396]},"faces":{"north":{"uv":[0,1.6,0,0],"rotation":180,"texture":"#1"},"east":{"uv":[5.6,1.6,7.2,5.6],"rotation":270,"texture":"#1"},"south":{"uv":[0,0,0,1.6],"texture":"#1"},"west":{"uv":[7.2,1.6,5.6,5.6],"rotation":90,"texture":"#1"},"up":{"uv":[0,4,0,0],"texture":"#1"},"down":{"uv":[0,4,0,0],"rotation":180,"texture":"#1"}}},{"from":[7.8,13.86865,5.11836],"to":[8.2,14.86865,9.71836],"rotation":{"angle":-22.5,"axis":"x","origin":[8.2,14.36865,7.61836]},"faces":{"north":{"uv":[2.4,13.6,2.8,14.4],"texture":"#1"},"east":{"uv":[4,5.6,7.6,6.4],"texture":"#1"},"south":{"uv":[13.6,2.4,14,3.2],"texture":"#1"},"west":{"uv":[4,6.4,7.6,7.2],"texture":"#1"},"up":{"uv":[11.6,9.2,11.2,5.6],"texture":"#1"},"down":{"uv":[6.8,11.2,6.4,14.8],"texture":"#1"}}},{"from":[7.5244,5.8531,1.76624],"to":[8.4756,6.8043,3.66864],"rotation":{"angle":-45,"axis":"x","origin":[8,7.99826,8]},"faces":{"north":{"uv":[7.2,5.6,8,4.8],"texture":"#1"},"east":{"uv":[9.6,4,11.2,3.2],"texture":"#1"},"south":{"uv":[11.2,10.4,12,9.6],"texture":"#1"},"west":{"uv":[7.2,12,8.8,11.2],"texture":"#1"},"up":{"uv":[12.8,6.4,12,4.8],"texture":"#1"},"down":{"uv":[12.8,3.2,12,4.8],"texture":"#1"}}},{"from":[7.5,8.44403,4.05423],"to":[8.5,10.44403,5.05423],"rotation":{"angle":-45,"axis":"x","origin":[8,7.99826,8]},"faces":{"north":{"uv":[12,8,12.8,6.4],"texture":"#1"},"east":{"uv":[7.2,13.6,8,12],"texture":"#1"},"south":{"uv":[8,13.6,8.8,12],"texture":"#1"},"west":{"uv":[12,9.6,12.8,8],"texture":"#1"},"up":{"uv":[13.6,2.4,12.8,1.6],"texture":"#1"},"down":{"uv":[2.4,12.8,1.6,13.6],"texture":"#1"}}},{"from":[7.6,5.60878,3.52205],"to":[8.4,8.60878,4.52205],"rotation":{"angle":-22.5,"axis":"x","origin":[8,7.99826,8]},"faces":{"north":{"uv":[11.2,5.6,11.8,3.2],"texture":"#1"},"east":{"uv":[4,9.6,4.8,7.2],"texture":"#1"},"south":{"uv":[4,13.6,4.6,11.2],"texture":"#1"},"west":{"uv":[4.8,9.6,5.6,7.2],"texture":"#1"},"up":{"uv":[13.4,7.2,12.8,6.4],"texture":"#1"},"down":{"uv":[13.4,5.6,12.8,6.4],"texture":"#1"}}},{"from":[7.6,6.61639,2.07133],"to":[8.4,9.61639,3.07133],"rotation":{"angle":-45,"axis":"x","origin":[8,7.99826,8]},"faces":{"north":{"uv":[4.8,13.6,5.4,11.2],"texture":"#1"},"east":{"uv":[5.6,9.6,6.4,7.2],"texture":"#1"},"south":{"uv":[5.6,13.6,6.2,11.2],"texture":"#1"},"west":{"uv":[6.4,9.6,7.2,7.2],"texture":"#1"},"up":{"uv":[13.4,8.8,12.8,8],"texture":"#1"},"down":{"uv":[13.4,7.2,12.8,8],"texture":"#1"}}},{"from":[7.8,8.21639,3.07134],"to":[8.2,9.21639,4.07134],"rotation":{"angle":-45,"axis":"x","origin":[8,7.99826,8]},"faces":{"north":{"uv":[12.8,9.6,13.2,8.8],"texture":"#1"},"east":{"uv":[2.4,13.6,3.2,12.8],"texture":"#1"},"south":{"uv":[12.8,10.4,13.2,9.6],"texture":"#1"},"west":{"uv":[12.8,3.2,13.6,2.4],"texture":"#1"},"up":{"uv":[13.2,12,12.8,11.2],"texture":"#1"},"down":{"uv":[13.2,10.4,12.8,11.2],"texture":"#1"}}},{"from":[7.5,3.60878,3.04705],"to":[8.5,6.60878,4.04705],"rotation":{"angle":-22.5,"axis":"x","origin":[8,7.99826,8]},"faces":{"north":{"uv":[7.2,9.6,8,7.2],"texture":"#1"},"east":{"uv":[8,7.2,8.8,4.8],"texture":"#1"},"south":{"uv":[8,9.6,8.8,7.2],"texture":"#1"},"west":{"uv":[8.8,4,9.6,1.6],"texture":"#1"},"up":{"uv":[13.6,4,12.8,3.2],"texture":"#1"},"down":{"uv":[4,12.8,3.2,13.6],"texture":"#1"}}},{"from":[7.75,2.16215,7.64584],"to":[8.25,3.16215,10.64584],"rotation":{"angle":22.5,"axis":"x","origin":[8,7.99826,8]},"faces":{"north":{"uv":[12.8,12.8,13.2,12],"texture":"#1"},"east":{"uv":[8.8,4.8,11.2,4],"texture":"#1"},"south":{"uv":[12.8,13.6,13.2,12.8],"texture":"#1"},"west":{"uv":[8.8,5.6,11.2,4.8],"texture":"#1"},"up":{"uv":[12.4,13.6,12,11.2],"texture":"#1"},"down":{"uv":[11.6,12,11.2,14.4],"texture":"#1"}}},{"from":[7.755,0.70312,3.54454],"to":[8.245,3.70312,4.54454],"rotation":{"angle":-45,"axis":"x","origin":[8,7.99826,8]},"faces":{"north":{"uv":[0,15.2,0.4,12.8],"texture":"#1"},"east":{"uv":[8.8,8,9.6,5.6],"texture":"#1"},"south":{"uv":[0.8,15.2,1.2,12.8],"texture":"#1"},"west":{"uv":[8.8,10.4,9.6,8],"texture":"#1"},"up":{"uv":[14,2.4,13.6,1.6],"texture":"#1"},"down":{"uv":[2,13.6,1.6,14.4],"texture":"#1"}}},{"from":[7.8,1.13135,5.11836],"to":[8.2,2.13135,9.71836],"rotation":{"angle":22.5,"axis":"x","origin":[8.2,1.63135,7.61836]},"faces":{"north":{"uv":[2.4,14.4,2.8,13.6],"texture":"#1"},"east":{"uv":[4,6.4,7.6,5.6],"texture":"#1"},"south":{"uv":[13.6,3.2,14,2.4],"texture":"#1"},"west":{"uv":[4,7.2,7.6,6.4],"texture":"#1"},"up":{"uv":[6.8,14.8,6.4,11.2],"texture":"#1"},"down":{"uv":[11.6,5.6,11.2,9.2],"texture":"#1"}}},{"from":[7.5244,-0.99816,10.14029],"to":[8.4756,0.90424,11.09149],"rotation":{"angle":45,"axis":"x","origin":[8,-0.04696,10.61589]},"faces":{"north":{"uv":[8.8,13.6,9.6,12],"texture":"#1"},"east":{"uv":[9.6,13.6,10.4,12],"texture":"#1"},"south":{"uv":[12,11.2,12.8,9.6],"texture":"#1"},"west":{"uv":[10.4,13.6,11.2,12],"texture":"#1"},"up":{"uv":[13.6,5.6,12.8,4.8],"texture":"#1"},"down":{"uv":[13.6,4,12.8,4.8],"texture":"#1"}}},{"from":[8,0,10.8],"to":[8,16,15.8],"rotation":{"angle":0,"axis":"y","origin":[8,2,10.8]},"faces":{"north":{"uv":[0,0,0,12.8],"texture":"#1"},"east":{"uv":[4,0,0,12.8],"texture":"#1"},"south":{"uv":[0,0,0,12.8],"texture":"#1"},"west":{"uv":[0,0,4,12.8],"texture":"#1"},"up":{"uv":[0,4,0,0],"texture":"#1"},"down":{"uv":[0,0,0,4],"texture":"#1"}}},{"from":[8,7,-4.2],"to":[8,9,10.8],"rotation":{"angle":45,"axis":"z","origin":[8,8,3.3]},"faces":{"north":{"uv":[0,0,0,1.6],"texture":"#1"},"east":{"uv":[4,1.6,16,0],"rotation":180,"texture":"#1"},"south":{"uv":[0,0,0,1.6],"texture":"#1"},"west":{"uv":[4,0,16,1.6],"texture":"#1"},"up":{"uv":[0,12,0,0],"texture":"#1"},"down":{"uv":[0,0,0,12],"texture":"#1"}}},{"from":[8,7,-4.2],"to":[8,9,10.8],"rotation":{"angle":-45,"axis":"z","origin":[8,8,3.3]},"faces":{"north":{"uv":[0,0,0,1.6],"texture":"#1"},"east":{"uv":[4,1.6,16,0],"rotation":180,"texture":"#1"},"south":{"uv":[0,0,0,1.6],"texture":"#1"},"west":{"uv":[4,0,16,1.6],"texture":"#1"},"up":{"uv":[0,12,0,0],"texture":"#1"},"down":{"uv":[0,0,0,12],"texture":"#1"}}},{"from":[3.5,3.5,0],"to":[12.5,12.5,0],"rotation":{"angle":-45,"axis":"z","origin":[8,8,0]},"faces":{"north":{"uv":[0,0,11.96667,12],"texture":"#2"},"east":{"uv":[0,0,0,7.2],"texture":"#2"},"south":{"uv":[11.96667,0,0,12],"texture":"#2"},"west":{"uv":[0,0,0,7.2],"texture":"#2"},"up":{"uv":[0,7.2,0,0],"rotation":90,"texture":"#2"},"down":{"uv":[0,0,0,7.2],"rotation":270,"texture":"#2"}}},{"from":[8.6,-4.14564,4.36497],"to":[8.6,7.85436,9.36497],"rotation":{"angle":-45,"axis":"x","origin":[8.6,1.85436,6.86497]},"faces":{"north":{"uv":[0,9.6,0,0],"texture":"#3"},"east":{"uv":[5.66667,16,0,0],"texture":"#3"},"south":{"uv":[0,9.6,0,0],"texture":"#3"},"west":{"uv":[0,16,5.66667,0],"texture":"#3"},"up":{"uv":[0,4,0,0],"texture":"#3"},"down":{"uv":[0,0,0,4],"texture":"#3"}}},{"from":[7.4,-4.14564,4.36497],"to":[7.4,7.85436,9.36497],"rotation":{"angle":-45,"axis":"x","origin":[7.4,1.85436,6.86497]},"faces":{"north":{"uv":[0,9.6,0,0],"texture":"#3"},"east":{"uv":[5.66667,16,0,0],"texture":"#3"},"south":{"uv":[0,9.6,0,0],"texture":"#3"},"west":{"uv":[0,16,5.66667,0],"texture":"#3"},"up":{"uv":[0,4,0,0],"texture":"#3"},"down":{"uv":[0,0,0,4],"texture":"#3"}}},{"from":[8.6,8.14564,4.36497],"to":[8.6,20.14564,9.36497],"rotation":{"angle":45,"axis":"x","origin":[8.6,14.14564,6.86497]},"faces":{"north":{"uv":[0,0,0,9.6],"texture":"#3"},"east":{"uv":[5.66667,0,0,16],"texture":"#3"},"south":{"uv":[0,0,0,9.6],"texture":"#3"},"west":{"uv":[0,0,5.66667,16],"texture":"#3"},"up":{"uv":[0,4,0,0],"texture":"#3"},"down":{"uv":[0,0,0,4],"texture":"#3"}}},{"from":[7.4,8.14564,4.36497],"to":[7.4,20.14564,9.36497],"rotation":{"angle":45,"axis":"x","origin":[7.4,14.14564,6.86497]},"faces":{"north":{"uv":[0,0,0,9.6],"texture":"#3"},"east":{"uv":[5.66667,0,0,16],"texture":"#3"},"south":{"uv":[0,0,0,9.6],"texture":"#3"},"west":{"uv":[0,0,5.66667,16],"texture":"#3"},"up":{"uv":[0,4,0,0],"texture":"#3"},"down":{"uv":[0,0,0,4],"texture":"#3"}}}],"gui_light":"front","display":{"thirdperson_righthand":{"translation":[0,-2,3.5]},"thirdperson_lefthand":{"translation":[0,-2,3.5]},"firstperson_righthand":{"rotation":[17.33,36.98,-2.13],"translation":[1.5,4.75,-0.5],"scale":[0.9082,0.9082,0.9082]},"firstperson_lefthand":{"rotation":[17.33,36.98,-2.13],"translation":[1.5,4.75,-0.5],"scale":[0.9082,0.9082,0.9082]},"ground":{"rotation":[0,0,-77],"translation":[0,-0.5,0],"scale":[0.8418,0.8418,0.8418]},"gui":{"rotation":[90,-45,90],"translation":[0.75,0.25,0],"scale":[0.79219,0.79219,0.79219]},"head":{"scale":[0,0,0]},"fixed":{"rotation":[-90,90,90],"translation":[2.25,0,-2.25],"scale":[2.13594,2.13594,2.13594]}}}