{"credit":"MadewithBlockbench","texture_size":[24,24],"textures":{"1":"tavern:items/sets/cyber/blue/animation_1-sheet","2":"tavern:items/sets/cyber/blue/hammer","particle":"tavern:items/sets/cyber/blue/hammer"},"elements":[{"from":[7.32,-0.18,7.32],"to":[8.68,1.18,8.68],"rotation":{"angle":-45,"axis":"x","origin":[8,0.5,8]},"faces":{"north":{"uv":[10.66667,12,11.5,12.83333],"texture":"#2"},"east":{"uv":[12,10.66667,12.83333,11.5],"texture":"#2"},"south":{"uv":[12,12,12.83333,12.83333],"texture":"#2"},"west":{"uv":[0,12.66667,0.83333,13.5],"texture":"#2"},"up":{"uv":[13.5,0.83333,12.66667,0],"texture":"#2"},"down":{"uv":[2.16667,12.66667,1.33333,13.5],"texture":"#2"}}},{"from":[7.59,-0.25096,6.36],"to":[8.41,0.56904,9.64],"rotation":{"angle":0,"axis":"y","origin":[7.59,-0.25096,8]},"faces":{"north":{"uv":[5.33333,14,5.83333,14.5],"texture":"#2"},"east":{"uv":[9.33333,1.33333,11.5,1.83333],"texture":"#2"},"south":{"uv":[14,5.33333,14.5,5.83333],"texture":"#2"},"west":{"uv":[9.33333,7.33333,11.5,7.83333],"texture":"#2"},"up":{"uv":[9.16667,11.5,8.66667,9.33333],"texture":"#2"},"down":{"uv":[9.83333,9.33333,9.33333,11.5],"texture":"#2"}}},{"from":[7.5244,0.02784,5.6384],"to":[8.4756,1.93024,6.5896],"rotation":{"angle":22.5,"axis":"x","origin":[8,0.15904,5.54]},"faces":{"north":{"uv":[3.33333,4.66667,4,6],"texture":"#2"},"east":{"uv":[10,10.66667,10.66667,12],"texture":"#2"},"south":{"uv":[10.66667,10.66667,11.33333,12],"texture":"#2"},"west":{"uv":[0,11.33333,0.66667,12.66667],"texture":"#2"},"up":{"uv":[4,2.66667,3.33333,2],"texture":"#2"},"down":{"uv":[10,8,9.33333,8.66667],"texture":"#2"}}},{"from":[7.7704,-0.10667,7.1011],"to":[8.2296,0.97573,8.0523],"rotation":{"angle":22.5,"axis":"x","origin":[8.246,1.09053,7.5767]},"faces":{"north":{"uv":[14,9.33333,14.33333,10],"texture":"#2"},"east":{"uv":[10.66667,6.66667,11.33333,7.33333],"texture":"#2"},"south":{"uv":[10,14,10.33333,14.66667],"texture":"#2"},"west":{"uv":[8,12.66667,8.66667,13.33333],"texture":"#2"},"up":{"uv":[14.33333,10.66667,14,10],"texture":"#2"},"down":{"uv":[11,14,10.66667,14.66667],"texture":"#2"}}},{"from":[7.7704,-0.10667,7.9477],"to":[8.2296,0.97573,8.8989],"rotation":{"angle":-22.5,"axis":"x","origin":[8.246,1.09053,8.4233]},"faces":{"north":{"uv":[14,10.66667,14.33333,11.33333],"texture":"#2"},"east":{"uv":[12.66667,8.66667,13.33333,9.33333],"texture":"#2"},"south":{"uv":[11.33333,14,11.66667,14.66667],"texture":"#2"},"west":{"uv":[12.66667,9.33333,13.33333,10],"texture":"#2"},"up":{"uv":[14.33333,12,14,11.33333],"texture":"#2"},"down":{"uv":[12.33333,14,12,14.66667],"texture":"#2"}}},{"from":[7.5244,0.02784,9.4104],"to":[8.4756,1.93024,10.3616],"rotation":{"angle":-22.5,"axis":"x","origin":[8,0.15904,10.46]},"faces":{"north":{"uv":[11.33333,0,12,1.33333],"texture":"#2"},"east":{"uv":[0.66667,11.33333,1.33333,12.66667],"texture":"#2"},"south":{"uv":[2,11.33333,2.66667,12.66667],"texture":"#2"},"west":{"uv":[11.33333,2,12,3.33333],"texture":"#2"},"up":{"uv":[13.33333,10.66667,12.66667,10],"texture":"#2"},"down":{"uv":[4,13.33333,3.33333,14],"texture":"#2"}}},{"from":[7.6,1,7.6],"to":[8.4,2,8.4],"rotation":{"angle":0,"axis":"y","origin":[7.5,7.5,7.5]},"faces":{"north":{"uv":[12,13.33333,12.5,14],"texture":"#2"},"east":{"uv":[13.33333,12,13.83333,12.66667],"texture":"#2"},"south":{"uv":[12.66667,13.33333,13.16667,14],"texture":"#2"},"west":{"uv":[13.33333,12.66667,13.83333,13.33333],"texture":"#2"},"up":{"uv":[6.5,14.5,6,14],"texture":"#2"},"down":{"uv":[14.5,6,14,6.5],"texture":"#2"}}},{"from":[7.4,4,7.4],"to":[8.6,5,8.6],"rotation":{"angle":0,"axis":"y","origin":[7.5,7.5,7.5]},"faces":{"north":{"uv":[12.66667,5.33333,13.5,6],"texture":"#2"},"east":{"uv":[6,12.66667,6.83333,13.33333],"texture":"#2"},"south":{"uv":[12.66667,6,13.5,6.66667],"texture":"#2"},"west":{"uv":[12.66667,6.66667,13.5,7.33333],"texture":"#2"},"up":{"uv":[13.5,2.16667,12.66667,1.33333],"texture":"#2"},"down":{"uv":[13.5,2.66667,12.66667,3.5],"texture":"#2"}}},{"from":[7.6,7,7.6],"to":[8.4,8,8.4],"rotation":{"angle":0,"axis":"y","origin":[7.5,7.5,7.5]},"faces":{"north":{"uv":[13.33333,13.33333,13.83333,14],"texture":"#2"},"east":{"uv":[0,14,0.5,14.66667],"texture":"#2"},"south":{"uv":[14,0,14.5,0.66667],"texture":"#2"},"west":{"uv":[0.66667,14,1.16667,14.66667],"texture":"#2"},"up":{"uv":[7.16667,14.5,6.66667,14],"texture":"#2"},"down":{"uv":[14.5,6.66667,14,7.16667],"texture":"#2"}}},{"from":[7.5,2,7.5],"to":[8.5,4,8.5],"rotation":{"angle":0,"axis":"y","origin":[7.5,7.5,7.5]},"faces":{"north":{"uv":[2.66667,11.33333,3.33333,12.66667],"texture":"#2"},"east":{"uv":[11.33333,3.33333,12,4.66667],"texture":"#2"},"south":{"uv":[11.33333,4.66667,12,6],"texture":"#2"},"west":{"uv":[11.33333,6,12,7.33333],"texture":"#2"},"up":{"uv":[4.66667,14,4,13.33333],"texture":"#2"},"down":{"uv":[6.66667,13.33333,6,14],"texture":"#2"}}},{"from":[7.5,5,7.5],"to":[8.5,7,8.5],"rotation":{"angle":0,"axis":"y","origin":[7.5,7.5,7.5]},"faces":{"north":{"uv":[11.33333,8,12,9.33333],"texture":"#2"},"east":{"uv":[11.33333,9.33333,12,10.66667],"texture":"#2"},"south":{"uv":[11.33333,10.66667,12,12],"texture":"#2"},"west":{"uv":[12,0,12.66667,1.33333],"texture":"#2"},"up":{"uv":[7.33333,14,6.66667,13.33333],"texture":"#2"},"down":{"uv":[8.66667,13.33333,8,14],"texture":"#2"}}},{"from":[7.4,19.1,6.5],"to":[8.6,21.1,8.5],"rotation":{"angle":-45,"axis":"x","origin":[7.9,20.6,8]},"faces":{"north":{"uv":[9.33333,4.66667,10.16667,6],"texture":"#2"},"east":{"uv":[7.33333,2,8.66667,3.33333],"texture":"#2"},"south":{"uv":[6,9.33333,6.83333,10.66667],"texture":"#2"},"west":{"uv":[7.33333,3.33333,8.66667,4.66667],"texture":"#2"},"up":{"uv":[10.16667,7.33333,9.33333,6],"texture":"#2"},"down":{"uv":[8.16667,9.33333,7.33333,10.66667],"texture":"#2"}}},{"from":[7.2,19.3,6.7],"to":[8.8,20.9,8.3],"rotation":{"angle":-45,"axis":"x","origin":[7.9,20.6,8]},"faces":{"north":{"uv":[0,10,1,11],"texture":"#2"},"east":{"uv":[10,2,11,3],"texture":"#2"},"south":{"uv":[10,3.33333,11,4.33333],"texture":"#2"},"west":{"uv":[10,8,11,9],"texture":"#2"},"up":{"uv":[11,10.33333,10,9.33333],"texture":"#2"},"down":{"uv":[4.33333,10.66667,3.33333,11.66667],"texture":"#2"}}},{"from":[7.5,18.18579,6.37868],"to":[8.5,20.18579,7.37868],"rotation":{"angle":-45,"axis":"x","origin":[7.5,19.18579,5.87868]},"faces":{"north":{"uv":[12,1.33333,12.66667,2.66667],"texture":"#2"},"east":{"uv":[12,2.66667,12.66667,4],"texture":"#2"},"south":{"uv":[3.33333,12,4,13.33333],"texture":"#2"},"west":{"uv":[4,12,4.66667,13.33333],"texture":"#2"},"up":{"uv":[9.33333,14,8.66667,13.33333],"texture":"#2"},"down":{"uv":[14,8.66667,13.33333,9.33333],"texture":"#2"}}},{"from":[7.5,7.9,7],"to":[8.5,10.2,9.3],"rotation":{"angle":-45,"axis":"x","origin":[8,8.9,8]},"faces":{"north":{"uv":[1.33333,10.66667,2,12.16667],"texture":"#2"},"east":{"uv":[6,6.66667,7.5,8.16667],"texture":"#2"},"south":{"uv":[4.66667,10.66667,5.33333,12.16667],"texture":"#2"},"west":{"uv":[7.33333,0,8.83333,1.5],"texture":"#2"},"up":{"uv":[11.33333,6.16667,10.66667,4.66667],"texture":"#2"},"down":{"uv":[6,10.66667,5.33333,12.16667],"texture":"#2"}}},{"from":[8,19.525,0.75],"to":[8,21.525,5.75],"rotation":{"angle":0,"axis":"x","origin":[8,20.525,3.25]},"faces":{"north":{"uv":[0,0,0,1.33333],"texture":"#2"},"east":{"uv":[0,0,3.33333,1.33333],"texture":"#2"},"south":{"uv":[0,0,0,1.33333],"texture":"#2"},"west":{"uv":[0,1.33333,3.33333,2.66667],"texture":"#2"},"up":{"uv":[0,3.33333,0,0],"texture":"#2"},"down":{"uv":[0,0,0,3.33333],"texture":"#2"}}},{"from":[8,14.875,0.75],"to":[8,16.875,5.75],"rotation":{"angle":0,"axis":"x","origin":[8,15.875,3.25]},"faces":{"north":{"uv":[0,1.33333,0,0],"texture":"#2"},"east":{"uv":[0,1.33333,3.33333,0],"texture":"#2"},"south":{"uv":[0,1.33333,0,0],"texture":"#2"},"west":{"uv":[0,2.66667,3.33333,1.33333],"texture":"#2"},"up":{"uv":[0,3.33333,0,0],"texture":"#2"},"down":{"uv":[0,0,0,3.33333],"texture":"#2"}}},{"from":[4.7,18.225,0.75],"to":[6.7,18.225,5.75],"rotation":{"angle":0,"axis":"z","origin":[5.7,18.225,3.25]},"faces":{"north":{"uv":[0,0,0,1.33333],"rotation":90,"texture":"#2"},"east":{"uv":[0,0,0,3.33333],"rotation":270,"texture":"#2"},"south":{"uv":[0,0,0,1.33333],"rotation":270,"texture":"#2"},"west":{"uv":[0,3.33333,0,0],"rotation":270,"texture":"#2"},"up":{"uv":[0,0,3.33333,1.33333],"rotation":270,"texture":"#2"},"down":{"uv":[0,1.33333,3.33333,2.66667],"rotation":270,"texture":"#2"}}},{"from":[9.3,18.225,0.75],"to":[11.3,18.225,5.75],"rotation":{"angle":0,"axis":"z","origin":[10.3,18.225,3.25]},"faces":{"north":{"uv":[0,1.33333,0,0],"rotation":90,"texture":"#2"},"east":{"uv":[0,0,0,3.33333],"rotation":270,"texture":"#2"},"south":{"uv":[0,1.33333,0,0],"rotation":270,"texture":"#2"},"west":{"uv":[0,3.33333,0,0],"rotation":270,"texture":"#2"},"up":{"uv":[0,1.33333,3.33333,0],"rotation":270,"texture":"#2"},"down":{"uv":[0,2.66667,3.33333,1.33333],"rotation":270,"texture":"#2"}}},{"from":[8,16.125,11.75],"to":[8,21.125,13.75],"rotation":{"angle":22.5,"axis":"x","origin":[8,19.125,12.75]},"faces":{"north":{"uv":[0,3.33333,0,0],"rotation":180,"texture":"#2"},"east":{"uv":[3.33333,0,0,1.33333],"rotation":270,"texture":"#2"},"south":{"uv":[0,0,0,3.33333],"texture":"#2"},"west":{"uv":[3.33333,1.33333,0,2.66667],"rotation":90,"texture":"#2"},"up":{"uv":[0,0,0,1.33333],"rotation":180,"texture":"#2"},"down":{"uv":[0,0,0,1.33333],"texture":"#2"}}},{"from":[7.6,10.1,7.6],"to":[8.4,11.1,8.4],"rotation":{"angle":0,"axis":"y","origin":[7.5,10.1,7.5]},"faces":{"north":{"uv":[14,0.66667,14.5,1.33333],"texture":"#2"},"east":{"uv":[1.33333,14,1.83333,14.66667],"texture":"#2"},"south":{"uv":[14,1.33333,14.5,2],"texture":"#2"},"west":{"uv":[2,14,2.5,14.66667],"texture":"#2"},"up":{"uv":[8.5,14.5,8,14],"texture":"#2"},"down":{"uv":[9.16667,14,8.66667,14.5],"texture":"#2"}}},{"from":[7.6,18.1,7.6],"to":[8.4,19.1,8.4],"rotation":{"angle":0,"axis":"y","origin":[7.5,18.1,7.5]},"faces":{"north":{"uv":[14,2,14.5,2.66667],"texture":"#2"},"east":{"uv":[14,2.66667,14.5,3.33333],"texture":"#2"},"south":{"uv":[3.33333,14,3.83333,14.66667],"texture":"#2"},"west":{"uv":[14,3.33333,14.5,4],"texture":"#2"},"up":{"uv":[14.5,9.16667,14,8.66667],"texture":"#2"},"down":{"uv":[9.83333,14,9.33333,14.5],"texture":"#2"}}},{"from":[7.4,11.1,7.4],"to":[8.6,18.1,8.6],"rotation":{"angle":0,"axis":"y","origin":[7.5,11.1,7.5]},"faces":{"north":{"uv":[2,4.66667,2.83333,9.33333],"texture":"#2"},"east":{"uv":[6,0,6.83333,4.66667],"texture":"#2"},"south":{"uv":[3.33333,6,4.16667,10.66667],"texture":"#2"},"west":{"uv":[4.66667,6,5.5,10.66667],"texture":"#2"},"up":{"uv":[13.5,4.83333,12.66667,4],"texture":"#2"},"down":{"uv":[5.5,12.66667,4.66667,13.5],"texture":"#2"}}},{"from":[7.5244,19.84576,12.44029],"to":[8.4756,21.74816,13.39149],"rotation":{"angle":-45,"axis":"x","origin":[8,20.79696,12.91589]},"faces":{"north":{"uv":[12,4,12.66667,5.33333],"texture":"#2"},"east":{"uv":[12,5.33333,12.66667,6.66667],"texture":"#2"},"south":{"uv":[12,6.66667,12.66667,8],"texture":"#2"},"west":{"uv":[12,8,12.66667,9.33333],"texture":"#2"},"up":{"uv":[10,14,9.33333,13.33333],"texture":"#2"},"down":{"uv":[14,9.33333,13.33333,10],"texture":"#2"}}},{"from":[7.5,18.18579,8.62132],"to":[8.5,20.18579,9.62132],"rotation":{"angle":45,"axis":"x","origin":[7.5,19.18579,10.12132]},"faces":{"north":{"uv":[8.66667,12,9.33333,13.33333],"texture":"#2"},"east":{"uv":[9.33333,12,10,13.33333],"texture":"#2"},"south":{"uv":[12,9.33333,12.66667,10.66667],"texture":"#2"},"west":{"uv":[10,12,10.66667,13.33333],"texture":"#2"},"up":{"uv":[10.66667,14,10,13.33333],"texture":"#2"},"down":{"uv":[14,10,13.33333,10.66667],"texture":"#2"}}},{"from":[7.6,19.69289,8.92843],"to":[8.4,20.69289,11.92843],"rotation":{"angle":-22.5,"axis":"x","origin":[8,19.89289,10.82843]},"faces":{"north":{"uv":[4,14,4.5,14.66667],"texture":"#2"},"east":{"uv":[6,8.66667,8,9.33333],"texture":"#2"},"south":{"uv":[14,4,14.5,4.66667],"texture":"#2"},"west":{"uv":[8,8.66667,10,9.33333],"texture":"#2"},"up":{"uv":[6.5,12.66667,6,10.66667],"texture":"#2"},"down":{"uv":[7.16667,10.66667,6.66667,12.66667],"texture":"#2"}}},{"from":[7.6,16.93459,11.2572],"to":[8.4,19.93459,12.2572],"rotation":{"angle":45,"axis":"x","origin":[8,18.93459,12.9572]},"faces":{"north":{"uv":[7.33333,10.66667,7.83333,12.66667],"texture":"#2"},"east":{"uv":[5.33333,0,6,2],"texture":"#2"},"south":{"uv":[8,10.66667,8.5,12.66667],"texture":"#2"},"west":{"uv":[1.33333,8.66667,2,10.66667],"texture":"#2"},"up":{"uv":[5.16667,14.66667,4.66667,14],"texture":"#2"},"down":{"uv":[14.5,4.66667,14,5.33333],"texture":"#2"}}},{"from":[7.8,19.32957,9.8409],"to":[8.2,20.32957,10.8409],"rotation":{"angle":45,"axis":"x","origin":[7.8,19.42957,10.3409]},"faces":{"north":{"uv":[14,12,14.33333,12.66667],"texture":"#2"},"east":{"uv":[10.66667,13.33333,11.33333,14],"texture":"#2"},"south":{"uv":[12.66667,14,13,14.66667],"texture":"#2"},"west":{"uv":[13.33333,10.66667,14,11.33333],"texture":"#2"},"up":{"uv":[14.33333,13.33333,14,12.66667],"texture":"#2"},"down":{"uv":[13.66667,14,13.33333,14.66667],"texture":"#2"}}},{"from":[7.5,19.21789,10.92843],"to":[8.5,20.21789,13.92843],"rotation":{"angle":-22.5,"axis":"x","origin":[8,19.89289,10.82843]},"faces":{"north":{"uv":[11.33333,13.33333,12,14],"texture":"#2"},"east":{"uv":[9.33333,0,11.33333,0.66667],"texture":"#2"},"south":{"uv":[13.33333,11.33333,14,12],"texture":"#2"},"west":{"uv":[9.33333,0.66667,11.33333,1.33333],"texture":"#2"},"up":{"uv":[2.66667,11.33333,2,9.33333],"texture":"#2"},"down":{"uv":[3.33333,9.33333,2.66667,11.33333],"texture":"#2"}}},{"from":[7,17.2,5.7],"to":[9,19.2,7.7],"rotation":{"angle":45,"axis":"z","origin":[8,18.2,6.7]},"faces":{"north":{"uv":[8,4.66667,9.33333,6],"texture":"#2"},"east":{"uv":[9.33333,7.33333,8,6],"rotation":90,"texture":"#2"},"south":{"uv":[8,7.33333,9.33333,8.66667],"texture":"#2"},"west":{"uv":[8.66667,3.33333,10,4.66667],"rotation":90,"texture":"#2"},"up":{"uv":[10,3.33333,8.66667,2],"texture":"#2"},"down":{"uv":[10,3.33333,8.66667,4.66667],"texture":"#2"}}},{"from":[7,16.5,2.7],"to":[10,19.5,5.7],"rotation":{"angle":45,"axis":"z","origin":[8,17.5,4.7]},"faces":{"north":{"uv":[0,2.66667,2,4.66667],"texture":"#2"},"east":{"uv":[4,2.66667,2,4.66667],"rotation":90,"texture":"#2"},"south":{"uv":[3.33333,0,5.33333,2],"texture":"#2"},"west":{"uv":[4,4,6,2],"rotation":90,"texture":"#2"},"up":{"uv":[6,6,4,4],"texture":"#2"},"down":{"uv":[2,6.66667,0,4.66667],"texture":"#2"}}},{"from":[6.7,16.90711,2.2],"to":[9.3,19.50711,2.7],"rotation":{"angle":45,"axis":"z","origin":[8,18.20711,2.2]},"faces":{"north":{"uv":[6,4.66667,7.66667,6.33333],"texture":"#2"},"east":{"uv":[2.66667,12.66667,3,14.33333],"texture":"#2"},"south":{"uv":[0,6.66667,1.66667,8.33333],"texture":"#2"},"west":{"uv":[7.33333,12.66667,7.66667,14.33333],"texture":"#2"},"up":{"uv":[14.33333,7.66667,12.66667,7.33333],"texture":"#2"},"down":{"uv":[14.33333,8,12.66667,8.33333],"texture":"#2"}}},{"from":[6.4,15.4,3.5],"to":[6.4,24.4,12.5],"rotation":{"angle":0,"axis":"y","origin":[-0.6,0,0]},"faces":{"north":{"uv":[0,0,0,6],"texture":"#1"},"east":{"uv":[12,0,0,12],"texture":"#1"},"south":{"uv":[0,0,0,6],"texture":"#1"},"west":{"uv":[0,0,12,12],"texture":"#1"},"up":{"uv":[0,6,0,0],"texture":"#1"},"down":{"uv":[0,0,0,6],"texture":"#1"}}},{"from":[9.6,15.4,3.5],"to":[9.6,24.4,12.5],"rotation":{"angle":0,"axis":"y","origin":[16.6,0,0]},"faces":{"north":{"uv":[0,0,0,6],"texture":"#1"},"east":{"uv":[12,0,0,12],"texture":"#1"},"south":{"uv":[0,0,0,6],"texture":"#1"},"west":{"uv":[0,0,12,12],"texture":"#1"},"up":{"uv":[0,6,0,0],"texture":"#1"},"down":{"uv":[0,0,0,6],"texture":"#1"}}}],"gui_light":"front","display":{"thirdperson_righthand":{"translation":[0,1.5,1.25]},"thirdperson_lefthand":{"translation":[0,1.5,1.25]},"firstperson_righthand":{"rotation":[-15,0,0],"translation":[2.75,-0.5,0]},"firstperson_lefthand":{"rotation":[-15,0,0],"translation":[2.75,-0.5,0]},"ground":{"rotation":[0,0,-77],"translation":[-3.25,0.5,0],"scale":[1.07813,1.07813,1.07813]},"gui":{"rotation":[90,-135,90],"translation":[-2,-2,0],"scale":[0.675,0.675,0.675]},"head":{"scale":[0,0,0]},"fixed":{"rotation":[-90,90,90],"translation":[0,-7.5,-2.25],"scale":[2.05195,2.05195,2.05195]}}}