{"credit":"MadewithBlockbench","texture_size":[24,24],"textures":{"0":"tavern:items/sets/cyber/blue/sword","1":"tavern:items/sets/cyber/blue/animation_1-sheet","2":"tavern:items/sets/cyber/blue/animation_2-sheet","particle":"tavern:items/sets/cyber/blue/sword"},"elements":[{"from":[7.32,-0.18,7.32],"to":[8.68,1.18,8.68],"rotation":{"angle":-45,"axis":"x","origin":[8,0.5,8]},"faces":{"north":{"uv":[12.66667,10.66667,13.5,11.5],"texture":"#0"},"east":{"uv":[12,12.66667,12.83333,13.5],"texture":"#0"},"south":{"uv":[13.33333,0,14.16667,0.83333],"texture":"#0"},"west":{"uv":[13.33333,1.33333,14.16667,2.16667],"texture":"#0"},"up":{"uv":[14.16667,3.5,13.33333,2.66667],"texture":"#0"},"down":{"uv":[14.16667,4,13.33333,4.83333],"texture":"#0"}}},{"from":[7.59,-0.25096,6.36],"to":[8.41,0.56904,9.64],"rotation":{"angle":0,"axis":"y","origin":[7.59,-0.25096,8]},"faces":{"north":{"uv":[14.66667,4,15.16667,4.5],"texture":"#0"},"east":{"uv":[10,5.33333,12.16667,5.83333],"texture":"#0"},"south":{"uv":[14.66667,4.66667,15.16667,5.16667],"texture":"#0"},"west":{"uv":[10,6,12.16667,6.5],"texture":"#0"},"up":{"uv":[11.16667,4.83333,10.66667,2.66667],"texture":"#0"},"down":{"uv":[7.16667,10.66667,6.66667,12.83333],"texture":"#0"}}},{"from":[7.5244,0.02784,5.6384],"to":[8.4756,1.93024,6.5896],"rotation":{"angle":22.5,"axis":"x","origin":[8,0.15904,5.54]},"faces":{"north":{"uv":[12,8.66667,12.66667,10],"texture":"#0"},"east":{"uv":[9.33333,12,10,13.33333],"texture":"#0"},"south":{"uv":[10,12,10.66667,13.33333],"texture":"#0"},"west":{"uv":[12,10,12.66667,11.33333],"texture":"#0"},"up":{"uv":[10,9.33333,9.33333,8.66667],"texture":"#0"},"down":{"uv":[10.66667,6.66667,10,7.33333],"texture":"#0"}}},{"from":[7.5244,8.84576,2.60851],"to":[8.4756,10.74816,3.55971],"rotation":{"angle":45,"axis":"x","origin":[8,9.79696,3.08411]},"faces":{"north":{"uv":[12,8.66667,12.66667,10],"texture":"#0"},"east":{"uv":[9.33333,12,10,13.33333],"texture":"#0"},"south":{"uv":[10,12,10.66667,13.33333],"texture":"#0"},"west":{"uv":[12,10,12.66667,11.33333],"texture":"#0"},"up":{"uv":[10,9.33333,9.33333,8.66667],"texture":"#0"},"down":{"uv":[10.66667,6.66667,10,7.33333],"texture":"#0"}}},{"from":[7.7704,-0.10667,7.1011],"to":[8.2296,0.97573,8.0523],"rotation":{"angle":22.5,"axis":"x","origin":[8.246,1.09053,7.5767]},"faces":{"north":{"uv":[6.66667,14.66667,7,15.33333],"texture":"#0"},"east":{"uv":[13.33333,13.33333,14,14],"texture":"#0"},"south":{"uv":[14.66667,6.66667,15,7.33333],"texture":"#0"},"west":{"uv":[14,6.66667,14.66667,7.33333],"texture":"#0"},"up":{"uv":[7.66667,15.33333,7.33333,14.66667],"texture":"#0"},"down":{"uv":[15,7.33333,14.66667,8],"texture":"#0"}}},{"from":[7.5244,0.02784,9.4104],"to":[8.4756,1.93024,10.3616],"rotation":{"angle":-22.5,"axis":"x","origin":[8,0.15904,10.46]},"faces":{"north":{"uv":[10.66667,12,10,13.33333],"texture":"#0"},"east":{"uv":[10,12,9.33333,13.33333],"texture":"#0"},"south":{"uv":[12.66667,8.66667,12,10],"texture":"#0"},"west":{"uv":[12.66667,10,12,11.33333],"texture":"#0"},"up":{"uv":[10,8.66667,9.33333,9.33333],"texture":"#0"},"down":{"uv":[10.66667,7.33333,10,6.66667],"texture":"#0"}}},{"from":[7.7704,-0.10667,7.9477],"to":[8.2296,0.97573,8.8989],"rotation":{"angle":-22.5,"axis":"x","origin":[8.246,1.09053,8.4233]},"faces":{"north":{"uv":[15,6.66667,14.66667,7.33333],"texture":"#0"},"east":{"uv":[14,13.33333,13.33333,14],"texture":"#0"},"south":{"uv":[7,14.66667,6.66667,15.33333],"texture":"#0"},"west":{"uv":[14.66667,6.66667,14,7.33333],"texture":"#0"},"up":{"uv":[7.66667,14.66667,7.33333,15.33333],"texture":"#0"},"down":{"uv":[15,8,14.66667,7.33333],"texture":"#0"}}},{"from":[7.6,1,7.6],"to":[8.4,2,8.4],"rotation":{"angle":0,"axis":"y","origin":[7.5,7.5,7.5]},"faces":{"north":{"uv":[12,14,12.5,14.66667],"texture":"#0"},"east":{"uv":[14,12,14.5,12.66667],"texture":"#0"},"south":{"uv":[12.66667,14,13.16667,14.66667],"texture":"#0"},"west":{"uv":[13.33333,14,13.83333,14.66667],"texture":"#0"},"up":{"uv":[5.83333,15.16667,5.33333,14.66667],"texture":"#0"},"down":{"uv":[15.16667,5.33333,14.66667,5.83333],"texture":"#0"}}},{"from":[7.4,4,7.4],"to":[8.6,5,8.6],"rotation":{"angle":0,"axis":"y","origin":[7.5,7.5,7.5]},"faces":{"north":{"uv":[12.66667,12,13.5,12.66667],"texture":"#0"},"east":{"uv":[9.33333,13.33333,10.16667,14],"texture":"#0"},"south":{"uv":[10.66667,13.33333,11.5,14],"texture":"#0"},"west":{"uv":[13.33333,12.66667,14.16667,13.33333],"texture":"#0"},"up":{"uv":[14.16667,6.16667,13.33333,5.33333],"texture":"#0"},"down":{"uv":[6.83333,13.33333,6,14.16667],"texture":"#0"}}},{"from":[7.6,7,7.6],"to":[8.4,8,8.4],"rotation":{"angle":0,"axis":"y","origin":[7.5,7.5,7.5]},"faces":{"north":{"uv":[14,13.33333,14.5,14],"texture":"#0"},"east":{"uv":[14,14,14.5,14.66667],"texture":"#0"},"south":{"uv":[14.66667,0,15.16667,0.66667],"texture":"#0"},"west":{"uv":[14.66667,0.66667,15.16667,1.33333],"texture":"#0"},"up":{"uv":[6.5,15.16667,6,14.66667],"texture":"#0"},"down":{"uv":[15.16667,6,14.66667,6.5],"texture":"#0"}}},{"from":[7.5,2,7.5],"to":[8.5,4,8.5],"rotation":{"angle":0,"axis":"y","origin":[7.5,7.5,7.5]},"faces":{"north":{"uv":[10.66667,12,11.33333,13.33333],"texture":"#0"},"east":{"uv":[11.33333,12,12,13.33333],"texture":"#0"},"south":{"uv":[12,11.33333,12.66667,12.66667],"texture":"#0"},"west":{"uv":[12.66667,0,13.33333,1.33333],"texture":"#0"},"up":{"uv":[8,14.66667,7.33333,14],"texture":"#0"},"down":{"uv":[14.66667,7.33333,14,8],"texture":"#0"}}},{"from":[7.5,5,7.5],"to":[8.5,7,8.5],"rotation":{"angle":0,"axis":"y","origin":[7.5,7.5,7.5]},"faces":{"north":{"uv":[12.66667,1.33333,13.33333,2.66667],"texture":"#0"},"east":{"uv":[12.66667,2.66667,13.33333,4],"texture":"#0"},"south":{"uv":[12.66667,4,13.33333,5.33333],"texture":"#0"},"west":{"uv":[12.66667,5.33333,13.33333,6.66667],"texture":"#0"},"up":{"uv":[8.66667,14.66667,8,14],"texture":"#0"},"down":{"uv":[14.66667,8,14,8.66667],"texture":"#0"}}},{"from":[7.4,8.1,6.5],"to":[8.6,10.1,8.5],"rotation":{"angle":-45,"axis":"x","origin":[7.9,9.6,8]},"faces":{"north":{"uv":[9.33333,7.33333,10.16667,8.66667],"texture":"#0"},"east":{"uv":[8.66667,0,10,1.33333],"texture":"#0"},"south":{"uv":[8.66667,9.33333,9.5,10.66667],"texture":"#0"},"west":{"uv":[8.66667,1.33333,10,2.66667],"texture":"#0"},"up":{"uv":[10.83333,1.33333,10,0],"texture":"#0"},"down":{"uv":[10.83333,1.33333,10,2.66667],"texture":"#0"}}},{"from":[7.2,8.3,6.7],"to":[8.8,9.9,8.3],"rotation":{"angle":-45,"axis":"x","origin":[7.9,9.6,8]},"faces":{"north":{"uv":[10.66667,6.66667,11.66667,7.66667],"texture":"#0"},"east":{"uv":[10.66667,8,11.66667,9],"texture":"#0"},"south":{"uv":[8.66667,10.66667,9.66667,11.66667],"texture":"#0"},"west":{"uv":[10.66667,9.33333,11.66667,10.33333],"texture":"#0"},"up":{"uv":[11.66667,11.66667,10.66667,10.66667],"texture":"#0"},"down":{"uv":[12.33333,0,11.33333,1],"texture":"#0"}}},{"from":[7.5,7.18579,6.37868],"to":[8.5,9.18579,7.37868],"rotation":{"angle":-45,"axis":"x","origin":[7.5,8.18579,5.87868]},"faces":{"north":{"uv":[12.66667,6.66667,13.33333,8],"texture":"#0"},"east":{"uv":[7.33333,12.66667,8,14],"texture":"#0"},"south":{"uv":[12.66667,8,13.33333,9.33333],"texture":"#0"},"west":{"uv":[12.66667,9.33333,13.33333,10.66667],"texture":"#0"},"up":{"uv":[9.33333,14.66667,8.66667,14],"texture":"#0"},"down":{"uv":[14.66667,8.66667,14,9.33333],"texture":"#0"}}},{"from":[7.6,8.69289,4.07157],"to":[8.4,9.69289,7.07157],"rotation":{"angle":22.5,"axis":"x","origin":[8,8.89289,5.17157]},"faces":{"north":{"uv":[14.66667,1.33333,15.16667,2],"texture":"#0"},"east":{"uv":[8.66667,2.66667,10.66667,3.33333],"texture":"#0"},"south":{"uv":[14.66667,2,15.16667,2.66667],"texture":"#0"},"west":{"uv":[8.66667,3.33333,10.66667,4],"texture":"#0"},"up":{"uv":[7.83333,12.66667,7.33333,10.66667],"texture":"#0"},"down":{"uv":[11.83333,1.33333,11.33333,3.33333],"texture":"#0"}}},{"from":[7.6,5.93459,3.7428],"to":[8.4,8.93459,4.7428],"rotation":{"angle":-45,"axis":"x","origin":[8,7.93459,3.0428]},"faces":{"north":{"uv":[11.33333,3.33333,11.83333,5.33333],"texture":"#0"},"east":{"uv":[6.66667,8.66667,7.33333,10.66667],"texture":"#0"},"south":{"uv":[12,1.33333,12.5,3.33333],"texture":"#0"},"west":{"uv":[7.33333,8.66667,8,10.66667],"texture":"#0"},"up":{"uv":[15.16667,3.33333,14.66667,2.66667],"texture":"#0"},"down":{"uv":[15.16667,3.33333,14.66667,4],"texture":"#0"}}},{"from":[7.8,8.32957,5.1591],"to":[8.2,9.32957,6.1591],"rotation":{"angle":-45,"axis":"x","origin":[7.8,8.42957,5.6591]},"faces":{"north":{"uv":[8,14.66667,8.33333,15.33333],"texture":"#0"},"east":{"uv":[9.33333,14,10,14.66667],"texture":"#0"},"south":{"uv":[14.66667,8,15,8.66667],"texture":"#0"},"west":{"uv":[14,9.33333,14.66667,10],"texture":"#0"},"up":{"uv":[9,15.33333,8.66667,14.66667],"texture":"#0"},"down":{"uv":[15,8.66667,14.66667,9.33333],"texture":"#0"}}},{"from":[7.5,8.21789,2.07157],"to":[8.5,9.21789,5.07157],"rotation":{"angle":22.5,"axis":"x","origin":[8,8.89289,5.17157]},"faces":{"north":{"uv":[10,14,10.66667,14.66667],"texture":"#0"},"east":{"uv":[8.66667,4,10.66667,4.66667],"texture":"#0"},"south":{"uv":[14,10,14.66667,10.66667],"texture":"#0"},"west":{"uv":[8.66667,4.66667,10.66667,5.33333],"texture":"#0"},"up":{"uv":[6.66667,10,6,8],"texture":"#0"},"down":{"uv":[9.33333,5.33333,8.66667,7.33333],"texture":"#0"}}},{"from":[7.75,9.3,5.45],"to":[8.25,12.3,6.45],"rotation":{"angle":22.5,"axis":"x","origin":[8.25,9.8,5.95]},"faces":{"north":{"uv":[13.33333,6.66667,13.66667,8.66667],"texture":"#0"},"east":{"uv":[8.66667,7.33333,9.33333,9.33333],"texture":"#0"},"south":{"uv":[13.33333,8.66667,13.66667,10.66667],"texture":"#0"},"west":{"uv":[9.33333,5.33333,10,7.33333],"texture":"#0"},"up":{"uv":[9.66667,15.33333,9.33333,14.66667],"texture":"#0"},"down":{"uv":[15,9.33333,14.66667,10],"texture":"#0"}}},{"from":[7.755,11.91836,6.36865],"to":[8.245,16.91836,7.36865],"rotation":{"angle":0,"axis":"x","origin":[7.98,13.41836,6.86865]},"faces":{"north":{"uv":[6,10,6.33333,13.33333],"texture":"#0"},"east":{"uv":[6.66667,5.33333,7.33333,8.66667],"texture":"#0"},"south":{"uv":[10,8.66667,10.33333,12],"texture":"#0"},"west":{"uv":[7.33333,5.33333,8,8.66667],"texture":"#0"},"up":{"uv":[10.33333,15.33333,10,14.66667],"texture":"#0"},"down":{"uv":[15,10,14.66667,10.66667],"texture":"#0"}}},{"from":[7.76,16.41836,6.57576],"to":[8.24,17.41836,7.57576],"rotation":{"angle":45,"axis":"x","origin":[7.9975,16.91836,7.07576]},"faces":{"north":{"uv":[10.66667,14.66667,11,15.33333],"texture":"#0"},"east":{"uv":[10.66667,14,11.33333,14.66667],"texture":"#0"},"south":{"uv":[14.66667,10.66667,15,11.33333],"texture":"#0"},"west":{"uv":[14,10.66667,14.66667,11.33333],"texture":"#0"},"up":{"uv":[11.66667,15.33333,11.33333,14.66667],"texture":"#0"},"down":{"uv":[15,11.33333,14.66667,12],"texture":"#0"}}},{"from":[7.76,16.41836,8.42424],"to":[8.24,17.41836,9.42424],"rotation":{"angle":-45,"axis":"x","origin":[7.9975,16.91836,8.92424]},"faces":{"north":{"uv":[15,10.66667,14.66667,11.33333],"texture":"#0"},"east":{"uv":[11.33333,14,10.66667,14.66667],"texture":"#0"},"south":{"uv":[11,14.66667,10.66667,15.33333],"texture":"#0"},"west":{"uv":[14.66667,10.66667,14,11.33333],"texture":"#0"},"up":{"uv":[11.66667,14.66667,11.33333,15.33333],"texture":"#0"},"down":{"uv":[15,12,14.66667,11.33333],"texture":"#0"}}},{"from":[7.755,11.91836,8.63135],"to":[8.245,16.91836,9.63135],"rotation":{"angle":0,"axis":"x","origin":[7.98,13.41836,9.13135]},"faces":{"north":{"uv":[10.33333,8.66667,10,12],"texture":"#0"},"east":{"uv":[7.33333,5.33333,6.66667,8.66667],"texture":"#0"},"south":{"uv":[6.33333,10,6,13.33333],"texture":"#0"},"west":{"uv":[8,5.33333,7.33333,8.66667],"texture":"#0"},"up":{"uv":[10.33333,14.66667,10,15.33333],"texture":"#0"},"down":{"uv":[15,10.66667,14.66667,10],"texture":"#0"}}},{"from":[7.75,9.3,9.55],"to":[8.25,12.3,10.55],"rotation":{"angle":-22.5,"axis":"x","origin":[8.25,9.8,10.05]},"faces":{"north":{"uv":[13.66667,8.66667,13.33333,10.66667],"texture":"#0"},"east":{"uv":[9.33333,7.33333,8.66667,9.33333],"texture":"#0"},"south":{"uv":[13.66667,6.66667,13.33333,8.66667],"texture":"#0"},"west":{"uv":[10,5.33333,9.33333,7.33333],"texture":"#0"},"up":{"uv":[9.66667,14.66667,9.33333,15.33333],"texture":"#0"},"down":{"uv":[15,10,14.66667,9.33333],"texture":"#0"}}},{"from":[7.755,18.31836,6.46865],"to":[8.245,28.31836,7.46865],"rotation":{"angle":0,"axis":"x","origin":[7.98,19.81836,6.96865]},"faces":{"north":{"uv":[5.33333,8,5.66667,14.66667],"texture":"#0"},"east":{"uv":[5.33333,1.33333,6,8],"texture":"#0"},"south":{"uv":[8,5.33333,8.33333,12],"texture":"#0"},"west":{"uv":[6,1.33333,6.66667,8],"texture":"#0"},"up":{"uv":[12.33333,15.33333,12,14.66667],"texture":"#0"},"down":{"uv":[15,12,14.66667,12.66667],"texture":"#0"}}},{"from":[7.76,27.81836,6.67576],"to":[8.24,28.81836,7.67576],"rotation":{"angle":45,"axis":"x","origin":[7.9975,28.31836,7.17576]},"faces":{"north":{"uv":[12.66667,14.66667,13,15.33333],"texture":"#0"},"east":{"uv":[11.33333,14,12,14.66667],"texture":"#0"},"south":{"uv":[14.66667,12.66667,15,13.33333],"texture":"#0"},"west":{"uv":[14,11.33333,14.66667,12],"texture":"#0"},"up":{"uv":[13.66667,15.33333,13.33333,14.66667],"texture":"#0"},"down":{"uv":[15,13.33333,14.66667,14],"texture":"#0"}}},{"from":[7.755,18.31836,8.53135],"to":[8.245,28.31836,9.53135],"rotation":{"angle":0,"axis":"x","origin":[7.98,19.81836,9.03135]},"faces":{"north":{"uv":[8.33333,5.33333,8,12],"texture":"#0"},"east":{"uv":[6,1.33333,5.33333,8],"texture":"#0"},"south":{"uv":[5.66667,8,5.33333,14.66667],"texture":"#0"},"west":{"uv":[6.66667,1.33333,6,8],"texture":"#0"},"up":{"uv":[12.33333,14.66667,12,15.33333],"texture":"#0"},"down":{"uv":[15,12.66667,14.66667,12],"texture":"#0"}}},{"from":[7.76,27.81836,8.32424],"to":[8.24,28.81836,9.32424],"rotation":{"angle":-45,"axis":"x","origin":[7.9975,28.31836,8.82424]},"faces":{"north":{"uv":[15,12.66667,14.66667,13.33333],"texture":"#0"},"east":{"uv":[12,14,11.33333,14.66667],"texture":"#0"},"south":{"uv":[13,14.66667,12.66667,15.33333],"texture":"#0"},"west":{"uv":[14.66667,11.33333,14,12],"texture":"#0"},"up":{"uv":[13.66667,14.66667,13.33333,15.33333],"texture":"#0"},"down":{"uv":[15,14,14.66667,13.33333],"texture":"#0"}}},{"from":[7.5,17,7],"to":[8.5,19.3,9.3],"rotation":{"angle":-45,"axis":"x","origin":[8,18,8]},"faces":{"north":{"uv":[12,3.33333,12.66667,4.83333],"texture":"#0"},"east":{"uv":[6.66667,1.33333,8.16667,2.83333],"texture":"#0"},"south":{"uv":[12,6.66667,12.66667,8.16667],"texture":"#0"},"west":{"uv":[6.66667,3.33333,8.16667,4.83333],"texture":"#0"},"up":{"uv":[8.66667,13.5,8,12],"texture":"#0"},"down":{"uv":[9.33333,12,8.66667,13.5],"texture":"#0"}}},{"from":[8,7.4,0],"to":[8,9.4,5],"rotation":{"angle":22.5,"axis":"x","origin":[8,8.4,3]},"faces":{"north":{"uv":[0,0,0,1.33333],"texture":"#0"},"east":{"uv":[8.66667,0,5.33333,1.33333],"texture":"#0"},"south":{"uv":[0,0,0,1.33333],"texture":"#0"},"west":{"uv":[5.33333,0,8.66667,1.33333],"texture":"#0"},"up":{"uv":[0,3.33333,0,0],"texture":"#0"},"down":{"uv":[0,0,0,3.33333],"texture":"#0"}}},{"from":[7.5,7.18579,8.62132],"to":[8.5,9.18579,9.62132],"rotation":{"angle":45,"axis":"x","origin":[7.5,8.18579,10.12132]},"faces":{"north":{"uv":[13.33333,8,12.66667,9.33333],"texture":"#0"},"east":{"uv":[8,12.66667,7.33333,14],"texture":"#0"},"south":{"uv":[13.33333,6.66667,12.66667,8],"texture":"#0"},"west":{"uv":[13.33333,9.33333,12.66667,10.66667],"texture":"#0"},"up":{"uv":[9.33333,14,8.66667,14.66667],"texture":"#0"},"down":{"uv":[14.66667,9.33333,14,8.66667],"texture":"#0"}}},{"from":[7.6,8.69289,8.92843],"to":[8.4,9.69289,11.92843],"rotation":{"angle":-22.5,"axis":"x","origin":[8,8.89289,10.82843]},"faces":{"north":{"uv":[15.16667,2,14.66667,2.66667],"texture":"#0"},"east":{"uv":[10.66667,2.66667,8.66667,3.33333],"texture":"#0"},"south":{"uv":[15.16667,1.33333,14.66667,2],"texture":"#0"},"west":{"uv":[10.66667,3.33333,8.66667,4],"texture":"#0"},"up":{"uv":[7.83333,10.66667,7.33333,12.66667],"texture":"#0"},"down":{"uv":[11.83333,3.33333,11.33333,1.33333],"texture":"#0"}}},{"from":[7.5,8.21789,10.92843],"to":[8.5,9.21789,13.92843],"rotation":{"angle":-22.5,"axis":"x","origin":[8,8.89289,10.82843]},"faces":{"north":{"uv":[14.66667,10,14,10.66667],"texture":"#0"},"east":{"uv":[10.66667,4,8.66667,4.66667],"texture":"#0"},"south":{"uv":[10.66667,14,10,14.66667],"texture":"#0"},"west":{"uv":[10.66667,4.66667,8.66667,5.33333],"texture":"#0"},"up":{"uv":[6.66667,8,6,10],"texture":"#0"},"down":{"uv":[9.33333,7.33333,8.66667,5.33333],"texture":"#0"}}},{"from":[7.8,8.32957,9.8409],"to":[8.2,9.32957,10.8409],"rotation":{"angle":45,"axis":"x","origin":[7.8,8.42957,10.3409]},"faces":{"north":{"uv":[15,8,14.66667,8.66667],"texture":"#0"},"east":{"uv":[10,14,9.33333,14.66667],"texture":"#0"},"south":{"uv":[8.33333,14.66667,8,15.33333],"texture":"#0"},"west":{"uv":[14.66667,9.33333,14,10],"texture":"#0"},"up":{"uv":[9,14.66667,8.66667,15.33333],"texture":"#0"},"down":{"uv":[15,9.33333,14.66667,8.66667],"texture":"#0"}}},{"from":[7.6,5.93459,11.2572],"to":[8.4,8.93459,12.2572],"rotation":{"angle":45,"axis":"x","origin":[8,7.93459,12.9572]},"faces":{"north":{"uv":[12.5,1.33333,12,3.33333],"texture":"#0"},"east":{"uv":[7.33333,8.66667,6.66667,10.66667],"texture":"#0"},"south":{"uv":[11.83333,3.33333,11.33333,5.33333],"texture":"#0"},"west":{"uv":[8,8.66667,7.33333,10.66667],"texture":"#0"},"up":{"uv":[15.16667,2.66667,14.66667,3.33333],"texture":"#0"},"down":{"uv":[15.16667,4,14.66667,3.33333],"texture":"#0"}}},{"from":[7.5244,8.84576,12.44029],"to":[8.4756,10.74816,13.39149],"rotation":{"angle":-45,"axis":"x","origin":[8,9.79696,12.91589]},"faces":{"north":{"uv":[10.66667,12,10,13.33333],"texture":"#0"},"east":{"uv":[10,12,9.33333,13.33333],"texture":"#0"},"south":{"uv":[12.66667,8.66667,12,10],"texture":"#0"},"west":{"uv":[12.66667,10,12,11.33333],"texture":"#0"},"up":{"uv":[10,8.66667,9.33333,9.33333],"texture":"#0"},"down":{"uv":[10.66667,7.33333,10,6.66667],"texture":"#0"}}},{"from":[8,7.4,11],"to":[8,9.4,16],"rotation":{"angle":-22.5,"axis":"x","origin":[8,8.4,13]},"faces":{"north":{"uv":[0,0,0,1.33333],"texture":"#0"},"east":{"uv":[5.33333,0,8.66667,1.33333],"texture":"#0"},"south":{"uv":[0,0,0,1.33333],"texture":"#0"},"west":{"uv":[8.66667,0,5.33333,1.33333],"texture":"#0"},"up":{"uv":[0,0,0,3.33333],"texture":"#0"},"down":{"uv":[0,3.33333,0,0],"texture":"#0"}}},{"from":[8,9,4.35],"to":[8,32,11.65],"rotation":{"angle":0,"axis":"y","origin":[8,9,5.65]},"faces":{"north":{"uv":[0,0,0,15.33333],"texture":"#0"},"east":{"uv":[0,0,4.83333,15.33333],"texture":"#0"},"south":{"uv":[0,0,0,15.33333],"texture":"#0"},"west":{"uv":[0,0,4.83333,15.33333],"texture":"#0"},"up":{"uv":[0,4.83333,0,0],"texture":"#0"},"down":{"uv":[0,0,0,4.83333],"texture":"#0"}}},{"from":[6.8,4.4,3.5],"to":[6.8,13.4,12.5],"faces":{"north":{"uv":[0,0,0,6],"texture":"#1"},"east":{"uv":[12,0,0,12],"texture":"#1"},"south":{"uv":[0,0,0,6],"texture":"#1"},"west":{"uv":[0,0,12,12],"texture":"#1"},"up":{"uv":[0,6,0,0],"texture":"#1"},"down":{"uv":[0,0,0,6],"texture":"#1"}}},{"from":[9.2,4.4,3.5],"to":[9.2,13.4,12.5],"rotation":{"angle":0,"axis":"y","origin":[16,0,0]},"faces":{"north":{"uv":[0,0,0,6],"texture":"#1"},"east":{"uv":[12,0,0,12],"texture":"#1"},"south":{"uv":[0,0,0,6],"texture":"#1"},"west":{"uv":[0,0,12,12],"texture":"#1"},"up":{"uv":[0,6,0,0],"texture":"#1"},"down":{"uv":[0,0,0,6],"texture":"#1"}}},{"from":[7.70954,10.71429,2.66497],"to":[7.70954,22.71429,7.66497],"rotation":{"angle":0,"axis":"y","origin":[11.20954,8.11429,5.76497]},"faces":{"north":{"uv":[0,0,0,8],"texture":"#2"},"east":{"uv":[0,0,6,16],"texture":"#2"},"south":{"uv":[0,0,0,8],"texture":"#2"},"west":{"uv":[6,0,0,16],"texture":"#2"},"up":{"uv":[0,3.33334,0,0],"rotation":180,"texture":"#2"},"down":{"uv":[0,0,0,3.33334],"rotation":180,"texture":"#2"}}},{"from":[7.70954,10.71429,8.33503],"to":[7.70954,22.71429,13.33503],"rotation":{"angle":0,"axis":"y","origin":[11.20954,8.11429,10.23503]},"faces":{"north":{"uv":[0,0,0,8],"texture":"#2"},"east":{"uv":[6,0,0,16],"texture":"#2"},"south":{"uv":[0,0,0,8],"texture":"#2"},"west":{"uv":[0,0,6,16],"texture":"#2"},"up":{"uv":[0,0,0,3.33334],"rotation":180,"texture":"#2"},"down":{"uv":[0,3.33334,0,0],"rotation":180,"texture":"#2"}}},{"from":[8.29046,10.71429,8.33503],"to":[8.29046,22.71429,13.33503],"rotation":{"angle":0,"axis":"y","origin":[4.79046,8.11429,10.23503]},"faces":{"north":{"uv":[0,0,0,8],"texture":"#2"},"east":{"uv":[6,0,0,16],"texture":"#2"},"south":{"uv":[0,0,0,8],"texture":"#2"},"west":{"uv":[0,0,6,16],"texture":"#2"},"up":{"uv":[0,0,0,3.33334],"rotation":180,"texture":"#2"},"down":{"uv":[0,3.33334,0,0],"rotation":180,"texture":"#2"}}},{"from":[8.29046,10.71429,2.66497],"to":[8.29046,22.71429,7.66497],"rotation":{"angle":0,"axis":"y","origin":[4.79046,8.11429,5.76497]},"faces":{"north":{"uv":[0,0,0,8],"texture":"#2"},"east":{"uv":[0,0,6,16],"texture":"#2"},"south":{"uv":[0,0,0,8],"texture":"#2"},"west":{"uv":[6,0,0,16],"texture":"#2"},"up":{"uv":[0,3.33334,0,0],"rotation":180,"texture":"#2"},"down":{"uv":[0,0,0,3.33334],"rotation":180,"texture":"#2"}}}],"gui_light":"front","display":{"thirdperson_righthand":{"translation":[0,1.5,1]},"thirdperson_lefthand":{"translation":[0,1.5,1]},"firstperson_righthand":{"rotation":[-15,0,0],"translation":[1.25,0,0],"scale":[0.84766,0.84766,0.84766]},"firstperson_lefthand":{"rotation":[-15,0,0],"translation":[1.25,0,0],"scale":[0.84766,0.84766,0.84766]},"ground":{"rotation":[-1.26,0.07,-84.88],"translation":[-10.25,0.25,0],"scale":[1.07813,1.07813,1.07813]},"gui":{"rotation":[90,-135,90],"translation":[-2.75,-3,0],"scale":[0.59492,0.59492,0.59492]},"head":{"scale":[0,0,0]},"fixed":{"rotation":[-90,90,90],"translation":[0,-13.75,-2.25],"scale":[2.05195,2.05195,2.05195]}}}