{"textures":{"0":"modelengine:entity/cryomancer_seraphe"},"elements":[{"from":[6.5,3.5171127,6.238948],"to":[9.5,8.517113,9.238948],"faces":{"east":{"uv":[9.1875,4.8125,9.28125,4.96875],"tintindex":0,"rotation":0,"texture":"#0"},"south":{"uv":[9.46875,4.8125,9.5625,4.96875],"tintindex":0,"rotation":0,"texture":"#0"},"north":{"uv":[9.28125,4.8125,9.375,4.96875],"tintindex":0,"rotation":0,"texture":"#0"},"west":{"uv":[9.375,4.8125,9.46875,4.96875],"tintindex":0,"rotation":0,"texture":"#0"},"up":{"uv":[9.375,4.8125,9.28125,4.71875],"tintindex":0,"rotation":0,"texture":"#0"},"down":{"uv":[9.46875,4.71875,9.375,4.8125],"tintindex":0,"rotation":0,"texture":"#0"}}}],"display":{"gui":{"rotation":[30,225,0]}}}