{"textures":{"0":"modelengine:entity/cryomancer_seraphe"},"elements":[{"from":[3.122337,8.16757,6.0326157],"to":[11.102337,16.14757,10.012615],"faces":{"east":{"uv":[3.5625,7.65625,3.6875,7.90625],"tintindex":0,"rotation":0,"texture":"#0"},"south":{"uv":[4.0625,7.65625,4.3125,7.90625],"tintindex":0,"rotation":0,"texture":"#0"},"north":{"uv":[3.6875,7.65625,3.9375,7.90625],"tintindex":0,"rotation":0,"texture":"#0"},"west":{"uv":[3.9375,7.65625,4.0625,7.90625],"tintindex":0,"rotation":0,"texture":"#0"},"up":{"uv":[3.9375,7.65625,3.6875,7.53125],"tintindex":0,"rotation":0,"texture":"#0"},"down":{"uv":[4.1875,7.53125,3.9375,7.65625],"tintindex":0,"rotation":0,"texture":"#0"}},"rotation":{"origin":[7.1123366,17.215492,7.5226154],"angle":0.0,"axis":"x"}},{"from":[7.3044615,8.488724,8.103367],"to":[9.3044615,20.488724,11.103367],"faces":{"east":{"uv":[1.40625,8.6875,1.5,9.0625],"tintindex":0,"rotation":0,"texture":"#0"},"south":{"uv":[1.65625,8.6875,1.71875,9.0625],"tintindex":0,"rotation":0,"texture":"#0"},"north":{"uv":[1.5,8.6875,1.5625,9.0625],"tintindex":0,"rotation":0,"texture":"#0"},"west":{"uv":[1.5625,8.6875,1.65625,9.0625],"tintindex":0,"rotation":0,"texture":"#0"},"up":{"uv":[1.5625,8.6875,1.5,8.59375],"tintindex":0,"rotation":0,"texture":"#0"},"down":{"uv":[1.625,8.59375,1.5625,8.6875],"tintindex":0,"rotation":0,"texture":"#0"}},"rotation":{"origin":[9.3044615,15.438721,9.103367],"angle":-45.0,"axis":"y"}},{"from":[4.9202123,8.488724,8.103367],"to":[6.9202123,20.488724,11.103367],"faces":{"east":{"uv":[2.125,8.75,2.21875,9.125],"tintindex":0,"rotation":0,"texture":"#0"},"south":{"uv":[2.375,8.75,2.4375,9.125],"tintindex":0,"rotation":0,"texture":"#0"},"north":{"uv":[2.21875,8.75,2.28125,9.125],"tintindex":0,"rotation":0,"texture":"#0"},"west":{"uv":[2.28125,8.75,2.375,9.125],"tintindex":0,"rotation":0,"texture":"#0"},"up":{"uv":[2.28125,8.75,2.21875,8.65625],"tintindex":0,"rotation":0,"texture":"#0"},"down":{"uv":[2.34375,8.65625,2.28125,8.75],"tintindex":0,"rotation":0,"texture":"#0"}},"rotation":{"origin":[4.9202123,15.438721,9.103367],"angle":45.0,"axis":"y"}},{"from":[7.047163,7.852066,5.870861],"to":[9.047163,19.852066,8.870861],"faces":{"east":{"uv":[4.375,6.875,4.46875,7.25],"tintindex":0,"rotation":0,"texture":"#0"},"south":{"uv":[4.625,6.875,4.6875,7.25],"tintindex":0,"rotation":0,"texture":"#0"},"north":{"uv":[4.46875,6.875,4.53125,7.25],"tintindex":0,"rotation":0,"texture":"#0"},"west":{"uv":[4.53125,6.875,4.625,7.25],"tintindex":0,"rotation":0,"texture":"#0"},"up":{"uv":[4.53125,6.875,4.46875,6.78125],"tintindex":0,"rotation":0,"texture":"#0"},"down":{"uv":[4.59375,6.78125,4.53125,6.875],"tintindex":0,"rotation":0,"texture":"#0"}},"rotation":{"origin":[7.1123366,14.217003,6.3600216],"angle":45.0,"axis":"y"}},{"from":[6.122337,19.192572,6.0326157],"to":[8.102337,26.172571,10.012615],"faces":{"east":{"uv":[2.8125,2.09375,2.9375,2.3125],"tintindex":0,"rotation":0,"texture":"#0"},"south":{"uv":[3.125,2.09375,3.1875,2.3125],"tintindex":0,"rotation":0,"texture":"#0"},"north":{"uv":[2.9375,2.09375,3.0,2.3125],"tintindex":0,"rotation":0,"texture":"#0"},"west":{"uv":[3.0,2.09375,3.125,2.3125],"tintindex":0,"rotation":0,"texture":"#0"},"up":{"uv":[3.0,2.09375,2.9375,1.96875],"tintindex":0,"rotation":0,"texture":"#0"},"down":{"uv":[3.0625,1.96875,3.0,2.09375],"tintindex":0,"rotation":0,"texture":"#0"}},"rotation":{"origin":[7.1123366,17.215492,7.5226154],"angle":0.0,"axis":"x"}},{"from":[8.744988,7.432993,6.012615],"to":[10.764989,25.452993,10.032616],"faces":{"east":{"uv":[4.3125,7.53125,4.4375,8.09375],"tintindex":0,"rotation":0,"texture":"#0"},"south":{"uv":[4.625,7.53125,4.6875,8.09375],"tintindex":0,"rotation":0,"texture":"#0"},"north":{"uv":[4.4375,7.53125,4.5,8.09375],"tintindex":0,"rotation":0,"texture":"#0"},"west":{"uv":[4.5,7.53125,4.625,8.09375],"tintindex":0,"rotation":0,"texture":"#0"},"up":{"uv":[4.5,7.53125,4.4375,7.40625],"tintindex":0,"rotation":0,"texture":"#0"},"down":{"uv":[4.5625,7.40625,4.5,7.53125],"tintindex":0,"rotation":0,"texture":"#0"}},"rotation":{"origin":[7.1123366,17.215492,7.5226154],"angle":22.5,"axis":"z"}},{"from":[4.6273365,16.122566,6.0376153],"to":[9.597337,20.092567,10.007615],"faces":{"east":{"uv":[3.0625,4.5625,3.1875,4.6875],"tintindex":0,"rotation":0,"texture":"#0"},"south":{"uv":[3.46875,4.5625,3.625,4.6875],"tintindex":0,"rotation":0,"texture":"#0"},"north":{"uv":[3.1875,4.5625,3.34375,4.6875],"tintindex":0,"rotation":0,"texture":"#0"},"west":{"uv":[3.34375,4.5625,3.46875,4.6875],"tintindex":0,"rotation":0,"texture":"#0"},"up":{"uv":[3.34375,4.5625,3.1875,4.4375],"tintindex":0,"rotation":0,"texture":"#0"},"down":{"uv":[3.5,4.4375,3.34375,4.5625],"tintindex":0,"rotation":0,"texture":"#0"}},"rotation":{"origin":[7.1123366,17.215492,7.5226154],"angle":0.0,"axis":"x"}},{"from":[3.4696846,7.442993,6.0226154],"to":[5.4696846,25.442993,10.022615],"faces":{"east":{"uv":[5.53125,7.6875,5.65625,8.25],"tintindex":0,"rotation":0,"texture":"#0"},"south":{"uv":[5.84375,7.6875,5.90625,8.25],"tintindex":0,"rotation":0,"texture":"#0"},"north":{"uv":[5.65625,7.6875,5.71875,8.25],"tintindex":0,"rotation":0,"texture":"#0"},"west":{"uv":[5.71875,7.6875,5.84375,8.25],"tintindex":0,"rotation":0,"texture":"#0"},"up":{"uv":[5.71875,7.6875,5.65625,7.5625],"tintindex":0,"rotation":0,"texture":"#0"},"down":{"uv":[5.78125,7.5625,5.71875,7.6875],"tintindex":0,"rotation":0,"texture":"#0"}},"rotation":{"origin":[7.1123366,17.215492,7.5226154],"angle":-22.5,"axis":"z"}},{"from":[5.1775107,7.852066,5.870861],"to":[7.1775107,19.852066,8.870861],"faces":{"east":{"uv":[7.78125,8.65625,7.875,9.03125],"tintindex":0,"rotation":0,"texture":"#0"},"south":{"uv":[8.03125,8.65625,8.09375,9.03125],"tintindex":0,"rotation":0,"texture":"#0"},"north":{"uv":[7.875,8.65625,7.9375,9.03125],"tintindex":0,"rotation":0,"texture":"#0"},"west":{"uv":[7.9375,8.65625,8.03125,9.03125],"tintindex":0,"rotation":0,"texture":"#0"},"up":{"uv":[7.9375,8.65625,7.875,8.5625],"tintindex":0,"rotation":0,"texture":"#0"},"down":{"uv":[8.0,8.5625,7.9375,8.65625],"tintindex":0,"rotation":0,"texture":"#0"}},"rotation":{"origin":[7.1123366,14.217003,6.3600216],"angle":-45.0,"axis":"y"}}],"display":{"gui":{"rotation":[30,225,0]}}}