{"textures":{"0":"modelengine:entity/cryomancer_seraphe"},"elements":[{"from":[4.897663,8.16757,6.0326157],"to":[12.877663,16.14757,10.012615],"faces":{"east":{"uv":[1.25,7.6875,1.375,7.9375],"tintindex":0,"rotation":0,"texture":"#0"},"south":{"uv":[1.75,7.6875,2.0,7.9375],"tintindex":0,"rotation":0,"texture":"#0"},"north":{"uv":[1.375,7.6875,1.625,7.9375],"tintindex":0,"rotation":0,"texture":"#0"},"west":{"uv":[1.625,7.6875,1.75,7.9375],"tintindex":0,"rotation":0,"texture":"#0"},"up":{"uv":[1.625,7.6875,1.375,7.5625],"tintindex":0,"rotation":0,"texture":"#0"},"down":{"uv":[1.875,7.5625,1.625,7.6875],"tintindex":0,"rotation":0,"texture":"#0"}},"rotation":{"origin":[8.887663,17.215492,7.5226154],"angle":0.0,"axis":"x"}},{"from":[6.4026628,16.122566,6.0376153],"to":[11.372663,20.092567,10.007615],"faces":{"east":{"uv":[4.46875,0.90625,4.59375,1.03125],"tintindex":0,"rotation":0,"texture":"#0"},"south":{"uv":[4.875,0.90625,5.03125,1.03125],"tintindex":0,"rotation":0,"texture":"#0"},"north":{"uv":[4.59375,0.90625,4.75,1.03125],"tintindex":0,"rotation":0,"texture":"#0"},"west":{"uv":[4.75,0.90625,4.875,1.03125],"tintindex":0,"rotation":0,"texture":"#0"},"up":{"uv":[4.75,0.90625,4.59375,0.78125],"tintindex":0,"rotation":0,"texture":"#0"},"down":{"uv":[4.90625,0.78125,4.75,0.90625],"tintindex":0,"rotation":0,"texture":"#0"}},"rotation":{"origin":[8.887663,17.215492,7.5226154],"angle":0.0,"axis":"x"}},{"from":[9.079788,8.488724,8.103367],"to":[11.079788,20.488724,11.103367],"faces":{"east":{"uv":[1.71875,8.78125,1.8125,9.15625],"tintindex":0,"rotation":0,"texture":"#0"},"south":{"uv":[1.96875,8.78125,2.03125,9.15625],"tintindex":0,"rotation":0,"texture":"#0"},"north":{"uv":[1.8125,8.78125,1.875,9.15625],"tintindex":0,"rotation":0,"texture":"#0"},"west":{"uv":[1.875,8.78125,1.96875,9.15625],"tintindex":0,"rotation":0,"texture":"#0"},"up":{"uv":[1.875,8.78125,1.8125,8.6875],"tintindex":0,"rotation":0,"texture":"#0"},"down":{"uv":[1.9375,8.6875,1.875,8.78125],"tintindex":0,"rotation":0,"texture":"#0"}},"rotation":{"origin":[11.079788,15.438721,9.103367],"angle":-45.0,"axis":"y"}},{"from":[7.897663,19.192572,6.0326157],"to":[9.877663,26.172571,10.012615],"faces":{"east":{"uv":[7.5,9.03125,7.625,9.25],"tintindex":0,"rotation":0,"texture":"#0"},"south":{"uv":[7.8125,9.03125,7.875,9.25],"tintindex":0,"rotation":0,"texture":"#0"},"north":{"uv":[7.625,9.03125,7.6875,9.25],"tintindex":0,"rotation":0,"texture":"#0"},"west":{"uv":[7.6875,9.03125,7.8125,9.25],"tintindex":0,"rotation":0,"texture":"#0"},"up":{"uv":[7.6875,9.03125,7.625,8.90625],"tintindex":0,"rotation":0,"texture":"#0"},"down":{"uv":[7.75,8.90625,7.6875,9.03125],"tintindex":0,"rotation":0,"texture":"#0"}},"rotation":{"origin":[8.887663,17.215492,7.5226154],"angle":0.0,"axis":"x"}},{"from":[6.952837,7.852066,5.870861],"to":[8.952837,19.852066,8.870861],"faces":{"east":{"uv":[2.4375,8.75,2.53125,9.125],"tintindex":0,"rotation":0,"texture":"#0"},"south":{"uv":[2.6875,8.75,2.75,9.125],"tintindex":0,"rotation":0,"texture":"#0"},"north":{"uv":[2.53125,8.75,2.59375,9.125],"tintindex":0,"rotation":0,"texture":"#0"},"west":{"uv":[2.59375,8.75,2.6875,9.125],"tintindex":0,"rotation":0,"texture":"#0"},"up":{"uv":[2.59375,8.75,2.53125,8.65625],"tintindex":0,"rotation":0,"texture":"#0"},"down":{"uv":[2.65625,8.65625,2.59375,8.75],"tintindex":0,"rotation":0,"texture":"#0"}},"rotation":{"origin":[8.887663,14.217003,6.3600216],"angle":-45.0,"axis":"y"}},{"from":[6.6955385,8.488724,8.103367],"to":[8.6955385,20.488724,11.103367],"faces":{"east":{"uv":[0.84375,8.78125,0.9375,9.15625],"tintindex":0,"rotation":0,"texture":"#0"},"south":{"uv":[1.09375,8.78125,1.15625,9.15625],"tintindex":0,"rotation":0,"texture":"#0"},"north":{"uv":[0.9375,8.78125,1.0,9.15625],"tintindex":0,"rotation":0,"texture":"#0"},"west":{"uv":[1.0,8.78125,1.09375,9.15625],"tintindex":0,"rotation":0,"texture":"#0"},"up":{"uv":[1.0,8.78125,0.9375,8.6875],"tintindex":0,"rotation":0,"texture":"#0"},"down":{"uv":[1.0625,8.6875,1.0,8.78125],"tintindex":0,"rotation":0,"texture":"#0"}},"rotation":{"origin":[6.6955385,15.438721,9.103367],"angle":45.0,"axis":"y"}},{"from":[10.530315,7.442993,6.0226154],"to":[12.530315,25.442993,10.022615],"faces":{"east":{"uv":[2.0,7.75,2.125,8.3125],"tintindex":0,"rotation":0,"texture":"#0"},"south":{"uv":[2.3125,7.75,2.375,8.3125],"tintindex":0,"rotation":0,"texture":"#0"},"north":{"uv":[2.125,7.75,2.1875,8.3125],"tintindex":0,"rotation":0,"texture":"#0"},"west":{"uv":[2.1875,7.75,2.3125,8.3125],"tintindex":0,"rotation":0,"texture":"#0"},"up":{"uv":[2.1875,7.75,2.125,7.625],"tintindex":0,"rotation":0,"texture":"#0"},"down":{"uv":[2.25,7.625,2.1875,7.75],"tintindex":0,"rotation":0,"texture":"#0"}},"rotation":{"origin":[8.887663,17.215492,7.5226154],"angle":22.5,"axis":"z"}},{"from":[8.822489,7.852066,5.870861],"to":[10.822489,19.852066,8.870861],"faces":{"east":{"uv":[8.09375,8.75,8.1875,9.125],"tintindex":0,"rotation":0,"texture":"#0"},"south":{"uv":[8.34375,8.75,8.40625,9.125],"tintindex":0,"rotation":0,"texture":"#0"},"north":{"uv":[8.1875,8.75,8.25,9.125],"tintindex":0,"rotation":0,"texture":"#0"},"west":{"uv":[8.25,8.75,8.34375,9.125],"tintindex":0,"rotation":0,"texture":"#0"},"up":{"uv":[8.25,8.75,8.1875,8.65625],"tintindex":0,"rotation":0,"texture":"#0"},"down":{"uv":[8.3125,8.65625,8.25,8.75],"tintindex":0,"rotation":0,"texture":"#0"}},"rotation":{"origin":[8.887663,14.217003,6.3600216],"angle":45.0,"axis":"y"}},{"from":[5.235011,7.432993,6.012615],"to":[7.2550116,25.452993,10.032616],"faces":{"east":{"uv":[5.90625,7.6875,6.03125,8.25],"tintindex":0,"rotation":0,"texture":"#0"},"south":{"uv":[6.21875,7.6875,6.28125,8.25],"tintindex":0,"rotation":0,"texture":"#0"},"north":{"uv":[6.03125,7.6875,6.09375,8.25],"tintindex":0,"rotation":0,"texture":"#0"},"west":{"uv":[6.09375,7.6875,6.21875,8.25],"tintindex":0,"rotation":0,"texture":"#0"},"up":{"uv":[6.09375,7.6875,6.03125,7.5625],"tintindex":0,"rotation":0,"texture":"#0"},"down":{"uv":[6.15625,7.5625,6.09375,7.6875],"tintindex":0,"rotation":0,"texture":"#0"}},"rotation":{"origin":[8.887663,17.215492,7.5226154],"angle":-22.5,"axis":"z"}}],"display":{"gui":{"rotation":[30,225,0]}}}