{"textures":{"0":"modelengine:entity/cryomancer_seraphe"},"elements":[{"from":[7.5,6.3755207,8.0],"to":[8.5,12.375521,8.0],"faces":{"south":{"uv":[1.0625,5.96875,1.25,7.09375],"tintindex":0,"rotation":0,"texture":"#0"},"north":{"uv":[0.875,5.96875,1.0625,7.09375],"tintindex":0,"rotation":0,"texture":"#0"}}},{"from":[7.8333335,7.708854,7.8333335],"to":[8.166667,13.708855,8.166667],"faces":{"east":{"uv":[3.0,0.84375,3.0625,1.96875],"tintindex":0,"rotation":0,"texture":"#0"},"south":{"uv":[3.1875,0.84375,3.25,1.96875],"tintindex":0,"rotation":0,"texture":"#0"},"north":{"uv":[3.0625,0.84375,3.125,1.96875],"tintindex":0,"rotation":0,"texture":"#0"},"west":{"uv":[3.125,0.84375,3.1875,1.96875],"tintindex":0,"rotation":0,"texture":"#0"},"up":{"uv":[3.125,0.84375,3.0625,0.78125],"tintindex":0,"rotation":0,"texture":"#0"},"down":{"uv":[3.1875,0.78125,3.125,0.84375],"tintindex":0,"rotation":0,"texture":"#0"}}},{"from":[7.1666665,23.375523,8.0],"to":[8.833333,28.708855,8.0],"faces":{"south":{"uv":[4.125,5.5625,4.4375,6.5625],"tintindex":0,"rotation":0,"texture":"#0"},"north":{"uv":[3.8125,5.5625,4.125,6.5625],"tintindex":0,"rotation":0,"texture":"#0"}},"rotation":{"origin":[8.0,25.208855,8.0],"angle":22.5,"axis":"y"}},{"from":[7.75,19.704687,7.75],"to":[8.25,25.038023,8.25],"faces":{"east":{"uv":[3.34375,5.0,3.4375,6.0],"tintindex":0,"rotation":0,"texture":"#0"},"south":{"uv":[3.625,5.0,3.71875,6.0],"tintindex":0,"rotation":0,"texture":"#0"},"north":{"uv":[3.4375,5.0,3.53125,6.0],"tintindex":0,"rotation":0,"texture":"#0"},"west":{"uv":[3.53125,5.0,3.625,6.0],"tintindex":0,"rotation":0,"texture":"#0"},"up":{"uv":[3.53125,5.0,3.4375,4.90625],"tintindex":0,"rotation":0,"texture":"#0"},"down":{"uv":[3.625,4.90625,3.53125,5.0],"tintindex":0,"rotation":0,"texture":"#0"}},"rotation":{"origin":[8.0,22.375523,8.0],"angle":45.0,"axis":"y"}},{"from":[8.0,23.375523,7.1666665],"to":[8.0,28.708855,8.833333],"faces":{"east":{"uv":[0.0,4.0,0.3125,5.0],"tintindex":0,"rotation":0,"texture":"#0"},"west":{"uv":[0.3125,4.0,0.625,5.0],"tintindex":0,"rotation":0,"texture":"#0"}},"rotation":{"origin":[8.0,25.208855,8.0],"angle":22.5,"axis":"y"}},{"from":[8.0,19.708855,7.1666665],"to":[8.0,25.042189,8.833333],"faces":{"east":{"uv":[3.625,3.875,3.9375,4.875],"tintindex":0,"rotation":0,"texture":"#0"},"west":{"uv":[3.9375,3.875,4.25,4.875],"tintindex":0,"rotation":0,"texture":"#0"}},"rotation":{"origin":[8.0,22.375523,8.0],"angle":45.0,"axis":"y"}},{"from":[7.75,13.708855,7.75],"to":[8.25,19.708855,8.25],"faces":{"east":{"uv":[4.4375,5.65625,4.53125,6.78125],"tintindex":0,"rotation":0,"texture":"#0"},"south":{"uv":[4.71875,5.65625,4.8125,6.78125],"tintindex":0,"rotation":0,"texture":"#0"},"north":{"uv":[4.53125,5.65625,4.625,6.78125],"tintindex":0,"rotation":0,"texture":"#0"},"west":{"uv":[4.625,5.65625,4.71875,6.78125],"tintindex":0,"rotation":0,"texture":"#0"},"up":{"uv":[4.625,5.65625,4.53125,5.5625],"tintindex":0,"rotation":0,"texture":"#0"},"down":{"uv":[4.71875,5.5625,4.625,5.65625],"tintindex":0,"rotation":0,"texture":"#0"}}},{"from":[7.1666665,19.708855,8.0],"to":[8.833333,25.042189,8.0],"faces":{"south":{"uv":[2.75,5.3125,3.0625,6.3125],"tintindex":0,"rotation":0,"texture":"#0"},"north":{"uv":[2.4375,5.3125,2.75,6.3125],"tintindex":0,"rotation":0,"texture":"#0"}},"rotation":{"origin":[8.0,22.375523,8.0],"angle":45.0,"axis":"y"}}],"display":{"gui":{"rotation":[30,225,0]}}}