{"textures":{"0":"modelengine:entity/cryomancer_seraphe"},"elements":[{"from":[3.93263,24.028006,10.953894],"to":[6.45263,26.048006,11.973894],"faces":{"east":{"uv":[9.25,2.78125,9.3125,2.90625],"tintindex":0,"rotation":0,"texture":"#0"},"south":{"uv":[9.53125,2.78125,9.6875,2.90625],"tintindex":0,"rotation":0,"texture":"#0"},"north":{"uv":[9.3125,2.78125,9.46875,2.90625],"tintindex":0,"rotation":0,"texture":"#0"},"west":{"uv":[9.46875,2.78125,9.53125,2.90625],"tintindex":0,"rotation":0,"texture":"#0"},"up":{"uv":[9.46875,2.78125,9.3125,2.71875],"tintindex":0,"rotation":0,"texture":"#0"},"down":{"uv":[9.625,2.71875,9.46875,2.78125],"tintindex":0,"rotation":0,"texture":"#0"}},"rotation":{"origin":[5.6926303,24.575504,11.463894],"angle":45.0,"axis":"y"}},{"from":[6.333786,21.283003,7.2350426],"to":[8.853786,22.803003,7.755043],"faces":{"east":{"uv":[4.625,9.375,4.65625,9.46875],"tintindex":0,"rotation":0,"texture":"#0"},"south":{"uv":[4.84375,9.375,5.0,9.46875],"tintindex":0,"rotation":0,"texture":"#0"},"north":{"uv":[4.65625,9.375,4.8125,9.46875],"tintindex":0,"rotation":0,"texture":"#0"},"west":{"uv":[4.8125,9.375,4.84375,9.46875],"tintindex":0,"rotation":0,"texture":"#0"},"up":{"uv":[4.8125,9.375,4.65625,9.34375],"tintindex":0,"rotation":0,"texture":"#0"},"down":{"uv":[4.96875,9.34375,4.8125,9.375],"tintindex":0,"rotation":0,"texture":"#0"}},"rotation":{"origin":[8.011968,21.293003,7.495043],"angle":22.5,"axis":"y"}},{"from":[8.338785,18.788002,7.2400427],"to":[8.848785,21.298002,7.750043],"faces":{"east":{"uv":[2.375,4.25,2.40625,4.40625],"tintindex":0,"rotation":0,"texture":"#0"},"south":{"uv":[2.46875,4.25,2.5,4.40625],"tintindex":0,"rotation":0,"texture":"#0"},"north":{"uv":[2.40625,4.25,2.4375,4.40625],"tintindex":0,"rotation":0,"texture":"#0"},"west":{"uv":[2.4375,4.25,2.46875,4.40625],"tintindex":0,"rotation":0,"texture":"#0"},"up":{"uv":[2.4375,4.25,2.40625,4.21875],"tintindex":0,"rotation":0,"texture":"#0"},"down":{"uv":[2.46875,4.21875,2.4375,4.25],"tintindex":0,"rotation":0,"texture":"#0"}},"rotation":{"origin":[8.011968,21.293003,7.495043],"angle":22.5,"axis":"y"}},{"from":[4.3627157,23.339935,10.724388],"to":[6.3777156,24.854935,11.7393875],"faces":{"east":{"uv":[5.625,7.15625,5.6875,7.25],"tintindex":0,"rotation":0,"texture":"#0"},"south":{"uv":[5.875,7.15625,6.0,7.25],"tintindex":0,"rotation":0,"texture":"#0"},"north":{"uv":[5.6875,7.15625,5.8125,7.25],"tintindex":0,"rotation":0,"texture":"#0"},"west":{"uv":[5.8125,7.15625,5.875,7.25],"tintindex":0,"rotation":0,"texture":"#0"},"up":{"uv":[5.8125,7.15625,5.6875,7.09375],"tintindex":0,"rotation":0,"texture":"#0"},"down":{"uv":[5.9375,7.09375,5.8125,7.15625],"tintindex":0,"rotation":0,"texture":"#0"}},"rotation":{"origin":[5.532716,23.347435,11.231888],"angle":-45.0,"axis":"z"}},{"from":[7.1981096,23.556135,7.2644224],"to":[7.70811,25.066133,7.7744226],"faces":{"east":{"uv":[3.53125,2.96875,3.5625,3.0625],"tintindex":0,"rotation":0,"texture":"#0"},"south":{"uv":[3.625,2.96875,3.65625,3.0625],"tintindex":0,"rotation":0,"texture":"#0"},"north":{"uv":[3.5625,2.96875,3.59375,3.0625],"tintindex":0,"rotation":0,"texture":"#0"},"west":{"uv":[3.59375,2.96875,3.625,3.0625],"tintindex":0,"rotation":0,"texture":"#0"},"up":{"uv":[3.59375,2.96875,3.5625,2.9375],"tintindex":0,"rotation":0,"texture":"#0"},"down":{"uv":[3.625,2.9375,3.59375,2.96875],"tintindex":0,"rotation":0,"texture":"#0"}},"rotation":{"origin":[7.9531097,22.936134,7.5194225],"angle":22.5,"axis":"z"}},{"from":[6.4187737,22.702812,7.3196373],"to":[8.433773,23.717812,7.8346376],"faces":{"east":{"uv":[6.625,4.65625,6.65625,4.71875],"tintindex":0,"rotation":0,"texture":"#0"},"south":{"uv":[6.8125,4.65625,6.9375,4.71875],"tintindex":0,"rotation":0,"texture":"#0"},"north":{"uv":[6.65625,4.65625,6.78125,4.71875],"tintindex":0,"rotation":0,"texture":"#0"},"west":{"uv":[6.78125,4.65625,6.8125,4.71875],"tintindex":0,"rotation":0,"texture":"#0"},"up":{"uv":[6.78125,4.65625,6.65625,4.625],"tintindex":0,"rotation":0,"texture":"#0"},"down":{"uv":[6.90625,4.625,6.78125,4.65625],"tintindex":0,"rotation":0,"texture":"#0"}},"rotation":{"origin":[7.8137736,23.210312,7.5771375],"angle":22.5,"axis":"y"}},{"from":[4.36506,23.038004,8.905632],"to":[7.37506,26.048002,9.915632],"faces":{"east":{"uv":[8.875,0.1875,8.9375,0.375],"tintindex":0,"rotation":0,"texture":"#0"},"south":{"uv":[9.1875,0.1875,9.375,0.375],"tintindex":0,"rotation":0,"texture":"#0"},"north":{"uv":[8.9375,0.1875,9.125,0.375],"tintindex":0,"rotation":0,"texture":"#0"},"west":{"uv":[9.125,0.1875,9.1875,0.375],"tintindex":0,"rotation":0,"texture":"#0"},"up":{"uv":[9.125,0.1875,8.9375,0.125],"tintindex":0,"rotation":0,"texture":"#0"},"down":{"uv":[9.3125,0.125,9.125,0.1875],"tintindex":0,"rotation":0,"texture":"#0"}},"rotation":{"origin":[6.12006,21.868004,9.160633],"angle":45.0,"axis":"y"}},{"from":[7.218572,18.55637,7.463889],"to":[9.218573,21.55637,7.963889],"faces":{"east":{"uv":[7.09375,3.1875,7.125,3.375],"tintindex":0,"rotation":0,"texture":"#0"},"south":{"uv":[7.28125,3.1875,7.40625,3.375],"tintindex":0,"rotation":0,"texture":"#0"},"north":{"uv":[7.125,3.1875,7.25,3.375],"tintindex":0,"rotation":0,"texture":"#0"},"west":{"uv":[7.25,3.1875,7.28125,3.375],"tintindex":0,"rotation":0,"texture":"#0"},"up":{"uv":[7.25,3.1875,7.125,3.15625],"tintindex":0,"rotation":0,"texture":"#0"},"down":{"uv":[7.375,3.15625,7.25,3.1875],"tintindex":0,"rotation":0,"texture":"#0"}},"rotation":{"origin":[7.493572,20.30637,7.763889],"angle":45.0,"axis":"z"}},{"from":[8.19811,22.431135,7.2644224],"to":[8.70811,23.441133,7.7744226],"faces":{"east":{"uv":[4.28125,0.03125,4.3125,0.09375],"tintindex":0,"rotation":0,"texture":"#0"},"south":{"uv":[4.375,0.03125,4.40625,0.09375],"tintindex":0,"rotation":0,"texture":"#0"},"north":{"uv":[4.3125,0.03125,4.34375,0.09375],"tintindex":0,"rotation":0,"texture":"#0"},"west":{"uv":[4.34375,0.03125,4.375,0.09375],"tintindex":0,"rotation":0,"texture":"#0"},"up":{"uv":[4.34375,0.03125,4.3125,0.0],"tintindex":0,"rotation":0,"texture":"#0"},"down":{"uv":[4.375,0.0,4.34375,0.03125],"tintindex":0,"rotation":0,"texture":"#0"}},"rotation":{"origin":[7.9531097,22.936134,7.5194225],"angle":22.5,"axis":"z"}},{"from":[2.6419191,20.407139,10.389559],"to":[8.141919,23.907139,10.389559],"faces":{"south":{"uv":[8.375,2.59375,8.71875,2.8125],"tintindex":0,"rotation":0,"texture":"#0"},"north":{"uv":[8.03125,2.59375,8.375,2.8125],"tintindex":0,"rotation":0,"texture":"#0"}},"rotation":{"origin":[6.016919,22.407139,10.389559],"angle":45.0,"axis":"y"}},{"from":[4.7854643,21.553038,9.080722],"to":[8.305464,23.573038,10.100722],"faces":{"east":{"uv":[0.0,8.9375,0.0625,9.0625],"tintindex":0,"rotation":0,"texture":"#0"},"south":{"uv":[0.34375,8.9375,0.5625,9.0625],"tintindex":0,"rotation":0,"texture":"#0"},"north":{"uv":[0.0625,8.9375,0.28125,9.0625],"tintindex":0,"rotation":0,"texture":"#0"},"west":{"uv":[0.28125,8.9375,0.34375,9.0625],"tintindex":0,"rotation":0,"texture":"#0"},"up":{"uv":[0.28125,8.9375,0.0625,8.875],"tintindex":0,"rotation":0,"texture":"#0"},"down":{"uv":[0.5,8.875,0.28125,8.9375],"tintindex":0,"rotation":0,"texture":"#0"}},"rotation":{"origin":[6.0454645,22.813038,9.340722],"angle":45.0,"axis":"y"}},{"from":[6.3841953,22.705313,7.487648],"to":[6.8941956,26.215311,8.497648],"faces":{"east":{"uv":[1.1875,5.09375,1.25,5.3125],"tintindex":0,"rotation":0,"texture":"#0"},"south":{"uv":[1.34375,5.09375,1.375,5.3125],"tintindex":0,"rotation":0,"texture":"#0"},"north":{"uv":[1.25,5.09375,1.28125,5.3125],"tintindex":0,"rotation":0,"texture":"#0"},"west":{"uv":[1.28125,5.09375,1.34375,5.3125],"tintindex":0,"rotation":0,"texture":"#0"},"up":{"uv":[1.28125,5.09375,1.25,5.03125],"tintindex":0,"rotation":0,"texture":"#0"},"down":{"uv":[1.3125,5.03125,1.28125,5.09375],"tintindex":0,"rotation":0,"texture":"#0"}},"rotation":{"origin":[7.4141955,23.210312,7.742648],"angle":22.5,"axis":"y"}}],"display":{"gui":{"rotation":[30,225,0]}}}