{"textures":{"0":"modelengine:entity/xiddri","2":"modelengine:entity/xiddri_fur"},"elements":[{"from":[5.8999996,2.047391,7.451373],"to":[10.1,7.927391,16.838041],"faces":{"east":{"uv":[4.84375,12.0,5.46875,12.5625],"tintindex":0,"rotation":0,"texture":"#0"},"south":{"uv":[6.5,13.3125,6.90625,13.875],"tintindex":0,"rotation":0,"texture":"#0"},"north":{"uv":[2.53125,2.9375,2.9375,3.5],"tintindex":0,"rotation":0,"texture":"#0"},"west":{"uv":[3.125,12.03125,3.75,12.59375],"tintindex":0,"rotation":0,"texture":"#0"},"up":{"uv":[13.6875,1.40625,13.28125,0.78125],"tintindex":0,"rotation":0,"texture":"#0"},"down":{"uv":[13.6875,6.09375,13.28125,6.71875],"tintindex":0,"rotation":0,"texture":"#0"}}},{"from":[7.58,1.2740579,9.196373],"to":[8.42,4.4940577,15.916374],"faces":{"east":{"uv":[13.84375,2.65625,14.46875,2.96875],"tintindex":0,"rotation":0,"texture":"#0"},"south":{"uv":[5.8125,12.34375,5.90625,12.65625],"tintindex":0,"rotation":0,"texture":"#0"},"north":{"uv":[6.53125,8.28125,6.625,8.59375],"tintindex":0,"rotation":0,"texture":"#0"},"west":{"uv":[13.875,10.96875,14.5,11.28125],"tintindex":0,"rotation":0,"texture":"#0"},"up":{"uv":[12.375,15.9375,12.28125,15.3125],"tintindex":0,"rotation":0,"texture":"#0"},"down":{"uv":[12.46875,15.3125,12.375,15.9375],"tintindex":0,"rotation":0,"texture":"#0"}},"rotation":{"origin":[8.0,10.654058,-0.28862762],"angle":-22.5,"axis":"x"}},{"from":[3.4499998,-5.369693,2.2124772],"to":[12.55,9.330307,8.145811],"faces":{"east":{"uv":[0.40625,7.6875,0.9375,9.0625],"tintindex":0,"rotation":0,"texture":"#0"},"south":{"uv":[3.90625,5.71875,4.75,7.09375],"tintindex":0,"rotation":0,"texture":"#0"},"north":{"uv":[1.34375,5.4375,2.1875,6.8125],"tintindex":0,"rotation":0,"texture":"#0"},"west":{"uv":[7.6875,0.90625,8.21875,2.28125],"tintindex":0,"rotation":0,"texture":"#0"},"up":{"uv":[11.15625,0.53125,10.3125,0.0],"tintindex":0,"rotation":0,"texture":"#0"},"down":{"uv":[11.28125,2.3125,10.4375,2.84375],"tintindex":0,"rotation":0,"texture":"#0"}}},{"from":[2.75,1.6303072,13.570811],"to":[6.25,7.230307,24.770811],"faces":{"east":{"uv":[9.0,0.65625,10.0625,1.1875],"tintindex":0,"rotation":0,"texture":"#0"},"south":{"uv":[14.0625,13.9375,14.375,14.46875],"tintindex":0,"rotation":0,"texture":"#0"},"north":{"uv":[14.0625,13.40625,14.375,13.9375],"tintindex":0,"rotation":0,"texture":"#0"},"west":{"uv":[9.0,1.1875,10.0625,1.71875],"tintindex":0,"rotation":0,"texture":"#0"},"up":{"uv":[11.75,12.9375,11.4375,11.875],"tintindex":0,"rotation":0,"texture":"#0"},"down":{"uv":[6.65625,12.25,6.34375,13.3125],"tintindex":0,"rotation":0,"texture":"#0"}},"rotation":{"origin":[8.0,6.180308,24.595812],"angle":-22.5,"axis":"x"}},{"from":[13.25,2.6803079,17.070812],"to":[18.150002,6.180308,20.570812],"faces":{"east":{"uv":[0.53125,14.6875,0.875,15.03125],"tintindex":0,"rotation":0,"texture":"#0"},"south":{"uv":[12.1875,14.375,12.65625,14.71875],"tintindex":0,"rotation":0,"texture":"#0"},"north":{"uv":[10.1875,14.375,10.65625,14.71875],"tintindex":0,"rotation":0,"texture":"#0"},"west":{"uv":[2.4375,14.6875,2.78125,15.03125],"tintindex":0,"rotation":0,"texture":"#0"},"up":{"uv":[14.84375,13.75,14.375,13.40625],"tintindex":0,"rotation":0,"texture":"#0"},"down":{"uv":[14.84375,13.75,14.375,14.09375],"tintindex":0,"rotation":0,"texture":"#0"}},"rotation":{"origin":[8.0,6.180308,24.595812],"angle":-22.5,"axis":"x"}},{"from":[9.75,1.6303072,13.570811],"to":[13.25,7.230307,24.770811],"faces":{"east":{"uv":[2.0625,9.0,3.125,9.53125],"tintindex":0,"rotation":0,"texture":"#0"},"south":{"uv":[13.625,14.09375,13.9375,14.625],"tintindex":0,"rotation":0,"texture":"#0"},"north":{"uv":[14.09375,2.96875,14.40625,3.5],"tintindex":0,"rotation":0,"texture":"#0"},"west":{"uv":[9.1875,3.875,10.25,4.40625],"tintindex":0,"rotation":0,"texture":"#0"},"up":{"uv":[6.96875,13.3125,6.65625,12.25],"tintindex":0,"rotation":0,"texture":"#0"},"down":{"uv":[12.0625,12.25,11.75,13.3125],"tintindex":0,"rotation":0,"texture":"#0"}},"rotation":{"origin":[8.0,6.180308,24.595812],"angle":-22.5,"axis":"x"}},{"from":[6.25,0.2303071,13.570811],"to":[9.75,10.030308,27.570812],"faces":{"east":{"uv":[4.5,2.5,5.8125,3.40625],"tintindex":0,"rotation":0,"texture":"#0"},"south":{"uv":[12.40625,5.875,12.75,6.78125],"tintindex":0,"rotation":0,"texture":"#0"},"north":{"uv":[5.46875,12.34375,5.8125,13.25],"tintindex":0,"rotation":0,"texture":"#0"},"west":{"uv":[3.90625,4.8125,5.21875,5.71875],"tintindex":0,"rotation":0,"texture":"#0"},"up":{"uv":[5.5625,11.9375,5.21875,10.625],"tintindex":0,"rotation":0,"texture":"#0"},"down":{"uv":[3.71875,10.65625,3.375,11.96875],"tintindex":0,"rotation":0,"texture":"#0"}},"rotation":{"origin":[8.0,6.180308,24.595812],"angle":-22.5,"axis":"x"}},{"from":[-2.1500006,2.6803079,17.070812],"to":[2.75,6.180308,20.570812],"faces":{"east":{"uv":[10.90625,14.65625,11.25,15.0],"tintindex":0,"rotation":0,"texture":"#0"},"south":{"uv":[14.15625,5.09375,14.625,5.4375],"tintindex":0,"rotation":0,"texture":"#0"},"north":{"uv":[11.78125,10.625,12.25,10.96875],"tintindex":0,"rotation":0,"texture":"#0"},"west":{"uv":[14.65625,12.3125,15.0,12.65625],"tintindex":0,"rotation":0,"texture":"#0"},"up":{"uv":[7.21875,14.71875,6.75,14.375],"tintindex":0,"rotation":0,"texture":"#0"},"down":{"uv":[14.84375,9.46875,14.375,9.8125],"tintindex":0,"rotation":0,"texture":"#0"}},"rotation":{"origin":[8.0,6.180308,24.595812],"angle":-22.5,"axis":"x"}},{"from":[8.033334,-11.666668,9.666667],"to":[8.033334,3.6666665,29.0],"faces":{"east":{"uv":[0.0,5.6875,3.625,8.5625],"tintindex":0,"rotation":0,"texture":"#2"},"west":{"uv":[3.625,5.6875,0.0,8.5625],"tintindex":0,"rotation":0,"texture":"#2"}}}],"display":{"gui":{"rotation":[30,225,0]}}}