{"textures":{"0":"modelengine:entity/xiddri"},"elements":[{"from":[8.151111,9.015213,13.363733],"to":[9.724444,13.001881,16.510399],"faces":{"east":{"uv":[15.28125,10.3125,14.875,10.5625],"tintindex":0,"rotation":0,"texture":"#0"},"south":{"uv":[15.71875,2.8125,15.5625,3.0625],"tintindex":0,"rotation":0,"texture":"#0"},"north":{"uv":[15.71875,0.875,15.5625,1.125],"tintindex":0,"rotation":0,"texture":"#0"},"west":{"uv":[15.28125,10.3125,14.875,10.5625],"tintindex":0,"rotation":0,"texture":"#0"},"up":{"uv":[15.28125,9.46875,15.4375,9.0625],"tintindex":0,"rotation":0,"texture":"#0"},"down":{"uv":[9.6875,15.28125,9.84375,15.6875],"tintindex":0,"rotation":0,"texture":"#0"}},"rotation":{"origin":[8.9377775,10.883547,15.270399],"angle":-22.5,"axis":"x"}},{"from":[6.257777,6.6990232,9.036397],"to":[9.991111,10.432357,20.983063],"faces":{"east":{"uv":[11.28125,2.28125,12.40625,2.625],"tintindex":0,"rotation":0,"texture":"#0"},"south":{"uv":[14.71875,3.03125,15.0625,3.375],"tintindex":0,"rotation":0,"texture":"#0"},"north":{"uv":[14.71875,2.6875,15.0625,3.03125],"tintindex":0,"rotation":0,"texture":"#0"},"west":{"uv":[11.28125,8.9375,12.40625,9.28125],"tintindex":0,"rotation":0,"texture":"#0"},"up":{"uv":[5.90625,12.34375,5.5625,11.21875],"tintindex":0,"rotation":0,"texture":"#0"},"down":{"uv":[10.65625,11.28125,10.3125,12.40625],"tintindex":0,"rotation":0,"texture":"#0"}}},{"from":[7.484444,13.640792,15.887802],"to":[9.057778,16.294125,20.367804],"faces":{"east":{"uv":[14.90625,4.53125,15.3125,4.78125],"tintindex":0,"rotation":0,"texture":"#0"},"south":{"uv":[15.5625,6.5,15.71875,6.75],"tintindex":0,"rotation":0,"texture":"#0"},"north":{"uv":[15.5625,6.25,15.71875,6.5],"tintindex":0,"rotation":0,"texture":"#0"},"west":{"uv":[14.90625,4.78125,15.3125,5.03125],"tintindex":0,"rotation":0,"texture":"#0"},"up":{"uv":[15.4375,13.3125,15.28125,12.90625],"tintindex":0,"rotation":0,"texture":"#0"},"down":{"uv":[15.4375,13.3125,15.28125,13.71875],"tintindex":0,"rotation":0,"texture":"#0"}},"rotation":{"origin":[9.2711115,10.134125,13.461135],"angle":45.0,"axis":"x"}},{"from":[5.5111113,5.9523563,9.036397],"to":[9.244445,9.68569,25.463064],"faces":{"east":{"uv":[9.46875,7.6875,11.0,8.03125],"tintindex":0,"rotation":0,"texture":"#0"},"south":{"uv":[14.71875,0.34375,15.0625,0.6875],"tintindex":0,"rotation":0,"texture":"#0"},"north":{"uv":[14.71875,0.0,15.0625,0.34375],"tintindex":0,"rotation":0,"texture":"#0"},"west":{"uv":[9.46875,8.03125,11.0,8.375],"tintindex":0,"rotation":0,"texture":"#0"},"up":{"uv":[0.34375,10.84375,0.0,9.3125],"tintindex":0,"rotation":0,"texture":"#0"},"down":{"uv":[8.21875,9.34375,7.875,10.875],"tintindex":0,"rotation":0,"texture":"#0"}}},{"from":[8.317778,10.974125,8.304469],"to":[9.641111,13.960792,12.784469],"faces":{"east":{"uv":[10.1875,14.71875,10.59375,15.0],"tintindex":0,"rotation":0,"texture":"#0"},"south":{"uv":[7.21875,15.65625,7.34375,15.9375],"tintindex":0,"rotation":0,"texture":"#0"},"north":{"uv":[1.40625,15.65625,1.53125,15.9375],"tintindex":0,"rotation":0,"texture":"#0"},"west":{"uv":[11.6875,14.71875,12.09375,15.0],"tintindex":0,"rotation":0,"texture":"#0"},"up":{"uv":[4.15625,15.875,4.03125,15.46875],"tintindex":0,"rotation":0,"texture":"#0"},"down":{"uv":[4.28125,15.46875,4.15625,15.875],"tintindex":0,"rotation":0,"texture":"#0"}},"rotation":{"origin":[9.2711115,10.134125,13.461135],"angle":45.0,"axis":"x"}},{"from":[5.3244443,5.5790234,5.6763964],"to":[9.804444,10.059023,10.156397],"faces":{"east":{"uv":[2.9375,14.34375,3.34375,14.75],"tintindex":0,"rotation":0,"texture":"#0"},"south":{"uv":[14.34375,7.53125,14.75,7.9375],"tintindex":0,"rotation":0,"texture":"#0"},"north":{"uv":[1.21875,14.34375,1.625,14.75],"tintindex":0,"rotation":0,"texture":"#0"},"west":{"uv":[14.34375,11.28125,14.75,11.6875],"tintindex":0,"rotation":0,"texture":"#0"},"up":{"uv":[14.78125,1.6875,14.375,1.28125],"tintindex":0,"rotation":0,"texture":"#0"},"down":{"uv":[14.78125,1.6875,14.375,2.09375],"tintindex":0,"rotation":0,"texture":"#0"}},"rotation":{"origin":[8.497778,8.939023,7.5430627],"angle":-22.5,"axis":"x"}}],"display":{"gui":{"rotation":[30,225,0]}}}