{"textures":{"0":"modelengine:entity/xiddri"},"elements":[{"from":[2.4,-4.118681,8.843002],"to":[4.92,3.7213202,11.083004],"faces":{"east":{"uv":[12.03125,15.3125,12.15625,15.8125],"tintindex":0,"rotation":0,"texture":"#0"},"south":{"uv":[9.1875,15.03125,9.34375,15.53125],"tintindex":0,"rotation":0,"texture":"#0"},"north":{"uv":[7.40625,15.03125,7.5625,15.53125],"tintindex":0,"rotation":0,"texture":"#0"},"west":{"uv":[12.15625,15.3125,12.28125,15.8125],"tintindex":0,"rotation":0,"texture":"#0"},"up":{"uv":[9.84375,15.8125,9.6875,15.6875],"tintindex":0,"rotation":0,"texture":"#0"},"down":{"uv":[15.84375,9.75,15.6875,9.875],"tintindex":0,"rotation":0,"texture":"#0"}},"rotation":{"origin":[7.4399996,-1.038681,12.483002],"angle":-22.5,"axis":"z"}},{"from":[2.12,-7.962206,9.540264],"to":[4.36,-1.2422066,11.780266],"faces":{"east":{"uv":[10.40625,15.46875,10.53125,15.875],"tintindex":0,"rotation":0,"texture":"#0"},"south":{"uv":[10.53125,15.46875,10.65625,15.875],"tintindex":0,"rotation":0,"texture":"#0"},"north":{"uv":[10.28125,15.46875,10.40625,15.875],"tintindex":0,"rotation":0,"texture":"#0"},"west":{"uv":[10.65625,15.46875,10.78125,15.875],"tintindex":0,"rotation":0,"texture":"#0"},"up":{"uv":[15.84375,2.40625,15.71875,2.28125],"tintindex":0,"rotation":0,"texture":"#0"},"down":{"uv":[15.84375,2.40625,15.71875,2.53125],"tintindex":0,"rotation":0,"texture":"#0"}},"rotation":{"origin":[2.96,-2.3622055,10.1002655],"angle":-22.5,"axis":"x"}},{"from":[5.4799995,-6.3586807,8.563004],"to":[8.28,2.6013203,10.803001],"faces":{"east":{"uv":[8.875,15.1875,9.0,15.75],"tintindex":0,"rotation":0,"texture":"#0"},"south":{"uv":[14.78125,6.5,14.96875,7.0625],"tintindex":0,"rotation":0,"texture":"#0"},"north":{"uv":[5.15625,14.78125,5.34375,15.34375],"tintindex":0,"rotation":0,"texture":"#0"},"west":{"uv":[9.0,15.1875,9.125,15.75],"tintindex":0,"rotation":0,"texture":"#0"},"up":{"uv":[15.875,7.28125,15.6875,7.15625],"tintindex":0,"rotation":0,"texture":"#0"},"down":{"uv":[15.875,7.28125,15.6875,7.40625],"tintindex":0,"rotation":0,"texture":"#0"}},"rotation":{"origin":[7.4399996,-1.038681,12.483002],"angle":22.5,"axis":"x"}},{"from":[5.76,-10.482206,7.3002663],"to":[8.0,-3.7622051,9.540264],"faces":{"east":{"uv":[8.03125,15.46875,8.15625,15.875],"tintindex":0,"rotation":0,"texture":"#0"},"south":{"uv":[8.15625,15.46875,8.28125,15.875],"tintindex":0,"rotation":0,"texture":"#0"},"north":{"uv":[7.90625,15.46875,8.03125,15.875],"tintindex":0,"rotation":0,"texture":"#0"},"west":{"uv":[8.28125,15.46875,8.40625,15.875],"tintindex":0,"rotation":0,"texture":"#0"},"up":{"uv":[15.1875,15.8125,15.0625,15.6875],"tintindex":0,"rotation":0,"texture":"#0"},"down":{"uv":[15.3125,15.6875,15.1875,15.8125],"tintindex":0,"rotation":0,"texture":"#0"}},"rotation":{"origin":[6.88,-4.882206,7.860264],"angle":-22.5,"axis":"x"}},{"from":[10.24,-9.082205,12.060265],"to":[11.92,-6.842205,16.540264],"faces":{"east":{"uv":[12.96875,7.71875,13.25,7.84375],"tintindex":0,"rotation":0,"texture":"#0"},"south":{"uv":[6.28125,14.96875,6.375,15.09375],"tintindex":0,"rotation":0,"texture":"#0"},"north":{"uv":[13.53125,14.5,13.625,14.625],"tintindex":0,"rotation":0,"texture":"#0"},"west":{"uv":[13.21875,3.875,13.5,4.0],"tintindex":0,"rotation":0,"texture":"#0"},"up":{"uv":[5.15625,15.96875,5.0625,15.6875],"tintindex":0,"rotation":0,"texture":"#0"},"down":{"uv":[5.25,15.6875,5.15625,15.96875],"tintindex":0,"rotation":0,"texture":"#0"}}},{"from":[5.76,0.17593002,6.2080193],"to":[9.12,10.25593,8.448021],"faces":{"east":{"uv":[9.34375,15.03125,9.46875,15.65625],"tintindex":0,"rotation":0,"texture":"#0"},"south":{"uv":[13.3125,14.5,13.53125,15.125],"tintindex":0,"rotation":0,"texture":"#0"},"north":{"uv":[11.46875,14.5,11.6875,15.125],"tintindex":0,"rotation":0,"texture":"#0"},"west":{"uv":[14.71875,15.03125,14.84375,15.65625],"tintindex":0,"rotation":0,"texture":"#0"},"up":{"uv":[15.84375,1.8125,15.625,1.6875],"tintindex":0,"rotation":0,"texture":"#0"},"down":{"uv":[15.84375,15.21875,15.625,15.34375],"tintindex":0,"rotation":0,"texture":"#0"}},"rotation":{"origin":[8.0,5.7759295,8.448021],"angle":-22.5,"axis":"x"}},{"from":[9.12,-5.5186806,9.123001],"to":[11.64,3.4413195,11.363003],"faces":{"east":{"uv":[3.40625,15.1875,3.53125,15.75],"tintindex":0,"rotation":0,"texture":"#0"},"south":{"uv":[14.5625,14.9375,14.71875,15.5],"tintindex":0,"rotation":0,"texture":"#0"},"north":{"uv":[6.34375,14.0,6.5,14.5625],"tintindex":0,"rotation":0,"texture":"#0"},"west":{"uv":[8.75,15.1875,8.875,15.75],"tintindex":0,"rotation":0,"texture":"#0"},"up":{"uv":[15.84375,9.25,15.6875,9.125],"tintindex":0,"rotation":0,"texture":"#0"},"down":{"uv":[15.84375,9.625,15.6875,9.75],"tintindex":0,"rotation":0,"texture":"#0"}},"rotation":{"origin":[7.4399996,-1.038681,12.483002],"angle":22.5,"axis":"z"}},{"from":[9.96,-9.3622055,9.540264],"to":[12.2,-2.6422062,11.780266],"faces":{"east":{"uv":[8.53125,15.46875,8.65625,15.875],"tintindex":0,"rotation":0,"texture":"#0"},"south":{"uv":[9.46875,15.46875,9.59375,15.875],"tintindex":0,"rotation":0,"texture":"#0"},"north":{"uv":[8.40625,15.46875,8.53125,15.875],"tintindex":0,"rotation":0,"texture":"#0"},"west":{"uv":[10.15625,15.46875,10.28125,15.875],"tintindex":0,"rotation":0,"texture":"#0"},"up":{"uv":[15.84375,0.96875,15.71875,0.84375],"tintindex":0,"rotation":0,"texture":"#0"},"down":{"uv":[15.84375,0.96875,15.71875,1.09375],"tintindex":0,"rotation":0,"texture":"#0"}},"rotation":{"origin":[11.08,-3.7622051,10.1002655],"angle":-22.5,"axis":"x"}},{"from":[6.04,-6.842205,12.060265],"to":[7.7200003,-1.2422066,14.300266],"faces":{"east":{"uv":[11.8125,15.53125,11.9375,15.875],"tintindex":0,"rotation":0,"texture":"#0"},"south":{"uv":[9.34375,15.65625,9.4375,16.0],"tintindex":0,"rotation":0,"texture":"#0"},"north":{"uv":[15.65625,9.28125,15.75,9.625],"tintindex":0,"rotation":0,"texture":"#0"},"west":{"uv":[13.1875,15.53125,13.3125,15.875],"tintindex":0,"rotation":0,"texture":"#0"},"up":{"uv":[14.03125,1.40625,13.9375,1.28125],"tintindex":0,"rotation":0,"texture":"#0"},"down":{"uv":[14.3125,6.25,14.21875,6.375],"tintindex":0,"rotation":0,"texture":"#0"}},"rotation":{"origin":[6.88,-4.882206,7.860264],"angle":45.0,"axis":"x"}},{"from":[2.4,-7.210045,11.656044],"to":[4.08,-4.970043,16.136044],"faces":{"east":{"uv":[13.25,7.71875,13.53125,7.84375],"tintindex":0,"rotation":0,"texture":"#0"},"south":{"uv":[6.84375,15.125,6.9375,15.25],"tintindex":0,"rotation":0,"texture":"#0"},"north":{"uv":[8.75,15.0,8.84375,15.125],"tintindex":0,"rotation":0,"texture":"#0"},"west":{"uv":[13.59375,7.59375,13.875,7.71875],"tintindex":0,"rotation":0,"texture":"#0"},"up":{"uv":[5.34375,15.96875,5.25,15.6875],"tintindex":0,"rotation":0,"texture":"#0"},"down":{"uv":[5.78125,15.6875,5.6875,15.96875],"tintindex":0,"rotation":0,"texture":"#0"}},"rotation":{"origin":[2.96,-5.5300446,14.456043],"angle":-22.5,"axis":"x"}},{"from":[4.64,1.2959299,8.448021],"to":[10.24,10.25593,10.968021],"faces":{"east":{"uv":[11.0,12.96875,11.15625,13.53125],"tintindex":0,"rotation":0,"texture":"#0"},"south":{"uv":[4.625,13.96875,4.96875,14.53125],"tintindex":0,"rotation":0,"texture":"#0"},"north":{"uv":[13.96875,0.3125,14.3125,0.875],"tintindex":0,"rotation":0,"texture":"#0"},"west":{"uv":[3.71875,13.875,3.875,14.4375],"tintindex":0,"rotation":0,"texture":"#0"},"up":{"uv":[14.5625,9.0625,14.21875,8.90625],"tintindex":0,"rotation":0,"texture":"#0"},"down":{"uv":[15.6875,0.71875,15.34375,0.875],"tintindex":0,"rotation":0,"texture":"#0"}},"rotation":{"origin":[8.0,5.7759295,8.448021],"angle":-22.5,"axis":"x"}}],"display":{"gui":{"rotation":[30,225,0]}}}