{"textures":{"1":"modelengine:entity/mosaic_fragmentation"},"elements":[{"from":[6.5,6.5,6.5],"to":[9.5,9.5,9.5],"faces":{"east":{"uv":[12.0,0.0,14.0,2.0],"tintindex":0,"rotation":0,"texture":"#1"},"south":{"uv":[2.0,12.0,4.0,14.0],"tintindex":0,"rotation":0,"texture":"#1"},"north":{"uv":[0.0,12.0,2.0,14.0],"tintindex":0,"rotation":0,"texture":"#1"},"west":{"uv":[12.0,2.0,14.0,4.0],"tintindex":0,"rotation":0,"texture":"#1"},"up":{"uv":[6.0,14.0,4.0,12.0],"tintindex":0,"rotation":0,"texture":"#1"},"down":{"uv":[14.0,4.0,12.0,6.0],"tintindex":0,"rotation":0,"texture":"#1"}}}],"display":{"gui":{"rotation":[30,225,0]}}}