{"credit":"MadewithBlockbench","texture_size":[24,24],"textures":{"1":"tavern:items/sets/cyber/pink/animation_1-sheet","2":"tavern:items/sets/cyber/pink/pickaxe","3":"tavern:items/sets/cyber/pink/animation_2-sheet","particle":"tavern:items/sets/cyber/pink/pickaxe"},"elements":[{"from":[7.32,-0.18,7.32],"to":[8.68,1.18,8.68],"rotation":{"angle":-45,"axis":"x","origin":[8,0.5,8]},"faces":{"north":{"uv":[11.33333,5.33333,12.16667,6.16667],"texture":"#2"},"east":{"uv":[11.33333,6.66667,12.16667,7.5],"texture":"#2"},"south":{"uv":[8,11.33333,8.83333,12.16667],"texture":"#2"},"west":{"uv":[11.33333,8,12.16667,8.83333],"texture":"#2"},"up":{"uv":[10.16667,12.16667,9.33333,11.33333],"texture":"#2"},"down":{"uv":[12.16667,9.33333,11.33333,10.16667],"texture":"#2"}}},{"from":[7.59,-0.25096,6.36],"to":[8.41,0.56904,9.64],"rotation":{"angle":0,"axis":"y","origin":[7.59,-0.25096,8]},"faces":{"north":{"uv":[12.66667,12,13.16667,12.5],"texture":"#2"},"east":{"uv":[8.66667,4,10.83333,4.5],"texture":"#2"},"south":{"uv":[12.66667,12.66667,13.16667,13.16667],"texture":"#2"},"west":{"uv":[4.66667,8.66667,6.83333,9.16667],"texture":"#2"},"up":{"uv":[9.16667,9.5,8.66667,7.33333],"texture":"#2"},"down":{"uv":[5.16667,9.33333,4.66667,11.5],"texture":"#2"}}},{"from":[7.5244,0.02784,5.6384],"to":[8.4756,1.93024,6.5896],"rotation":{"angle":22.5,"axis":"x","origin":[8,0.15904,5.54]},"faces":{"north":{"uv":[8.66667,10,9.33333,11.33333],"texture":"#2"},"east":{"uv":[9.33333,10,10,11.33333],"texture":"#2"},"south":{"uv":[10,10,10.66667,11.33333],"texture":"#2"},"west":{"uv":[0,10.66667,0.66667,12],"texture":"#2"},"up":{"uv":[7.33333,12,6.66667,11.33333],"texture":"#2"},"down":{"uv":[0.66667,12,0,12.66667],"texture":"#2"}}},{"from":[7.5244,19.84576,2.60851],"to":[8.4756,21.74816,3.55971],"rotation":{"angle":45,"axis":"x","origin":[8,20.79696,3.08411]},"faces":{"north":{"uv":[10.66667,1.33333,11.33333,2.66667],"texture":"#2"},"east":{"uv":[10.66667,2.66667,11.33333,4],"texture":"#2"},"south":{"uv":[10.66667,4.66667,11.33333,6],"texture":"#2"},"west":{"uv":[5.33333,10.66667,6,12],"texture":"#2"},"up":{"uv":[12.66667,4,12,3.33333],"texture":"#2"},"down":{"uv":[12.66667,4,12,4.66667],"texture":"#2"}}},{"from":[7.7704,-0.10667,7.1011],"to":[8.2296,0.97573,8.0523],"rotation":{"angle":22.5,"axis":"x","origin":[8.246,1.09053,7.5767]},"faces":{"north":{"uv":[2.66667,13.33333,3,14],"texture":"#2"},"east":{"uv":[4.66667,12,5.33333,12.66667],"texture":"#2"},"south":{"uv":[13.33333,2.66667,13.66667,3.33333],"texture":"#2"},"west":{"uv":[12,4.66667,12.66667,5.33333],"texture":"#2"},"up":{"uv":[3.66667,14,3.33333,13.33333],"texture":"#2"},"down":{"uv":[13.66667,3.33333,13.33333,4],"texture":"#2"}}},{"from":[7.7704,-0.10667,7.9477],"to":[8.2296,0.97573,8.8989],"rotation":{"angle":-22.5,"axis":"x","origin":[8.246,1.09053,8.4233]},"faces":{"north":{"uv":[13.66667,2.66667,13.33333,3.33333],"texture":"#2"},"east":{"uv":[5.33333,12,4.66667,12.66667],"texture":"#2"},"south":{"uv":[3,13.33333,2.66667,14],"texture":"#2"},"west":{"uv":[12.66667,4.66667,12,5.33333],"texture":"#2"},"up":{"uv":[3.66667,13.33333,3.33333,14],"texture":"#2"},"down":{"uv":[13.66667,4,13.33333,3.33333],"texture":"#2"}}},{"from":[7.5244,0.02784,9.4104],"to":[8.4756,1.93024,10.3616],"rotation":{"angle":-22.5,"axis":"x","origin":[8,0.15904,10.46]},"faces":{"north":{"uv":[10.66667,10,10,11.33333],"texture":"#2"},"east":{"uv":[10,10,9.33333,11.33333],"texture":"#2"},"south":{"uv":[9.33333,10,8.66667,11.33333],"texture":"#2"},"west":{"uv":[0.66667,10.66667,0,12],"texture":"#2"},"up":{"uv":[7.33333,11.33333,6.66667,12],"texture":"#2"},"down":{"uv":[0.66667,12.66667,0,12],"texture":"#2"}}},{"from":[7.6,1,7.6],"to":[8.4,2,8.4],"rotation":{"angle":0,"axis":"y","origin":[7.5,7.5,7.5]},"faces":{"north":{"uv":[12.66667,5.33333,13.16667,6],"texture":"#2"},"east":{"uv":[6,12.66667,6.5,13.33333],"texture":"#2"},"south":{"uv":[12.66667,6,13.16667,6.66667],"texture":"#2"},"west":{"uv":[6.66667,12.66667,7.16667,13.33333],"texture":"#2"},"up":{"uv":[0.5,13.83333,0,13.33333],"texture":"#2"},"down":{"uv":[13.83333,0,13.33333,0.5],"texture":"#2"}}},{"from":[7.4,4,7.4],"to":[8.6,5,8.6],"rotation":{"angle":0,"axis":"y","origin":[7.5,7.5,7.5]},"faces":{"north":{"uv":[8.66667,6,9.5,6.66667],"texture":"#2"},"east":{"uv":[11.33333,10.66667,12.16667,11.33333],"texture":"#2"},"south":{"uv":[12,2.66667,12.83333,3.33333],"texture":"#2"},"west":{"uv":[3.33333,12,4.16667,12.66667],"texture":"#2"},"up":{"uv":[11.5,12.16667,10.66667,11.33333],"texture":"#2"},"down":{"uv":[12.83333,0,12,0.83333],"texture":"#2"}}},{"from":[7.6,7,7.6],"to":[8.4,8,8.4],"rotation":{"angle":0,"axis":"y","origin":[7.5,7.5,7.5]},"faces":{"north":{"uv":[12.66667,6.66667,13.16667,7.33333],"texture":"#2"},"east":{"uv":[7.33333,12.66667,7.83333,13.33333],"texture":"#2"},"south":{"uv":[12.66667,7.33333,13.16667,8],"texture":"#2"},"west":{"uv":[8,12.66667,8.5,13.33333],"texture":"#2"},"up":{"uv":[1.16667,13.83333,0.66667,13.33333],"texture":"#2"},"down":{"uv":[13.83333,0.66667,13.33333,1.16667],"texture":"#2"}}},{"from":[7.5,2,7.5],"to":[8.5,4,8.5],"rotation":{"angle":0,"axis":"y","origin":[7.5,7.5,7.5]},"faces":{"north":{"uv":[6,10.66667,6.66667,12],"texture":"#2"},"east":{"uv":[10.66667,6,11.33333,7.33333],"texture":"#2"},"south":{"uv":[7.33333,10.66667,8,12],"texture":"#2"},"west":{"uv":[10.66667,7.33333,11.33333,8.66667],"texture":"#2"},"up":{"uv":[6,12.66667,5.33333,12],"texture":"#2"},"down":{"uv":[6.66667,12,6,12.66667],"texture":"#2"}}},{"from":[7.5,5,7.5],"to":[8.5,7,8.5],"rotation":{"angle":0,"axis":"y","origin":[7.5,7.5,7.5]},"faces":{"north":{"uv":[10.66667,8.66667,11.33333,10],"texture":"#2"},"east":{"uv":[10.66667,10,11.33333,11.33333],"texture":"#2"},"south":{"uv":[11.33333,0,12,1.33333],"texture":"#2"},"west":{"uv":[0.66667,11.33333,1.33333,12.66667],"texture":"#2"},"up":{"uv":[7.33333,12.66667,6.66667,12],"texture":"#2"},"down":{"uv":[8,12,7.33333,12.66667],"texture":"#2"}}},{"from":[7.4,19.1,6.5],"to":[8.6,21.1,8.5],"rotation":{"angle":-45,"axis":"x","origin":[7.9,20.6,8]},"faces":{"north":{"uv":[0.66667,8.66667,1.5,10],"texture":"#2"},"east":{"uv":[6.66667,1.33333,8,2.66667],"texture":"#2"},"south":{"uv":[2,8.66667,2.83333,10],"texture":"#2"},"west":{"uv":[6.66667,2.66667,8,4],"texture":"#2"},"up":{"uv":[9.5,4,8.66667,2.66667],"texture":"#2"},"down":{"uv":[4.16667,8.66667,3.33333,10],"texture":"#2"}}},{"from":[7.2,19.3,6.7],"to":[8.8,20.9,8.3],"rotation":{"angle":-45,"axis":"x","origin":[7.9,20.6,8]},"faces":{"north":{"uv":[8.66667,4.66667,9.66667,5.66667],"texture":"#2"},"east":{"uv":[5.33333,9.33333,6.33333,10.33333],"texture":"#2"},"south":{"uv":[9.33333,7.33333,10.33333,8.33333],"texture":"#2"},"west":{"uv":[9.33333,8.66667,10.33333,9.66667],"texture":"#2"},"up":{"uv":[11,1,10,0],"texture":"#2"},"down":{"uv":[1.66667,10,0.66667,11],"texture":"#2"}}},{"from":[7.5,18.18579,6.37868],"to":[8.5,20.18579,7.37868],"rotation":{"angle":-45,"axis":"x","origin":[7.5,19.18579,5.87868]},"faces":{"north":{"uv":[1.33333,11.33333,2,12.66667],"texture":"#2"},"east":{"uv":[11.33333,1.33333,12,2.66667],"texture":"#2"},"south":{"uv":[11.33333,2.66667,12,4],"texture":"#2"},"west":{"uv":[11.33333,4,12,5.33333],"texture":"#2"},"up":{"uv":[12.66667,12,12,11.33333],"texture":"#2"},"down":{"uv":[12.66667,12,12,12.66667],"texture":"#2"}}},{"from":[7.6,19.69289,4.07157],"to":[8.4,20.69289,7.07157],"rotation":{"angle":22.5,"axis":"x","origin":[8,19.89289,5.17157]},"faces":{"north":{"uv":[12.66667,8,13.16667,8.66667],"texture":"#2"},"east":{"uv":[8,1.33333,10,2],"texture":"#2"},"south":{"uv":[8.66667,12.66667,9.16667,13.33333],"texture":"#2"},"west":{"uv":[8,2,10,2.66667],"texture":"#2"},"up":{"uv":[7.16667,11.33333,6.66667,9.33333],"texture":"#2"},"down":{"uv":[8.5,9.33333,8,11.33333],"texture":"#2"}}},{"from":[7.6,16.93459,3.7428],"to":[8.4,19.93459,4.7428],"rotation":{"angle":-45,"axis":"x","origin":[8,18.93459,3.0428]},"faces":{"north":{"uv":[10,1.33333,10.5,3.33333],"texture":"#2"},"east":{"uv":[8,2.66667,8.66667,4.66667],"texture":"#2"},"south":{"uv":[2,10,2.5,12],"texture":"#2"},"west":{"uv":[8,4.66667,8.66667,6.66667],"texture":"#2"},"up":{"uv":[13.16667,9.33333,12.66667,8.66667],"texture":"#2"},"down":{"uv":[9.83333,12.66667,9.33333,13.33333],"texture":"#2"}}},{"from":[7.8,19.32957,5.1591],"to":[8.2,20.32957,6.1591],"rotation":{"angle":-45,"axis":"x","origin":[7.8,19.42957,5.6591]},"faces":{"north":{"uv":[4,13.33333,4.33333,14],"texture":"#2"},"east":{"uv":[0,12.66667,0.66667,13.33333],"texture":"#2"},"south":{"uv":[13.33333,4,13.66667,4.66667],"texture":"#2"},"west":{"uv":[0.66667,12.66667,1.33333,13.33333],"texture":"#2"},"up":{"uv":[5,14,4.66667,13.33333],"texture":"#2"},"down":{"uv":[13.66667,4.66667,13.33333,5.33333],"texture":"#2"}}},{"from":[7.5,19.21789,2.07157],"to":[8.5,20.21789,5.07157],"rotation":{"angle":22.5,"axis":"x","origin":[8,19.89289,5.17157]},"faces":{"north":{"uv":[1.33333,12.66667,2,13.33333],"texture":"#2"},"east":{"uv":[5.33333,8,7.33333,8.66667],"texture":"#2"},"south":{"uv":[3.33333,12.66667,4,13.33333],"texture":"#2"},"west":{"uv":[8,6.66667,10,7.33333],"texture":"#2"},"up":{"uv":[8.66667,9.33333,8,7.33333],"texture":"#2"},"down":{"uv":[0.66667,8.66667,0,10.66667],"texture":"#2"}}},{"from":[7.66,17.08422,-1.15633],"to":[8.34,18.08422,-0.15633],"rotation":{"angle":22.5,"axis":"x","origin":[8,18.18777,-0.19922]},"faces":{"north":{"uv":[12.66667,4,13.16667,4.66667],"texture":"#2"},"east":{"uv":[10,3.33333,10.66667,4],"texture":"#2"},"south":{"uv":[4.66667,12.66667,5.16667,13.33333],"texture":"#2"},"west":{"uv":[10,6.66667,10.66667,7.33333],"texture":"#2"},"up":{"uv":[13.16667,5.33333,12.66667,4.66667],"texture":"#2"},"down":{"uv":[5.83333,12.66667,5.33333,13.33333],"texture":"#2"}}},{"from":[7.655,18.55669,-1.10146],"to":[8.345,19.55669,3.89854],"rotation":{"angle":-22.5,"axis":"x","origin":[8,18.95314,1.64854]},"faces":{"north":{"uv":[12.66667,3.33333,13.16667,4],"texture":"#2"},"east":{"uv":[6.66667,0,10,0.66667],"texture":"#2"},"south":{"uv":[4,12.66667,4.5,13.33333],"texture":"#2"},"west":{"uv":[6.66667,0.66667,10,1.33333],"texture":"#2"},"up":{"uv":[7.83333,7.33333,7.33333,4],"texture":"#2"},"down":{"uv":[7.83333,7.33333,7.33333,10.66667],"texture":"#2"}}},{"from":[7.5,7.9,7],"to":[8.5,10.2,9.3],"rotation":{"angle":-45,"axis":"x","origin":[8,8.9,8]},"faces":{"north":{"uv":[2.66667,10,3.33333,11.5],"texture":"#2"},"east":{"uv":[5.33333,4,6.83333,5.5],"texture":"#2"},"south":{"uv":[3.33333,10,4,11.5],"texture":"#2"},"west":{"uv":[5.33333,6,6.83333,7.5],"texture":"#2"},"up":{"uv":[4.66667,11.5,4,10],"texture":"#2"},"down":{"uv":[10.66667,4.66667,10,6.16667],"texture":"#2"}}},{"from":[8,20.5,0],"to":[8,22.5,5],"rotation":{"angle":-22.5,"axis":"x","origin":[8,21.5,3]},"faces":{"north":{"uv":[0,0,0,1.33333],"texture":"#2"},"east":{"uv":[0,2.66667,3.33333,4],"texture":"#2"},"south":{"uv":[0,0,0,1.33333],"texture":"#2"},"west":{"uv":[3.33333,2.66667,6.66667,4],"texture":"#2"},"up":{"uv":[0,3.33333,0,0],"texture":"#2"},"down":{"uv":[0,0,0,3.33333],"texture":"#2"}}},{"from":[7.6,10.1,7.6],"to":[8.4,11.1,8.4],"rotation":{"angle":0,"axis":"y","origin":[7.5,10.1,7.5]},"faces":{"north":{"uv":[12.66667,9.33333,13.16667,10],"texture":"#2"},"east":{"uv":[10,12.66667,10.5,13.33333],"texture":"#2"},"south":{"uv":[12.66667,10,13.16667,10.66667],"texture":"#2"},"west":{"uv":[10.66667,12.66667,11.16667,13.33333],"texture":"#2"},"up":{"uv":[1.83333,13.83333,1.33333,13.33333],"texture":"#2"},"down":{"uv":[13.83333,1.33333,13.33333,1.83333],"texture":"#2"}}},{"from":[7.6,18.1,7.6],"to":[8.4,19.1,8.4],"rotation":{"angle":0,"axis":"y","origin":[7.5,18.1,7.5]},"faces":{"north":{"uv":[12.66667,10.66667,13.16667,11.33333],"texture":"#2"},"east":{"uv":[11.33333,12.66667,11.83333,13.33333],"texture":"#2"},"south":{"uv":[12.66667,11.33333,13.16667,12],"texture":"#2"},"west":{"uv":[12,12.66667,12.5,13.33333],"texture":"#2"},"up":{"uv":[2.5,13.83333,2,13.33333],"texture":"#2"},"down":{"uv":[13.83333,2,13.33333,2.5],"texture":"#2"}}},{"from":[7.4,11.1,7.4],"to":[8.6,18.1,8.6],"rotation":{"angle":0,"axis":"y","origin":[7.5,11.1,7.5]},"faces":{"north":{"uv":[0,4,0.83333,8.66667],"texture":"#2"},"east":{"uv":[1.33333,4,2.16667,8.66667],"texture":"#2"},"south":{"uv":[2.66667,4,3.5,8.66667],"texture":"#2"},"west":{"uv":[4,4,4.83333,8.66667],"texture":"#2"},"up":{"uv":[12.83333,2.16667,12,1.33333],"texture":"#2"},"down":{"uv":[2.83333,12,2,12.83333],"texture":"#2"}}},{"from":[8,16.3,-2.4],"to":[8,20,7.6],"rotation":{"angle":-22.5,"axis":"x","origin":[8,18.15,3]},"faces":{"north":{"uv":[0,0,0,2.5],"texture":"#2"},"east":{"uv":[6.66667,0,0,2.5],"texture":"#2"},"south":{"uv":[0,0,0,2.5],"texture":"#2"},"west":{"uv":[0,0,6.66667,2.5],"texture":"#2"},"up":{"uv":[0,6.66667,0,0],"texture":"#2"},"down":{"uv":[0,0,0,6.66667],"texture":"#2"}}},{"from":[7.5244,19.84576,12.44029],"to":[8.4756,21.74816,13.39149],"rotation":{"angle":-45,"axis":"x","origin":[8,20.79696,12.91589]},"faces":{"north":{"uv":[11.33333,4.66667,10.66667,6],"texture":"#2"},"east":{"uv":[11.33333,2.66667,10.66667,4],"texture":"#2"},"south":{"uv":[11.33333,1.33333,10.66667,2.66667],"texture":"#2"},"west":{"uv":[6,10.66667,5.33333,12],"texture":"#2"},"up":{"uv":[12.66667,3.33333,12,4],"texture":"#2"},"down":{"uv":[12.66667,4.66667,12,4],"texture":"#2"}}},{"from":[7.5,18.18579,8.62132],"to":[8.5,20.18579,9.62132],"rotation":{"angle":45,"axis":"x","origin":[7.5,19.18579,10.12132]},"faces":{"north":{"uv":[12,2.66667,11.33333,4],"texture":"#2"},"east":{"uv":[12,1.33333,11.33333,2.66667],"texture":"#2"},"south":{"uv":[2,11.33333,1.33333,12.66667],"texture":"#2"},"west":{"uv":[12,4,11.33333,5.33333],"texture":"#2"},"up":{"uv":[12.66667,11.33333,12,12],"texture":"#2"},"down":{"uv":[12.66667,12.66667,12,12],"texture":"#2"}}},{"from":[7.6,19.69289,8.92843],"to":[8.4,20.69289,11.92843],"rotation":{"angle":-22.5,"axis":"x","origin":[8,19.89289,10.82843]},"faces":{"north":{"uv":[9.16667,12.66667,8.66667,13.33333],"texture":"#2"},"east":{"uv":[10,1.33333,8,2],"texture":"#2"},"south":{"uv":[13.16667,8,12.66667,8.66667],"texture":"#2"},"west":{"uv":[10,2,8,2.66667],"texture":"#2"},"up":{"uv":[7.16667,9.33333,6.66667,11.33333],"texture":"#2"},"down":{"uv":[8.5,11.33333,8,9.33333],"texture":"#2"}}},{"from":[7.6,16.93459,11.2572],"to":[8.4,19.93459,12.2572],"rotation":{"angle":45,"axis":"x","origin":[8,18.93459,12.9572]},"faces":{"north":{"uv":[2.5,10,2,12],"texture":"#2"},"east":{"uv":[8.66667,2.66667,8,4.66667],"texture":"#2"},"south":{"uv":[10.5,1.33333,10,3.33333],"texture":"#2"},"west":{"uv":[8.66667,4.66667,8,6.66667],"texture":"#2"},"up":{"uv":[13.16667,8.66667,12.66667,9.33333],"texture":"#2"},"down":{"uv":[9.83333,13.33333,9.33333,12.66667],"texture":"#2"}}},{"from":[7.8,19.32957,9.8409],"to":[8.2,20.32957,10.8409],"rotation":{"angle":45,"axis":"x","origin":[7.8,19.42957,10.3409]},"faces":{"north":{"uv":[13.66667,4,13.33333,4.66667],"texture":"#2"},"east":{"uv":[0.66667,12.66667,0,13.33333],"texture":"#2"},"south":{"uv":[4.33333,13.33333,4,14],"texture":"#2"},"west":{"uv":[1.33333,12.66667,0.66667,13.33333],"texture":"#2"},"up":{"uv":[5,13.33333,4.66667,14],"texture":"#2"},"down":{"uv":[13.66667,5.33333,13.33333,4.66667],"texture":"#2"}}},{"from":[7.5,19.21789,10.92843],"to":[8.5,20.21789,13.92843],"rotation":{"angle":-22.5,"axis":"x","origin":[8,19.89289,10.82843]},"faces":{"north":{"uv":[4,12.66667,3.33333,13.33333],"texture":"#2"},"east":{"uv":[7.33333,8,5.33333,8.66667],"texture":"#2"},"south":{"uv":[2,12.66667,1.33333,13.33333],"texture":"#2"},"west":{"uv":[10,6.66667,8,7.33333],"texture":"#2"},"up":{"uv":[8.66667,7.33333,8,9.33333],"texture":"#2"},"down":{"uv":[0.66667,10.66667,0,8.66667],"texture":"#2"}}},{"from":[7.66,17.08422,16.15633],"to":[8.34,18.08422,17.15633],"rotation":{"angle":-22.5,"axis":"x","origin":[8,18.18777,16.19922]},"faces":{"north":{"uv":[5.16667,12.66667,4.66667,13.33333],"texture":"#2"},"east":{"uv":[10.66667,3.33333,10,4],"texture":"#2"},"south":{"uv":[13.16667,4,12.66667,4.66667],"texture":"#2"},"west":{"uv":[10.66667,6.66667,10,7.33333],"texture":"#2"},"up":{"uv":[13.16667,4.66667,12.66667,5.33333],"texture":"#2"},"down":{"uv":[5.83333,13.33333,5.33333,12.66667],"texture":"#2"}}},{"from":[7.655,18.55669,12.10146],"to":[8.345,19.55669,17.10146],"rotation":{"angle":22.5,"axis":"x","origin":[8,18.95314,14.35146]},"faces":{"north":{"uv":[4.5,12.66667,4,13.33333],"texture":"#2"},"east":{"uv":[10,0,6.66667,0.66667],"texture":"#2"},"south":{"uv":[13.16667,3.33333,12.66667,4],"texture":"#2"},"west":{"uv":[10,0.66667,6.66667,1.33333],"texture":"#2"},"up":{"uv":[7.83333,4,7.33333,7.33333],"texture":"#2"},"down":{"uv":[7.83333,10.66667,7.33333,7.33333],"texture":"#2"}}},{"from":[8,20.5,11],"to":[8,22.5,16],"rotation":{"angle":22.5,"axis":"x","origin":[8,21.5,13]},"faces":{"north":{"uv":[0,0,0,1.33333],"texture":"#2"},"east":{"uv":[3.33333,2.66667,0,4],"texture":"#2"},"south":{"uv":[0,0,0,1.33333],"texture":"#2"},"west":{"uv":[6.66667,2.66667,3.33333,4],"texture":"#2"},"up":{"uv":[0,0,0,3.33333],"texture":"#2"},"down":{"uv":[0,3.33333,0,0],"texture":"#2"}}},{"from":[8,16.3,8.4],"to":[8,20,18.4],"rotation":{"angle":22.5,"axis":"x","origin":[8,18.15,13]},"faces":{"north":{"uv":[0,0,0,2.5],"texture":"#2"},"east":{"uv":[0,0,6.66667,2.5],"texture":"#2"},"south":{"uv":[0,0,0,2.5],"texture":"#2"},"west":{"uv":[6.66667,0,0,2.5],"texture":"#2"},"up":{"uv":[0,0,0,6.66667],"texture":"#2"},"down":{"uv":[0,6.66667,0,0],"texture":"#2"}}},{"from":[6.7,15.4,3.5],"to":[6.7,24.4,12.5],"rotation":{"angle":0,"axis":"y","origin":[-0.3,0,0]},"faces":{"north":{"uv":[0,0,0,6],"texture":"#1"},"east":{"uv":[12,0,0,12],"texture":"#1"},"south":{"uv":[0,0,0,6],"texture":"#1"},"west":{"uv":[0,0,12,12],"texture":"#1"},"up":{"uv":[0,6,0,0],"texture":"#1"},"down":{"uv":[0,0,0,6],"texture":"#1"}}},{"from":[9.3,15.4,3.5],"to":[9.3,24.4,12.5],"rotation":{"angle":0,"axis":"y","origin":[16.3,0,0]},"faces":{"north":{"uv":[0,0,0,6],"texture":"#1"},"east":{"uv":[12,0,0,12],"texture":"#1"},"south":{"uv":[0,0,0,6],"texture":"#1"},"west":{"uv":[0,0,12,12],"texture":"#1"},"up":{"uv":[0,6,0,0],"texture":"#1"},"down":{"uv":[0,0,0,6],"texture":"#1"}}},{"from":[7.296,16.21808,-2.75377],"to":[7.296,20.41808,7.32623],"rotation":{"angle":-22.5,"axis":"x","origin":[7.296,17.81408,1.69823]},"faces":{"north":{"uv":[0,3.33333,0,0],"rotation":180,"texture":"#3"},"east":{"uv":[6.11111,0,0,16],"rotation":90,"texture":"#3"},"south":{"uv":[0,0,0,3.33333],"texture":"#3"},"west":{"uv":[0,0,6.11111,16],"rotation":270,"texture":"#3"},"up":{"uv":[0,0,0,8],"texture":"#3"},"down":{"uv":[0,0,0,8],"rotation":180,"texture":"#3"}}},{"from":[8.704,16.21808,-2.75377],"to":[8.704,20.41808,7.32623],"rotation":{"angle":-22.5,"axis":"x","origin":[8.704,17.81408,1.69823]},"faces":{"north":{"uv":[0,3.33333,0,0],"rotation":180,"texture":"#3"},"east":{"uv":[0,16,6.11111,0],"rotation":270,"texture":"#3"},"south":{"uv":[0,0,0,3.33333],"texture":"#3"},"west":{"uv":[6.11111,16,0,0],"rotation":90,"texture":"#3"},"up":{"uv":[0,0,0,8],"texture":"#3"},"down":{"uv":[0,0,0,8],"rotation":180,"texture":"#3"}}},{"from":[8.704,16.21808,8.67377],"to":[8.704,20.41808,18.75377],"rotation":{"angle":22.5,"axis":"x","origin":[8.704,17.81408,14.30177]},"faces":{"north":{"uv":[0,0,0,3.33333],"texture":"#3"},"east":{"uv":[0,0,6.11111,16],"rotation":270,"texture":"#3"},"south":{"uv":[0,3.33333,0,0],"rotation":180,"texture":"#3"},"west":{"uv":[6.11111,0,0,16],"rotation":90,"texture":"#3"},"up":{"uv":[0,8,0,0],"texture":"#3"},"down":{"uv":[0,8,0,0],"rotation":180,"texture":"#3"}}},{"from":[7.296,16.21808,8.67377],"to":[7.296,20.41808,18.75377],"rotation":{"angle":22.5,"axis":"x","origin":[7.296,17.81408,14.30177]},"faces":{"north":{"uv":[0,0,0,3.33333],"texture":"#3"},"east":{"uv":[6.11111,16,0,0],"rotation":90,"texture":"#3"},"south":{"uv":[0,3.33333,0,0],"rotation":180,"texture":"#3"},"west":{"uv":[0,16,6.11111,0],"rotation":270,"texture":"#3"},"up":{"uv":[0,8,0,0],"texture":"#3"},"down":{"uv":[0,8,0,0],"rotation":180,"texture":"#3"}}}],"gui_light":"front","display":{"thirdperson_righthand":{"translation":[0,0.5,1],"scale":[0.8,0.8,0.8]},"thirdperson_lefthand":{"translation":[0,0.5,1],"scale":[0.8,0.8,0.8]},"firstperson_righthand":{"rotation":[-15.49,6.03,5.25],"translation":[1,-0.5,0],"scale":[0.89258,0.89258,0.89258]},"firstperson_lefthand":{"rotation":[-15.49,6.03,5.25],"translation":[1,-0.5,0],"scale":[0.89258,0.89258,0.89258]},"ground":{"rotation":[0,0,-77],"translation":[-3.25,0.25,0],"scale":[1.07813,1.07813,1.07813]},"gui":{"rotation":[90,-135,90],"translation":[-2.25,-2.5,0],"scale":[0.65352,0.65352,0.65352]},"head":{"scale":[0,0,0]},"fixed":{"rotation":[-90,90,90],"translation":[0,-7.5,-2.25],"scale":[2.05195,2.05195,2.05195]}}}