{"credit":"MadebyPolygonMC","texture_size":[20,20],"textures":{"1":"tavern:items/sets/xmas/animations/animation_1","2":"tavern:items/sets/xmas/shovel","particle":"tavern:items/sets/xmas/shovel"},"elements":[{"from":[7.35,1.25,7.35],"to":[8.65,1.75,8.65],"rotation":{"angle":0,"axis":"y","origin":[7.5,0.75,6.5]},"faces":{"north":{"uv":[12.8,12.8,13.8,13.2],"texture":"#2"},"east":{"uv":[0,13.6,1,14],"texture":"#2"},"south":{"uv":[13.6,0,14.6,0.4],"texture":"#2"},"west":{"uv":[13.6,0.8,14.6,1.2],"texture":"#2"},"up":{"uv":[11.4,8.2,10.4,7.2],"texture":"#2"},"down":{"uv":[11.4,8.8,10.4,9.8],"texture":"#2"}}},{"from":[7.35,5.8,7.35],"to":[8.65,6.3,8.65],"rotation":{"angle":0,"axis":"y","origin":[7.5,5.3,6.5]},"faces":{"north":{"uv":[1.6,13.6,2.6,14],"texture":"#2"},"east":{"uv":[13.6,1.6,14.6,2],"texture":"#2"},"south":{"uv":[13.6,2.4,14.6,2.8],"texture":"#2"},"west":{"uv":[3.2,13.6,4.2,14],"texture":"#2"},"up":{"uv":[11.4,11.4,10.4,10.4],"texture":"#2"},"down":{"uv":[1,11.2,0,12.2],"texture":"#2"}}},{"from":[7.35,9.8,7.35],"to":[8.65,10.3,8.65],"rotation":{"angle":0,"axis":"y","origin":[7.5,9.3,6.5]},"faces":{"north":{"uv":[13.6,3.2,14.6,3.6],"texture":"#2"},"east":{"uv":[13.6,4,14.6,4.4],"texture":"#2"},"south":{"uv":[4.8,13.6,5.8,14],"texture":"#2"},"west":{"uv":[13.6,4.8,14.6,5.2],"texture":"#2"},"up":{"uv":[2.6,12.2,1.6,11.2],"texture":"#2"},"down":{"uv":[12.2,1.6,11.2,2.6],"texture":"#2"}}},{"from":[7.5,1.75,7.5],"to":[8.5,2.75,8.5],"rotation":{"angle":0,"axis":"y","origin":[7.5,0.75,6.5]},"faces":{"north":{"uv":[8,10.4,8.8,11.2],"texture":"#2"},"east":{"uv":[12,12,12.8,12.8],"texture":"#2"},"south":{"uv":[0,12.8,0.8,13.6],"texture":"#2"},"west":{"uv":[0.8,12.8,1.6,13.6],"texture":"#2"},"up":{"uv":[2.4,13.6,1.6,12.8],"texture":"#2"},"down":{"uv":[13.6,1.6,12.8,2.4],"texture":"#2"}}},{"from":[7.5,4.8,7.5],"to":[8.5,5.8,8.5],"rotation":{"angle":0,"axis":"y","origin":[7.5,3.8,6.5]},"faces":{"north":{"uv":[2.4,12.8,3.2,13.6],"texture":"#2"},"east":{"uv":[12.8,2.4,13.6,3.2],"texture":"#2"},"south":{"uv":[12.8,3.2,13.6,4],"texture":"#2"},"west":{"uv":[12.8,4,13.6,4.8],"texture":"#2"},"up":{"uv":[13.6,5.6,12.8,4.8],"texture":"#2"},"down":{"uv":[13.6,5.6,12.8,6.4],"texture":"#2"}}},{"from":[7.6,2.75,7.6],"to":[8.4,3.55,8.4],"rotation":{"angle":0,"axis":"y","origin":[7.5,1.75,6.5]},"faces":{"north":{"uv":[8,13.6,8.6,14.2],"texture":"#2"},"east":{"uv":[8.8,13.6,9.4,14.2],"texture":"#2"},"south":{"uv":[13.6,8.8,14.2,9.4],"texture":"#2"},"west":{"uv":[13.6,9.6,14.2,10.2],"texture":"#2"},"up":{"uv":[11,14.2,10.4,13.6],"texture":"#2"},"down":{"uv":[14.2,10.4,13.6,11],"texture":"#2"}}},{"from":[7.6,4.05,7.6],"to":[8.4,4.85,8.4],"rotation":{"angle":0,"axis":"y","origin":[7.5,3.05,6.5]},"faces":{"north":{"uv":[11.2,13.6,11.8,14.2],"texture":"#2"},"east":{"uv":[13.6,11.2,14.2,11.8],"texture":"#2"},"south":{"uv":[12,13.6,12.6,14.2],"texture":"#2"},"west":{"uv":[13.6,12,14.2,12.6],"texture":"#2"},"up":{"uv":[13.4,14.2,12.8,13.6],"texture":"#2"},"down":{"uv":[14.2,13.6,13.6,14.2],"texture":"#2"}}},{"from":[7.41,0.26,7.41],"to":[8.59,1.44,8.59],"rotation":{"angle":-45,"axis":"x","origin":[8,0.85,8]},"faces":{"north":{"uv":[11.2,3.2,12.2,4.2],"texture":"#2"},"east":{"uv":[11.2,4.8,12.2,5.8],"texture":"#2"},"south":{"uv":[8,11.2,9,12.2],"texture":"#2"},"west":{"uv":[12,0,13,1],"texture":"#2"},"up":{"uv":[4.2,13,3.2,12],"texture":"#2"},"down":{"uv":[5.8,12,4.8,13],"texture":"#2"}}},{"from":[7.51,3.31,7.51],"to":[8.49,4.29,8.49],"rotation":{"angle":-45,"axis":"x","origin":[8,3.8,8]},"faces":{"north":{"uv":[6.4,12.8,7.2,13.6],"texture":"#2"},"east":{"uv":[7.2,12.8,8,13.6],"texture":"#2"},"south":{"uv":[12.8,7.2,13.6,8],"texture":"#2"},"west":{"uv":[8,12.8,8.8,13.6],"texture":"#2"},"up":{"uv":[13.6,8.8,12.8,8],"texture":"#2"},"down":{"uv":[9.6,12.8,8.8,13.6],"texture":"#2"}}},{"from":[7.4,10.25,7],"to":[8.6,12.25,9],"rotation":{"angle":-45,"axis":"x","origin":[8,11.25,8]},"faces":{"north":{"uv":[8.8,0,9.8,1.6],"texture":"#2"},"east":{"uv":[6.4,6.4,8,8],"texture":"#2"},"south":{"uv":[8.8,1.6,9.8,3.2],"texture":"#2"},"west":{"uv":[7.2,0,8.8,1.6],"texture":"#2"},"up":{"uv":[9.8,4.8,8.8,3.2],"texture":"#2"},"down":{"uv":[9.8,4.8,8.8,6.4],"texture":"#2"}}},{"from":[7.15,10.5,7.25],"to":[8.85,12,8.75],"rotation":{"angle":-45,"axis":"x","origin":[8,11.25,8]},"faces":{"north":{"uv":[7.2,1.6,8.6,2.8],"texture":"#2"},"east":{"uv":[8.8,9.6,10,10.8],"texture":"#2"},"south":{"uv":[6.4,8,7.8,9.2],"texture":"#2"},"west":{"uv":[10.4,0,11.6,1.2],"texture":"#2"},"up":{"uv":[9.4,7.6,8,6.4],"texture":"#2"},"down":{"uv":[9.4,8,8,9.2],"texture":"#2"}}},{"from":[7.6,9.62235,6.13388],"to":[8.4,12.37235,6.88388],"rotation":{"angle":45,"axis":"x","origin":[8,10.42377,5.78882]},"faces":{"north":{"uv":[10.4,1.6,11,3.8],"texture":"#2"},"east":{"uv":[10.4,4,11,6.2],"texture":"#2"},"south":{"uv":[6.4,10.4,7,12.6],"texture":"#2"},"west":{"uv":[7.2,10.4,7.8,12.6],"texture":"#2"}}},{"from":[7.5975,11.62235,4.13388],"to":[8.4025,12.37235,6.13388],"rotation":{"angle":45,"axis":"x","origin":[7.9975,10.42377,5.78882]},"faces":{"north":{"uv":[0,14.4,0.6,15],"texture":"#2"},"east":{"uv":[7.2,3.2,8.8,3.8],"texture":"#2"},"west":{"uv":[12,6.4,13.6,7],"texture":"#2"},"up":{"uv":[10.2,12.8,9.6,11.2],"texture":"#2"},"down":{"uv":[12.6,7.2,12,8.8],"texture":"#2"}}},{"from":[7.775,9.62235,5.53388],"to":[8.225,11.62235,6.13388],"rotation":{"angle":45,"axis":"x","origin":[8,10.42377,5.78882]},"faces":{"north":{"uv":[12.8,8.8,13.2,10.4],"texture":"#2"},"east":{"uv":[9.6,12.8,10,14.4],"texture":"#2"},"west":{"uv":[12.8,10.4,13.2,12],"texture":"#2"}}},{"from":[7.5,8.78705,4.29283],"to":[8.5,9.78705,6.79283],"rotation":{"angle":22.5,"axis":"x","origin":[8,10.42377,5.78882]},"faces":{"north":{"uv":[12,12.8,12.8,13.6],"texture":"#2"},"east":{"uv":[6.4,9.6,8.4,10.4],"texture":"#2"},"south":{"uv":[12.8,12,13.6,12.8],"texture":"#2"},"west":{"uv":[9.6,6.4,11.6,7.2],"texture":"#2"},"up":{"uv":[3.2,10.8,2.4,8.8],"texture":"#2"},"down":{"uv":[10.4,7.2,9.6,9.2],"texture":"#2"}}},{"from":[7.565,9.57128,3.81853],"to":[8.435,11.15128,4.68853],"rotation":{"angle":0,"axis":"x","origin":[8,10.42377,5.78882]},"faces":{"north":{"uv":[12,8.8,12.6,10],"texture":"#2"},"east":{"uv":[10.4,12,11,13.2],"texture":"#2"},"south":{"uv":[12,10.4,12.6,11.6],"texture":"#2"},"west":{"uv":[11.2,12,11.8,13.2],"texture":"#2"},"up":{"uv":[1.4,15,0.8,14.4],"texture":"#2"}}},{"from":[8,-2,6.875],"to":[8,1,9.125],"rotation":{"angle":0,"axis":"y","origin":[8,-1,7.125]},"faces":{"north":{"uv":[0,0,0,2.4],"texture":"#2"},"east":{"uv":[0,5.6,1.8,8],"texture":"#2"},"south":{"uv":[0,0,0,2.4],"texture":"#2"},"west":{"uv":[6.4,4,8.2,6.4],"texture":"#2"},"up":{"uv":[0,1.8,0,0],"texture":"#2"},"down":{"uv":[0,0,0,1.8],"texture":"#2"}}},{"from":[7.3,8.75,5.5],"to":[7.3,13.75,10.5],"rotation":{"angle":0,"axis":"y","origin":[8,22.2,8]},"faces":{"north":{"uv":[0,0,0,4],"texture":"#2"},"south":{"uv":[0,0,0,4],"texture":"#2"},"west":{"uv":[3.2,0,7.2,4],"texture":"#2"},"up":{"uv":[0,4,0,0],"texture":"#2"},"down":{"uv":[0,0,0,4],"texture":"#2"}}},{"from":[8.7,8.75,5.5],"to":[8.7,13.75,10.5],"rotation":{"angle":0,"axis":"y","origin":[8,22.2,8]},"faces":{"north":{"uv":[0,0,0,4],"texture":"#2"},"east":{"uv":[7.2,0,3.2,4],"texture":"#2"},"south":{"uv":[0,0,0,4],"texture":"#2"},"up":{"uv":[0,4,0,0],"texture":"#2"},"down":{"uv":[0,0,0,4],"texture":"#2"}}},{"from":[7.5,6.3,7.5],"to":[8.5,9.8,8.5],"rotation":{"angle":0,"axis":"y","origin":[6.5,6.3,7.5]},"faces":{"north":{"uv":[2.4,5.6,3.2,8.4],"texture":"#2"},"east":{"uv":[0,8,0.8,10.8],"texture":"#2"},"south":{"uv":[0.8,8,1.6,10.8],"texture":"#2"},"west":{"uv":[1.6,8,2.4,10.8],"texture":"#2"}}},{"from":[7.6,12.44151,5.46612],"to":[8.4,16.74151,6.26612],"rotation":{"angle":0,"axis":"x","origin":[8,14.64549,6.09883]},"faces":{"north":{"uv":[3.2,8,3.8,11.4],"texture":"#2"},"east":{"uv":[4,8,4.6,11.4],"texture":"#2"},"south":{"uv":[4.8,8,5.4,11.4],"texture":"#2"},"west":{"uv":[5.6,8,6.2,11.4],"texture":"#2"},"up":{"uv":[2.2,15,1.6,14.4],"texture":"#2"}}},{"from":[7.7,16.50561,5.54487],"to":[8.3,17.80561,6.14487],"rotation":{"angle":22.5,"axis":"x","origin":[8,16.64549,6.09883]},"faces":{"north":{"uv":[13.6,5.6,14,6.6],"texture":"#2"},"east":{"uv":[6.4,13.6,6.8,14.6],"texture":"#2"},"south":{"uv":[7.2,13.6,7.6,14.6],"texture":"#2"},"west":{"uv":[13.6,7.2,14,8.2],"texture":"#2"},"up":{"uv":[6,14.8,5.6,14.4],"texture":"#2"}}},{"from":[7.8,17.12623,6.98365],"to":[8.2,17.52623,7.53365],"rotation":{"angle":-45,"axis":"x","origin":[8,16.64549,6.09883]},"faces":{"east":{"uv":[2.4,14.4,3,14.8],"texture":"#2"},"south":{"uv":[14.4,5.6,14.8,6],"texture":"#2"},"west":{"uv":[3.2,14.4,3.8,14.8],"texture":"#2"},"up":{"uv":[4.4,15,4,14.4],"texture":"#2"},"down":{"uv":[5.2,14.4,4.8,15],"texture":"#2"}}},{"from":[7.8,17.12623,8.46635],"to":[8.2,17.52623,9.01635],"rotation":{"angle":45,"axis":"x","origin":[8,16.64549,9.90117]},"faces":{"north":{"uv":[14.8,5.6,14.4,6],"texture":"#2"},"east":{"uv":[3,14.4,2.4,14.8],"texture":"#2"},"west":{"uv":[3.8,14.4,3.2,14.8],"texture":"#2"},"up":{"uv":[4.4,14.4,4,15],"texture":"#2"},"down":{"uv":[5.2,15,4.8,14.4],"texture":"#2"}}},{"from":[7.7,16.50561,9.85513],"to":[8.3,17.80561,10.45513],"rotation":{"angle":-22.5,"axis":"x","origin":[8,16.64549,9.90117]},"faces":{"north":{"uv":[7.6,13.6,7.2,14.6],"texture":"#2"},"east":{"uv":[6.8,13.6,6.4,14.6],"texture":"#2"},"south":{"uv":[14,5.6,13.6,6.6],"texture":"#2"},"west":{"uv":[14,7.2,13.6,8.2],"texture":"#2"},"up":{"uv":[6,14.4,5.6,14.8],"texture":"#2"}}},{"from":[7.6,12.44151,9.73388],"to":[8.4,16.74151,10.53388],"rotation":{"angle":0,"axis":"x","origin":[8,14.64549,9.90117]},"faces":{"north":{"uv":[5.4,8,4.8,11.4],"texture":"#2"},"east":{"uv":[4.6,8,4,11.4],"texture":"#2"},"south":{"uv":[3.8,8,3.2,11.4],"texture":"#2"},"west":{"uv":[6.2,8,5.6,11.4],"texture":"#2"},"up":{"uv":[2.2,14.4,1.6,15],"texture":"#2"}}},{"from":[7.5975,11.62235,9.86612],"to":[8.4025,12.37235,11.86612],"rotation":{"angle":-45,"axis":"x","origin":[7.9975,10.42377,10.21118]},"faces":{"east":{"uv":[8.8,3.2,7.2,3.8],"texture":"#2"},"south":{"uv":[0.6,14.4,0,15],"texture":"#2"},"west":{"uv":[13.6,6.4,12,7],"texture":"#2"},"up":{"uv":[10.2,11.2,9.6,12.8],"texture":"#2"},"down":{"uv":[12.6,8.8,12,7.2],"texture":"#2"}}},{"from":[8,7.975,1.8],"to":[8,11.975,6.8],"rotation":{"angle":45,"axis":"x","origin":[8,9,5]},"faces":{"north":{"uv":[0,0,0,3.2],"rotation":180,"texture":"#2"},"east":{"uv":[3.2,8,6.4,4],"rotation":90,"texture":"#2"},"south":{"uv":[0,3.2,0,0],"texture":"#2"},"west":{"uv":[3.2,4,6.4,8],"rotation":90,"texture":"#2"},"up":{"uv":[0,0,0,4],"rotation":180,"texture":"#2"},"down":{"uv":[0,0,0,4],"texture":"#2"}}},{"from":[7.6,9.62235,9.11612],"to":[8.4,12.37235,9.86612],"rotation":{"angle":-45,"axis":"x","origin":[8,10.42377,10.21118]},"faces":{"north":{"uv":[7,10.4,6.4,12.6],"texture":"#2"},"east":{"uv":[11,4,10.4,6.2],"texture":"#2"},"south":{"uv":[11,1.6,10.4,3.8],"texture":"#2"},"west":{"uv":[7.8,10.4,7.2,12.6],"texture":"#2"}}},{"from":[7.775,9.62235,9.86612],"to":[8.225,11.62235,10.46612],"rotation":{"angle":-45,"axis":"x","origin":[8,10.42377,10.21118]},"faces":{"east":{"uv":[10,12.8,9.6,14.4],"texture":"#2"},"south":{"uv":[13.2,8.8,12.8,10.4],"texture":"#2"},"west":{"uv":[13.2,10.4,12.8,12],"texture":"#2"}}},{"from":[7.5,8.78705,9.20717],"to":[8.5,9.78705,11.70717],"rotation":{"angle":-22.5,"axis":"x","origin":[8,10.42377,10.21118]},"faces":{"north":{"uv":[13.6,12,12.8,12.8],"texture":"#2"},"east":{"uv":[8.4,9.6,6.4,10.4],"texture":"#2"},"south":{"uv":[12.8,12.8,12,13.6],"texture":"#2"},"west":{"uv":[11.6,6.4,9.6,7.2],"texture":"#2"},"up":{"uv":[3.2,8.8,2.4,10.8],"texture":"#2"},"down":{"uv":[10.4,9.2,9.6,7.2],"texture":"#2"}}},{"from":[7.565,9.57128,11.31147],"to":[8.435,11.15128,12.18147],"rotation":{"angle":0,"axis":"x","origin":[8,10.42377,10.21118]},"faces":{"north":{"uv":[12.6,10.4,12,11.6],"texture":"#2"},"east":{"uv":[11,12,10.4,13.2],"texture":"#2"},"south":{"uv":[12.6,8.8,12,10],"texture":"#2"},"west":{"uv":[11.8,12,11.2,13.2],"texture":"#2"},"up":{"uv":[1.4,14.4,0.8,15],"texture":"#2"}}},{"from":[8,7.975,9.2],"to":[8,11.975,14.2],"rotation":{"angle":-45,"axis":"x","origin":[8,9,11]},"faces":{"north":{"uv":[0,3.2,0,0],"texture":"#2"},"east":{"uv":[3.2,4,6.4,8],"rotation":90,"texture":"#2"},"south":{"uv":[0,0,0,3.2],"rotation":180,"texture":"#2"},"west":{"uv":[3.2,8,6.4,4],"rotation":90,"texture":"#2"},"up":{"uv":[0,4,0,0],"rotation":180,"texture":"#2"},"down":{"uv":[0,4,0,0],"texture":"#2"}}},{"from":[8,11.5,6],"to":[8,18.5,10],"rotation":{"angle":0,"axis":"y","origin":[8,0,0.5]},"faces":{"north":{"uv":[0,0,0,5.6],"texture":"#2"},"east":{"uv":[3.2,0,0,5.6],"texture":"#2"},"south":{"uv":[0,0,0,5.6],"texture":"#2"},"west":{"uv":[0,0,3.2,5.6],"texture":"#2"},"up":{"uv":[0,3.2,0,0],"texture":"#2"},"down":{"uv":[0,0,0,3.2],"texture":"#2"}}},{"from":[7.475,9.65,2.7],"to":[7.475,12.65,5.7],"rotation":{"angle":0,"axis":"y","origin":[7.3,13.25,8.8]},"faces":{"north":{"uv":[0,0,0,2.4],"texture":"#1"},"east":{"uv":[0,0,0,0],"texture":"#1"},"south":{"uv":[0,0,0,2.4],"texture":"#1"},"west":{"uv":[0,4.61667,4.33336,8.95003],"texture":"#1"},"up":{"uv":[0,0,2.4,0],"rotation":90,"texture":"#1"},"down":{"uv":[0,0,2.4,0],"rotation":270,"texture":"#1"}}},{"from":[7.475,14.9,8.675],"to":[7.475,17.9,11.675],"rotation":{"angle":0,"axis":"y","origin":[7.3,14.6,4.25]},"faces":{"north":{"uv":[0,0,0,2.4],"texture":"#1"},"east":{"uv":[0,0,0,0],"texture":"#1"},"south":{"uv":[0,0,0,2.4],"texture":"#1"},"west":{"uv":[0.99669,10.03333,5.33008,14.36669],"texture":"#1"},"up":{"uv":[0,0,2.4,0],"rotation":90,"texture":"#1"},"down":{"uv":[0,0,2.4,0],"rotation":270,"texture":"#1"}}},{"from":[7.475,7.425,10.45],"to":[7.475,10.425,13.45],"rotation":{"angle":0,"axis":"y","origin":[7.475,9.975,10.65]},"faces":{"north":{"uv":[0,0,0,2.4],"texture":"#1"},"east":{"uv":[0,0,0,0],"texture":"#1"},"south":{"uv":[0,0,0,2.4],"texture":"#1"},"west":{"uv":[0,0,4.33336,4.33336],"texture":"#1"},"up":{"uv":[0,0,2.4,0],"rotation":90,"texture":"#1"},"down":{"uv":[0,0,2.4,0],"rotation":270,"texture":"#1"}}},{"from":[8.525,7.425,10.45],"to":[8.525,10.425,13.45],"rotation":{"angle":0,"axis":"y","origin":[8.525,9.975,10.65]},"faces":{"north":{"uv":[0,0,0,2.4],"texture":"#1"},"east":{"uv":[4.33336,0,0,4.33336],"texture":"#1"},"south":{"uv":[0,0,0,2.4],"texture":"#1"},"west":{"uv":[0,0,0,0],"texture":"#1"},"up":{"uv":[0,0,2.4,0],"rotation":90,"texture":"#1"},"down":{"uv":[0,0,2.4,0],"rotation":270,"texture":"#1"}}},{"from":[8.525,14.9,8.675],"to":[8.525,17.9,11.675],"rotation":{"angle":0,"axis":"y","origin":[8.7,14.6,4.25]},"faces":{"north":{"uv":[0,0,0,2.4],"texture":"#1"},"east":{"uv":[5.33008,10.03333,0.99669,14.36669],"texture":"#1"},"south":{"uv":[0,0,0,2.4],"texture":"#1"},"west":{"uv":[0,0,0,0],"texture":"#1"},"up":{"uv":[0,0,2.4,0],"rotation":90,"texture":"#1"},"down":{"uv":[0,0,2.4,0],"rotation":270,"texture":"#1"}}},{"from":[8.525,9.65,2.7],"to":[8.525,12.65,5.7],"rotation":{"angle":0,"axis":"y","origin":[8.7,13.25,8.8]},"faces":{"north":{"uv":[0,0,0,2.4],"texture":"#1"},"east":{"uv":[4.33336,4.61667,0,8.95003],"texture":"#1"},"south":{"uv":[0,0,0,2.4],"texture":"#1"},"west":{"uv":[0,0,0,0],"texture":"#1"},"up":{"uv":[0,0,2.4,0],"rotation":90,"texture":"#1"},"down":{"uv":[0,0,2.4,0],"rotation":270,"texture":"#1"}}}],"gui_light":"front","display":{"thirdperson_righthand":{"translation":[0,2.25,1]},"thirdperson_lefthand":{"translation":[0,2.25,1]},"firstperson_righthand":{"rotation":[-10,0,0],"translation":[-1,3.75,1]},"firstperson_lefthand":{"rotation":[-10,0,0],"translation":[-1,3.75,1]},"ground":{"translation":[0,10.5,0]},"gui":{"rotation":[-90,-45,-90],"translation":[-0.5,-0.25,0],"scale":[0.95313,0.95313,0.95313]},"head":{"scale":[0,0,0]},"fixed":{"rotation":[90,-90,90],"translation":[0,2.75,-1],"scale":[2.17383,2.17383,2.17383]}}}