{"textures":{"0":"modelengine:entity/orcball23"},"elements":[{"from":[5.5191298,1.4982395,14.795],"to":[9.51913,5.4982395,15.805],"faces":{"east":{"uv":[7.3125,2.0625,7.375,2.3125],"tintindex":0,"rotation":0,"texture":"#0"},"south":{"uv":[7.6875,9.8125,7.9375,10.0625],"tintindex":0,"rotation":0,"texture":"#0"},"north":{"uv":[7.4375,9.8125,7.6875,10.0625],"tintindex":0,"rotation":0,"texture":"#0"},"west":{"uv":[7.6875,5.375,7.75,5.625],"tintindex":0,"rotation":0,"texture":"#0"},"up":{"uv":[6.75,2.375,6.5,2.3125],"tintindex":0,"rotation":0,"texture":"#0"},"down":{"uv":[3.5625,6.9375,3.3125,7.0],"tintindex":0,"rotation":0,"texture":"#0"}},"rotation":{"origin":[8.01913,2.9982395,15.205],"angle":-45.0,"axis":"z"}},{"from":[11.61913,7.59824,1.1500001],"to":[17.21913,11.4982395,14.85],"faces":{"east":{"uv":[8.125,3.1875,8.96875,3.4375],"tintindex":0,"rotation":0,"texture":"#0"},"south":{"uv":[6.5,3.625,6.84375,3.875],"tintindex":0,"rotation":0,"texture":"#0"},"north":{"uv":[5.9375,2.375,6.28125,2.625],"tintindex":0,"rotation":0,"texture":"#0"},"west":{"uv":[8.0625,8.1875,8.90625,8.4375],"tintindex":0,"rotation":0,"texture":"#0"},"up":{"uv":[7.21875,1.21875,6.875,0.375],"tintindex":0,"rotation":0,"texture":"#0"},"down":{"uv":[6.53125,6.875,6.1875,7.71875],"tintindex":0,"rotation":0,"texture":"#0"}},"rotation":{"origin":[12.81913,9.7482395,7.5],"angle":-22.5,"axis":"z"}},{"from":[11.61913,1.6982403,1.1500001],"to":[17.21913,5.59824,14.85],"faces":{"east":{"uv":[8.3125,1.5625,9.15625,1.8125],"tintindex":0,"rotation":0,"texture":"#0"},"south":{"uv":[9.625,2.0625,9.96875,2.3125],"tintindex":0,"rotation":0,"texture":"#0"},"north":{"uv":[9.625,1.1875,9.96875,1.4375],"tintindex":0,"rotation":0,"texture":"#0"},"west":{"uv":[8.3125,1.8125,9.15625,2.0625],"tintindex":0,"rotation":0,"texture":"#0"},"up":{"uv":[3.65625,7.84375,3.3125,7.0],"tintindex":0,"rotation":0,"texture":"#0"},"down":{"uv":[4.03125,7.0,3.6875,7.84375],"tintindex":0,"rotation":0,"texture":"#0"}},"rotation":{"origin":[12.81913,3.4482403,7.5],"angle":22.5,"axis":"z"}},{"from":[4.9191303,8.398239,15.35],"to":[11.11913,15.298241,15.35],"faces":{"south":{"uv":[4.8125,8.6875,5.1875,9.125],"tintindex":0,"rotation":0,"texture":"#0"},"north":{"uv":[8.625,5.75,9.0,6.1875],"tintindex":0,"rotation":0,"texture":"#0"}}},{"from":[-1.18087,7.59824,1.1500001],"to":[4.4191303,11.4982395,14.85],"faces":{"east":{"uv":[8.25,0.0,9.09375,0.25],"tintindex":0,"rotation":0,"texture":"#0"},"south":{"uv":[8.5625,2.9375,8.90625,3.1875],"tintindex":0,"rotation":0,"texture":"#0"},"north":{"uv":[7.5,1.5625,7.84375,1.8125],"tintindex":0,"rotation":0,"texture":"#0"},"west":{"uv":[8.25,0.25,9.09375,0.5],"tintindex":0,"rotation":0,"texture":"#0"},"up":{"uv":[1.90625,7.78125,1.5625,6.9375],"tintindex":0,"rotation":0,"texture":"#0"},"down":{"uv":[2.28125,6.9375,1.9375,7.78125],"tintindex":0,"rotation":0,"texture":"#0"}},"rotation":{"origin":[3.21913,9.7482395,7.5],"angle":22.5,"axis":"z"}},{"from":[-0.98087025,4.398239,1.0999999],"to":[17.01913,8.4982395,14.9],"faces":{"east":{"uv":[7.75,5.9375,8.625,6.1875],"tintindex":0,"rotation":0,"texture":"#0"},"south":{"uv":[7.0,3.1875,8.125,3.4375],"tintindex":0,"rotation":0,"texture":"#0"},"north":{"uv":[4.5625,3.5,5.6875,3.75],"tintindex":0,"rotation":0,"texture":"#0"},"west":{"uv":[7.9375,1.3125,8.8125,1.5625],"tintindex":0,"rotation":0,"texture":"#0"},"up":{"uv":[3.4375,4.0625,2.3125,3.1875],"tintindex":0,"rotation":0,"texture":"#0"},"down":{"uv":[4.5625,2.9375,3.4375,3.8125],"tintindex":0,"rotation":0,"texture":"#0"}}},{"from":[5.5191298,7.6982403,14.795],"to":[9.51913,11.698238,15.805],"faces":{"east":{"uv":[5.0,7.75,5.0625,8.0],"tintindex":0,"rotation":0,"texture":"#0"},"south":{"uv":[8.4375,9.8125,8.6875,10.0625],"tintindex":0,"rotation":0,"texture":"#0"},"north":{"uv":[8.1875,9.8125,8.4375,10.0625],"tintindex":0,"rotation":0,"texture":"#0"},"west":{"uv":[6.5,7.75,6.5625,8.0],"tintindex":0,"rotation":0,"texture":"#0"},"up":{"uv":[7.25,1.875,7.0,1.8125],"tintindex":0,"rotation":0,"texture":"#0"},"down":{"uv":[7.25,1.875,7.0,1.9375],"tintindex":0,"rotation":0,"texture":"#0"}},"rotation":{"origin":[8.01913,10.19824,15.205],"angle":45.0,"axis":"z"}},{"from":[8.51913,6.6982403,0.5949998],"to":[11.21913,9.69824,1.4050002],"faces":{"east":{"uv":[3.0625,5.625,3.125,5.8125],"tintindex":0,"rotation":0,"texture":"#0"},"south":{"uv":[2.5,10.0625,2.65625,10.25],"tintindex":0,"rotation":0,"texture":"#0"},"north":{"uv":[2.0,10.0625,2.15625,10.25],"tintindex":0,"rotation":0,"texture":"#0"},"west":{"uv":[5.875,2.0625,5.9375,2.25],"tintindex":0,"rotation":0,"texture":"#0"},"up":{"uv":[0.90625,9.0,0.75,8.9375],"tintindex":0,"rotation":0,"texture":"#0"},"down":{"uv":[9.09375,3.75,8.9375,3.8125],"tintindex":0,"rotation":0,"texture":"#0"}},"rotation":{"origin":[8.01913,6.1982403,0.9949999],"angle":-22.5,"axis":"z"}},{"from":[8.51913,6.6982403,14.594999],"to":[11.21913,9.69824,15.405001],"faces":{"east":{"uv":[8.0,7.4375,8.0625,7.625],"tintindex":0,"rotation":0,"texture":"#0"},"south":{"uv":[6.1875,10.0625,6.34375,10.25],"tintindex":0,"rotation":0,"texture":"#0"},"north":{"uv":[10.0625,5.625,10.21875,5.8125],"tintindex":0,"rotation":0,"texture":"#0"},"west":{"uv":[2.6875,8.4375,2.75,8.625],"tintindex":0,"rotation":0,"texture":"#0"},"up":{"uv":[9.09375,8.4375,8.9375,8.375],"tintindex":0,"rotation":0,"texture":"#0"},"down":{"uv":[9.15625,1.125,9.0,1.1875],"tintindex":0,"rotation":0,"texture":"#0"}},"rotation":{"origin":[8.01913,6.1982403,15.005],"angle":-22.5,"axis":"z"}},{"from":[4.9191303,-1.1017609,0.6500001],"to":[11.11913,5.7982407,0.6500001],"faces":{"south":{"uv":[8.5625,2.5,8.9375,2.9375],"tintindex":0,"rotation":0,"texture":"#0"},"north":{"uv":[8.5625,2.0625,8.9375,2.5],"tintindex":0,"rotation":0,"texture":"#0"}}},{"from":[5.5191298,1.4982395,0.19500017],"to":[9.51913,5.4982395,1.2049999],"faces":{"east":{"uv":[2.3125,6.9375,2.375,7.1875],"tintindex":0,"rotation":0,"texture":"#0"},"south":{"uv":[6.25,8.3125,6.5,8.5625],"tintindex":0,"rotation":0,"texture":"#0"},"north":{"uv":[4.75,8.25,5.0,8.5],"tintindex":0,"rotation":0,"texture":"#0"},"west":{"uv":[7.3125,1.8125,7.375,2.0625],"tintindex":0,"rotation":0,"texture":"#0"},"up":{"uv":[5.8125,1.1875,5.5625,1.125],"tintindex":0,"rotation":0,"texture":"#0"},"down":{"uv":[0.8125,5.875,0.5625,5.9375],"tintindex":0,"rotation":0,"texture":"#0"}},"rotation":{"origin":[8.01913,2.9982395,0.7950001],"angle":-45.0,"axis":"z"}},{"from":[-1.18087,1.6982403,1.1500001],"to":[4.4191303,5.59824,14.85],"faces":{"east":{"uv":[0.4375,8.25,1.28125,8.5],"tintindex":0,"rotation":0,"texture":"#0"},"south":{"uv":[3.625,9.5,3.96875,9.75],"tintindex":0,"rotation":0,"texture":"#0"},"north":{"uv":[2.25,9.5,2.59375,9.75],"tintindex":0,"rotation":0,"texture":"#0"},"west":{"uv":[3.875,8.25,4.71875,8.5],"tintindex":0,"rotation":0,"texture":"#0"},"up":{"uv":[7.28125,4.46875,6.9375,3.625],"tintindex":0,"rotation":0,"texture":"#0"},"down":{"uv":[7.34375,2.3125,7.0,3.15625],"tintindex":0,"rotation":0,"texture":"#0"}},"rotation":{"origin":[3.21913,3.4482403,7.5],"angle":-22.5,"axis":"z"}},{"from":[4.9191303,-1.1017609,15.35],"to":[11.11913,5.7982407,15.35],"faces":{"south":{"uv":[2.6875,8.625,3.0625,9.0625],"tintindex":0,"rotation":0,"texture":"#0"},"north":{"uv":[8.5625,4.3125,8.9375,4.75],"tintindex":0,"rotation":0,"texture":"#0"}}},{"from":[0.01913023,8.398239,2.6],"to":[16.01913,15.498241,13.4],"faces":{"east":{"uv":[4.625,6.75,5.3125,7.1875],"tintindex":0,"rotation":0,"texture":"#0"},"south":{"uv":[4.1875,4.8125,5.1875,5.25],"tintindex":0,"rotation":0,"texture":"#0"},"north":{"uv":[0.0,4.5625,1.0,5.0],"tintindex":0,"rotation":0,"texture":"#0"},"west":{"uv":[6.8125,4.5,7.5,4.9375],"tintindex":0,"rotation":0,"texture":"#0"},"up":{"uv":[4.4375,4.5,3.4375,3.8125],"tintindex":0,"rotation":0,"texture":"#0"},"down":{"uv":[1.0,3.875,0.0,4.5625],"tintindex":0,"rotation":0,"texture":"#0"}}},{"from":[4.81913,6.6982403,0.5949998],"to":[7.5191298,9.69824,1.4050002],"faces":{"east":{"uv":[4.5625,7.0,4.625,7.1875],"tintindex":0,"rotation":0,"texture":"#0"},"south":{"uv":[4.0,10.0625,4.15625,10.25],"tintindex":0,"rotation":0,"texture":"#0"},"north":{"uv":[3.8125,10.0625,3.96875,10.25],"tintindex":0,"rotation":0,"texture":"#0"},"west":{"uv":[4.5,7.5625,4.5625,7.75],"tintindex":0,"rotation":0,"texture":"#0"},"up":{"uv":[9.09375,6.9375,8.9375,6.875],"tintindex":0,"rotation":0,"texture":"#0"},"down":{"uv":[9.09375,8.3125,8.9375,8.375],"tintindex":0,"rotation":0,"texture":"#0"}},"rotation":{"origin":[8.01913,6.1982403,0.9949999],"angle":22.5,"axis":"z"}},{"from":[5.5191298,4.09824,0.19999981],"to":[10.51913,9.19824,1.1999998],"faces":{"east":{"uv":[3.0625,5.3125,3.125,5.625],"tintindex":0,"rotation":0,"texture":"#0"},"south":{"uv":[4.4375,9.3125,4.75,9.625],"tintindex":0,"rotation":0,"texture":"#0"},"north":{"uv":[2.75,9.3125,3.0625,9.625],"tintindex":0,"rotation":0,"texture":"#0"},"west":{"uv":[3.625,5.8125,3.6875,6.125],"tintindex":0,"rotation":0,"texture":"#0"},"up":{"uv":[2.0625,4.0625,1.75,4.0],"tintindex":0,"rotation":0,"texture":"#0"},"down":{"uv":[4.875,3.75,4.5625,3.8125],"tintindex":0,"rotation":0,"texture":"#0"}}},{"from":[5.5191298,4.09824,14.8],"to":[10.51913,9.19824,15.8],"faces":{"east":{"uv":[5.875,1.75,5.9375,2.0625],"tintindex":0,"rotation":0,"texture":"#0"},"south":{"uv":[1.25,9.375,1.5625,9.6875],"tintindex":0,"rotation":0,"texture":"#0"},"north":{"uv":[0.375,9.375,0.6875,9.6875],"tintindex":0,"rotation":0,"texture":"#0"},"west":{"uv":[5.3125,6.75,5.375,7.0625],"tintindex":0,"rotation":0,"texture":"#0"},"up":{"uv":[1.3125,4.875,1.0,4.8125],"tintindex":0,"rotation":0,"texture":"#0"},"down":{"uv":[1.625,4.8125,1.3125,4.875],"tintindex":0,"rotation":0,"texture":"#0"}}},{"from":[4.9191303,7.7982407,0.6500001],"to":[11.11913,14.698238,0.6500001],"faces":{"south":{"uv":[6.25,8.6875,6.625,9.125],"tintindex":0,"rotation":0,"texture":"#0"},"north":{"uv":[5.1875,8.6875,5.5625,9.125],"tintindex":0,"rotation":0,"texture":"#0"}}},{"from":[5.5191298,7.6982403,0.19500017],"to":[9.51913,11.698238,1.2049999],"faces":{"east":{"uv":[3.625,6.125,3.6875,6.375],"tintindex":0,"rotation":0,"texture":"#0"},"south":{"uv":[7.5,0.0,7.75,0.25],"tintindex":0,"rotation":0,"texture":"#0"},"north":{"uv":[3.1875,2.9375,3.4375,3.1875],"tintindex":0,"rotation":0,"texture":"#0"},"west":{"uv":[6.875,3.625,6.9375,3.875],"tintindex":0,"rotation":0,"texture":"#0"},"up":{"uv":[5.375,3.8125,5.125,3.75],"tintindex":0,"rotation":0,"texture":"#0"},"down":{"uv":[5.625,3.75,5.375,3.8125],"tintindex":0,"rotation":0,"texture":"#0"}},"rotation":{"origin":[8.01913,10.19824,0.7950001],"angle":45.0,"axis":"z"}},{"from":[4.81913,6.6982403,14.594999],"to":[7.5191298,9.69824,15.405001],"faces":{"east":{"uv":[2.125,9.125,2.1875,9.3125],"tintindex":0,"rotation":0,"texture":"#0"},"south":{"uv":[10.0625,6.6875,10.21875,6.875],"tintindex":0,"rotation":0,"texture":"#0"},"north":{"uv":[10.0625,6.5,10.21875,6.6875],"tintindex":0,"rotation":0,"texture":"#0"},"west":{"uv":[0.375,9.1875,0.4375,9.375],"tintindex":0,"rotation":0,"texture":"#0"},"up":{"uv":[9.15625,1.25,9.0,1.1875],"tintindex":0,"rotation":0,"texture":"#0"},"down":{"uv":[9.15625,3.375,9.0,3.4375],"tintindex":0,"rotation":0,"texture":"#0"}},"rotation":{"origin":[8.01913,6.1982403,15.005],"angle":22.5,"axis":"z"}}],"display":{"gui":{"rotation":[30,225,0]}}}