{"textures":{"0":"modelengine:entity/orcball23"},"elements":[{"from":[4.5,2.9500003,1.5999999],"to":[11.5,8.05,12.4],"faces":{"east":{"uv":[7.375,8.125,8.0625,8.4375],"tintindex":0,"rotation":0,"texture":"#0"},"south":{"uv":[8.9375,3.4375,9.375,3.75],"tintindex":0,"rotation":0,"texture":"#0"},"north":{"uv":[8.9375,2.8125,9.375,3.125],"tintindex":0,"rotation":0,"texture":"#0"},"west":{"uv":[8.1875,4.8125,8.875,5.125],"tintindex":0,"rotation":0,"texture":"#0"},"up":{"uv":[2.8125,7.25,2.375,6.5625],"tintindex":0,"rotation":0,"texture":"#0"},"down":{"uv":[0.4375,6.75,0.0,7.4375],"tintindex":0,"rotation":0,"texture":"#0"}}}],"display":{"gui":{"rotation":[30,225,0]}}}