{"textures":{"0":"modelengine:entity/orcball23"},"elements":[{"from":[3.3010406,1.3078709,4.9700003],"to":[9.301041,8.507872,13.37],"faces":{"east":{"uv":[3.3125,7.875,3.84375,8.3125],"tintindex":0,"rotation":0,"texture":"#0"},"south":{"uv":[8.5,6.9375,8.875,7.375],"tintindex":0,"rotation":0,"texture":"#0"},"north":{"uv":[4.4375,8.5,4.8125,8.9375],"tintindex":0,"rotation":0,"texture":"#0"},"west":{"uv":[7.9375,0.875,8.46875,1.3125],"tintindex":0,"rotation":0,"texture":"#0"},"up":{"uv":[5.75,6.65625,5.375,6.125],"tintindex":0,"rotation":0,"texture":"#0"},"down":{"uv":[6.1875,7.0625,5.8125,7.59375],"tintindex":0,"rotation":0,"texture":"#0"}},"rotation":{"origin":[5.9771605,4.5251904,9.77],"angle":-22.5,"axis":"z"}},{"from":[3.2971601,5.6051903,3.9500003],"to":[6.6571608,8.485191,9.71],"faces":{"east":{"uv":[1.8125,9.6875,2.1875,9.875],"tintindex":0,"rotation":0,"texture":"#0"},"south":{"uv":[10.0,1.1875,10.21875,1.375],"tintindex":0,"rotation":0,"texture":"#0"},"north":{"uv":[9.9375,4.5,10.15625,4.6875],"tintindex":0,"rotation":0,"texture":"#0"},"west":{"uv":[4.0,9.6875,4.375,9.875],"tintindex":0,"rotation":0,"texture":"#0"},"up":{"uv":[0.78125,5.875,0.5625,5.5],"tintindex":0,"rotation":0,"texture":"#0"},"down":{"uv":[3.03125,5.9375,2.8125,6.3125],"tintindex":0,"rotation":0,"texture":"#0"}}}],"display":{"gui":{"rotation":[30,225,0]}}}