{"textures":{"0":"modelengine:entity/deer_spirit"},"elements":[{"from":[4.25,-6.25,5.75],"to":[12.25,9.0,13.25],"faces":{"east":{"uv":[8.9375,9.0,9.4375,9.9375],"tintindex":0,"rotation":0,"texture":"#0"},"south":{"uv":[9.0625,1.875,9.5625,2.8125],"tintindex":0,"rotation":0,"texture":"#0"},"north":{"uv":[8.4375,9.0,8.9375,9.9375],"tintindex":0,"rotation":0,"texture":"#0"},"west":{"uv":[9.0625,2.8125,9.5625,3.75],"tintindex":0,"rotation":0,"texture":"#0"},"up":{"uv":[8.3125,10.4375,7.8125,9.9375],"tintindex":0,"rotation":0,"texture":"#0"},"down":{"uv":[8.8125,9.9375,8.3125,10.4375],"tintindex":0,"rotation":0,"texture":"#0"}}},{"from":[4.25,-12.0,2.0],"to":[10.25,12.0,9.0],"faces":{"east":{"uv":[7.4375,6.875,7.875,8.375],"tintindex":0,"rotation":0,"texture":"#0"},"south":{"uv":[1.875,8.1875,2.25,9.6875],"tintindex":0,"rotation":0,"texture":"#0"},"north":{"uv":[1.5,8.1875,1.875,9.6875],"tintindex":0,"rotation":0,"texture":"#0"},"west":{"uv":[7.625,3.1875,8.0625,4.6875],"tintindex":0,"rotation":0,"texture":"#0"},"up":{"uv":[11.0625,6.0625,10.6875,5.625],"tintindex":0,"rotation":0,"texture":"#0"},"down":{"uv":[7.0,10.6875,6.625,11.125],"tintindex":0,"rotation":0,"texture":"#0"}}}],"display":{"gui":{"rotation":[30,225,0]}}}