{"textures":{"0":"modelengine:entity/cryomancer_seraphe"},"elements":[{"from":[6.040001,2.0150015,2.99],"to":[10.060001,10.035002,13.01],"faces":{"east":{"uv":[5.5625,6.40625,5.25,6.65625],"tintindex":0,"rotation":0,"texture":"#0"},"south":{"uv":[5.6875,6.40625,5.5625,6.65625],"tintindex":0,"rotation":0,"texture":"#0"},"north":{"uv":[5.25,6.40625,5.125,6.65625],"tintindex":0,"rotation":0,"texture":"#0"},"west":{"uv":[5.125,6.40625,4.8125,6.65625],"tintindex":0,"rotation":0,"texture":"#0"},"up":{"uv":[5.125,6.40625,5.25,6.09375],"tintindex":0,"rotation":0,"texture":"#0"},"down":{"uv":[5.25,6.09375,5.375,6.40625],"tintindex":0,"rotation":0,"texture":"#0"}}}],"display":{"gui":{"rotation":[30,225,0]}}}