{"textures":{"0":"modelengine:entity/cryomancer_seraphe"},"elements":[{"from":[6.25,-5.487499,6.25],"to":[9.75,7.512501,9.75],"faces":{"east":{"uv":[1.28125,4.21875,1.0625,5.03125],"tintindex":0,"rotation":0,"texture":"#0"},"south":{"uv":[1.5,4.21875,1.28125,5.03125],"tintindex":0,"rotation":0,"texture":"#0"},"north":{"uv":[1.0625,4.21875,0.84375,5.03125],"tintindex":0,"rotation":0,"texture":"#0"},"west":{"uv":[0.84375,4.21875,0.625,5.03125],"tintindex":0,"rotation":0,"texture":"#0"},"up":{"uv":[0.84375,4.21875,1.0625,4.0],"tintindex":0,"rotation":0,"texture":"#0"},"down":{"uv":[1.0625,4.0,1.28125,4.21875],"tintindex":0,"rotation":0,"texture":"#0"}},"rotation":{"origin":[8.0,10.762501,8.0],"angle":-45.0,"axis":"y"}},{"from":[6.0,-2.375,6.0],"to":[10.0,-1.375,10.0],"faces":{"east":{"uv":[7.375,5.96875,7.125,6.03125],"tintindex":0,"rotation":0,"texture":"#0"},"south":{"uv":[7.625,5.96875,7.375,6.03125],"tintindex":0,"rotation":0,"texture":"#0"},"north":{"uv":[7.125,5.96875,6.875,6.03125],"tintindex":0,"rotation":0,"texture":"#0"},"west":{"uv":[6.875,5.96875,6.625,6.03125],"tintindex":0,"rotation":0,"texture":"#0"},"up":{"uv":[6.875,5.96875,7.125,5.71875],"tintindex":0,"rotation":0,"texture":"#0"},"down":{"uv":[7.125,5.71875,7.375,5.96875],"tintindex":0,"rotation":0,"texture":"#0"}},"rotation":{"origin":[8.0,10.75,8.0],"angle":-45.0,"axis":"y"}},{"from":[6.0,-5.5,6.0],"to":[10.0,-4.5,10.0],"faces":{"east":{"uv":[5.46875,2.875,5.21875,2.9375],"tintindex":0,"rotation":0,"texture":"#0"},"south":{"uv":[5.71875,2.875,5.46875,2.9375],"tintindex":0,"rotation":0,"texture":"#0"},"north":{"uv":[5.21875,2.875,4.96875,2.9375],"tintindex":0,"rotation":0,"texture":"#0"},"west":{"uv":[4.96875,2.875,4.71875,2.9375],"tintindex":0,"rotation":0,"texture":"#0"},"up":{"uv":[4.96875,2.875,5.21875,2.625],"tintindex":0,"rotation":0,"texture":"#0"},"down":{"uv":[5.21875,2.625,5.46875,2.875],"tintindex":0,"rotation":0,"texture":"#0"}},"rotation":{"origin":[8.0,10.75,8.0],"angle":-45.0,"axis":"y"}},{"from":[6.0,1.125,6.0],"to":[10.0,2.125,10.0],"faces":{"east":{"uv":[7.4375,6.28125,7.1875,6.34375],"tintindex":0,"rotation":0,"texture":"#0"},"south":{"uv":[7.6875,6.28125,7.4375,6.34375],"tintindex":0,"rotation":0,"texture":"#0"},"north":{"uv":[7.1875,6.28125,6.9375,6.34375],"tintindex":0,"rotation":0,"texture":"#0"},"west":{"uv":[6.9375,6.28125,6.6875,6.34375],"tintindex":0,"rotation":0,"texture":"#0"},"up":{"uv":[6.9375,6.28125,7.1875,6.03125],"tintindex":0,"rotation":0,"texture":"#0"},"down":{"uv":[7.1875,6.03125,7.4375,6.28125],"tintindex":0,"rotation":0,"texture":"#0"}},"rotation":{"origin":[8.0,10.75,8.0],"angle":-45.0,"axis":"y"}}],"display":{"gui":{"rotation":[30,225,0]}}}