{"textures":{"0":"modelengine:entity/cryomancer_seraphe"},"elements":[{"from":[4.361107,9.3883705,11.228822],"to":[6.4011064,13.428371,16.268822],"faces":{"east":{"uv":[9.53125,2.78125,9.6875,2.90625],"tintindex":0,"rotation":0,"texture":"#0"},"south":{"uv":[9.46875,2.78125,9.53125,2.90625],"tintindex":0,"rotation":0,"texture":"#0"},"north":{"uv":[9.25,2.78125,9.3125,2.90625],"tintindex":0,"rotation":0,"texture":"#0"},"west":{"uv":[9.3125,2.78125,9.46875,2.90625],"tintindex":0,"rotation":0,"texture":"#0"},"up":{"uv":[9.46875,2.78125,9.3125,2.71875],"tintindex":0,"rotation":270,"texture":"#0"},"down":{"uv":[9.625,2.71875,9.46875,2.78125],"tintindex":0,"rotation":90,"texture":"#0"}},"rotation":{"origin":[39.58111,12.633369,32.74882],"angle":0.0,"axis":"z"}},{"from":[7.2382393,5.123364,4.211677],"to":[12.27824,8.163364,5.251677],"faces":{"east":{"uv":[4.625,9.375,4.65625,9.46875],"tintindex":0,"rotation":0,"texture":"#0"},"south":{"uv":[4.84375,9.375,5.0,9.46875],"tintindex":0,"rotation":0,"texture":"#0"},"north":{"uv":[4.65625,9.375,4.8125,9.46875],"tintindex":0,"rotation":0,"texture":"#0"},"west":{"uv":[4.8125,9.375,4.84375,9.46875],"tintindex":0,"rotation":0,"texture":"#0"},"up":{"uv":[4.8125,9.375,4.65625,9.34375],"tintindex":0,"rotation":0,"texture":"#0"},"down":{"uv":[4.96875,9.34375,4.8125,9.375],"tintindex":0,"rotation":0,"texture":"#0"}},"rotation":{"origin":[10.594604,5.143364,4.731677],"angle":22.5,"axis":"y"}},{"from":[11.2482395,-0.86663604,4.221677],"to":[12.26824,5.153364,5.2416773],"faces":{"east":{"uv":[2.375,4.25,2.40625,4.40625],"tintindex":0,"rotation":0,"texture":"#0"},"south":{"uv":[2.46875,4.25,2.5,4.40625],"tintindex":0,"rotation":0,"texture":"#0"},"north":{"uv":[2.40625,4.25,2.4375,4.40625],"tintindex":0,"rotation":0,"texture":"#0"},"west":{"uv":[2.4375,4.25,2.46875,4.40625],"tintindex":0,"rotation":0,"texture":"#0"},"up":{"uv":[2.4375,4.25,2.40625,4.21875],"tintindex":0,"rotation":0,"texture":"#0"},"down":{"uv":[2.46875,4.21875,2.4375,4.25],"tintindex":0,"rotation":0,"texture":"#0"}},"rotation":{"origin":[10.594604,5.143364,4.731677],"angle":22.5,"axis":"y"}},{"from":[6.5613146,11.248367,3.7834444],"to":[13.561315,12.248367,4.7834444],"faces":{"east":{"uv":[3.6875,4.90625,3.71875,4.9375],"tintindex":0,"rotation":0,"texture":"#0"},"south":{"uv":[3.96875,4.90625,4.1875,4.9375],"tintindex":0,"rotation":0,"texture":"#0"},"north":{"uv":[3.71875,4.90625,3.9375,4.9375],"tintindex":0,"rotation":0,"texture":"#0"},"west":{"uv":[3.9375,4.90625,3.96875,4.9375],"tintindex":0,"rotation":0,"texture":"#0"},"up":{"uv":[3.9375,4.90625,3.71875,4.875],"tintindex":0,"rotation":0,"texture":"#0"},"down":{"uv":[4.15625,4.875,3.9375,4.90625],"tintindex":0,"rotation":0,"texture":"#0"}},"rotation":{"origin":[10.311315,13.448372,4.7834444],"angle":22.5,"axis":"y"}},{"from":[4.277096,8.637229,8.528651],"to":[6.307096,11.66723,12.558652],"faces":{"east":{"uv":[5.875,7.15625,6.0,7.25],"tintindex":0,"rotation":0,"texture":"#0"},"south":{"uv":[5.8125,7.15625,5.875,7.25],"tintindex":0,"rotation":0,"texture":"#0"},"north":{"uv":[5.625,7.15625,5.6875,7.25],"tintindex":0,"rotation":0,"texture":"#0"},"west":{"uv":[5.6875,7.15625,5.8125,7.25],"tintindex":0,"rotation":0,"texture":"#0"},"up":{"uv":[5.8125,7.15625,5.6875,7.09375],"tintindex":0,"rotation":270,"texture":"#0"},"down":{"uv":[5.9375,7.09375,5.8125,7.15625],"tintindex":0,"rotation":90,"texture":"#0"}},"rotation":{"origin":[5.117096,10.752228,12.393651],"angle":-45.0,"axis":"x"}},{"from":[9.091887,9.669626,5.095436],"to":[10.111888,12.689627,6.1154366],"faces":{"east":{"uv":[3.53125,2.96875,3.5625,3.0625],"tintindex":0,"rotation":0,"texture":"#0"},"south":{"uv":[3.625,2.96875,3.65625,3.0625],"tintindex":0,"rotation":0,"texture":"#0"},"north":{"uv":[3.5625,2.96875,3.59375,3.0625],"tintindex":0,"rotation":0,"texture":"#0"},"west":{"uv":[3.59375,2.96875,3.625,3.0625],"tintindex":0,"rotation":0,"texture":"#0"},"up":{"uv":[3.59375,2.96875,3.5625,2.9375],"tintindex":0,"rotation":0,"texture":"#0"},"down":{"uv":[3.625,2.9375,3.59375,2.96875],"tintindex":0,"rotation":0,"texture":"#0"}},"rotation":{"origin":[10.476888,8.429626,4.7804365],"angle":22.5,"axis":"z"}},{"from":[5.8895845,8.583368,6.3839626],"to":[7.909585,14.603369,12.403963],"faces":{"east":{"uv":[9.1875,0.1875,9.375,0.375],"tintindex":0,"rotation":0,"texture":"#0"},"south":{"uv":[9.125,0.1875,9.1875,0.375],"tintindex":0,"rotation":0,"texture":"#0"},"north":{"uv":[8.875,0.1875,8.9375,0.375],"tintindex":0,"rotation":0,"texture":"#0"},"west":{"uv":[8.9375,0.1875,9.125,0.375],"tintindex":0,"rotation":0,"texture":"#0"},"up":{"uv":[9.125,0.1875,8.9375,0.125],"tintindex":0,"rotation":270,"texture":"#0"},"down":{"uv":[9.3125,0.125,9.125,0.1875],"tintindex":0,"rotation":90,"texture":"#0"}},"rotation":{"origin":[8.474585,11.643364,9.393963],"angle":-22.5,"axis":"y"}},{"from":[5.9451137,13.8984375,7.152727],"to":[11.945114,15.8984375,8.152727],"faces":{"east":{"uv":[6.28125,2.5625,6.3125,2.625],"tintindex":0,"rotation":0,"texture":"#0"},"south":{"uv":[6.53125,2.5625,6.71875,2.625],"tintindex":0,"rotation":0,"texture":"#0"},"north":{"uv":[6.3125,2.5625,6.5,2.625],"tintindex":0,"rotation":0,"texture":"#0"},"west":{"uv":[6.5,2.5625,6.53125,2.625],"tintindex":0,"rotation":0,"texture":"#0"},"up":{"uv":[6.5,2.5625,6.3125,2.53125],"tintindex":0,"rotation":0,"texture":"#0"},"down":{"uv":[6.6875,2.53125,6.5,2.5625],"tintindex":0,"rotation":0,"texture":"#0"}},"rotation":{"origin":[8.195114,15.548439,6.927727],"angle":22.5,"axis":"y"}},{"from":[9.181051,-1.1441574,4.0103626],"to":[13.181051,5.8558426,5.0103626],"faces":{"east":{"uv":[7.09375,3.1875,7.125,3.375],"tintindex":0,"rotation":0,"texture":"#0"},"south":{"uv":[7.28125,3.1875,7.40625,3.375],"tintindex":0,"rotation":0,"texture":"#0"},"north":{"uv":[7.125,3.171875,7.25,3.375],"tintindex":0,"rotation":0,"texture":"#0"},"west":{"uv":[7.25,3.1875,7.28125,3.375],"tintindex":0,"rotation":0,"texture":"#0"},"up":{"uv":[7.25,3.1875,7.125,3.15625],"tintindex":0,"rotation":0,"texture":"#0"},"down":{"uv":[7.375,3.15625,7.25,3.1875],"tintindex":0,"rotation":0,"texture":"#0"}},"rotation":{"origin":[9.456051,3.2808456,4.6103625],"angle":22.5,"axis":"z"}},{"from":[7.3390584,7.5929813,4.7168875],"to":[8.359058,14.612982,6.736888],"faces":{"east":{"uv":[1.1875,5.09375,1.25,5.3125],"tintindex":0,"rotation":0,"texture":"#0"},"south":{"uv":[1.34375,5.09375,1.375,5.3125],"tintindex":0,"rotation":0,"texture":"#0"},"north":{"uv":[1.25,5.09375,1.28125,5.3125],"tintindex":0,"rotation":0,"texture":"#0"},"west":{"uv":[1.28125,5.09375,1.34375,5.3125],"tintindex":0,"rotation":0,"texture":"#0"},"up":{"uv":[1.28125,5.09375,1.25,5.03125],"tintindex":0,"rotation":0,"texture":"#0"},"down":{"uv":[1.3125,5.03125,1.28125,5.09375],"tintindex":0,"rotation":0,"texture":"#0"}},"rotation":{"origin":[9.399059,8.977982,5.2268877],"angle":22.5,"axis":"y"}},{"from":[7.277259,8.163367,4.367566],"to":[12.30726,10.193368,5.3975663],"faces":{"east":{"uv":[6.625,4.65625,6.65625,4.71875],"tintindex":0,"rotation":0,"texture":"#0"},"south":{"uv":[6.8125,4.65625,6.9375,4.71875],"tintindex":0,"rotation":0,"texture":"#0"},"north":{"uv":[6.640625,4.65625,6.78125,4.71875],"tintindex":0,"rotation":0,"texture":"#0"},"west":{"uv":[6.78125,4.65625,6.8125,4.71875],"tintindex":0,"rotation":0,"texture":"#0"},"up":{"uv":[6.78125,4.65625,6.65625,4.625],"tintindex":0,"rotation":0,"texture":"#0"},"down":{"uv":[6.90625,4.625,6.78125,4.65625],"tintindex":0,"rotation":0,"texture":"#0"}},"rotation":{"origin":[10.217258,9.178368,4.882566],"angle":22.5,"axis":"y"}},{"from":[5.3574367,2.004448,5.8730903],"to":[5.3574367,6.004448,10.873091],"faces":{"east":{"uv":[8.375,2.59375,8.71875,2.8125],"tintindex":0,"rotation":0,"texture":"#0"},"west":{"uv":[8.03125,2.6875,8.1875,2.8125],"tintindex":0,"rotation":0,"texture":"#0"}},"rotation":{"origin":[5.3574367,4.004448,10.373091],"angle":-22.5,"axis":"y"}},{"from":[7.285193,11.22337,4.316058],"to":[13.325193,15.2633705,6.356058],"faces":{"east":{"uv":[5.84375,9.09375,5.90625,9.21875],"tintindex":0,"rotation":0,"texture":"#0"},"south":{"uv":[6.15625,9.09375,6.34375,9.21875],"tintindex":0,"rotation":0,"texture":"#0"},"north":{"uv":[5.90625,9.09375,6.09375,9.21875],"tintindex":0,"rotation":0,"texture":"#0"},"west":{"uv":[6.09375,9.09375,6.15625,9.21875],"tintindex":0,"rotation":0,"texture":"#0"},"up":{"uv":[6.09375,9.09375,5.90625,9.03125],"tintindex":0,"rotation":0,"texture":"#0"},"down":{"uv":[6.28125,9.03125,6.09375,9.09375],"tintindex":0,"rotation":0,"texture":"#0"}},"rotation":{"origin":[10.305193,13.468369,4.811058],"angle":22.5,"axis":"y"}},{"from":[5.3574367,5.5966415,11.8502445],"to":[5.3574367,9.596642,16.850245],"faces":{"east":{"uv":[8.375,2.59375,8.71875,2.8125],"tintindex":0,"rotation":0,"texture":"#0"},"west":{"uv":[8.21875,2.59375,8.375,2.71875],"tintindex":0,"rotation":0,"texture":"#0"}},"rotation":{"origin":[2.4324365,6.8716354,11.3502445],"angle":-22.5,"axis":"x"}},{"from":[5.614764,5.013432,4.5231543],"to":[7.654764,9.053432,11.563154],"faces":{"east":{"uv":[0.34375,8.9375,0.5625,9.0625],"tintindex":0,"rotation":0,"texture":"#0"},"south":{"uv":[0.28125,8.9375,0.34375,9.0625],"tintindex":0,"rotation":0,"texture":"#0"},"north":{"uv":[0.0,8.9375,0.0625,9.0625],"tintindex":0,"rotation":0,"texture":"#0"},"west":{"uv":[0.0625,8.9375,0.28125,9.0625],"tintindex":0,"rotation":0,"texture":"#0"},"up":{"uv":[0.28125,8.9375,0.0625,8.875],"tintindex":0,"rotation":270,"texture":"#0"},"down":{"uv":[0.5,8.875,0.28125,8.9375],"tintindex":0,"rotation":90,"texture":"#0"}},"rotation":{"origin":[5.834764,7.6834335,8.043154],"angle":-22.5,"axis":"y"}}],"display":{"gui":{"rotation":[30,225,0]}}}