{"credit":"Made with Blockbench","texture_size":[64,64],"textures":{"0":"tavern:items/cosmetics/fireworkwings/firework_wings","1":"tavern:items/cosmetics/fireworkwings/fireworks_animation","particle":"tavern:items/cosmetics/fireworkwings/firework_wings"},"elements":[{"from":[6.10294,3.02509,-1.96337],"to":[7.10294,6.02509,-0.96337],"rotation":{"angle":22.5,"axis":"z","origin":[12.5,7.53584,9.06199]},"faces":{"north":{"uv":[10.875,11.5,11.125,12.25],"texture":"#0"},"east":{"uv":[10.625,11.5,10.875,12.25],"texture":"#0"},"south":{"uv":[11.125,11.5,10.875,12.25],"texture":"#0"},"west":{"uv":[10.125,11.5,10.375,12.25],"texture":"#0"},"up":{"uv":[10.625,11.5,10.375,11.25],"rotation":180,"texture":"#0"},"down":{"uv":[10.875,11.25,10.625,11.5],"rotation":180,"texture":"#0"}}},{"from":[7.15802,3.68203,-1.97337],"to":[8.17802,6.70203,-0.95337],"rotation":{"angle":0,"axis":"y","origin":[12.5,7.53584,9.06199]},"faces":{"north":{"uv":[13.375,11.5,13.625,12.25],"texture":"#0"},"east":{"uv":[13.125,11.5,13.375,12.25],"texture":"#0"},"south":{"uv":[13.625,11.5,13.375,12.25],"texture":"#0"},"west":{"uv":[12.625,11.5,12.875,12.25],"texture":"#0"},"up":{"uv":[13.125,11.5,12.875,11.25],"rotation":180,"texture":"#0"},"down":{"uv":[13.375,11.25,13.125,11.5],"rotation":180,"texture":"#0"}}},{"from":[7.89681,4.71581,-1.96337],"to":[8.89681,7.71581,-0.96337],"rotation":{"angle":-22.5,"axis":"z","origin":[12.5,7.53584,9.06199]},"faces":{"north":{"uv":[14.125,14.75,14.375,15.5],"texture":"#0"},"east":{"uv":[13.875,14.75,14.125,15.5],"texture":"#0"},"south":{"uv":[14.375,14.75,14.125,15.5],"texture":"#0"},"west":{"uv":[13.375,14.75,13.625,15.5],"texture":"#0"},"up":{"uv":[13.875,14.75,13.625,14.5],"rotation":180,"texture":"#0"},"down":{"uv":[14.125,14.5,13.875,14.75],"rotation":180,"texture":"#0"}}},{"from":[7.45076,11.93226,-1.95337],"to":[11.43076,12.91226,-0.97337],"rotation":{"angle":45,"axis":"z","origin":[12.5,7.53584,9.06199]},"faces":{"north":{"uv":[10.375,3,11.375,3.25],"texture":"#0"},"east":{"uv":[10.125,3,10.375,3.25],"texture":"#0"},"south":{"uv":[11.375,3,10.375,3.25],"texture":"#0"},"west":{"uv":[8.875,3,9.125,3.25],"texture":"#0"},"up":{"uv":[10.125,3,9.125,2.75],"rotation":180,"texture":"#0"},"down":{"uv":[11.125,2.75,10.125,3],"rotation":180,"texture":"#0"}}},{"from":[5.58751,0.92301,-1.96337],"to":[6.58751,4.92301,-0.96337],"rotation":{"angle":-22.5,"axis":"z","origin":[12.5,7.53584,9.06199]},"faces":{"north":{"uv":[7.625,13.25,7.875,14.25],"texture":"#0"},"east":{"uv":[7.375,13.25,7.625,14.25],"texture":"#0"},"south":{"uv":[7.875,13.25,7.625,14.25],"texture":"#0"},"west":{"uv":[6.875,13.25,7.125,14.25],"texture":"#0"},"up":{"uv":[7.375,13.25,7.125,13],"rotation":180,"texture":"#0"},"down":{"uv":[7.625,13,7.375,13.25],"rotation":180,"texture":"#0"}}},{"from":[3.59307,0.08168,-1.95337],"to":[4.57307,4.06168,-0.97337],"rotation":{"angle":0,"axis":"y","origin":[12.5,7.53584,9.06199]},"faces":{"north":{"uv":[9.625,13.25,9.875,14.25],"texture":"#0"},"east":{"uv":[9.375,13.25,9.625,14.25],"texture":"#0"},"south":{"uv":[9.875,13.25,9.625,14.25],"texture":"#0"},"west":{"uv":[8.875,13.25,9.125,14.25],"texture":"#0"},"up":{"uv":[9.375,13.25,9.125,13],"rotation":180,"texture":"#0"},"down":{"uv":[9.625,13,9.375,13.25],"rotation":180,"texture":"#0"}}},{"from":[1.11697,-3.77271,-1.96337],"to":[2.11697,1.22729,-0.96337],"rotation":{"angle":-22.5,"axis":"z","origin":[12.5,7.53584,9.06199]},"faces":{"north":{"uv":[5.625,13,5.875,14.25],"texture":"#0"},"east":{"uv":[5.375,13,5.625,14.25],"texture":"#0"},"south":{"uv":[5.875,13,5.625,14.25],"texture":"#0"},"west":{"uv":[4.875,13,5.125,14.25],"texture":"#0"},"up":{"uv":[5.375,13,5.125,12.75],"rotation":180,"texture":"#0"},"down":{"uv":[5.625,12.75,5.375,13],"rotation":180,"texture":"#0"}}},{"from":[2.30557,14.62821,-1.97337],"to":[7.32557,15.64821,-0.95337],"rotation":{"angle":45,"axis":"z","origin":[12.5,7.53584,9.06199]},"faces":{"north":{"uv":[14.625,0.75,15.875,1],"texture":"#0"},"east":{"uv":[14.375,0.75,14.625,1],"texture":"#0"},"south":{"uv":[15.875,0.75,14.625,1],"texture":"#0"},"west":{"uv":[12.875,0.75,13.125,1],"texture":"#0"},"up":{"uv":[14.375,0.75,13.125,0.5],"rotation":180,"texture":"#0"},"down":{"uv":[15.625,0.5,14.375,0.75],"rotation":180,"texture":"#0"}}},{"from":[4.60957,12.03745,-1.96337],"to":[9.60957,13.03745,-0.96337],"rotation":{"angle":22.5,"axis":"z","origin":[12.5,7.53584,9.06199]},"faces":{"north":{"uv":[14.375,2.5,15.625,2.75],"texture":"#0"},"east":{"uv":[14.125,2.5,14.375,2.75],"texture":"#0"},"south":{"uv":[15.625,2.5,14.375,2.75],"texture":"#0"},"west":{"uv":[12.625,2.5,12.875,2.75],"texture":"#0"},"up":{"uv":[14.125,2.5,12.875,2.25],"rotation":180,"texture":"#0"},"down":{"uv":[15.375,2.25,14.125,2.5],"rotation":180,"texture":"#0"}}},{"from":[1.86699,11.3556,-1.95337],"to":[7.84699,12.3356,-0.97337],"rotation":{"angle":0,"axis":"y","origin":[12.5,7.53584,9.06199]},"faces":{"north":{"uv":[14.125,7.5,15.625,7.75],"texture":"#0"},"east":{"uv":[13.875,7.5,14.125,7.75],"texture":"#0"},"south":{"uv":[15.625,7.5,14.125,7.75],"texture":"#0"},"west":{"uv":[12.125,7.5,12.375,7.75],"texture":"#0"},"up":{"uv":[13.875,7.5,12.375,7.25],"rotation":180,"texture":"#0"},"down":{"uv":[15.375,7.25,13.875,7.5],"rotation":180,"texture":"#0"}}},{"from":[-1.49224,15.05238,-1.96337],"to":[4.50776,16.05238,-0.96337],"rotation":{"angle":22.5,"axis":"z","origin":[12.5,7.53584,9.06199]},"faces":{"north":{"uv":[9.125,7.25,10.625,7.5],"texture":"#0"},"east":{"uv":[8.875,7.25,9.125,7.5],"texture":"#0"},"south":{"uv":[10.625,7.25,9.125,7.5],"texture":"#0"},"west":{"uv":[7.125,7.25,7.375,7.5],"texture":"#0"},"up":{"uv":[8.875,7.25,7.375,7],"rotation":180,"texture":"#0"},"down":{"uv":[10.375,7,8.875,7.25],"rotation":180,"texture":"#0"}}},{"from":[-3.15801,19.7687,-1.95337],"to":[2.82199,20.7487,-0.97337],"rotation":{"angle":45,"axis":"z","origin":[12.5,7.53584,9.06199]},"faces":{"north":{"uv":[10.625,9,12.125,9.25],"texture":"#0"},"east":{"uv":[10.375,9,10.625,9.25],"texture":"#0"},"south":{"uv":[12.125,9,10.625,9.25],"texture":"#0"},"west":{"uv":[8.625,9,8.875,9.25],"texture":"#0"},"up":{"uv":[10.375,9,8.875,8.75],"rotation":180,"texture":"#0"},"down":{"uv":[11.875,8.75,10.375,9],"rotation":180,"texture":"#0"}}},{"from":[-6.9969,19.96514,-1.96337],"to":[0.0031,20.96514,-0.96337],"rotation":{"angle":22.5,"axis":"z","origin":[12.5,7.53584,9.06199]},"faces":{"north":{"uv":[14.25,5.75,16,6],"texture":"#0"},"east":{"uv":[14,5.75,14.25,6],"texture":"#0"},"south":{"uv":[16,5.75,14.25,6],"texture":"#0"},"west":{"uv":[12,5.75,12.25,6],"texture":"#0"},"up":{"uv":[14,5.75,12.25,5.5],"rotation":180,"texture":"#0"},"down":{"uv":[15.75,5.5,14,5.75],"rotation":180,"texture":"#0"}}},{"from":[-4.1948,14.15054,-1.97337],"to":[2.8252,15.17054,-0.95337],"rotation":{"angle":0,"axis":"y","origin":[12.5,7.53584,9.06199]},"faces":{"north":{"uv":[14.125,4.3125,15.875,4.5625],"texture":"#0"},"east":{"uv":[13.875,4.3125,14.125,4.5625],"texture":"#0"},"south":{"uv":[15.875,4.3125,14.125,4.5625],"texture":"#0"},"west":{"uv":[11.875,4.3125,12.125,4.5625],"texture":"#0"},"up":{"uv":[13.875,4.3125,12.125,4.0625],"rotation":180,"texture":"#0"},"down":{"uv":[15.625,4.0625,13.875,4.3125],"rotation":180,"texture":"#0"}}},{"from":[0.63457,9.87393,-1.96337],"to":[7.63457,10.87393,-0.96337],"rotation":{"angle":-22.5,"axis":"z","origin":[12.5,7.53584,9.06199]},"faces":{"north":{"uv":[9.625,5.25,11.375,5.5],"texture":"#0"},"east":{"uv":[9.375,5.25,9.625,5.5],"texture":"#0"},"south":{"uv":[11.375,5.25,9.625,5.5],"texture":"#0"},"west":{"uv":[7.375,5.25,7.625,5.5],"texture":"#0"},"up":{"uv":[9.375,5.25,7.625,5],"rotation":180,"texture":"#0"},"down":{"uv":[11.125,5,9.375,5.25],"rotation":180,"texture":"#0"}}},{"from":[9.41001,9.32661,-2.22337],"to":[11.43001,13.34661,-0.70337],"rotation":{"angle":22.5,"axis":"z","origin":[12.5,7.53584,9.06199]},"faces":{"north":{"uv":[1.25,13.125,1.75,14.125],"texture":"#0"},"east":{"uv":[0.875,13.125,1.25,14.125],"texture":"#0"},"south":{"uv":[1.75,13.125,1.25,14.125],"texture":"#0"},"west":{"uv":[0,13.125,0.375,14.125],"texture":"#0"},"up":{"uv":[0.875,13.125,0.375,12.75],"rotation":180,"texture":"#0"},"down":{"uv":[1.375,12.75,0.875,13.125],"rotation":180,"texture":"#0"}}},{"from":[10.34358,6.37819,-2.21337],"to":[12.34358,10.37819,-0.71337],"rotation":{"angle":45,"axis":"z","origin":[12.5,7.53584,9.06199]},"faces":{"north":{"uv":[3.5,13.375,4,14.375],"texture":"#0"},"east":{"uv":[3.125,13.375,3.5,14.375],"texture":"#0"},"south":{"uv":[4,13.375,3.5,14.375],"texture":"#0"},"west":{"uv":[2.25,13.375,2.625,14.375],"texture":"#0"},"up":{"uv":[3.125,13.375,2.625,13],"rotation":180,"texture":"#0"},"down":{"uv":[3.625,13,3.125,13.375],"rotation":180,"texture":"#0"}}},{"from":[7.4346,11.71639,-2.21337],"to":[9.4346,13.71639,-0.71337],"rotation":{"angle":0,"axis":"y","origin":[12.5,7.53584,9.06199]},"faces":{"north":{"uv":[12.25,13.625,12.75,14.125],"texture":"#0"},"east":{"uv":[11.875,13.625,12.25,14.125],"texture":"#0"},"south":{"uv":[12.75,13.625,12.25,14.125],"texture":"#0"},"west":{"uv":[11,13.625,11.375,14.125],"texture":"#0"},"up":{"uv":[11.875,13.625,11.375,13.25],"rotation":180,"texture":"#0"},"down":{"uv":[12.375,13.25,11.875,13.625],"rotation":180,"texture":"#0"}}},{"from":[13.27853,14.06371,-2.22337],"to":[14.71274,15.49793,-0.70337],"rotation":{"angle":45,"axis":"z","origin":[12.5,7.53584,9.06199]},"faces":{"north":{"uv":[1.375,15.375,1.75,15.75],"texture":"#0"},"east":{"uv":[1,15.375,1.375,15.75],"texture":"#0"},"south":{"uv":[1.75,15.375,1.375,15.75],"texture":"#0"},"west":{"uv":[0.25,15.375,0.625,15.75],"texture":"#0"},"up":{"uv":[1,15.375,0.625,15],"rotation":180,"texture":"#0"},"down":{"uv":[1.375,15,1,15.375],"rotation":180,"texture":"#0"}}},{"from":[13.97163,4.62848,-2.93801],"to":[14.97163,8.12848,0.06199],"rotation":{"angle":-45,"axis":"z","origin":[12.64989,5.89941,-1.45069]},"faces":{"north":{"uv":[1.875,11,2.125,11.875],"texture":"#0"},"east":{"uv":[1.125,11,1.875,11.875],"texture":"#0"},"south":{"uv":[2.125,11,1.875,11.875],"texture":"#0"},"west":{"uv":[0.125,11,0.875,11.875],"texture":"#0"},"up":{"uv":[1.125,11,0.875,10.25],"rotation":180,"texture":"#0"},"down":{"uv":[1.375,10.25,1.125,11],"rotation":180,"texture":"#0"}}},{"from":[11.72163,5.62848,-2.43801],"to":[14.22163,7.62848,-0.43801],"rotation":{"angle":-45,"axis":"z","origin":[12.64989,5.89941,-1.45069]},"faces":{"north":{"uv":[14.75,9.75,14.125,10.25],"texture":"#0"},"east":{"uv":[14.75,9.75,15.25,10.25],"texture":"#0"},"south":{"uv":[14.125,9.75,14.75,10.25],"texture":"#0"},"west":{"uv":[13.625,9.75,14.125,10.25],"texture":"#0"},"up":{"uv":[14.75,9.75,14.125,9.25],"rotation":180,"texture":"#0"},"down":{"uv":[15.375,9.25,14.75,9.75],"rotation":180,"texture":"#0"}}},{"from":[11.97163,4.62848,-2.93801],"to":[13.97163,5.62848,0.06199],"rotation":{"angle":-45,"axis":"z","origin":[12.64989,5.89941,-1.45069]},"faces":{"north":{"uv":[4.875,11.75,5.375,12],"texture":"#0"},"east":{"uv":[4.125,11.75,4.875,12],"texture":"#0"},"south":{"uv":[5.375,11.75,4.875,12],"texture":"#0"},"west":{"uv":[2.875,11.75,3.625,12],"texture":"#0"},"up":{"uv":[4.125,11.75,3.625,11],"rotation":180,"texture":"#0"},"down":{"uv":[4.625,11,4.125,11.75],"rotation":180,"texture":"#0"}}},{"from":[11.52689,4.97478,-2.94801],"to":[12.54689,8.49478,0.07199],"rotation":{"angle":-22.5,"axis":"z","origin":[12.64989,5.89941,-1.45069]},"faces":{"north":{"uv":[8.375,11.5,8.625,12.375],"texture":"#0"},"east":{"uv":[7.625,11.5,8.375,12.375],"texture":"#0"},"south":{"uv":[8.625,11.5,8.375,12.375],"texture":"#0"},"west":{"uv":[6.625,11.5,7.375,12.375],"texture":"#0"},"up":{"uv":[7.625,11.5,7.375,10.75],"rotation":180,"texture":"#0"},"down":{"uv":[7.875,10.75,7.625,11.5],"rotation":180,"texture":"#0"}}},{"from":[16.02719,4.20517,0.9838],"to":[19.02719,7.70517,1.9838],"rotation":{"angle":-45,"axis":"x","origin":[17.52719,5.95914,2.86277]},"faces":{"north":{"uv":[1.125,11,1.875,11.875],"texture":"#0"},"east":{"uv":[2.125,11,1.875,11.875],"texture":"#0"},"south":{"uv":[0.125,11,0.875,11.875],"texture":"#0"},"west":{"uv":[1.875,11,2.125,11.875],"texture":"#0"},"up":{"uv":[1.125,11,0.875,10.25],"rotation":90,"texture":"#0"},"down":{"uv":[1.375,10.25,1.125,11],"rotation":270,"texture":"#0"}}},{"from":[16.52719,5.20517,1.7338],"to":[18.52719,7.20517,4.2338],"rotation":{"angle":-45,"axis":"x","origin":[17.52719,5.95914,2.86277]},"faces":{"north":{"uv":[14.75,9.75,15.25,10.25],"texture":"#0"},"east":{"uv":[14.125,9.75,14.75,10.25],"texture":"#0"},"south":{"uv":[13.625,9.75,14.125,10.25],"texture":"#0"},"west":{"uv":[14.75,9.75,14.125,10.25],"texture":"#0"},"up":{"uv":[14.75,9.75,14.125,9.25],"rotation":90,"texture":"#0"},"down":{"uv":[15.375,9.25,14.75,9.75],"rotation":270,"texture":"#0"}}},{"from":[16.01719,4.75768,3.55968],"to":[19.03719,8.27768,4.57968],"rotation":{"angle":-22.5,"axis":"x","origin":[17.52719,5.95914,2.86277]},"faces":{"north":{"uv":[7.625,11.5,8.375,12.375],"texture":"#0"},"east":{"uv":[8.625,11.5,8.375,12.375],"texture":"#0"},"south":{"uv":[6.625,11.5,7.375,12.375],"texture":"#0"},"west":{"uv":[8.375,11.5,8.625,12.375],"texture":"#0"},"up":{"uv":[7.625,11.5,7.375,10.75],"rotation":90,"texture":"#0"},"down":{"uv":[7.875,10.75,7.625,11.5],"rotation":270,"texture":"#0"}}},{"from":[16.02719,4.20517,1.9838],"to":[19.02719,5.20517,3.9838],"rotation":{"angle":-45,"axis":"x","origin":[17.52719,5.95914,2.86277]},"faces":{"north":{"uv":[4.125,11.75,4.875,12],"texture":"#0"},"east":{"uv":[5.375,11.75,4.875,12],"texture":"#0"},"south":{"uv":[2.875,11.75,3.625,12],"texture":"#0"},"west":{"uv":[4.875,11.75,5.375,12],"texture":"#0"},"up":{"uv":[4.125,11.75,3.625,11],"rotation":90,"texture":"#0"},"down":{"uv":[4.625,11,4.125,11.75],"rotation":270,"texture":"#0"}}},{"from":[-6.9969,12.96514,-1.46337],"to":[10.0031,19.96514,-1.46337],"rotation":{"angle":22.5,"axis":"z","origin":[12.5,7.53584,9.06199]},"faces":{"north":{"uv":[4.375,0,8.625,1.75],"texture":"#0"},"east":{"uv":[4.375,0,4.375,1.75],"texture":"#0"},"south":{"uv":[8.625,0,4.375,1.75],"texture":"#0"},"west":{"uv":[0.125,0,0.125,1.75],"texture":"#0"},"up":{"uv":[4.375,0,0.125,0],"rotation":180,"texture":"#0"},"down":{"uv":[8.625,0,4.375,0],"rotation":180,"texture":"#0"}}},{"from":[-3.16801,13.7587,-1.46237],"to":[11.83199,19.7587,-1.46237],"rotation":{"angle":45,"axis":"z","origin":[12.5,7.53584,9.06199]},"faces":{"north":{"uv":[3.875,2.25,7.625,3.75],"texture":"#0"},"east":{"uv":[3.875,2.25,3.875,3.75],"texture":"#0"},"south":{"uv":[7.625,2.25,3.875,3.75],"texture":"#0"},"west":{"uv":[0.125,2.25,0.125,3.75],"texture":"#0"},"up":{"uv":[3.875,2.25,0.125,2.25],"rotation":180,"texture":"#0"},"down":{"uv":[7.625,2.25,3.875,2.25],"rotation":180,"texture":"#0"}}},{"from":[2.11697,-3.77271,-1.46237],"to":[7.11697,9.22729,-1.46237],"rotation":{"angle":-22.5,"axis":"z","origin":[12.5,7.53584,9.06199]},"faces":{"north":{"uv":[1.375,4.25,2.625,7.5],"texture":"#0"},"east":{"uv":[1.375,4.25,1.375,7.5],"texture":"#0"},"south":{"uv":[2.625,4.25,1.375,7.5],"texture":"#0"},"west":{"uv":[0.125,4.25,0.125,7.5],"texture":"#0"},"up":{"uv":[1.375,4.25,0.125,4.25],"rotation":180,"texture":"#0"},"down":{"uv":[2.625,4.25,1.375,4.25],"rotation":180,"texture":"#0"}}},{"from":[4.58307,0.07168,-1.46237],"to":[8.58307,10.07168,-1.46237],"rotation":{"angle":0,"axis":"y","origin":[12.5,7.53584,9.06199]},"faces":{"north":{"uv":[4.375,7.25,5.375,9.75],"texture":"#0"},"east":{"uv":[4.375,7.25,4.375,9.75],"texture":"#0"},"south":{"uv":[5.375,7.25,4.375,9.75],"texture":"#0"},"west":{"uv":[3.375,7.25,3.375,9.75],"texture":"#0"},"up":{"uv":[4.375,7.25,3.375,7.25],"rotation":180,"texture":"#0"},"down":{"uv":[5.375,7.25,4.375,7.25],"rotation":180,"texture":"#0"}}},{"from":[7.10294,3.02509,-1.46237],"to":[13.10294,10.02509,-1.46237],"rotation":{"angle":22.5,"axis":"z","origin":[12.5,7.53584,9.06199]},"faces":{"north":{"uv":[4.875,4.5,6.375,6.25],"texture":"#0"},"east":{"uv":[4.875,4.5,4.875,6.25],"texture":"#0"},"south":{"uv":[6.375,4.5,4.875,6.25],"texture":"#0"},"west":{"uv":[3.375,4.5,3.375,6.25],"texture":"#0"},"up":{"uv":[4.875,4.5,3.375,4.5],"rotation":180,"texture":"#0"},"down":{"uv":[6.375,4.5,4.875,4.5],"rotation":180,"texture":"#0"}}},{"from":[-10.75293,2.52829,-1.97337],"to":[-10.02582,3.2554,-0.95337],"rotation":{"angle":-22.5,"axis":"z","origin":[12.5,7.53584,9.06199]},"faces":{"north":{"uv":[9.125,15.25,9.375,15.5],"texture":"#0"},"east":{"uv":[8.875,15.25,9.125,15.5],"texture":"#0"},"south":{"uv":[9.375,15.25,9.125,15.5],"texture":"#0"},"west":{"uv":[8.375,15.25,8.625,15.5],"texture":"#0"},"up":{"uv":[8.875,15.25,8.625,15],"rotation":180,"texture":"#0"},"down":{"uv":[9.125,15,8.875,15.25],"rotation":180,"texture":"#0"}}},{"from":[-7.92893,5.09975,-1.96337],"to":[-7.22182,5.80686,-0.96337],"rotation":{"angle":0,"axis":"y","origin":[12.5,7.53584,9.06199]},"faces":{"north":{"uv":[3.125,15.25,3.375,15.5],"texture":"#0"},"east":{"uv":[2.875,15.25,3.125,15.5],"texture":"#0"},"south":{"uv":[3.375,15.25,3.125,15.5],"texture":"#0"},"west":{"uv":[2.375,15.25,2.625,15.5],"texture":"#0"},"up":{"uv":[2.875,15.25,2.625,15],"rotation":180,"texture":"#0"},"down":{"uv":[3.125,15,2.875,15.25],"rotation":180,"texture":"#0"}}},{"from":[-3.55536,6.8714,-1.97337],"to":[-2.82826,7.5985,-0.95337],"rotation":{"angle":22.5,"axis":"z","origin":[12.5,7.53584,9.06199]},"faces":{"north":{"uv":[5.125,15.25,5.375,15.5],"texture":"#0"},"east":{"uv":[4.875,15.25,5.125,15.5],"texture":"#0"},"south":{"uv":[5.375,15.25,5.125,15.5],"texture":"#0"},"west":{"uv":[4.375,15.25,4.625,15.5],"texture":"#0"},"up":{"uv":[4.875,15.25,4.625,15],"rotation":180,"texture":"#0"},"down":{"uv":[5.125,15,4.875,15.25],"rotation":180,"texture":"#0"}}},{"from":[0.91682,7.856,-1.96337],"to":[1.62392,8.5631,-0.96337],"rotation":{"angle":45,"axis":"z","origin":[12.5,7.53584,9.06199]},"faces":{"north":{"uv":[15.375,12.25,15.625,12.5],"texture":"#0"},"east":{"uv":[15.125,12.25,15.375,12.5],"texture":"#0"},"south":{"uv":[15.625,12.25,15.375,12.5],"texture":"#0"},"west":{"uv":[14.625,12.25,14.875,12.5],"texture":"#0"},"up":{"uv":[15.125,12.25,14.875,12],"rotation":180,"texture":"#0"},"down":{"uv":[15.375,12,15.125,12.25],"rotation":180,"texture":"#0"}}},{"from":[11.15618,-0.18715,-1.97337],"to":[11.88328,0.53995,-0.95337],"rotation":{"angle":-22.5,"axis":"z","origin":[12.5,7.53584,9.06199]},"faces":{"north":{"uv":[7.125,15.25,7.375,15.5],"texture":"#0"},"east":{"uv":[6.875,15.25,7.125,15.5],"texture":"#0"},"south":{"uv":[7.375,15.25,7.125,15.5],"texture":"#0"},"west":{"uv":[6.375,15.25,6.625,15.5],"texture":"#0"},"up":{"uv":[6.875,15.25,6.625,15],"rotation":180,"texture":"#0"},"down":{"uv":[7.125,15,6.875,15.25],"rotation":180,"texture":"#0"}}},{"from":[2.56199,-1,-2.43801],"to":[10.56199,7,-2.43801],"rotation":{"angle":0,"axis":"y","origin":[12.5,7.53584,9.06199]},"faces":{"north":{"uv":[0,8,8,16],"texture":"#1"},"south":{"uv":[8,8,0,16],"texture":"#1"}}},{"from":[0.56199,8,-2.43801],"to":[8.56199,16,-2.43801],"rotation":{"angle":0,"axis":"y","origin":[12.5,7.53584,9.06199]},"faces":{"north":{"uv":[0,0,8,8],"texture":"#1"},"south":{"uv":[8,0,0,8],"texture":"#1"}}},{"from":[-10.43801,7,-2.43801],"to":[-6.43801,11,-2.43801],"rotation":{"angle":0,"axis":"y","origin":[12.5,7.53584,9.06199]},"faces":{"north":{"uv":[12,3.5,16,7.5],"texture":"#1"},"south":{"uv":[16,3.5,12,7.5],"texture":"#1"}}},{"from":[7.56199,7,-2.43801],"to":[11.56199,11,-2.43801],"rotation":{"angle":0,"axis":"y","origin":[12.5,7.53584,9.06199]},"faces":{"north":{"uv":[12,3.5,16,7.5],"texture":"#1"},"south":{"uv":[16,3.5,12,7.5],"texture":"#1"}}},{"from":[-1.43801,2,-2.43801],"to":[2.56199,6,-2.43801],"rotation":{"angle":0,"axis":"y","origin":[12.5,7.53584,9.06199]},"faces":{"north":{"uv":[12,3.5,16,7.5],"texture":"#1"},"south":{"uv":[16,3.5,12,7.5],"texture":"#1"}}},{"from":[-1.43801,13,-2.43801],"to":[2.56199,17,-2.43801],"rotation":{"angle":0,"axis":"y","origin":[12.5,7.53584,9.06199]},"faces":{"north":{"uv":[12,3.5,16,7.5],"texture":"#1"},"south":{"uv":[16,3.5,12,7.5],"texture":"#1"}}},{"from":[-3.43801,7,-2.43801],"to":[0.56199,11,-2.43801],"rotation":{"angle":0,"axis":"y","origin":[12.5,7.53584,9.06199]},"faces":{"north":{"uv":[8,0,12,4],"texture":"#1"},"south":{"uv":[12,0,8,4],"texture":"#1"}}},{"from":[-7.43801,3,-2.43801],"to":[-3.43801,7,-2.43801],"rotation":{"angle":0,"axis":"y","origin":[12.5,7.53584,9.06199]},"faces":{"north":{"uv":[8,0,12,4],"texture":"#1"},"south":{"uv":[12,0,8,4],"texture":"#1"}}},{"from":[10.56199,2,-2.43801],"to":[14.56199,6,-2.43801],"rotation":{"angle":0,"axis":"y","origin":[12.5,7.53584,9.06199]},"faces":{"north":{"uv":[8,0,12,4],"texture":"#1"},"south":{"uv":[12,0,8,4],"texture":"#1"}}},{"from":[-8.43801,8,-2.43801],"to":[-0.43801,16,-2.43801],"rotation":{"angle":0,"axis":"y","origin":[12.5,7.53584,9.06199]},"faces":{"north":{"uv":[8,8,16,16],"texture":"#1"},"south":{"uv":[16,8,8,16],"texture":"#1"}}},{"from":[2.56199,-1,-0.43801],"to":[10.56199,7,-0.43801],"rotation":{"angle":0,"axis":"y","origin":[12.5,7.53584,9.06199]},"faces":{"north":{"uv":[0,8,8,16],"texture":"#1"},"south":{"uv":[8,8,0,16],"texture":"#1"}}},{"from":[0.56199,8,-0.43801],"to":[8.56199,16,-0.43801],"rotation":{"angle":0,"axis":"y","origin":[12.5,7.53584,9.06199]},"faces":{"north":{"uv":[0,0,8,8],"texture":"#1"},"south":{"uv":[8,0,0,8],"texture":"#1"}}},{"from":[-10.43801,7,-0.43801],"to":[-6.43801,11,-0.43801],"rotation":{"angle":0,"axis":"y","origin":[12.5,7.53584,9.06199]},"faces":{"north":{"uv":[12,3.5,16,7.5],"texture":"#1"},"south":{"uv":[16,3.5,12,7.5],"texture":"#1"}}},{"from":[7.56199,7,-0.43801],"to":[11.56199,11,-0.43801],"rotation":{"angle":0,"axis":"y","origin":[12.5,7.53584,9.06199]},"faces":{"north":{"uv":[12,3.5,16,7.5],"texture":"#1"},"south":{"uv":[16,3.5,12,7.5],"texture":"#1"}}},{"from":[-1.43801,2,-0.43801],"to":[2.56199,6,-0.43801],"rotation":{"angle":0,"axis":"y","origin":[12.5,7.53584,9.06199]},"faces":{"north":{"uv":[12,3.5,16,7.5],"texture":"#1"},"south":{"uv":[16,3.5,12,7.5],"texture":"#1"}}},{"from":[-1.43801,13,-0.43801],"to":[2.56199,17,-0.43801],"rotation":{"angle":0,"axis":"y","origin":[12.5,7.53584,9.06199]},"faces":{"north":{"uv":[12,3.5,16,7.5],"texture":"#1"},"south":{"uv":[16,3.5,12,7.5],"texture":"#1"}}},{"from":[-3.43801,7,-0.43801],"to":[0.56199,11,-0.43801],"rotation":{"angle":0,"axis":"y","origin":[12.5,7.53584,9.06199]},"faces":{"north":{"uv":[8,0,12,4],"texture":"#1"},"south":{"uv":[12,0,8,4],"texture":"#1"}}},{"from":[-7.43801,3,-0.43801],"to":[-3.43801,7,-0.43801],"rotation":{"angle":0,"axis":"y","origin":[12.5,7.53584,9.06199]},"faces":{"north":{"uv":[8,0,12,4],"texture":"#1"},"south":{"uv":[12,0,8,4],"texture":"#1"}}},{"from":[10.56199,2,-0.43801],"to":[14.56199,6,-0.43801],"rotation":{"angle":0,"axis":"y","origin":[12.5,7.53584,9.06199]},"faces":{"north":{"uv":[8,0,12,4],"texture":"#1"},"south":{"uv":[12,0,8,4],"texture":"#1"}}},{"from":[-8.43801,8,-0.43801],"to":[-0.43801,16,-0.43801],"rotation":{"angle":0,"axis":"y","origin":[12.5,7.53584,9.06199]},"faces":{"north":{"uv":[8,8,16,16],"texture":"#1"},"south":{"uv":[16,8,8,16],"texture":"#1"}}},{"from":[17.03663,3.04881,9.01632],"to":[18.03663,6.04881,10.01632],"rotation":{"angle":22.5,"axis":"x","origin":[7,7.53584,3.56199]},"faces":{"north":{"uv":[10.625,11.5,10.875,12.25],"texture":"#0"},"east":{"uv":[11.125,11.5,10.875,12.25],"texture":"#0"},"south":{"uv":[10.125,11.5,10.375,12.25],"texture":"#0"},"west":{"uv":[10.875,11.5,11.125,12.25],"texture":"#0"},"up":{"uv":[10.625,11.5,10.375,11.25],"rotation":90,"texture":"#0"},"down":{"uv":[10.875,11.25,10.625,11.5],"rotation":270,"texture":"#0"}}},{"from":[17.02663,3.68203,7.94595],"to":[18.04663,6.70203,8.96595],"rotation":{"angle":0,"axis":"y","origin":[7,7.53584,3.56199]},"faces":{"north":{"uv":[13.125,11.5,13.375,12.25],"texture":"#0"},"east":{"uv":[13.625,11.5,13.375,12.25],"texture":"#0"},"south":{"uv":[12.625,11.5,12.875,12.25],"texture":"#0"},"west":{"uv":[13.375,11.5,13.625,12.25],"texture":"#0"},"up":{"uv":[13.125,11.5,12.875,11.25],"rotation":90,"texture":"#0"},"down":{"uv":[13.375,11.25,13.125,11.5],"rotation":270,"texture":"#0"}}},{"from":[17.03663,4.69208,7.22245],"to":[18.03663,7.69208,8.22245],"rotation":{"angle":-22.5,"axis":"x","origin":[7,7.53584,3.56199]},"faces":{"north":{"uv":[13.875,14.75,14.125,15.5],"texture":"#0"},"east":{"uv":[14.375,14.75,14.125,15.5],"texture":"#0"},"south":{"uv":[13.375,14.75,13.625,15.5],"texture":"#0"},"west":{"uv":[14.125,14.75,14.375,15.5],"texture":"#0"},"up":{"uv":[13.875,14.75,13.625,14.5],"rotation":90,"texture":"#0"},"down":{"uv":[14.125,14.5,13.875,14.75],"rotation":270,"texture":"#0"}}},{"from":[17.04663,11.9761,4.67506],"to":[18.02663,12.9561,8.65506],"rotation":{"angle":45,"axis":"x","origin":[7,7.53584,3.56199]},"faces":{"north":{"uv":[10.125,3,10.375,3.25],"texture":"#0"},"east":{"uv":[11.375,3,10.375,3.25],"texture":"#0"},"south":{"uv":[8.875,3,9.125,3.25],"texture":"#0"},"west":{"uv":[10.375,3,11.375,3.25],"texture":"#0"},"up":{"uv":[10.125,3,9.125,2.75],"rotation":90,"texture":"#0"},"down":{"uv":[11.125,2.75,10.125,3],"rotation":270,"texture":"#0"}}},{"from":[17.03663,0.89928,9.53175],"to":[18.03663,4.89928,10.53175],"rotation":{"angle":-22.5,"axis":"x","origin":[7,7.53584,3.56199]},"faces":{"north":{"uv":[7.375,13.25,7.625,14.25],"texture":"#0"},"east":{"uv":[7.875,13.25,7.625,14.25],"texture":"#0"},"south":{"uv":[6.875,13.25,7.125,14.25],"texture":"#0"},"west":{"uv":[7.625,13.25,7.875,14.25],"texture":"#0"},"up":{"uv":[7.375,13.25,7.125,13],"rotation":90,"texture":"#0"},"down":{"uv":[7.625,13,7.375,13.25],"rotation":270,"texture":"#0"}}},{"from":[17.04663,0.08168,11.55091],"to":[18.02663,4.06168,12.53091],"rotation":{"angle":0,"axis":"y","origin":[7,7.53584,3.56199]},"faces":{"north":{"uv":[9.375,13.25,9.625,14.25],"texture":"#0"},"east":{"uv":[9.875,13.25,9.625,14.25],"texture":"#0"},"south":{"uv":[8.875,13.25,9.125,14.25],"texture":"#0"},"west":{"uv":[9.625,13.25,9.875,14.25],"texture":"#0"},"up":{"uv":[9.375,13.25,9.125,13],"rotation":90,"texture":"#0"},"down":{"uv":[9.625,13,9.375,13.25],"rotation":270,"texture":"#0"}}},{"from":[17.03663,-3.79643,14.00228],"to":[18.03663,1.20357,15.00228],"rotation":{"angle":-22.5,"axis":"x","origin":[7,7.53584,3.56199]},"faces":{"north":{"uv":[5.375,13,5.625,14.25],"texture":"#0"},"east":{"uv":[5.875,13,5.625,14.25],"texture":"#0"},"south":{"uv":[4.875,13,5.125,14.25],"texture":"#0"},"west":{"uv":[5.625,13,5.875,14.25],"texture":"#0"},"up":{"uv":[5.375,13,5.125,12.75],"rotation":90,"texture":"#0"},"down":{"uv":[5.625,12.75,5.375,13],"rotation":270,"texture":"#0"}}},{"from":[17.02663,14.67204,8.78025],"to":[18.04663,15.69204,13.80025],"rotation":{"angle":45,"axis":"x","origin":[7,7.53584,3.56199]},"faces":{"north":{"uv":[14.375,0.75,14.625,1],"texture":"#0"},"east":{"uv":[15.875,0.75,14.625,1],"texture":"#0"},"south":{"uv":[12.875,0.75,13.125,1],"texture":"#0"},"west":{"uv":[14.625,0.75,15.875,1],"texture":"#0"},"up":{"uv":[14.375,0.75,13.125,0.5],"rotation":90,"texture":"#0"},"down":{"uv":[15.625,0.5,14.375,0.75],"rotation":270,"texture":"#0"}}},{"from":[17.03663,12.06118,6.50969],"to":[18.03663,13.06118,11.50969],"rotation":{"angle":22.5,"axis":"x","origin":[7,7.53584,3.56199]},"faces":{"north":{"uv":[14.125,2.5,14.375,2.75],"texture":"#0"},"east":{"uv":[15.625,2.5,14.375,2.75],"texture":"#0"},"south":{"uv":[12.625,2.5,12.875,2.75],"texture":"#0"},"west":{"uv":[14.375,2.5,15.625,2.75],"texture":"#0"},"up":{"uv":[14.125,2.5,12.875,2.25],"rotation":90,"texture":"#0"},"down":{"uv":[15.375,2.25,14.125,2.5],"rotation":270,"texture":"#0"}}},{"from":[17.04663,11.3556,8.27699],"to":[18.02663,12.3356,14.25699],"rotation":{"angle":0,"axis":"y","origin":[7,7.53584,3.56199]},"faces":{"north":{"uv":[13.875,7.5,14.125,7.75],"texture":"#0"},"east":{"uv":[15.625,7.5,14.125,7.75],"texture":"#0"},"south":{"uv":[12.125,7.5,12.375,7.75],"texture":"#0"},"west":{"uv":[14.125,7.5,15.625,7.75],"texture":"#0"},"up":{"uv":[13.875,7.5,12.375,7.25],"rotation":90,"texture":"#0"},"down":{"uv":[15.375,7.25,13.875,7.5],"rotation":270,"texture":"#0"}}},{"from":[17.03663,15.0761,11.6115],"to":[18.03663,16.0761,17.6115],"rotation":{"angle":22.5,"axis":"x","origin":[7,7.53584,3.56199]},"faces":{"north":{"uv":[8.875,7.25,9.125,7.5],"texture":"#0"},"east":{"uv":[10.625,7.25,9.125,7.5],"texture":"#0"},"south":{"uv":[7.125,7.25,7.375,7.5],"texture":"#0"},"west":{"uv":[9.125,7.25,10.625,7.5],"texture":"#0"},"up":{"uv":[8.875,7.25,7.375,7],"rotation":90,"texture":"#0"},"down":{"uv":[10.375,7,8.875,7.25],"rotation":270,"texture":"#0"}}},{"from":[17.04663,19.81253,13.28383],"to":[18.02663,20.79253,19.26383],"rotation":{"angle":45,"axis":"x","origin":[7,7.53584,3.56199]},"faces":{"north":{"uv":[10.375,9,10.625,9.25],"texture":"#0"},"east":{"uv":[12.125,9,10.625,9.25],"texture":"#0"},"south":{"uv":[8.625,9,8.875,9.25],"texture":"#0"},"west":{"uv":[10.625,9,12.125,9.25],"texture":"#0"},"up":{"uv":[10.375,9,8.875,8.75],"rotation":90,"texture":"#0"},"down":{"uv":[11.875,8.75,10.375,9],"rotation":270,"texture":"#0"}}},{"from":[17.03663,19.98886,16.11616],"to":[18.03663,20.98886,23.11616],"rotation":{"angle":22.5,"axis":"x","origin":[7,7.53584,3.56199]},"faces":{"north":{"uv":[14,5.75,14.25,6],"texture":"#0"},"east":{"uv":[16,5.75,14.25,6],"texture":"#0"},"south":{"uv":[12,5.75,12.25,6],"texture":"#0"},"west":{"uv":[14.25,5.75,16,6],"texture":"#0"},"up":{"uv":[14,5.75,12.25,5.5],"rotation":90,"texture":"#0"},"down":{"uv":[15.75,5.5,14,5.75],"rotation":270,"texture":"#0"}}},{"from":[17.02663,14.15054,13.29878],"to":[18.04663,15.17054,20.31878],"rotation":{"angle":0,"axis":"y","origin":[7,7.53584,3.56199]},"faces":{"north":{"uv":[13.875,4.3125,14.125,4.5625],"texture":"#0"},"east":{"uv":[15.875,4.3125,14.125,4.5625],"texture":"#0"},"south":{"uv":[11.875,4.3125,12.125,4.5625],"texture":"#0"},"west":{"uv":[14.125,4.3125,15.875,4.5625],"texture":"#0"},"up":{"uv":[13.875,4.3125,12.125,4.0625],"rotation":90,"texture":"#0"},"down":{"uv":[15.625,4.0625,13.875,4.3125],"rotation":270,"texture":"#0"}}},{"from":[17.03663,9.85021,8.48469],"to":[18.03663,10.85021,15.48469],"rotation":{"angle":-22.5,"axis":"x","origin":[7,7.53584,3.56199]},"faces":{"north":{"uv":[9.375,5.25,9.625,5.5],"texture":"#0"},"east":{"uv":[11.375,5.25,9.625,5.5],"texture":"#0"},"south":{"uv":[7.375,5.25,7.625,5.5],"texture":"#0"},"west":{"uv":[9.625,5.25,11.375,5.5],"texture":"#0"},"up":{"uv":[9.375,5.25,7.625,5],"rotation":90,"texture":"#0"},"down":{"uv":[11.125,5,9.375,5.25],"rotation":270,"texture":"#0"}}},{"from":[16.77663,9.35033,4.68925],"to":[18.29663,13.37033,6.70925],"rotation":{"angle":22.5,"axis":"x","origin":[7,7.53584,3.56199]},"faces":{"north":{"uv":[0.875,13.125,1.25,14.125],"texture":"#0"},"east":{"uv":[1.75,13.125,1.25,14.125],"texture":"#0"},"south":{"uv":[0,13.125,0.375,14.125],"texture":"#0"},"west":{"uv":[1.25,13.125,1.75,14.125],"texture":"#0"},"up":{"uv":[0.875,13.125,0.375,12.75],"rotation":90,"texture":"#0"},"down":{"uv":[1.375,12.75,0.875,13.125],"rotation":270,"texture":"#0"}}},{"from":[16.78663,6.42203,3.76224],"to":[18.28663,10.42203,5.76224],"rotation":{"angle":45,"axis":"x","origin":[7,7.53584,3.56199]},"faces":{"north":{"uv":[3.125,13.375,3.5,14.375],"texture":"#0"},"east":{"uv":[4,13.375,3.5,14.375],"texture":"#0"},"south":{"uv":[2.25,13.375,2.625,14.375],"texture":"#0"},"west":{"uv":[3.5,13.375,4,14.375],"texture":"#0"},"up":{"uv":[3.125,13.375,2.625,13],"rotation":90,"texture":"#0"},"down":{"uv":[3.625,13,3.125,13.375],"rotation":270,"texture":"#0"}}},{"from":[16.78663,11.71639,6.68938],"to":[18.28663,13.71639,8.68938],"rotation":{"angle":0,"axis":"y","origin":[7,7.53584,3.56199]},"faces":{"north":{"uv":[11.875,13.625,12.25,14.125],"texture":"#0"},"east":{"uv":[12.75,13.625,12.25,14.125],"texture":"#0"},"south":{"uv":[11,13.625,11.375,14.125],"texture":"#0"},"west":{"uv":[12.25,13.625,12.75,14.125],"texture":"#0"},"up":{"uv":[11.875,13.625,11.375,13.25],"rotation":90,"texture":"#0"},"down":{"uv":[12.375,13.25,11.875,13.625],"rotation":270,"texture":"#0"}}},{"from":[16.77663,14.10754,1.39308],"to":[18.29663,15.54176,2.82729],"rotation":{"angle":45,"axis":"x","origin":[7,7.53584,3.56199]},"faces":{"north":{"uv":[1,15.375,1.375,15.75],"texture":"#0"},"east":{"uv":[1.75,15.375,1.375,15.75],"texture":"#0"},"south":{"uv":[0.25,15.375,0.625,15.75],"texture":"#0"},"west":{"uv":[1.375,15.375,1.75,15.75],"texture":"#0"},"up":{"uv":[1,15.375,0.625,15],"rotation":90,"texture":"#0"},"down":{"uv":[1.375,15,1,15.375],"rotation":270,"texture":"#0"}}},{"from":[17.53663,12.98886,6.11616],"to":[17.53663,19.98886,23.11616],"rotation":{"angle":22.5,"axis":"x","origin":[7,7.53584,3.56199]},"faces":{"north":{"uv":[4.375,0,4.375,1.75],"texture":"#0"},"east":{"uv":[8.625,0,4.375,1.75],"texture":"#0"},"south":{"uv":[0.125,0,0.125,1.75],"texture":"#0"},"west":{"uv":[4.375,0,8.625,1.75],"texture":"#0"},"up":{"uv":[4.375,0,0.125,0],"rotation":90,"texture":"#0"},"down":{"uv":[8.625,0,4.375,0],"rotation":270,"texture":"#0"}}},{"from":[17.53763,13.80253,4.27383],"to":[17.53763,19.80253,19.27383],"rotation":{"angle":45,"axis":"x","origin":[7,7.53584,3.56199]},"faces":{"north":{"uv":[3.875,2.25,3.875,3.75],"texture":"#0"},"east":{"uv":[7.625,2.25,3.875,3.75],"texture":"#0"},"south":{"uv":[0.125,2.25,0.125,3.75],"texture":"#0"},"west":{"uv":[3.875,2.25,7.625,3.75],"texture":"#0"},"up":{"uv":[3.875,2.25,0.125,2.25],"rotation":90,"texture":"#0"},"down":{"uv":[7.625,2.25,3.875,2.25],"rotation":270,"texture":"#0"}}},{"from":[17.53763,-3.79643,9.00228],"to":[17.53763,9.20357,14.00228],"rotation":{"angle":-22.5,"axis":"x","origin":[7,7.53584,3.56199]},"faces":{"north":{"uv":[1.375,4.25,1.375,7.5],"texture":"#0"},"east":{"uv":[2.625,4.25,1.375,7.5],"texture":"#0"},"south":{"uv":[0.125,4.25,0.125,7.5],"texture":"#0"},"west":{"uv":[1.375,4.25,2.625,7.5],"texture":"#0"},"up":{"uv":[1.375,4.25,0.125,4.25],"rotation":90,"texture":"#0"},"down":{"uv":[2.625,4.25,1.375,4.25],"rotation":270,"texture":"#0"}}},{"from":[17.53763,0.07168,7.54091],"to":[17.53763,10.07168,11.54091],"rotation":{"angle":0,"axis":"y","origin":[7,7.53584,3.56199]},"faces":{"north":{"uv":[4.375,7.25,4.375,9.75],"texture":"#0"},"east":{"uv":[5.375,7.25,4.375,9.75],"texture":"#0"},"south":{"uv":[3.375,7.25,3.375,9.75],"texture":"#0"},"west":{"uv":[4.375,7.25,5.375,9.75],"texture":"#0"},"up":{"uv":[4.375,7.25,3.375,7.25],"rotation":90,"texture":"#0"},"down":{"uv":[5.375,7.25,4.375,7.25],"rotation":270,"texture":"#0"}}},{"from":[17.53763,3.04881,3.01632],"to":[17.53763,10.04881,9.01632],"rotation":{"angle":22.5,"axis":"x","origin":[7,7.53584,3.56199]},"faces":{"north":{"uv":[4.875,4.5,4.875,6.25],"texture":"#0"},"east":{"uv":[6.375,4.5,4.875,6.25],"texture":"#0"},"south":{"uv":[3.375,4.5,3.375,6.25],"texture":"#0"},"west":{"uv":[4.875,4.5,6.375,6.25],"texture":"#0"},"up":{"uv":[4.875,4.5,3.375,4.5],"rotation":90,"texture":"#0"},"down":{"uv":[6.375,4.5,4.875,4.5],"rotation":270,"texture":"#0"}}},{"from":[17.02663,2.50457,26.14508],"to":[18.04663,3.23168,26.87219],"rotation":{"angle":-22.5,"axis":"x","origin":[7,7.53584,3.56199]},"faces":{"north":{"uv":[8.875,15.25,9.125,15.5],"texture":"#0"},"east":{"uv":[9.375,15.25,9.125,15.5],"texture":"#0"},"south":{"uv":[8.375,15.25,8.625,15.5],"texture":"#0"},"west":{"uv":[9.125,15.25,9.375,15.5],"texture":"#0"},"up":{"uv":[8.875,15.25,8.625,15],"rotation":90,"texture":"#0"},"down":{"uv":[9.125,15,8.875,15.25],"rotation":270,"texture":"#0"}}},{"from":[17.03663,5.09975,23.3458],"to":[18.03663,5.80686,24.05291],"rotation":{"angle":0,"axis":"y","origin":[7,7.53584,3.56199]},"faces":{"north":{"uv":[2.875,15.25,3.125,15.5],"texture":"#0"},"east":{"uv":[3.375,15.25,3.125,15.5],"texture":"#0"},"south":{"uv":[2.375,15.25,2.625,15.5],"texture":"#0"},"west":{"uv":[3.125,15.25,3.375,15.5],"texture":"#0"},"up":{"uv":[2.875,15.25,2.625,15],"rotation":90,"texture":"#0"},"down":{"uv":[3.125,15,2.875,15.25],"rotation":270,"texture":"#0"}}},{"from":[17.02663,6.89512,18.94751],"to":[18.04663,7.62223,19.67462],"rotation":{"angle":22.5,"axis":"x","origin":[7,7.53584,3.56199]},"faces":{"north":{"uv":[4.875,15.25,5.125,15.5],"texture":"#0"},"east":{"uv":[5.375,15.25,5.125,15.5],"texture":"#0"},"south":{"uv":[4.375,15.25,4.625,15.5],"texture":"#0"},"west":{"uv":[5.125,15.25,5.375,15.5],"texture":"#0"},"up":{"uv":[4.875,15.25,4.625,15],"rotation":90,"texture":"#0"},"down":{"uv":[5.125,15,4.875,15.25],"rotation":270,"texture":"#0"}}},{"from":[17.03663,7.89983,14.4819],"to":[18.03663,8.60693,15.189],"rotation":{"angle":45,"axis":"x","origin":[7,7.53584,3.56199]},"faces":{"north":{"uv":[15.125,12.25,15.375,12.5],"texture":"#0"},"east":{"uv":[15.625,12.25,15.375,12.5],"texture":"#0"},"south":{"uv":[14.625,12.25,14.875,12.5],"texture":"#0"},"west":{"uv":[15.375,12.25,15.625,12.5],"texture":"#0"},"up":{"uv":[15.125,12.25,14.875,12],"rotation":90,"texture":"#0"},"down":{"uv":[15.375,12,15.125,12.25],"rotation":270,"texture":"#0"}}},{"from":[17.02663,-0.21087,4.23597],"to":[18.04663,0.51623,4.96308],"rotation":{"angle":-22.5,"axis":"x","origin":[7,7.53584,3.56199]},"faces":{"north":{"uv":[6.875,15.25,7.125,15.5],"texture":"#0"},"east":{"uv":[7.375,15.25,7.125,15.5],"texture":"#0"},"south":{"uv":[6.375,15.25,6.625,15.5],"texture":"#0"},"west":{"uv":[7.125,15.25,7.375,15.5],"texture":"#0"},"up":{"uv":[6.875,15.25,6.625,15],"rotation":90,"texture":"#0"},"down":{"uv":[7.125,15,6.875,15.25],"rotation":270,"texture":"#0"}}},{"from":[16.56199,-1,5.56199],"to":[16.56199,7,13.56199],"rotation":{"angle":0,"axis":"y","origin":[7,7.53584,3.56199]},"faces":{"east":{"uv":[8,8,0,16],"texture":"#1"},"west":{"uv":[0,8,8,16],"texture":"#1"}}},{"from":[16.56199,8,7.56199],"to":[16.56199,16,15.56199],"rotation":{"angle":0,"axis":"y","origin":[7,7.53584,3.56199]},"faces":{"east":{"uv":[8,0,0,8],"texture":"#1"},"west":{"uv":[0,0,8,8],"texture":"#1"}}},{"from":[16.56199,7,22.56199],"to":[16.56199,11,26.56199],"rotation":{"angle":0,"axis":"y","origin":[7,7.53584,3.56199]},"faces":{"east":{"uv":[16,3.5,12,7.5],"texture":"#1"},"west":{"uv":[12,3.5,16,7.5],"texture":"#1"}}},{"from":[16.56199,7,4.56199],"to":[16.56199,11,8.56199],"rotation":{"angle":0,"axis":"y","origin":[7,7.53584,3.56199]},"faces":{"east":{"uv":[16,3.5,12,7.5],"texture":"#1"},"west":{"uv":[12,3.5,16,7.5],"texture":"#1"}}},{"from":[16.56199,2,13.56199],"to":[16.56199,6,17.56199],"rotation":{"angle":0,"axis":"y","origin":[7,7.53584,3.56199]},"faces":{"east":{"uv":[16,3.5,12,7.5],"texture":"#1"},"west":{"uv":[12,3.5,16,7.5],"texture":"#1"}}},{"from":[16.56199,13,13.56199],"to":[16.56199,17,17.56199],"rotation":{"angle":0,"axis":"y","origin":[7,7.53584,3.56199]},"faces":{"east":{"uv":[16,3.5,12,7.5],"texture":"#1"},"west":{"uv":[12,3.5,16,7.5],"texture":"#1"}}},{"from":[16.56199,7,15.56199],"to":[16.56199,11,19.56199],"rotation":{"angle":0,"axis":"y","origin":[7,7.53584,3.56199]},"faces":{"east":{"uv":[12,0,8,4],"texture":"#1"},"west":{"uv":[8,0,12,4],"texture":"#1"}}},{"from":[16.56199,3,19.56199],"to":[16.56199,7,23.56199],"rotation":{"angle":0,"axis":"y","origin":[7,7.53584,3.56199]},"faces":{"east":{"uv":[12,0,8,4],"texture":"#1"},"west":{"uv":[8,0,12,4],"texture":"#1"}}},{"from":[16.56199,2,1.56199],"to":[16.56199,6,5.56199],"rotation":{"angle":0,"axis":"y","origin":[7,7.53584,3.56199]},"faces":{"east":{"uv":[12,0,8,4],"texture":"#1"},"west":{"uv":[8,0,12,4],"texture":"#1"}}},{"from":[16.56199,8,16.56199],"to":[16.56199,16,24.56199],"rotation":{"angle":0,"axis":"y","origin":[7,7.53584,3.56199]},"faces":{"east":{"uv":[16,8,8,16],"texture":"#1"},"west":{"uv":[8,8,16,16],"texture":"#1"}}},{"from":[18.56199,-1,5.56199],"to":[18.56199,7,13.56199],"rotation":{"angle":0,"axis":"y","origin":[7,7.53584,3.56199]},"faces":{"east":{"uv":[8,8,0,16],"texture":"#1"},"west":{"uv":[0,8,8,16],"texture":"#1"}}},{"from":[18.56199,8,7.56199],"to":[18.56199,16,15.56199],"rotation":{"angle":0,"axis":"y","origin":[7,7.53584,3.56199]},"faces":{"east":{"uv":[8,0,0,8],"texture":"#1"},"west":{"uv":[0,0,8,8],"texture":"#1"}}},{"from":[18.56199,7,22.56199],"to":[18.56199,11,26.56199],"rotation":{"angle":0,"axis":"y","origin":[7,7.53584,3.56199]},"faces":{"east":{"uv":[16,3.5,12,7.5],"texture":"#1"},"west":{"uv":[12,3.5,16,7.5],"texture":"#1"}}},{"from":[18.56199,7,4.56199],"to":[18.56199,11,8.56199],"rotation":{"angle":0,"axis":"y","origin":[7,7.53584,3.56199]},"faces":{"east":{"uv":[16,3.5,12,7.5],"texture":"#1"},"west":{"uv":[12,3.5,16,7.5],"texture":"#1"}}},{"from":[18.56199,2,13.56199],"to":[18.56199,6,17.56199],"rotation":{"angle":0,"axis":"y","origin":[7,7.53584,3.56199]},"faces":{"east":{"uv":[16,3.5,12,7.5],"texture":"#1"},"west":{"uv":[12,3.5,16,7.5],"texture":"#1"}}},{"from":[18.56199,13,13.56199],"to":[18.56199,17,17.56199],"rotation":{"angle":0,"axis":"y","origin":[7,7.53584,3.56199]},"faces":{"east":{"uv":[16,3.5,12,7.5],"texture":"#1"},"west":{"uv":[12,3.5,16,7.5],"texture":"#1"}}},{"from":[18.56199,7,15.56199],"to":[18.56199,11,19.56199],"rotation":{"angle":0,"axis":"y","origin":[7,7.53584,3.56199]},"faces":{"east":{"uv":[12,0,8,4],"texture":"#1"},"west":{"uv":[8,0,12,4],"texture":"#1"}}},{"from":[18.56199,3,19.56199],"to":[18.56199,7,23.56199],"rotation":{"angle":0,"axis":"y","origin":[7,7.53584,3.56199]},"faces":{"east":{"uv":[12,0,8,4],"texture":"#1"},"west":{"uv":[8,0,12,4],"texture":"#1"}}},{"from":[18.56199,2,1.56199],"to":[18.56199,6,5.56199],"rotation":{"angle":0,"axis":"y","origin":[7,7.53584,3.56199]},"faces":{"east":{"uv":[12,0,8,4],"texture":"#1"},"west":{"uv":[8,0,12,4],"texture":"#1"}}},{"from":[18.56199,8,16.56199],"to":[18.56199,16,24.56199],"rotation":{"angle":0,"axis":"y","origin":[7,7.53584,3.56199]},"faces":{"east":{"uv":[16,8,8,16],"texture":"#1"},"west":{"uv":[8,8,16,16],"texture":"#1"}}}],"display":{"gui":{"rotation":[-155.77,-57.33,-176.62],"translation":[1,-1,0],"scale":[0.47461,0.47461,0.47461]},"head":{"rotation":[30.5,45,0],"translation":[0,-61.5,19.75],"scale":[1.38,1.38,1.38]}}}