{"credit":"MadewithBlockbench","texture_size":[40,40],"textures":{"0":"tavern:items/sets/cyber/green/helmet","particle":"tavern:items/sets/cyber/green/helmet"},"elements":[{"from":[10,-1,4],"to":[12,2,5],"faces":{"north":{"uv":[0,10.4,0.8,11.6],"texture":"#0"},"east":{"uv":[11.2,11.2,11.6,12.4],"texture":"#0"},"south":{"uv":[0.8,10.4,1.6,11.6],"texture":"#0"},"west":{"uv":[0,11.6,0.4,12.8],"texture":"#0"},"up":{"uv":[5.6,7.2,4.8,6.8],"texture":"#0"},"down":{"uv":[6.4,6.8,5.6,7.2],"texture":"#0"}}},{"from":[4,7,4],"to":[12,9,5],"faces":{"north":{"uv":[1.6,6.8,4.8,7.6],"texture":"#0"},"east":{"uv":[2,11.6,2.4,12.4],"texture":"#0"},"south":{"uv":[4.8,7.2,8,8],"texture":"#0"},"west":{"uv":[12,2.4,12.4,3.2],"texture":"#0"},"up":{"uv":[12.8,4.4,9.6,4],"texture":"#0"},"down":{"uv":[12.8,4.4,9.6,4.8],"texture":"#0"}}},{"from":[4,9,4],"to":[12,10,12],"faces":{"north":{"uv":[10,6.4,13.2,6.8],"texture":"#0"},"east":{"uv":[10,6.8,13.2,7.2],"texture":"#0"},"south":{"uv":[10.4,0,13.6,0.4],"texture":"#0"},"west":{"uv":[10.4,0.4,13.6,0.8],"texture":"#0"},"up":{"uv":[3.2,6.8,0,3.6],"texture":"#0"},"down":{"uv":[6.4,3.6,3.2,6.8],"texture":"#0"}}},{"from":[12,0,4],"to":[13,3,12],"rotation":{"angle":0,"axis":"y","origin":[12.5,0.5,5]},"faces":{"north":{"uv":[7.6,10.8,8,12],"texture":"#0"},"east":{"uv":[6.4,0,9.6,1.2],"texture":"#0"},"south":{"uv":[5.6,11.2,6,12.4],"texture":"#0"},"west":{"uv":[6.4,1.2,9.6,2.4],"texture":"#0"},"up":{"uv":[10,11.6,9.6,8.4],"texture":"#0"},"down":{"uv":[10.4,8.4,10,11.6],"texture":"#0"}}},{"from":[12,6,4],"to":[13,9,12],"rotation":{"angle":0,"axis":"y","origin":[12.5,0.5,5]},"faces":{"north":{"uv":[1.2,11.6,1.6,12.8],"texture":"#0"},"east":{"uv":[6.4,2.4,9.6,3.6],"texture":"#0"},"south":{"uv":[1.6,11.6,2,12.8],"texture":"#0"},"west":{"uv":[6.4,3.6,9.6,4.8],"texture":"#0"},"up":{"uv":[9.2,13.2,8.8,10],"texture":"#0"},"down":{"uv":[9.6,10,9.2,13.2],"texture":"#0"}}},{"from":[12,3,8],"to":[13,6,12],"rotation":{"angle":0,"axis":"y","origin":[12.5,0.5,5]},"faces":{"north":{"uv":[0.4,11.6,0.8,12.8],"texture":"#0"},"east":{"uv":[2.4,9.6,4,10.8],"texture":"#0"},"south":{"uv":[0.8,11.6,1.2,12.8],"texture":"#0"},"west":{"uv":[9.6,2.8,11.2,4],"texture":"#0"},"up":{"uv":[3.6,12.4,3.2,10.8],"texture":"#0"},"down":{"uv":[4,10.8,3.6,12.4],"texture":"#0"}}},{"from":[4,0,12],"to":[12,9,13],"rotation":{"angle":0,"axis":"y","origin":[12.5,0.5,5]},"faces":{"north":{"uv":[0,0,3.2,3.6],"texture":"#0"},"east":{"uv":[6,9.6,6.4,13.2],"texture":"#0"},"south":{"uv":[3.2,0,6.4,3.6],"texture":"#0"},"west":{"uv":[6.4,9.6,6.8,13.2],"texture":"#0"},"up":{"uv":[13.2,6,10,5.6],"texture":"#0"},"down":{"uv":[13.2,6,10,6.4],"texture":"#0"}}},{"from":[6.5,7.9,3.5],"to":[9.5,10.9,5.5],"rotation":{"angle":45,"axis":"z","origin":[8,9.4,8]},"faces":{"north":{"uv":[6.8,9.6,8,10.8],"texture":"#0"},"east":{"uv":[10.4,0.8,11.2,2],"texture":"#0"},"south":{"uv":[9.6,7.2,10.8,8.4],"texture":"#0"},"west":{"uv":[4,10.4,4.8,11.6],"texture":"#0"},"up":{"uv":[11.6,2.8,10.4,2],"texture":"#0"},"down":{"uv":[6,10.4,4.8,11.2],"texture":"#0"}}},{"from":[6.92,8.32,5.42],"to":[9.08,10.48,12.68],"rotation":{"angle":45,"axis":"z","origin":[8,9.4,9.38]},"faces":{"north":{"uv":[11.2,9.6,12,10.4],"texture":"#0"},"east":{"uv":[1.6,7.6,4.6,8.4],"texture":"#0"},"south":{"uv":[11.2,10.4,12,11.2],"texture":"#0"},"west":{"uv":[4.8,8,7.8,8.8],"texture":"#0"},"up":{"uv":[8.8,10.2,8,7.2],"texture":"#0"},"down":{"uv":[2.4,8.4,1.6,11.4],"texture":"#0"}}},{"from":[10,9.45,4.5],"to":[12,11.45,11.5],"rotation":{"angle":-22.5,"axis":"z","origin":[11,10.45,8]},"faces":{"north":{"uv":[6.8,10.8,7.6,11.6],"texture":"#0"},"east":{"uv":[2.4,8.8,5.2,9.6],"texture":"#0"},"south":{"uv":[10.8,7.2,11.6,8],"texture":"#0"},"west":{"uv":[5.2,8.8,8,9.6],"texture":"#0"},"up":{"uv":[9.6,10,8.8,7.2],"texture":"#0"},"down":{"uv":[10.4,0,9.6,2.8],"texture":"#0"}}},{"from":[9.67,-0.96,3.87],"to":[10.93,2.36,5.13],"rotation":{"angle":-22.5,"axis":"z","origin":[10.3,1.3,4.5]},"faces":{"north":{"uv":[8,10.4,8.6,11.8],"texture":"#0"},"east":{"uv":[10.4,8.4,11,9.8],"texture":"#0"},"south":{"uv":[10.4,10,11,11.4],"texture":"#0"},"west":{"uv":[2.4,10.8,3,12.2],"texture":"#0"},"up":{"uv":[10.2,12.2,9.6,11.6],"texture":"#0"},"down":{"uv":[11,11.6,10.4,12.2],"texture":"#0"}}},{"from":[13,1.8,3.3],"to":[15,3.8,12.3],"rotation":{"angle":-22.5,"axis":"x","origin":[14,2.93666,8.30442]},"faces":{"north":{"uv":[11.2,0.8,12,1.6],"texture":"#0"},"east":{"uv":[6.4,5.6,10,6.4],"texture":"#0"},"south":{"uv":[11.2,2.8,12,3.6],"texture":"#0"},"west":{"uv":[6.4,6.4,10,7.2],"texture":"#0"},"up":{"uv":[0.8,10.4,0,6.8],"texture":"#0"},"down":{"uv":[1.6,6.8,0.8,10.4],"texture":"#0"}}},{"from":[14,3.8,4.3],"to":[14,5.8,16.3],"rotation":{"angle":-22.5,"axis":"x","origin":[14,2.93666,8.30442]},"faces":{"north":{"uv":[0,0,0,0.8],"texture":"#0"},"east":{"uv":[6.4,4.8,11.2,5.6],"texture":"#0"},"south":{"uv":[0,0,0,0.8],"texture":"#0"},"west":{"uv":[11.2,4.8,6.4,5.6],"texture":"#0"},"up":{"uv":[0,4.8,0,0],"texture":"#0"},"down":{"uv":[0,0,0,4.8],"texture":"#0"}}},{"from":[13,2.6,12.3],"to":[15,3.8,14.3],"rotation":{"angle":-22.5,"axis":"x","origin":[14,2.93666,8.30442]},"faces":{"north":{"uv":[2.4,8.4,3.2,8.8],"texture":"#0"},"east":{"uv":[3.2,8.4,4,8.8],"texture":"#0"},"south":{"uv":[4,8.4,4.8,8.8],"texture":"#0"},"west":{"uv":[11.2,3.6,12,4],"texture":"#0"},"up":{"uv":[5.6,12,4.8,11.2],"texture":"#0"},"down":{"uv":[12,4.8,11.2,5.6],"texture":"#0"}}},{"from":[13.0125,6.19312,9.8836],"to":[14.9875,8.34312,10.8836],"rotation":{"angle":45,"axis":"x","origin":[14,2.93666,8.30442]},"faces":{"north":{"uv":[11.2,8,12,8.8],"texture":"#0"},"east":{"uv":[12,3.2,12.4,4],"texture":"#0"},"south":{"uv":[11.2,8.8,12,9.6],"texture":"#0"},"west":{"uv":[4.8,12,5.2,12.8],"texture":"#0"},"up":{"uv":[12.8,5.2,12,4.8],"texture":"#0"},"down":{"uv":[12.8,5.2,12,5.6],"texture":"#0"}}},{"from":[13.0125,-1.39152,4.15529],"to":[14.9875,0.00848,5.58029],"rotation":{"angle":22.5,"axis":"x","origin":[14,2.93666,8.30442]},"faces":{"north":{"uv":[11.6,1.6,12.4,2.2],"texture":"#0"},"east":{"uv":[11.6,11.2,12.2,11.8],"texture":"#0"},"south":{"uv":[4,11.6,4.8,12.2],"texture":"#0"},"west":{"uv":[12,0.8,12.6,1.4],"texture":"#0"},"up":{"uv":[7.6,12.2,6.8,11.6],"texture":"#0"},"down":{"uv":[12.4,7.2,11.6,7.8],"texture":"#0"}}},{"from":[1,1.8,3.3],"to":[3,3.8,12.3],"rotation":{"angle":-22.5,"axis":"x","origin":[2,2.93666,8.30442]},"faces":{"north":{"uv":[12,0.8,11.2,1.6],"texture":"#0"},"east":{"uv":[10,6.4,6.4,7.2],"texture":"#0"},"south":{"uv":[12,2.8,11.2,3.6],"texture":"#0"},"west":{"uv":[10,5.6,6.4,6.4],"texture":"#0"},"up":{"uv":[0,10.4,0.8,6.8],"texture":"#0"},"down":{"uv":[0.8,6.8,1.6,10.4],"texture":"#0"}}},{"from":[1.0125,-1.39152,4.15529],"to":[2.9875,0.00848,5.58029],"rotation":{"angle":22.5,"axis":"x","origin":[2,2.93666,8.30442]},"faces":{"north":{"uv":[12.4,1.6,11.6,2.2],"texture":"#0"},"east":{"uv":[12.6,0.8,12,1.4],"texture":"#0"},"south":{"uv":[4.8,11.6,4,12.2],"texture":"#0"},"west":{"uv":[12.2,11.2,11.6,11.8],"texture":"#0"},"up":{"uv":[6.8,12.2,7.6,11.6],"texture":"#0"},"down":{"uv":[11.6,7.2,12.4,7.8],"texture":"#0"}}},{"from":[1,2.6,12.3],"to":[3,3.8,14.3],"rotation":{"angle":-22.5,"axis":"x","origin":[2,2.93666,8.30442]},"faces":{"north":{"uv":[3.2,8.4,2.4,8.8],"texture":"#0"},"east":{"uv":[12,3.6,11.2,4],"texture":"#0"},"south":{"uv":[4.8,8.4,4,8.8],"texture":"#0"},"west":{"uv":[4,8.4,3.2,8.8],"texture":"#0"},"up":{"uv":[4.8,12,5.6,11.2],"texture":"#0"},"down":{"uv":[11.2,4.8,12,5.6],"texture":"#0"}}},{"from":[1.0125,6.19312,9.8836],"to":[2.9875,8.34312,10.8836],"rotation":{"angle":45,"axis":"x","origin":[2,2.93666,8.30442]},"faces":{"north":{"uv":[12,8,11.2,8.8],"texture":"#0"},"east":{"uv":[5.2,12,4.8,12.8],"texture":"#0"},"south":{"uv":[12,8.8,11.2,9.6],"texture":"#0"},"west":{"uv":[12.4,3.2,12,4],"texture":"#0"},"up":{"uv":[12,5.2,12.8,4.8],"texture":"#0"},"down":{"uv":[12,5.2,12.8,5.6],"texture":"#0"}}},{"from":[2,3.8,4.3],"to":[2,5.8,16.3],"rotation":{"angle":-22.5,"axis":"x","origin":[2,2.93666,8.30442]},"faces":{"north":{"uv":[0,0,0,0.8],"texture":"#0"},"east":{"uv":[6.4,4.8,11.2,5.6],"texture":"#0"},"south":{"uv":[0,0,0,0.8],"texture":"#0"},"west":{"uv":[11.2,4.8,6.4,5.6],"texture":"#0"},"up":{"uv":[0,4.8,0,0],"texture":"#0"},"down":{"uv":[0,0,0,4.8],"texture":"#0"}}},{"from":[8.6,8.4,3.8],"to":[13.6,10.4,3.8],"rotation":{"angle":22.5,"axis":"z","origin":[10.6,9.4,3.8]},"faces":{"north":{"uv":[4,9.6,6,10.4],"texture":"#0"},"east":{"uv":[0,0,0,0.8],"texture":"#0"},"south":{"uv":[6,9.6,4,10.4],"texture":"#0"},"west":{"uv":[0,0,0,0.8],"texture":"#0"},"up":{"uv":[2,0,0,0],"texture":"#0"},"down":{"uv":[2,0,0,0],"texture":"#0"}}},{"from":[2.4,8.4,3.8],"to":[7.4,10.4,3.8],"rotation":{"angle":-22.5,"axis":"z","origin":[5.4,9.4,3.8]},"faces":{"north":{"uv":[6,9.6,4,10.4],"texture":"#0"},"east":{"uv":[0,0,0,0.8],"texture":"#0"},"south":{"uv":[4,9.6,6,10.4],"texture":"#0"},"west":{"uv":[0,0,0,0.8],"texture":"#0"},"up":{"uv":[0,0,2,0],"texture":"#0"},"down":{"uv":[0,0,2,0],"texture":"#0"}}},{"from":[3,0,4],"to":[4,3,12],"rotation":{"angle":0,"axis":"y","origin":[3.5,0.5,5]},"faces":{"north":{"uv":[8,10.8,7.6,12],"texture":"#0"},"east":{"uv":[9.6,1.2,6.4,2.4],"texture":"#0"},"south":{"uv":[6,11.2,5.6,12.4],"texture":"#0"},"west":{"uv":[9.6,0,6.4,1.2],"texture":"#0"},"up":{"uv":[9.6,11.6,10,8.4],"texture":"#0"},"down":{"uv":[10,8.4,10.4,11.6],"texture":"#0"}}},{"from":[3,3,8],"to":[4,6,12],"rotation":{"angle":0,"axis":"y","origin":[3.5,0.5,5]},"faces":{"north":{"uv":[0.8,11.6,0.4,12.8],"texture":"#0"},"east":{"uv":[11.2,2.8,9.6,4],"texture":"#0"},"south":{"uv":[1.2,11.6,0.8,12.8],"texture":"#0"},"west":{"uv":[4,9.6,2.4,10.8],"texture":"#0"},"up":{"uv":[3.2,12.4,3.6,10.8],"texture":"#0"},"down":{"uv":[3.6,10.8,4,12.4],"texture":"#0"}}},{"from":[3,6,4],"to":[4,9,12],"rotation":{"angle":0,"axis":"y","origin":[3.5,0.5,5]},"faces":{"north":{"uv":[1.6,11.6,1.2,12.8],"texture":"#0"},"east":{"uv":[9.6,3.6,6.4,4.8],"texture":"#0"},"south":{"uv":[2,11.6,1.6,12.8],"texture":"#0"},"west":{"uv":[9.6,2.4,6.4,3.6],"texture":"#0"},"up":{"uv":[8.8,13.2,9.2,10],"texture":"#0"},"down":{"uv":[9.2,10,9.6,13.2],"texture":"#0"}}},{"from":[4,-1,4],"to":[6,2,5],"rotation":{"angle":0,"axis":"y","origin":[16,0,0]},"faces":{"north":{"uv":[0.8,10.4,0,11.6],"texture":"#0"},"east":{"uv":[0.4,11.6,0,12.8],"texture":"#0"},"south":{"uv":[1.6,10.4,0.8,11.6],"texture":"#0"},"west":{"uv":[11.6,11.2,11.2,12.4],"texture":"#0"},"up":{"uv":[4.8,7.2,5.6,6.8],"texture":"#0"},"down":{"uv":[5.6,6.8,6.4,7.2],"texture":"#0"}}},{"from":[5.07,-0.96,3.87],"to":[6.33,2.36,5.13],"rotation":{"angle":22.5,"axis":"z","origin":[5.7,1.3,4.5]},"faces":{"north":{"uv":[8.6,10.4,8,11.8],"texture":"#0"},"east":{"uv":[3,10.8,2.4,12.2],"texture":"#0"},"south":{"uv":[11,10,10.4,11.4],"texture":"#0"},"west":{"uv":[11,8.4,10.4,9.8],"texture":"#0"},"up":{"uv":[9.6,12.2,10.2,11.6],"texture":"#0"},"down":{"uv":[10.4,11.6,11,12.2],"texture":"#0"}}},{"from":[4,9.45,4.5],"to":[6,11.45,11.5],"rotation":{"angle":22.5,"axis":"z","origin":[5,10.45,8]},"faces":{"north":{"uv":[7.6,10.8,6.8,11.6],"texture":"#0"},"east":{"uv":[8,8.8,5.2,9.6],"texture":"#0"},"south":{"uv":[11.6,7.2,10.8,8],"texture":"#0"},"west":{"uv":[5.2,8.8,2.4,9.6],"texture":"#0"},"up":{"uv":[8.8,10,9.6,7.2],"texture":"#0"},"down":{"uv":[9.6,0,10.4,2.8],"texture":"#0"}}}],"gui_light":"front","display":{"thirdperson_righthand":{"rotation":[45,0,0],"translation":[0,5.5,2],"scale":[0.73047,0.73047,0.73047]},"thirdperson_lefthand":{"rotation":[45,0,0],"translation":[0,5.5,2],"scale":[0.73047,0.73047,0.73047]},"firstperson_righthand":{"rotation":[0,-178,0],"translation":[-1.75,8,0],"scale":[0.78789,0.78789,0.78789]},"firstperson_lefthand":{"rotation":[0,-178,0],"translation":[-1.75,8,0],"scale":[0.78789,0.78789,0.78789]},"ground":{"rotation":[35,0,0],"translation":[0,3,1.75],"scale":[0.85352,0.85352,0.85352]},"gui":{"rotation":[-164.75,16.75,180],"translation":[0,1.75,0],"scale":[0.86133,0.86133,0.86133]},"head":{"translation":[0,6,-0.5],"scale":[1.7,1.7,1.7]},"fixed":{"rotation":[-84,0,0],"translation":[0,-1.25,-18.25],"scale":[2.07422,2.07422,2.07422]}}}