{"credit":"MadewithBlockbench","texture_size":[24,24],"textures":{"1":"tavern:items/sets/cyber/green/hoe","2":"tavern:items/sets/cyber/green/animation_2-sheet","particle":"tavern:items/sets/cyber/green/animation_2-sheet"},"elements":[{"from":[7.32,-0.18,7.32],"to":[8.68,1.18,8.68],"rotation":{"angle":-45,"axis":"x","origin":[8,0.5,8]},"faces":{"north":{"uv":[12.66667,5.33333,13.5,6.16667],"texture":"#1"},"east":{"uv":[12.66667,6.66667,13.5,7.5],"texture":"#1"},"south":{"uv":[8,12.66667,8.83333,13.5],"texture":"#1"},"west":{"uv":[12.66667,8,13.5,8.83333],"texture":"#1"},"up":{"uv":[10.16667,13.5,9.33333,12.66667],"texture":"#1"},"down":{"uv":[13.5,9.33333,12.66667,10.16667],"texture":"#1"}}},{"from":[7.59,-0.25096,6.36],"to":[8.41,0.56904,9.64],"rotation":{"angle":0,"axis":"y","origin":[7.59,-0.25096,8]},"faces":{"north":{"uv":[14,13.33333,14.5,13.83333],"texture":"#1"},"east":{"uv":[9.33333,3.33333,11.5,3.83333],"texture":"#1"},"south":{"uv":[14,14,14.5,14.5],"texture":"#1"},"west":{"uv":[9.33333,6,11.5,6.5],"texture":"#1"},"up":{"uv":[2.5,11.5,2,9.33333],"texture":"#1"},"down":{"uv":[5.16667,9.33333,4.66667,11.5],"texture":"#1"}}},{"from":[7.5244,0.02784,5.6384],"to":[8.4756,1.93024,6.5896],"rotation":{"angle":22.5,"axis":"x","origin":[8,0.15904,5.54]},"faces":{"north":{"uv":[11.33333,2,12,3.33333],"texture":"#1"},"east":{"uv":[11.33333,8.66667,12,10],"texture":"#1"},"south":{"uv":[10,11.33333,10.66667,12.66667],"texture":"#1"},"west":{"uv":[11.33333,10,12,11.33333],"texture":"#1"},"up":{"uv":[10,9.33333,9.33333,8.66667],"texture":"#1"},"down":{"uv":[11.33333,1.33333,10.66667,2],"texture":"#1"}}},{"from":[7.5244,19.84576,2.60851],"to":[8.4756,21.74816,3.55971],"rotation":{"angle":45,"axis":"x","origin":[8,20.79696,3.08411]},"faces":{"north":{"uv":[10.66667,11.33333,11.33333,12.66667],"texture":"#1"},"east":{"uv":[11.33333,11.33333,12,12.66667],"texture":"#1"},"south":{"uv":[0,12,0.66667,13.33333],"texture":"#1"},"west":{"uv":[12,0,12.66667,1.33333],"texture":"#1"},"up":{"uv":[7.33333,13.33333,6.66667,12.66667],"texture":"#1"},"down":{"uv":[14,1.33333,13.33333,2],"texture":"#1"}}},{"from":[7.7704,-0.10667,7.1011],"to":[8.2296,0.97573,8.0523],"rotation":{"angle":22.5,"axis":"x","origin":[8.246,1.09053,7.5767]},"faces":{"north":{"uv":[2.66667,14.66667,3,15.33333],"texture":"#1"},"east":{"uv":[13.33333,2,14,2.66667],"texture":"#1"},"south":{"uv":[14.66667,2.66667,15,3.33333],"texture":"#1"},"west":{"uv":[2.66667,13.33333,3.33333,14],"texture":"#1"},"up":{"uv":[3.66667,15.33333,3.33333,14.66667],"texture":"#1"},"down":{"uv":[15,3.33333,14.66667,4],"texture":"#1"}}},{"from":[7.7704,-0.10667,7.9477],"to":[8.2296,0.97573,8.8989],"rotation":{"angle":-22.5,"axis":"x","origin":[8.246,1.09053,8.4233]},"faces":{"north":{"uv":[15,2.66667,14.66667,3.33333],"texture":"#1"},"east":{"uv":[14,2,13.33333,2.66667],"texture":"#1"},"south":{"uv":[3,14.66667,2.66667,15.33333],"texture":"#1"},"west":{"uv":[3.33333,13.33333,2.66667,14],"texture":"#1"},"up":{"uv":[3.66667,14.66667,3.33333,15.33333],"texture":"#1"},"down":{"uv":[15,4,14.66667,3.33333],"texture":"#1"}}},{"from":[7.5244,0.02784,9.4104],"to":[8.4756,1.93024,10.3616],"rotation":{"angle":-22.5,"axis":"x","origin":[8,0.15904,10.46]},"faces":{"north":{"uv":[10.66667,11.33333,10,12.66667],"texture":"#1"},"east":{"uv":[12,8.66667,11.33333,10],"texture":"#1"},"south":{"uv":[12,2,11.33333,3.33333],"texture":"#1"},"west":{"uv":[12,10,11.33333,11.33333],"texture":"#1"},"up":{"uv":[10,8.66667,9.33333,9.33333],"texture":"#1"},"down":{"uv":[11.33333,2,10.66667,1.33333],"texture":"#1"}}},{"from":[7.6,1,7.6],"to":[8.4,2,8.4],"rotation":{"angle":0,"axis":"y","origin":[7.5,7.5,7.5]},"faces":{"north":{"uv":[14,3.33333,14.5,4],"texture":"#1"},"east":{"uv":[4,14,4.5,14.66667],"texture":"#1"},"south":{"uv":[14,4,14.5,4.66667],"texture":"#1"},"west":{"uv":[4.66667,14,5.16667,14.66667],"texture":"#1"},"up":{"uv":[0.5,15.16667,0,14.66667],"texture":"#1"},"down":{"uv":[15.16667,0,14.66667,0.5],"texture":"#1"}}},{"from":[7.4,4,7.4],"to":[8.6,5,8.6],"rotation":{"angle":0,"axis":"y","origin":[7.5,7.5,7.5]},"faces":{"north":{"uv":[10.66667,5.33333,11.5,6],"texture":"#1"},"east":{"uv":[13.33333,0,14.16667,0.66667],"texture":"#1"},"south":{"uv":[13.33333,0.66667,14.16667,1.33333],"texture":"#1"},"west":{"uv":[1.33333,13.33333,2.16667,14],"texture":"#1"},"up":{"uv":[11.5,13.5,10.66667,12.66667],"texture":"#1"},"down":{"uv":[13.5,10.66667,12.66667,11.5],"texture":"#1"}}},{"from":[7.6,7,7.6],"to":[8.4,8,8.4],"rotation":{"angle":0,"axis":"y","origin":[7.5,7.5,7.5]},"faces":{"north":{"uv":[14,4.66667,14.5,5.33333],"texture":"#1"},"east":{"uv":[5.33333,14,5.83333,14.66667],"texture":"#1"},"south":{"uv":[14,5.33333,14.5,6],"texture":"#1"},"west":{"uv":[6,14,6.5,14.66667],"texture":"#1"},"up":{"uv":[1.16667,15.16667,0.66667,14.66667],"texture":"#1"},"down":{"uv":[15.16667,0.66667,14.66667,1.16667],"texture":"#1"}}},{"from":[7.5,2,7.5],"to":[8.5,4,8.5],"rotation":{"angle":0,"axis":"y","origin":[7.5,7.5,7.5]},"faces":{"north":{"uv":[12,1.33333,12.66667,2.66667],"texture":"#1"},"east":{"uv":[2,12,2.66667,13.33333],"texture":"#1"},"south":{"uv":[2.66667,12,3.33333,13.33333],"texture":"#1"},"west":{"uv":[12,2.66667,12.66667,4],"texture":"#1"},"up":{"uv":[14,3.33333,13.33333,2.66667],"texture":"#1"},"down":{"uv":[4,13.33333,3.33333,14],"texture":"#1"}}},{"from":[7.5,5,7.5],"to":[8.5,7,8.5],"rotation":{"angle":0,"axis":"y","origin":[7.5,7.5,7.5]},"faces":{"north":{"uv":[3.33333,12,4,13.33333],"texture":"#1"},"east":{"uv":[12,4,12.66667,5.33333],"texture":"#1"},"south":{"uv":[4.66667,12,5.33333,13.33333],"texture":"#1"},"west":{"uv":[5.33333,12,6,13.33333],"texture":"#1"},"up":{"uv":[14,4,13.33333,3.33333],"texture":"#1"},"down":{"uv":[14,4,13.33333,4.66667],"texture":"#1"}}},{"from":[7.4,19.1,6.5],"to":[8.6,21.1,8.5],"rotation":{"angle":-45,"axis":"x","origin":[7.9,20.6,8]},"faces":{"north":{"uv":[3.33333,9.33333,4.16667,10.66667],"texture":"#1"},"east":{"uv":[0,7.33333,1.33333,8.66667],"texture":"#1"},"south":{"uv":[9.33333,4.66667,10.16667,6],"texture":"#1"},"west":{"uv":[1.33333,7.33333,2.66667,8.66667],"texture":"#1"},"up":{"uv":[6.83333,10.66667,6,9.33333],"texture":"#1"},"down":{"uv":[10.16667,7.33333,9.33333,8.66667],"texture":"#1"}}},{"from":[7.2,19.3,6.7],"to":[8.8,20.9,8.3],"rotation":{"angle":-45,"axis":"x","origin":[7.9,20.6,8]},"faces":{"north":{"uv":[8.66667,9.33333,9.66667,10.33333],"texture":"#1"},"east":{"uv":[10,8.66667,11,9.66667],"texture":"#1"},"south":{"uv":[10,10,11,11],"texture":"#1"},"west":{"uv":[2.66667,10.66667,3.66667,11.66667],"texture":"#1"},"up":{"uv":[11.66667,5,10.66667,4],"texture":"#1"},"down":{"uv":[6.33333,10.66667,5.33333,11.66667],"texture":"#1"}}},{"from":[7.5,18.18579,6.37868],"to":[8.5,20.18579,7.37868],"rotation":{"angle":-45,"axis":"x","origin":[7.5,19.18579,5.87868]},"faces":{"north":{"uv":[12,5.33333,12.66667,6.66667],"texture":"#1"},"east":{"uv":[6,12,6.66667,13.33333],"texture":"#1"},"south":{"uv":[12,6.66667,12.66667,8],"texture":"#1"},"west":{"uv":[12,8,12.66667,9.33333],"texture":"#1"},"up":{"uv":[5.33333,14,4.66667,13.33333],"texture":"#1"},"down":{"uv":[14,4.66667,13.33333,5.33333],"texture":"#1"}}},{"from":[7.6,19.69289,4.07157],"to":[8.4,20.69289,7.07157],"rotation":{"angle":22.5,"axis":"x","origin":[8,19.89289,5.17157]},"faces":{"north":{"uv":[14,6,14.5,6.66667],"texture":"#1"},"east":{"uv":[0.66667,8.66667,2.66667,9.33333],"texture":"#1"},"south":{"uv":[6.66667,14,7.16667,14.66667],"texture":"#1"},"west":{"uv":[8.66667,1.33333,10.66667,2],"texture":"#1"},"up":{"uv":[7.83333,11.33333,7.33333,9.33333],"texture":"#1"},"down":{"uv":[4.5,10.66667,4,12.66667],"texture":"#1"}}},{"from":[7.6,16.93459,3.7428],"to":[8.4,19.93459,4.7428],"rotation":{"angle":-45,"axis":"x","origin":[8,18.93459,3.0428]},"faces":{"north":{"uv":[6.66667,10.66667,7.16667,12.66667],"texture":"#1"},"east":{"uv":[8.66667,2,9.33333,4],"texture":"#1"},"south":{"uv":[10.66667,6.66667,11.16667,8.66667],"texture":"#1"},"west":{"uv":[2.66667,8.66667,3.33333,10.66667],"texture":"#1"},"up":{"uv":[14.5,7.33333,14,6.66667],"texture":"#1"},"down":{"uv":[7.83333,14,7.33333,14.66667],"texture":"#1"}}},{"from":[7.8,19.32957,5.1591],"to":[8.2,20.32957,6.1591],"rotation":{"angle":-45,"axis":"x","origin":[7.8,19.42957,5.6591]},"faces":{"north":{"uv":[4,14.66667,4.33333,15.33333],"texture":"#1"},"east":{"uv":[5.33333,13.33333,6,14],"texture":"#1"},"south":{"uv":[14.66667,4,15,4.66667],"texture":"#1"},"west":{"uv":[6,13.33333,6.66667,14],"texture":"#1"},"up":{"uv":[5,15.33333,4.66667,14.66667],"texture":"#1"},"down":{"uv":[15,4.66667,14.66667,5.33333],"texture":"#1"}}},{"from":[7.5,19.21789,2.07157],"to":[8.5,20.21789,5.07157],"rotation":{"angle":22.5,"axis":"x","origin":[8,19.89289,5.17157]},"faces":{"north":{"uv":[6.66667,13.33333,7.33333,14],"texture":"#1"},"east":{"uv":[3.33333,8.66667,5.33333,9.33333],"texture":"#1"},"south":{"uv":[7.33333,13.33333,8,14],"texture":"#1"},"west":{"uv":[8.66667,4,10.66667,4.66667],"texture":"#1"},"up":{"uv":[9.33333,6.66667,8.66667,4.66667],"texture":"#1"},"down":{"uv":[6,8.66667,5.33333,10.66667],"texture":"#1"}}},{"from":[7.66,17.08422,-1.15633],"to":[8.34,18.08422,-0.15633],"rotation":{"angle":22.5,"axis":"x","origin":[8,18.18777,-0.19922]},"faces":{"north":{"uv":[14,7.33333,14.5,8],"texture":"#1"},"east":{"uv":[12,13.33333,12.66667,14],"texture":"#1"},"south":{"uv":[8,14,8.5,14.66667],"texture":"#1"},"west":{"uv":[12.66667,13.33333,13.33333,14],"texture":"#1"},"up":{"uv":[14.5,8.66667,14,8],"texture":"#1"},"down":{"uv":[9.16667,14,8.66667,14.66667],"texture":"#1"}}},{"from":[7.655,18.55669,-1.10146],"to":[8.345,19.55669,3.89854],"rotation":{"angle":-22.5,"axis":"x","origin":[8,18.95314,1.64854]},"faces":{"north":{"uv":[14,8.66667,14.5,9.33333],"texture":"#1"},"east":{"uv":[8,0,11.33333,0.66667],"texture":"#1"},"south":{"uv":[9.33333,14,9.83333,14.66667],"texture":"#1"},"west":{"uv":[8,0.66667,11.33333,1.33333],"texture":"#1"},"up":{"uv":[8.5,4.66667,8,1.33333],"texture":"#1"},"down":{"uv":[0.5,8.66667,0,12],"texture":"#1"}}},{"from":[7.5,7.9,7],"to":[8.5,10.2,9.3],"rotation":{"angle":-45,"axis":"x","origin":[8,8.9,8]},"faces":{"north":{"uv":[8,10.66667,8.66667,12.16667],"texture":"#1"},"east":{"uv":[6.66667,4.66667,8.16667,6.16667],"texture":"#1"},"south":{"uv":[8.66667,10.66667,9.33333,12.16667],"texture":"#1"},"west":{"uv":[6.66667,6.66667,8.16667,8.16667],"texture":"#1"},"up":{"uv":[10,12.16667,9.33333,10.66667],"texture":"#1"},"down":{"uv":[12,0,11.33333,1.5],"texture":"#1"}}},{"from":[8,20.5,0],"to":[8,22.5,5],"rotation":{"angle":-22.5,"axis":"x","origin":[8,21.5,3]},"faces":{"north":{"uv":[0,0,0,1.33333],"texture":"#1"},"east":{"uv":[0,2.66667,3.33333,4],"texture":"#1"},"south":{"uv":[0,0,0,1.33333],"texture":"#1"},"west":{"uv":[3.33333,2.66667,6.66667,4],"texture":"#1"},"up":{"uv":[0,3.33333,0,0],"texture":"#1"},"down":{"uv":[0,0,0,3.33333],"texture":"#1"}}},{"from":[8,16.3,12.6],"to":[8,21.3,14.6],"rotation":{"angle":22.5,"axis":"x","origin":[8,21.5,13]},"faces":{"north":{"uv":[0,3.33333,0,0],"rotation":180,"texture":"#1"},"east":{"uv":[3.33333,2.66667,0,4],"rotation":270,"texture":"#1"},"south":{"uv":[0,0,0,3.33333],"texture":"#1"},"west":{"uv":[6.66667,2.66667,3.33333,4],"rotation":90,"texture":"#1"},"up":{"uv":[0,0,0,1.33333],"rotation":180,"texture":"#1"},"down":{"uv":[0,0,0,1.33333],"texture":"#1"}}},{"from":[7.6,10.1,7.6],"to":[8.4,11.1,8.4],"rotation":{"angle":0,"axis":"y","origin":[7.5,10.1,7.5]},"faces":{"north":{"uv":[14,9.33333,14.5,10],"texture":"#1"},"east":{"uv":[10,14,10.5,14.66667],"texture":"#1"},"south":{"uv":[14,10,14.5,10.66667],"texture":"#1"},"west":{"uv":[10.66667,14,11.16667,14.66667],"texture":"#1"},"up":{"uv":[1.83333,15.16667,1.33333,14.66667],"texture":"#1"},"down":{"uv":[15.16667,1.33333,14.66667,1.83333],"texture":"#1"}}},{"from":[7.6,18.1,7.6],"to":[8.4,19.1,8.4],"rotation":{"angle":0,"axis":"y","origin":[7.5,18.1,7.5]},"faces":{"north":{"uv":[14,10.66667,14.5,11.33333],"texture":"#1"},"east":{"uv":[11.33333,14,11.83333,14.66667],"texture":"#1"},"south":{"uv":[14,11.33333,14.5,12],"texture":"#1"},"west":{"uv":[12,14,12.5,14.66667],"texture":"#1"},"up":{"uv":[2.5,15.16667,2,14.66667],"texture":"#1"},"down":{"uv":[15.16667,2,14.66667,2.5],"texture":"#1"}}},{"from":[7.4,11.1,7.4],"to":[8.6,18.1,8.6],"rotation":{"angle":0,"axis":"y","origin":[7.5,11.1,7.5]},"faces":{"north":{"uv":[2.66667,4,3.5,8.66667],"texture":"#1"},"east":{"uv":[4,4,4.83333,8.66667],"texture":"#1"},"south":{"uv":[5.33333,4,6.16667,8.66667],"texture":"#1"},"west":{"uv":[6.66667,0,7.5,4.66667],"texture":"#1"},"up":{"uv":[13.5,12.83333,12.66667,12],"texture":"#1"},"down":{"uv":[0.83333,13.33333,0,14.16667],"texture":"#1"}}},{"from":[8,16.3,-2.4],"to":[8,20,7.6],"rotation":{"angle":-22.5,"axis":"x","origin":[8,18.15,3]},"faces":{"north":{"uv":[0,0,0,2.5],"texture":"#1"},"east":{"uv":[6.66667,0,0,2.5],"texture":"#1"},"south":{"uv":[0,0,0,2.5],"texture":"#1"},"west":{"uv":[0,0,6.66667,2.5],"texture":"#1"},"up":{"uv":[0,6.66667,0,0],"texture":"#1"},"down":{"uv":[0,0,0,6.66667],"texture":"#1"}}},{"from":[7.5244,19.84576,12.44029],"to":[8.4756,21.74816,13.39149],"rotation":{"angle":-45,"axis":"x","origin":[8,20.79696,12.91589]},"faces":{"north":{"uv":[12.66667,1.33333,13.33333,2.66667],"texture":"#1"},"east":{"uv":[12.66667,2.66667,13.33333,4],"texture":"#1"},"south":{"uv":[4,12.66667,4.66667,14],"texture":"#1"},"west":{"uv":[12.66667,4,13.33333,5.33333],"texture":"#1"},"up":{"uv":[14.66667,3.33333,14,2.66667],"texture":"#1"},"down":{"uv":[4,14,3.33333,14.66667],"texture":"#1"}}},{"from":[7.5,18.18579,8.62132],"to":[8.5,20.18579,9.62132],"rotation":{"angle":45,"axis":"x","origin":[7.5,19.18579,10.12132]},"faces":{"north":{"uv":[12,9.33333,12.66667,10.66667],"texture":"#1"},"east":{"uv":[12,10.66667,12.66667,12],"texture":"#1"},"south":{"uv":[12,12,12.66667,13.33333],"texture":"#1"},"west":{"uv":[12.66667,0,13.33333,1.33333],"texture":"#1"},"up":{"uv":[14.66667,2.66667,14,2],"texture":"#1"},"down":{"uv":[3.33333,14,2.66667,14.66667],"texture":"#1"}}},{"from":[7.6,19.69289,8.92843],"to":[8.4,20.69289,11.92843],"rotation":{"angle":-22.5,"axis":"x","origin":[8,19.89289,10.82843]},"faces":{"north":{"uv":[14,12.66667,14.5,13.33333],"texture":"#1"},"east":{"uv":[9.33333,2,11.33333,2.66667],"texture":"#1"},"south":{"uv":[13.33333,14,13.83333,14.66667],"texture":"#1"},"west":{"uv":[9.33333,2.66667,11.33333,3.33333],"texture":"#1"},"up":{"uv":[11.83333,8.66667,11.33333,6.66667],"texture":"#1"},"down":{"uv":[7.83333,11.33333,7.33333,13.33333],"texture":"#1"}}},{"from":[7.6,16.93459,11.2572],"to":[8.4,19.93459,12.2572],"rotation":{"angle":45,"axis":"x","origin":[8,18.93459,12.9572]},"faces":{"north":{"uv":[0.66667,11.33333,1.16667,13.33333],"texture":"#1"},"east":{"uv":[0.66667,9.33333,1.33333,11.33333],"texture":"#1"},"south":{"uv":[1.33333,11.33333,1.83333,13.33333],"texture":"#1"},"west":{"uv":[1.33333,9.33333,2,11.33333],"texture":"#1"},"up":{"uv":[14.5,12.66667,14,12],"texture":"#1"},"down":{"uv":[13.16667,14,12.66667,14.66667],"texture":"#1"}}},{"from":[7.8,19.32957,9.8409],"to":[8.2,20.32957,10.8409],"rotation":{"angle":45,"axis":"x","origin":[7.8,19.42957,10.3409]},"faces":{"north":{"uv":[5.33333,14.66667,5.66667,15.33333],"texture":"#1"},"east":{"uv":[14,1.33333,14.66667,2],"texture":"#1"},"south":{"uv":[14.66667,5.33333,15,6],"texture":"#1"},"west":{"uv":[2,14,2.66667,14.66667],"texture":"#1"},"up":{"uv":[6.33333,15.33333,6,14.66667],"texture":"#1"},"down":{"uv":[15,6,14.66667,6.66667],"texture":"#1"}}},{"from":[7.5,19.21789,10.92843],"to":[8.5,20.21789,13.92843],"rotation":{"angle":-22.5,"axis":"x","origin":[8,19.89289,10.82843]},"faces":{"north":{"uv":[13.33333,13.33333,14,14],"texture":"#1"},"east":{"uv":[6,8.66667,8,9.33333],"texture":"#1"},"south":{"uv":[1.33333,14,2,14.66667],"texture":"#1"},"west":{"uv":[8.66667,6.66667,10.66667,7.33333],"texture":"#1"},"up":{"uv":[9.33333,9.33333,8.66667,7.33333],"texture":"#1"},"down":{"uv":[8.66667,8.66667,8,10.66667],"texture":"#1"}}},{"from":[7.496,16.41008,-2.62977],"to":[7.496,20.61008,7.45023],"rotation":{"angle":-22.5,"axis":"x","origin":[7.496,19.01408,2.99823]},"faces":{"north":{"uv":[0,0,0,3.33333],"rotation":180,"texture":"#2"},"east":{"uv":[6,0,0,16],"rotation":270,"texture":"#2"},"south":{"uv":[0,3.33333,0,0],"texture":"#2"},"west":{"uv":[0,0,6,16],"rotation":90,"texture":"#2"},"up":{"uv":[0,0,0,8],"rotation":180,"texture":"#2"},"down":{"uv":[0,0,0,8],"texture":"#2"}}},{"from":[8.504,16.41008,-2.62977],"to":[8.504,20.61008,7.45023],"rotation":{"angle":-22.5,"axis":"x","origin":[8.504,19.01408,2.99823]},"faces":{"north":{"uv":[0,0,0,3.33333],"rotation":180,"texture":"#2"},"east":{"uv":[0,16,6,0],"rotation":90,"texture":"#2"},"south":{"uv":[0,3.33333,0,0],"texture":"#2"},"west":{"uv":[6,16,0,0],"rotation":270,"texture":"#2"},"up":{"uv":[0,0,0,8],"rotation":180,"texture":"#2"},"down":{"uv":[0,0,0,8],"texture":"#2"}}}],"gui_light":"front","display":{"thirdperson_righthand":{"translation":[0,1.5,1]},"thirdperson_lefthand":{"translation":[0,1.5,1]},"firstperson_righthand":{"rotation":[-15.34,11.76,3.2],"translation":[2,-0.5,0]},"firstperson_lefthand":{"rotation":[-15.34,11.76,3.2],"translation":[2,-0.5,0]},"ground":{"rotation":[0,0,-77],"translation":[-4.75,0.25,0],"scale":[1.07813,1.07813,1.07813]},"gui":{"rotation":[90,-135,90],"translation":[-2.25,-2,0],"scale":[0.675,0.675,0.675]},"head":{"scale":[0,0,0]},"fixed":{"rotation":[-90,90,90],"translation":[0,-7.5,-2.25],"scale":[2.05195,2.05195,2.05195]}}}