{"credit":"MadewithBlockbench","texture_size":[12,12],"textures":{"0":"tavern:items/sets/cyber/green/key","particle":"tavern:items/sets/cyber/green/key"},"elements":[{"from":[7.5,6.425,9.5375],"to":[8.5,7.425,13.5375],"rotation":{"angle":-45,"axis":"x","origin":[8,8.425,10.5375]},"faces":{"north":{"uv":[8,4,9.33333,5.33333],"texture":"#0"},"east":{"uv":[0,0,5.33333,1.33333],"texture":"#0"},"south":{"uv":[6.66667,8,8,9.33333],"texture":"#0"},"west":{"uv":[0,1.33333,5.33333,2.66667],"texture":"#0"},"up":{"uv":[1.33333,8,0,2.66667],"texture":"#0"},"down":{"uv":[2.66667,2.66667,1.33333,8],"texture":"#0"}}},{"from":[7.5,8.425,9.5375],"to":[8.5,9.425,11.5375],"rotation":{"angle":-45,"axis":"x","origin":[8,8.425,10.5375]},"faces":{"north":{"uv":[2.66667,9.33333,4,10.66667],"texture":"#0"},"east":{"uv":[0,8,2.66667,9.33333],"texture":"#0"},"south":{"uv":[4,9.33333,5.33333,10.66667],"texture":"#0"},"west":{"uv":[8,0,10.66667,1.33333],"texture":"#0"},"up":{"uv":[9.33333,4,8,1.33333],"texture":"#0"},"down":{"uv":[6.66667,8,5.33333,10.66667],"texture":"#0"}}},{"from":[7.7,7.425,10.5375],"to":[8.3,8.425,12.5375],"rotation":{"angle":-45,"axis":"x","origin":[8,8.425,10.5375]},"faces":{"north":{"uv":[8,9.33333,8.66667,10.66667],"texture":"#0"},"east":{"uv":[6.66667,5.33333,9.33333,6.66667],"texture":"#0"},"south":{"uv":[9.33333,8,10,9.33333],"texture":"#0"},"west":{"uv":[6.66667,6.66667,9.33333,8],"texture":"#0"},"up":{"uv":[2,12,1.33333,9.33333],"texture":"#0"},"down":{"uv":[10,1.33333,9.33333,4],"texture":"#0"}}},{"from":[7.6,8.025,6.9375],"to":[8.4,8.825,9.9375],"rotation":{"angle":0,"axis":"x","origin":[8,8.925,6.9375]},"faces":{"north":{"uv":[9.33333,4,10.33333,5],"texture":"#0"},"east":{"uv":[2.66667,2.66667,6.66667,3.66667],"texture":"#0"},"south":{"uv":[9.33333,5.33333,10.33333,6.33333],"texture":"#0"},"west":{"uv":[2.66667,4,6.66667,5],"texture":"#0"},"up":{"uv":[3.66667,9.33333,2.66667,5.33333],"texture":"#0"},"down":{"uv":[5,5.33333,4,9.33333],"texture":"#0"}}},{"from":[7.5,7.925,4.9375],"to":[8.5,8.925,6.9375],"rotation":{"angle":0,"axis":"x","origin":[8,8.925,3.9375]},"faces":{"north":{"uv":[8,8,9.33333,9.33333],"texture":"#0"},"east":{"uv":[5.33333,0,8,1.33333],"texture":"#0"},"south":{"uv":[0,9.33333,1.33333,10.66667],"texture":"#0"},"west":{"uv":[5.33333,1.33333,8,2.66667],"texture":"#0"},"up":{"uv":[6.66667,8,5.33333,5.33333],"texture":"#0"},"down":{"uv":[8,2.66667,6.66667,5.33333],"texture":"#0"}}},{"from":[7.8,7.225,5.0875],"to":[8.2,7.925,5.7875],"rotation":{"angle":0,"axis":"x","origin":[8.3,7.925,4.1125]},"faces":{"north":{"uv":[9.33333,9.33333,10,10.33333],"texture":"#0"},"east":{"uv":[6.66667,9.33333,7.66667,10.33333],"texture":"#0"},"south":{"uv":[0,10.66667,0.66667,11.66667],"texture":"#0"},"west":{"uv":[9.33333,6.66667,10.33333,7.66667],"texture":"#0"},"up":{"uv":[11.33333,1,10.66667,0],"texture":"#0"},"down":{"uv":[11.33333,1.33333,10.66667,2.33333],"texture":"#0"}}},{"from":[7.8,7.225,6.0875],"to":[8.2,7.925,6.7875],"rotation":{"angle":0,"axis":"x","origin":[8.3,7.925,4.1125]},"faces":{"north":{"uv":[9.33333,9.33333,10,10.33333],"texture":"#0"},"east":{"uv":[6.66667,9.33333,7.66667,10.33333],"texture":"#0"},"south":{"uv":[0,10.66667,0.66667,11.66667],"texture":"#0"},"west":{"uv":[9.33333,6.66667,10.33333,7.66667],"texture":"#0"},"up":{"uv":[11.33333,1,10.66667,0],"texture":"#0"},"down":{"uv":[11.33333,1.33333,10.66667,2.33333],"texture":"#0"}}}],"gui_light":"front","display":{"thirdperson_righthand":{"translation":[0,-0.25,-3.5]},"thirdperson_lefthand":{"translation":[0,-0.25,-3.5]},"firstperson_righthand":{"rotation":[17.49,8.11,9.74],"translation":[-4.25,6.25,2.75]},"firstperson_lefthand":{"rotation":[17.49,8.11,9.74],"translation":[-4.25,6.25,2.75]},"ground":{"rotation":[-20.51,14.55,73.34],"translation":[0,-0.5,0],"scale":[1.22266,1.22266,1.22266]},"gui":{"rotation":[90,-30.25,90],"translation":[1.75,1,-0.5],"scale":[1.65625,1.65625,1.65625]},"head":{"scale":[0,0,0]},"fixed":{"rotation":[-90,135,90],"translation":[-3,0.75,-1.75],"scale":[2.5293,2.5293,2.5293]}}}