{"credit":"Made with Blockbench","texture_size":[24,24],"textures":{"1":"tavern:items/sets/cyber/green/animation_1-sheet","2":"tavern:items/sets/cyber/green/rodcast","particle":"tavern:items/sets/cyber/green/rodcast"},"elements":[{"from":[7.6,1,7.6],"to":[8.4,2,8.4],"rotation":{"angle":0,"axis":"y","origin":[7.5,7.5,7.5]},"faces":{"north":{"uv":[4.66667,11.33333,5.16667,12],"texture":"#2"},"east":{"uv":[11.33333,4.66667,11.83333,5.33333],"texture":"#2"},"south":{"uv":[5.33333,11.33333,5.83333,12],"texture":"#2"},"west":{"uv":[11.33333,5.33333,11.83333,6],"texture":"#2"},"up":{"uv":[12.5,0.5,12,0],"texture":"#2"},"down":{"uv":[12.5,0.66667,12,1.16667],"texture":"#2"}}},{"from":[7.4,4,7.4],"to":[8.6,5,8.6],"rotation":{"angle":0,"axis":"y","origin":[7.5,7.5,7.5]},"faces":{"north":{"uv":[10,8,10.83333,8.66667],"texture":"#2"},"east":{"uv":[10,8.66667,10.83333,9.33333],"texture":"#2"},"south":{"uv":[10,9.33333,10.83333,10],"texture":"#2"},"west":{"uv":[10,10,10.83333,10.66667],"texture":"#2"},"up":{"uv":[9.5,10.16667,8.66667,9.33333],"texture":"#2"},"down":{"uv":[10.83333,0,10,0.83333],"texture":"#2"}}},{"from":[7.6,7,7.6],"to":[8.4,8,8.4],"rotation":{"angle":0,"axis":"y","origin":[7.5,7.5,7.5]},"faces":{"north":{"uv":[6,11.33333,6.5,12],"texture":"#2"},"east":{"uv":[11.33333,6,11.83333,6.66667],"texture":"#2"},"south":{"uv":[6.66667,11.33333,7.16667,12],"texture":"#2"},"west":{"uv":[11.33333,6.66667,11.83333,7.33333],"texture":"#2"},"up":{"uv":[12.5,1.83333,12,1.33333],"texture":"#2"},"down":{"uv":[12.5,2,12,2.5],"texture":"#2"}}},{"from":[7.5,2,7.5],"to":[8.5,4,8.5],"rotation":{"angle":0,"axis":"y","origin":[7.5,7.5,7.5]},"faces":{"north":{"uv":[4.66667,9.33333,5.33333,10.66667],"texture":"#2"},"east":{"uv":[5.33333,9.33333,6,10.66667],"texture":"#2"},"south":{"uv":[9.33333,5.33333,10,6.66667],"texture":"#2"},"west":{"uv":[6,9.33333,6.66667,10.66667],"texture":"#2"},"up":{"uv":[4,11.33333,3.33333,10.66667],"texture":"#2"},"down":{"uv":[4.66667,10.66667,4,11.33333],"texture":"#2"}}},{"from":[7.5,5,7.5],"to":[8.5,7,8.5],"rotation":{"angle":0,"axis":"y","origin":[7.5,7.5,7.5]},"faces":{"north":{"uv":[6.66667,9.33333,7.33333,10.66667],"texture":"#2"},"east":{"uv":[9.33333,6.66667,10,8],"texture":"#2"},"south":{"uv":[7.33333,9.33333,8,10.66667],"texture":"#2"},"west":{"uv":[9.33333,8,10,9.33333],"texture":"#2"},"up":{"uv":[11.33333,4.66667,10.66667,4],"texture":"#2"},"down":{"uv":[5.33333,10.66667,4.66667,11.33333],"texture":"#2"}}},{"from":[7.5,7.9,7],"to":[8.5,10.2,9.3],"rotation":{"angle":-45,"axis":"x","origin":[8,8.9,8]},"faces":{"north":{"uv":[8.66667,5.33333,9.33333,6.83333],"texture":"#2"},"east":{"uv":[6,0,7.5,1.5],"texture":"#2"},"south":{"uv":[8.66667,7.33333,9.33333,8.83333],"texture":"#2"},"west":{"uv":[6,2,7.5,3.5],"texture":"#2"},"up":{"uv":[10,1.5,9.33333,0],"texture":"#2"},"down":{"uv":[10,2,9.33333,3.5],"texture":"#2"}}},{"from":[7.6,10.1,7.6],"to":[8.4,11.1,8.4],"rotation":{"angle":0,"axis":"y","origin":[7.5,10.1,7.5]},"faces":{"north":{"uv":[8.66667,11.33333,9.16667,12],"texture":"#2"},"east":{"uv":[11.33333,8.66667,11.83333,9.33333],"texture":"#2"},"south":{"uv":[9.33333,11.33333,9.83333,12],"texture":"#2"},"west":{"uv":[11.33333,9.33333,11.83333,10],"texture":"#2"},"up":{"uv":[12.5,3.83333,12,3.33333],"texture":"#2"},"down":{"uv":[4.5,12,4,12.5],"texture":"#2"}}},{"from":[7.4,11.1,7.4],"to":[8.6,15.1,8.6],"rotation":{"angle":0,"axis":"x","origin":[8,13.6,8]},"faces":{"north":{"uv":[6,4,6.83333,6.66667],"texture":"#2"},"east":{"uv":[3.33333,6.66667,4.16667,9.33333],"texture":"#2"},"south":{"uv":[4.66667,6.66667,5.5,9.33333],"texture":"#2"},"west":{"uv":[6,6.66667,6.83333,9.33333],"texture":"#2"},"up":{"uv":[10.83333,6.16667,10,5.33333],"texture":"#2"},"down":{"uv":[10.83333,6.66667,10,7.5],"texture":"#2"}}},{"from":[7.5,15.1,7.5],"to":[8.5,19.1,8.5],"rotation":{"angle":0,"axis":"x","origin":[8,17.6,8]},"faces":{"north":{"uv":[7.33333,4,8,6.66667],"texture":"#2"},"east":{"uv":[7.33333,6.66667,8,9.33333],"texture":"#2"},"south":{"uv":[8,0,8.66667,2.66667],"texture":"#2"},"west":{"uv":[8,2.66667,8.66667,5.33333],"texture":"#2"},"up":{"uv":[9.33333,11.33333,8.66667,10.66667],"texture":"#2"}}},{"from":[7.6,19.1,7.6],"to":[8.4,23.1,8.4],"rotation":{"angle":0,"axis":"x","origin":[8,21.6,8]},"faces":{"north":{"uv":[8,5.33333,8.5,8],"texture":"#2"},"east":{"uv":[8,8,8.5,10.66667],"texture":"#2"},"south":{"uv":[8.66667,0,9.16667,2.66667],"texture":"#2"},"west":{"uv":[8.66667,2.66667,9.16667,5.33333],"texture":"#2"},"up":{"uv":[12.5,4.5,12,4],"texture":"#2"}}},{"from":[7.5,22.8,7.5],"to":[8.5,23.8,8.5],"rotation":{"angle":-45,"axis":"x","origin":[8,23.3,8]},"faces":{"north":{"uv":[11.33333,2,12,2.66667],"texture":"#2"},"east":{"uv":[11.33333,2.66667,12,3.33333],"texture":"#2"},"south":{"uv":[3.33333,11.33333,4,12],"texture":"#2"},"west":{"uv":[11.33333,3.33333,12,4],"texture":"#2"},"up":{"uv":[4.66667,12,4,11.33333],"texture":"#2"},"down":{"uv":[12,4,11.33333,4.66667],"texture":"#2"}}},{"from":[7.54,0.24,7.74],"to":[8.46,1.16,8.66],"rotation":{"angle":-45,"axis":"x","origin":[8,0.5,8]},"faces":{"north":{"uv":[10.66667,4.66667,11.33333,5.33333],"texture":"#2"},"east":{"uv":[5.33333,10.66667,6,11.33333],"texture":"#2"},"south":{"uv":[6,10.66667,6.66667,11.33333],"texture":"#2"},"west":{"uv":[6.66667,10.66667,7.33333,11.33333],"texture":"#2"},"up":{"uv":[8,11.33333,7.33333,10.66667],"texture":"#2"},"down":{"uv":[8.66667,10.66667,8,11.33333],"texture":"#2"}}},{"from":[6.5,8.5,7.5],"to":[7.5,9.5,8.5],"rotation":{"angle":-45,"axis":"x","origin":[7,9,8]},"faces":{"north":{"uv":[9.33333,10.66667,10,11.33333],"texture":"#2"},"east":{"uv":[10,10.66667,10.66667,11.33333],"texture":"#2"},"south":{"uv":[10.66667,10.66667,11.33333,11.33333],"texture":"#2"},"west":{"uv":[11.33333,0,12,0.66667],"texture":"#2"},"up":{"uv":[12,1.33333,11.33333,0.66667],"texture":"#2"},"down":{"uv":[12,1.33333,11.33333,2],"texture":"#2"}}},{"from":[6,8.825,7.425],"to":[6.5,10.325,7.925],"rotation":{"angle":-22.5,"axis":"x","origin":[5.725,9.825,7.675]},"faces":{"north":{"uv":[10,11.33333,10.33333,12.33333],"texture":"#2"},"east":{"uv":[11.33333,10,11.66667,11],"texture":"#2"},"south":{"uv":[10.66667,11.33333,11,12.33333],"texture":"#2"},"west":{"uv":[11.33333,11.33333,11.66667,12.33333],"texture":"#2"},"up":{"uv":[8.33333,12.33333,8,12],"texture":"#2"},"down":{"uv":[12.33333,8,12,8.33333],"texture":"#2"}}},{"from":[4.7,9.825,7.425],"to":[5.7,10.325,7.925],"rotation":{"angle":-22.5,"axis":"x","origin":[5.725,9.825,7.675]},"faces":{"north":{"uv":[6.66667,12,7.33333,12.33333],"texture":"#2"},"east":{"uv":[8.66667,12,9,12.33333],"texture":"#2"},"south":{"uv":[12,6.66667,12.66667,7],"texture":"#2"},"west":{"uv":[12,8.66667,12.33333,9],"texture":"#2"},"up":{"uv":[8,12.33333,7.33333,12],"texture":"#2"},"down":{"uv":[12.66667,7.33333,12,7.66667],"texture":"#2"}}},{"from":[5.7,9.925,7.525],"to":[6,10.225,7.825],"rotation":{"angle":-22.5,"axis":"x","origin":[5.725,9.825,7.675]},"faces":{"north":{"uv":[9.33333,12,9.5,12.16667],"texture":"#2"},"east":{"uv":[12,9.33333,12.16667,9.5],"texture":"#2"},"south":{"uv":[12,10,12.16667,10.16667],"texture":"#2"},"west":{"uv":[12,10.66667,12.16667,10.83333],"texture":"#2"},"up":{"uv":[12.16667,11.5,12,11.33333],"texture":"#2"},"down":{"uv":[12.16667,12,12,12.16667],"texture":"#2"}}},{"from":[7.25,14.925,5.85],"to":[8.75,14.925,7.65],"rotation":{"angle":0,"axis":"y","origin":[7.25,14.925,6.15]},"faces":{"north":{"uv":[0,0,1,0],"texture":"#2"},"east":{"uv":[0,0,1,0],"texture":"#2"},"south":{"uv":[0,0,1,0],"texture":"#2"},"west":{"uv":[0,0,1,0],"texture":"#2"},"up":{"uv":[4.33333,10.33333,3.33333,9.33333],"texture":"#2"},"down":{"uv":[10.33333,4,9.33333,5],"texture":"#2"}}},{"from":[7.25,19.025,6.025],"to":[8.75,19.025,7.525],"rotation":{"angle":0,"axis":"y","origin":[7.25,19.025,6.025]},"faces":{"north":{"uv":[0,0,1,0],"texture":"#2"},"east":{"uv":[0,0,1,0],"texture":"#2"},"south":{"uv":[0,0,1,0],"texture":"#2"},"west":{"uv":[0,0,1,0],"texture":"#2"},"up":{"uv":[4.33333,10.33333,3.33333,9.33333],"texture":"#2"},"down":{"uv":[10.33333,4,9.33333,5],"texture":"#2"}}},{"from":[7.25,23.025,6.025],"to":[8.75,23.025,7.525],"rotation":{"angle":0,"axis":"y","origin":[7.25,23.025,6.025]},"faces":{"north":{"uv":[0,0,1,0],"texture":"#2"},"east":{"uv":[0,0,1,0],"texture":"#2"},"south":{"uv":[0,0,1,0],"texture":"#2"},"west":{"uv":[0,0,1,0],"texture":"#2"},"up":{"uv":[4.33333,10.33333,3.33333,9.33333],"texture":"#2"},"down":{"uv":[10.33333,4,9.33333,5],"texture":"#2"}}},{"from":[7.25,11.325,6.025],"to":[8.75,11.325,7.525],"rotation":{"angle":0,"axis":"y","origin":[7.25,11.325,6.025]},"faces":{"north":{"uv":[0,0,1,0],"texture":"#2"},"east":{"uv":[0,0,1,0],"texture":"#2"},"south":{"uv":[0,0,1,0],"texture":"#2"},"west":{"uv":[0,0,1,0],"texture":"#2"},"up":{"uv":[4.33333,10.33333,3.33333,9.33333],"texture":"#2"},"down":{"uv":[10.33333,4,9.33333,5],"texture":"#2"}}},{"from":[8,9,3.6],"to":[8,30,8],"rotation":{"angle":0,"axis":"y","origin":[8,6,4]},"faces":{"north":{"uv":[0,0,0,14],"texture":"#2"},"east":{"uv":[3,0,0,14],"texture":"#2"},"south":{"uv":[0,0,0,14],"texture":"#2"},"west":{"uv":[0,0,3,14],"texture":"#2"},"up":{"uv":[0,3,0,0],"texture":"#2"},"down":{"uv":[0,0,0,3],"texture":"#2"}}},{"from":[8.9,4.6,3.5],"to":[8.9,13.6,12.5],"rotation":{"angle":0,"axis":"y","origin":[1.9,-10.8,0]},"faces":{"north":{"uv":[0,0,0,6],"texture":"#1"},"east":{"uv":[12,0,0,12],"texture":"#1"},"south":{"uv":[0,0,0,6],"texture":"#1"},"west":{"uv":[0,0,12,12],"texture":"#1"},"up":{"uv":[0,6,0,0],"texture":"#1"},"down":{"uv":[0,0,0,6],"texture":"#1"}}}],"gui_light":"front","display":{"thirdperson_righthand":{"rotation":[9,0,0],"translation":[0,-0.25,1.75],"scale":[0.8,0.8,0.8]},"thirdperson_lefthand":{"rotation":[9,0,0],"translation":[0,-0.25,1.75],"scale":[0.8,0.8,0.8]},"firstperson_righthand":{"rotation":[-54.9,-0.94,-12.66],"translation":[0.75,2,3.75]},"firstperson_lefthand":{"rotation":[-54.9,-0.94,-12.66],"translation":[0.75,2,3.75]},"ground":{"rotation":[0,0,-77],"translation":[-4.75,0.25,0],"scale":[1.07813,1.07813,1.07813]},"gui":{"rotation":[90,-135,90],"translation":[-2.25,-2,0],"scale":[0.675,0.675,0.675]},"head":{"scale":[0,0,0]},"fixed":{"rotation":[-90,90,90],"translation":[0,-7.5,-2.25],"scale":[2.05195,2.05195,2.05195]}}}