{"credit":"MadewithBlockbench","texture_size":[20,20],"textures":{"1":"tavern:items/sets/cyber/green/animation_1-sheet","2":"tavern:items/sets/cyber/green/shovel","particle":"tavern:items/sets/cyber/green/shovel"},"elements":[{"from":[7.32,-0.18,7.32],"to":[8.68,1.18,8.68],"rotation":{"angle":-45,"axis":"x","origin":[8,0.5,8]},"faces":{"north":{"uv":[12.8,11.2,13.8,12.2],"texture":"#2"},"east":{"uv":[12,12.8,13,13.8],"texture":"#2"},"south":{"uv":[0,13.6,1,14.6],"texture":"#2"},"west":{"uv":[13.6,0,14.6,1],"texture":"#2"},"up":{"uv":[14.6,2.6,13.6,1.6],"texture":"#2"},"down":{"uv":[4.2,13.6,3.2,14.6],"texture":"#2"}}},{"from":[7.59,-0.25096,6.36],"to":[8.41,0.56904,9.64],"rotation":{"angle":0,"axis":"y","origin":[7.59,-0.25096,8]},"faces":{"north":{"uv":[8,15.2,8.6,15.8],"texture":"#2"},"east":{"uv":[9.6,6.4,12.2,7],"texture":"#2"},"south":{"uv":[15.2,8,15.8,8.6],"texture":"#2"},"west":{"uv":[9.6,7.2,12.2,7.8],"texture":"#2"},"up":{"uv":[10.2,10.6,9.6,8],"texture":"#2"},"down":{"uv":[0.6,10.4,0,13],"texture":"#2"}}},{"from":[7.5244,0.02784,5.6384],"to":[8.4756,1.93024,6.5896],"rotation":{"angle":22.5,"axis":"x","origin":[8,0.15904,5.54]},"faces":{"north":{"uv":[11.2,11.2,12,12.8],"texture":"#2"},"east":{"uv":[0.8,12,1.6,13.6],"texture":"#2"},"south":{"uv":[1.6,12,2.4,13.6],"texture":"#2"},"west":{"uv":[12,3.2,12.8,4.8],"texture":"#2"},"up":{"uv":[4,8,3.2,7.2],"texture":"#2"},"down":{"uv":[12,5.6,11.2,6.4],"texture":"#2"}}},{"from":[7.7704,-0.10667,7.1011],"to":[8.2296,0.97573,8.0523],"rotation":{"angle":22.5,"axis":"x","origin":[8.246,1.09053,7.5767]},"faces":{"north":{"uv":[15.2,12,15.6,12.8],"texture":"#2"},"east":{"uv":[1.6,13.6,2.4,14.4],"texture":"#2"},"south":{"uv":[12.8,15.2,13.2,16],"texture":"#2"},"west":{"uv":[10.4,13.6,11.2,14.4],"texture":"#2"},"up":{"uv":[15.6,13.6,15.2,12.8],"texture":"#2"},"down":{"uv":[14,15.2,13.6,16],"texture":"#2"}}},{"from":[7.7704,-0.10667,7.9477],"to":[8.2296,0.97573,8.8989],"rotation":{"angle":-22.5,"axis":"x","origin":[8.246,1.09053,8.4233]},"faces":{"north":{"uv":[13.2,15.2,12.8,16],"texture":"#2"},"east":{"uv":[2.4,13.6,1.6,14.4],"texture":"#2"},"south":{"uv":[15.6,12,15.2,12.8],"texture":"#2"},"west":{"uv":[11.2,13.6,10.4,14.4],"texture":"#2"},"up":{"uv":[15.6,12.8,15.2,13.6],"texture":"#2"},"down":{"uv":[14,16,13.6,15.2],"texture":"#2"}}},{"from":[7.5244,0.02784,9.4104],"to":[8.4756,1.93024,10.3616],"rotation":{"angle":-22.5,"axis":"x","origin":[8,0.15904,10.46]},"faces":{"north":{"uv":[2.4,12,1.6,13.6],"texture":"#2"},"east":{"uv":[1.6,12,0.8,13.6],"texture":"#2"},"south":{"uv":[12,11.2,11.2,12.8],"texture":"#2"},"west":{"uv":[12.8,3.2,12,4.8],"texture":"#2"},"up":{"uv":[4,7.2,3.2,8],"texture":"#2"},"down":{"uv":[12,6.4,11.2,5.6],"texture":"#2"}}},{"from":[7.6,1,7.6],"to":[8.4,2,8.4],"rotation":{"angle":0,"axis":"y","origin":[7.5,7.5,7.5]},"faces":{"north":{"uv":[14.4,12,15,12.8],"texture":"#2"},"east":{"uv":[12.8,14.4,13.4,15.2],"texture":"#2"},"south":{"uv":[14.4,12.8,15,13.6],"texture":"#2"},"west":{"uv":[13.6,14.4,14.2,15.2],"texture":"#2"},"up":{"uv":[9.4,15.8,8.8,15.2],"texture":"#2"},"down":{"uv":[15.8,8.8,15.2,9.4],"texture":"#2"}}},{"from":[7.4,4,7.4],"to":[8.6,5,8.6],"rotation":{"angle":0,"axis":"y","origin":[7.5,7.5,7.5]},"faces":{"north":{"uv":[13.6,6.4,14.6,7.2],"texture":"#2"},"east":{"uv":[13.6,7.2,14.6,8],"texture":"#2"},"south":{"uv":[8.8,13.6,9.8,14.4],"texture":"#2"},"west":{"uv":[13.6,9.6,14.6,10.4],"texture":"#2"},"up":{"uv":[14.6,4.2,13.6,3.2],"texture":"#2"},"down":{"uv":[5.8,13.6,4.8,14.6],"texture":"#2"}}},{"from":[7.6,7,7.6],"to":[8.4,8,8.4],"rotation":{"angle":0,"axis":"y","origin":[7.5,7.5,7.5]},"faces":{"north":{"uv":[14.4,13.6,15,14.4],"texture":"#2"},"east":{"uv":[14.4,14.4,15,15.2],"texture":"#2"},"south":{"uv":[0,15.2,0.6,16],"texture":"#2"},"west":{"uv":[15.2,0,15.8,0.8],"texture":"#2"},"up":{"uv":[10.2,15.8,9.6,15.2],"texture":"#2"},"down":{"uv":[15.8,9.6,15.2,10.2],"texture":"#2"}}},{"from":[7.5,2,7.5],"to":[8.5,4,8.5],"rotation":{"angle":0,"axis":"y","origin":[7.5,7.5,7.5]},"faces":{"north":{"uv":[4.8,12,5.6,13.6],"texture":"#2"},"east":{"uv":[12,4.8,12.8,6.4],"texture":"#2"},"south":{"uv":[5.6,12,6.4,13.6],"texture":"#2"},"west":{"uv":[12,8,12.8,9.6],"texture":"#2"},"up":{"uv":[14.4,11.2,13.6,10.4],"texture":"#2"},"down":{"uv":[14.4,12.8,13.6,13.6],"texture":"#2"}}},{"from":[7.5,5,7.5],"to":[8.5,7,8.5],"rotation":{"angle":0,"axis":"y","origin":[7.5,7.5,7.5]},"faces":{"north":{"uv":[12,9.6,12.8,11.2],"texture":"#2"},"east":{"uv":[12,11.2,12.8,12.8],"texture":"#2"},"south":{"uv":[12.8,0,13.6,1.6],"texture":"#2"},"west":{"uv":[12.8,1.6,13.6,3.2],"texture":"#2"},"up":{"uv":[14.4,14.4,13.6,13.6],"texture":"#2"},"down":{"uv":[2.4,14.4,1.6,15.2],"texture":"#2"}}},{"from":[7.4,16.1,6.5],"to":[8.6,18.1,8.5],"rotation":{"angle":-45,"axis":"x","origin":[7.9,17.6,8]},"faces":{"north":{"uv":[9.6,0,10.6,1.6],"texture":"#2"},"east":{"uv":[6.4,2.4,8,4],"texture":"#2"},"south":{"uv":[9.6,1.6,10.6,3.2],"texture":"#2"},"west":{"uv":[8,2.4,9.6,4],"texture":"#2"},"up":{"uv":[10.6,4.8,9.6,3.2],"texture":"#2"},"down":{"uv":[10.6,4.8,9.6,6.4],"texture":"#2"}}},{"from":[7.2,16.3,6.7],"to":[8.8,17.9,8.3],"rotation":{"angle":-45,"axis":"x","origin":[7.9,17.6,8]},"faces":{"north":{"uv":[0.8,10.4,2,11.6],"texture":"#2"},"east":{"uv":[4.8,10.4,6,11.6],"texture":"#2"},"south":{"uv":[10.4,8,11.6,9.2],"texture":"#2"},"west":{"uv":[10.4,9.6,11.6,10.8],"texture":"#2"},"up":{"uv":[12.4,1.2,11.2,0],"texture":"#2"},"down":{"uv":[12.4,1.6,11.2,2.8],"texture":"#2"}}},{"from":[7.66,20.58977,8.80561],"to":[8.34,21.58977,9.80561],"rotation":{"angle":45,"axis":"x","origin":[8,20.27911,10.26272]},"faces":{"north":{"uv":[0.8,15.2,1.4,16],"texture":"#2"},"east":{"uv":[2.4,14.4,3.2,15.2],"texture":"#2"},"south":{"uv":[15.2,0.8,15.8,1.6],"texture":"#2"},"west":{"uv":[8,14.4,8.8,15.2],"texture":"#2"},"up":{"uv":[2.2,16,1.6,15.2],"texture":"#2"},"down":{"uv":[15.8,1.6,15.2,2.4],"texture":"#2"}}},{"from":[7.655,18.52911,9.86627],"to":[8.345,21.52911,10.86627],"rotation":{"angle":0,"axis":"x","origin":[8,22.27911,10.26272]},"faces":{"north":{"uv":[2.4,10.4,3,12.8],"texture":"#2"},"east":{"uv":[4.8,8,5.6,10.4],"texture":"#2"},"south":{"uv":[8,10.4,8.6,12.8],"texture":"#2"},"west":{"uv":[5.6,8,6.4,10.4],"texture":"#2"},"up":{"uv":[3,16,2.4,15.2],"texture":"#2"},"down":{"uv":[15.8,2.4,15.2,3.2],"texture":"#2"}}},{"from":[7.705,16.52911,6.1],"to":[8.295,21.52911,9.9],"rotation":{"angle":0,"axis":"x","origin":[8.05,19.02911,8]},"faces":{"east":{"uv":[0,0,3,4],"texture":"#2"},"west":{"uv":[3.2,0,6.2,4],"texture":"#2"},"up":{"uv":[11.6,15.8,11.2,12.8],"texture":"#2"}}},{"from":[8,21.52911,5.1],"to":[8,23.52911,10.9],"rotation":{"angle":0,"axis":"x","origin":[8.345,23.02911,8]},"faces":{"north":{"uv":[0,0,0,0],"rotation":180,"texture":"#2"},"east":{"uv":[4.6,4,0,5.6],"texture":"#2"},"south":{"uv":[0,0,0,0],"texture":"#2"},"west":{"uv":[0,4,4.6,5.6],"texture":"#2"},"up":{"uv":[0,4.6,0,0],"texture":"#2"},"down":{"uv":[0,0,0,0],"texture":"#2"}}},{"from":[7.5,7.9,7],"to":[8.5,10.2,9.3],"rotation":{"angle":-45,"axis":"x","origin":[8,8.9,8]},"faces":{"north":{"uv":[3.2,11.2,4,13],"texture":"#2"},"east":{"uv":[4,5.6,5.8,7.4],"texture":"#2"},"south":{"uv":[11.2,3.2,12,5],"texture":"#2"},"west":{"uv":[6.4,0,8.2,1.8],"texture":"#2"},"up":{"uv":[4.8,13,4,11.2],"texture":"#2"},"down":{"uv":[7.2,11.2,6.4,13],"texture":"#2"}}},{"from":[8,14,10.3],"to":[8,19,12.3],"rotation":{"angle":22.5,"axis":"x","origin":[8,16,11.3]},"faces":{"north":{"uv":[0,0,0,4],"rotation":180,"texture":"#2"},"east":{"uv":[4.8,4,8.8,5.6],"rotation":270,"texture":"#2"},"south":{"uv":[0,4,0,0],"texture":"#2"},"west":{"uv":[0,5.6,4,7.2],"rotation":90,"texture":"#2"},"up":{"uv":[0,0,0,1.6],"rotation":180,"texture":"#2"},"down":{"uv":[0,0,0,1.6],"texture":"#2"}}},{"from":[7.6,10.1,7.6],"to":[8.4,11.1,8.4],"rotation":{"angle":0,"axis":"y","origin":[7.5,10.1,7.5]},"faces":{"north":{"uv":[3.2,15.2,3.8,16],"texture":"#2"},"east":{"uv":[15.2,3.2,15.8,4],"texture":"#2"},"south":{"uv":[4,15.2,4.6,16],"texture":"#2"},"west":{"uv":[15.2,4,15.8,4.8],"texture":"#2"},"up":{"uv":[11,15.8,10.4,15.2],"texture":"#2"},"down":{"uv":[15.8,10.4,15.2,11],"texture":"#2"}}},{"from":[7.6,15.1,7.6],"to":[8.4,16.1,8.4],"rotation":{"angle":0,"axis":"y","origin":[7.5,18.1,7.5]},"faces":{"north":{"uv":[4.8,15.2,5.4,16],"texture":"#2"},"east":{"uv":[15.2,4.8,15.8,5.6],"texture":"#2"},"south":{"uv":[5.6,15.2,6.2,16],"texture":"#2"},"west":{"uv":[15.2,5.6,15.8,6.4],"texture":"#2"},"up":{"uv":[15.8,11.8,15.2,11.2],"texture":"#2"},"down":{"uv":[12.6,15.2,12,15.8],"texture":"#2"}}},{"from":[7.4,11.1,7.4],"to":[8.6,15.1,8.6],"rotation":{"angle":0,"axis":"y","origin":[7.5,11.1,7.5]},"faces":{"north":{"uv":[6.4,5.6,7.4,8.8],"texture":"#2"},"east":{"uv":[0,7.2,1,10.4],"texture":"#2"},"south":{"uv":[1.6,7.2,2.6,10.4],"texture":"#2"},"west":{"uv":[3.2,8,4.2,11.2],"texture":"#2"},"up":{"uv":[14.6,5.8,13.6,4.8],"texture":"#2"},"down":{"uv":[7.4,13.6,6.4,14.6],"texture":"#2"}}},{"from":[7.5244,17.65914,9.46843],"to":[8.4756,18.61034,11.37083],"rotation":{"angle":0,"axis":"x","origin":[8,16.41326,9.66505]},"faces":{"north":{"uv":[14.4,11.2,15.2,12],"texture":"#2"},"east":{"uv":[12.8,8,14.4,8.8],"texture":"#2"},"south":{"uv":[12,14.4,12.8,15.2],"texture":"#2"},"west":{"uv":[12.8,8.8,14.4,9.6],"texture":"#2"},"up":{"uv":[8.8,14.4,8,12.8],"texture":"#2"},"down":{"uv":[13.6,9.6,12.8,11.2],"texture":"#2"}}},{"from":[7.5,14.01941,8.08284],"to":[8.5,16.01941,9.08284],"rotation":{"angle":0,"axis":"x","origin":[8,16.41326,9.66505]},"faces":{"north":{"uv":[2.4,12.8,3.2,14.4],"texture":"#2"},"east":{"uv":[12.8,3.2,13.6,4.8],"texture":"#2"},"south":{"uv":[12.8,4.8,13.6,6.4],"texture":"#2"},"west":{"uv":[12.8,6.4,13.6,8],"texture":"#2"},"up":{"uv":[11.2,15.2,10.4,14.4],"texture":"#2"},"down":{"uv":[15.2,10.4,14.4,11.2],"texture":"#2"}}},{"from":[7.6,14.11793,8.93983],"to":[8.4,17.11793,9.93983],"rotation":{"angle":22.5,"axis":"x","origin":[8,16.41326,9.66505]},"faces":{"north":{"uv":[9.6,11.2,10.2,13.6],"texture":"#2"},"east":{"uv":[7.2,8.8,8,11.2],"texture":"#2"},"south":{"uv":[10.4,11.2,11,13.6],"texture":"#2"},"west":{"uv":[8.8,8.8,9.6,11.2],"texture":"#2"},"up":{"uv":[7.8,16,7.2,15.2],"texture":"#2"},"down":{"uv":[15.8,7.2,15.2,8],"texture":"#2"}}},{"from":[7.6,14.84706,10.06574],"to":[8.4,17.84706,11.06574],"rotation":{"angle":0,"axis":"x","origin":[8,16.41326,9.66505]},"faces":{"north":{"uv":[7.2,11.2,7.8,13.6],"texture":"#2"},"east":{"uv":[6.4,8.8,7.2,11.2],"texture":"#2"},"south":{"uv":[8.8,11.2,9.4,13.6],"texture":"#2"},"west":{"uv":[8.8,6.4,9.6,8.8],"texture":"#2"},"up":{"uv":[7,16,6.4,15.2],"texture":"#2"},"down":{"uv":[15.8,6.4,15.2,7.2],"texture":"#2"}}},{"from":[7.8,15.24706,9.06573],"to":[8.2,16.24706,10.06573],"rotation":{"angle":0,"axis":"x","origin":[8,16.41326,9.66505]},"faces":{"north":{"uv":[15.2,13.6,15.6,14.4],"texture":"#2"},"east":{"uv":[14.4,8.8,15.2,9.6],"texture":"#2"},"south":{"uv":[14.4,15.2,14.8,16],"texture":"#2"},"west":{"uv":[9.6,14.4,10.4,15.2],"texture":"#2"},"up":{"uv":[15.6,15.2,15.2,14.4],"texture":"#2"},"down":{"uv":[15.6,15.2,15.2,16],"texture":"#2"}}},{"from":[7.5,16.11793,9.41483],"to":[8.5,19.11793,10.41483],"rotation":{"angle":22.5,"axis":"x","origin":[8,16.41326,9.66505]},"faces":{"north":{"uv":[8,5.6,8.8,8],"texture":"#2"},"east":{"uv":[8,8,8.8,10.4],"texture":"#2"},"south":{"uv":[8.8,0,9.6,2.4],"texture":"#2"},"west":{"uv":[8.8,4,9.6,6.4],"texture":"#2"},"up":{"uv":[15.2,8.8,14.4,8],"texture":"#2"},"down":{"uv":[9.6,14.4,8.8,15.2],"texture":"#2"}}},{"from":[8,14,3.7],"to":[8,19,5.7],"rotation":{"angle":-22.5,"axis":"x","origin":[8,16,4.7]},"faces":{"north":{"uv":[0,4,0,0],"texture":"#2"},"east":{"uv":[4.8,5.6,8.8,4],"rotation":270,"texture":"#2"},"south":{"uv":[0,0,0,4],"rotation":180,"texture":"#2"},"west":{"uv":[0,7.2,4,5.6],"rotation":90,"texture":"#2"},"up":{"uv":[0,1.6,0,0],"rotation":180,"texture":"#2"},"down":{"uv":[0,1.6,0,0],"texture":"#2"}}},{"from":[7.6,14.84706,4.93426],"to":[8.4,17.84706,5.93426],"rotation":{"angle":0,"axis":"x","origin":[8,16.41326,6.33495]},"faces":{"north":{"uv":[9.4,11.2,8.8,13.6],"texture":"#2"},"east":{"uv":[7.2,8.8,6.4,11.2],"texture":"#2"},"south":{"uv":[7.8,11.2,7.2,13.6],"texture":"#2"},"west":{"uv":[9.6,6.4,8.8,8.8],"texture":"#2"},"up":{"uv":[7,15.2,6.4,16],"texture":"#2"},"down":{"uv":[15.8,7.2,15.2,6.4],"texture":"#2"}}},{"from":[7.8,15.24706,5.93427],"to":[8.2,16.24706,6.93427],"rotation":{"angle":0,"axis":"x","origin":[8,16.41326,6.33495]},"faces":{"north":{"uv":[14.8,15.2,14.4,16],"texture":"#2"},"east":{"uv":[15.2,8.8,14.4,9.6],"texture":"#2"},"south":{"uv":[15.6,13.6,15.2,14.4],"texture":"#2"},"west":{"uv":[10.4,14.4,9.6,15.2],"texture":"#2"},"up":{"uv":[15.6,14.4,15.2,15.2],"texture":"#2"},"down":{"uv":[15.6,16,15.2,15.2],"texture":"#2"}}},{"from":[7.6,14.11793,6.06017],"to":[8.4,17.11793,7.06017],"rotation":{"angle":-22.5,"axis":"x","origin":[8,16.41326,6.33495]},"faces":{"north":{"uv":[11,11.2,10.4,13.6],"texture":"#2"},"east":{"uv":[8,8.8,7.2,11.2],"texture":"#2"},"south":{"uv":[10.2,11.2,9.6,13.6],"texture":"#2"},"west":{"uv":[9.6,8.8,8.8,11.2],"texture":"#2"},"up":{"uv":[7.8,15.2,7.2,16],"texture":"#2"},"down":{"uv":[15.8,8,15.2,7.2],"texture":"#2"}}},{"from":[7.5,14.01941,6.91716],"to":[8.5,16.01941,7.91716],"rotation":{"angle":0,"axis":"x","origin":[8,16.41326,6.33495]},"faces":{"north":{"uv":[13.6,4.8,12.8,6.4],"texture":"#2"},"east":{"uv":[13.6,3.2,12.8,4.8],"texture":"#2"},"south":{"uv":[3.2,12.8,2.4,14.4],"texture":"#2"},"west":{"uv":[13.6,6.4,12.8,8],"texture":"#2"},"up":{"uv":[11.2,14.4,10.4,15.2],"texture":"#2"},"down":{"uv":[15.2,11.2,14.4,10.4],"texture":"#2"}}},{"from":[7.5,16.11793,5.58517],"to":[8.5,19.11793,6.58517],"rotation":{"angle":-22.5,"axis":"x","origin":[8,16.41326,6.33495]},"faces":{"north":{"uv":[9.6,0,8.8,2.4],"texture":"#2"},"east":{"uv":[8.8,8,8,10.4],"texture":"#2"},"south":{"uv":[8.8,5.6,8,8],"texture":"#2"},"west":{"uv":[9.6,4,8.8,6.4],"texture":"#2"},"up":{"uv":[15.2,8,14.4,8.8],"texture":"#2"},"down":{"uv":[9.6,15.2,8.8,14.4],"texture":"#2"}}},{"from":[7.5244,17.65914,4.62917],"to":[8.4756,18.61034,6.53157],"rotation":{"angle":0,"axis":"x","origin":[8,16.41326,6.33495]},"faces":{"north":{"uv":[12.8,14.4,12,15.2],"texture":"#2"},"east":{"uv":[14.4,8,12.8,8.8],"texture":"#2"},"south":{"uv":[15.2,11.2,14.4,12],"texture":"#2"},"west":{"uv":[14.4,8.8,12.8,9.6],"texture":"#2"},"up":{"uv":[8.8,12.8,8,14.4],"texture":"#2"},"down":{"uv":[13.6,11.2,12.8,9.6],"texture":"#2"}}},{"from":[7.655,18.52911,5.13373],"to":[8.345,21.52911,6.13373],"rotation":{"angle":0,"axis":"x","origin":[8,22.27911,5.73728]},"faces":{"north":{"uv":[8.6,10.4,8,12.8],"texture":"#2"},"east":{"uv":[5.6,8,4.8,10.4],"texture":"#2"},"south":{"uv":[3,10.4,2.4,12.8],"texture":"#2"},"west":{"uv":[6.4,8,5.6,10.4],"texture":"#2"},"up":{"uv":[3,15.2,2.4,16],"texture":"#2"},"down":{"uv":[15.8,3.2,15.2,2.4],"texture":"#2"}}},{"from":[7.66,20.58977,6.19439],"to":[8.34,21.58977,7.19439],"rotation":{"angle":-45,"axis":"x","origin":[8,20.27911,5.73728]},"faces":{"north":{"uv":[15.8,0.8,15.2,1.6],"texture":"#2"},"east":{"uv":[3.2,14.4,2.4,15.2],"texture":"#2"},"south":{"uv":[1.4,15.2,0.8,16],"texture":"#2"},"west":{"uv":[8.8,14.4,8,15.2],"texture":"#2"},"up":{"uv":[2.2,15.2,1.6,16],"texture":"#2"},"down":{"uv":[15.8,2.4,15.2,1.6],"texture":"#2"}}},{"from":[7,12.4,3.5],"to":[7,21.4,12.5],"faces":{"north":{"uv":[0,0,0,7.2],"texture":"#1"},"east":{"uv":[12.03333,0,0,12.03333],"texture":"#1"},"south":{"uv":[0,0,0,7.2],"texture":"#1"},"west":{"uv":[0,0,12.03333,12.03333],"texture":"#1"},"up":{"uv":[0,7.2,0,0],"texture":"#1"},"down":{"uv":[0,0,0,7.2],"texture":"#1"}}},{"from":[9,12.4,3.5],"to":[9,21.4,12.5],"rotation":{"angle":0,"axis":"y","origin":[16,0,0]},"faces":{"north":{"uv":[0,0,0,7.2],"texture":"#1"},"east":{"uv":[12.03333,0,0,12.03333],"texture":"#1"},"south":{"uv":[0,0,0,7.2],"texture":"#1"},"west":{"uv":[0,0,12.03333,12.03333],"texture":"#1"},"up":{"uv":[0,7.2,0,0],"texture":"#1"},"down":{"uv":[0,0,0,7.2],"texture":"#1"}}}],"gui_light":"front","display":{"thirdperson_righthand":{"translation":[0,0.75,0.5],"scale":[0.89844,0.89844,0.89844]},"thirdperson_lefthand":{"translation":[0,0.75,0.5],"scale":[0.89844,0.89844,0.89844]},"firstperson_righthand":{"rotation":[-15,0,0],"translation":[2.25,-0.5,0]},"firstperson_lefthand":{"rotation":[-15,0,0],"translation":[2.25,-0.5,0]},"ground":{"rotation":[0,0,-77],"translation":[-4.75,0.25,0],"scale":[1.07813,1.07813,1.07813]},"gui":{"rotation":[90,-135,90],"translation":[-1.75,-2,0],"scale":[0.675,0.675,0.675]},"head":{"scale":[0,0,0]},"fixed":{"rotation":[-90,90,90],"translation":[0,-7.5,-2.25],"scale":[2.05195,2.05195,2.05195]}}}