{"credit":"MadewithBlockbench","texture_size":[24,24],"textures":{"1":"tavern:items/sets/cyber/green/sickle","2":"tavern:items/sets/cyber/green/animation_1-sheet","3":"tavern:items/sets/cyber/green/animation_2-sheet","particle":"tavern:items/sets/cyber/green/animation_1-sheet"},"elements":[{"from":[7.32,-0.18,7.32],"to":[8.68,1.18,8.68],"rotation":{"angle":-45,"axis":"x","origin":[8,0.5,8]},"faces":{"north":{"uv":[3.33333,13.33333,4.16667,14.16667],"texture":"#1"},"east":{"uv":[13.33333,4,14.16667,4.83333],"texture":"#1"},"south":{"uv":[4.66667,13.33333,5.5,14.16667],"texture":"#1"},"west":{"uv":[13.33333,5.33333,14.16667,6.16667],"texture":"#1"},"up":{"uv":[6.83333,14.16667,6,13.33333],"texture":"#1"},"down":{"uv":[14.16667,6.66667,13.33333,7.5],"texture":"#1"}}},{"from":[7.59,-0.25096,6.36],"to":[8.41,0.56904,9.64],"rotation":{"angle":0,"axis":"y","origin":[7.59,-0.25096,8]},"faces":{"north":{"uv":[12.66667,14.66667,13.16667,15.16667],"texture":"#1"},"east":{"uv":[10.66667,4,12.83333,4.5],"texture":"#1"},"south":{"uv":[14.66667,12.66667,15.16667,13.16667],"texture":"#1"},"west":{"uv":[10.66667,9.33333,12.83333,9.83333],"texture":"#1"},"up":{"uv":[11.16667,12.83333,10.66667,10.66667],"texture":"#1"},"down":{"uv":[11.83333,0,11.33333,2.16667],"texture":"#1"}}},{"from":[7.5244,0.02784,5.6384],"to":[8.4756,1.93024,6.5896],"rotation":{"angle":22.5,"axis":"x","origin":[8,0.15904,5.54]},"faces":{"north":{"uv":[11.33333,2.66667,12,4],"texture":"#1"},"east":{"uv":[12,10,12.66667,11.33333],"texture":"#1"},"south":{"uv":[12,11.33333,12.66667,12.66667],"texture":"#1"},"west":{"uv":[0,12.66667,0.66667,14],"texture":"#1"},"up":{"uv":[13.33333,9.33333,12.66667,8.66667],"texture":"#1"},"down":{"uv":[11.33333,13.33333,10.66667,14],"texture":"#1"}}},{"from":[7.7704,-0.10667,7.1011],"to":[8.2296,0.97573,8.0523],"rotation":{"angle":22.5,"axis":"x","origin":[8.246,1.09053,7.5767]},"faces":{"north":{"uv":[15.33333,1.33333,15.66667,2],"texture":"#1"},"east":{"uv":[14,2,14.66667,2.66667],"texture":"#1"},"south":{"uv":[2,15.33333,2.33333,16],"texture":"#1"},"west":{"uv":[2.66667,14,3.33333,14.66667],"texture":"#1"},"up":{"uv":[15.66667,2.66667,15.33333,2],"texture":"#1"},"down":{"uv":[3,15.33333,2.66667,16],"texture":"#1"}}},{"from":[7.7704,-0.10667,7.9477],"to":[8.2296,0.97573,8.8989],"rotation":{"angle":-22.5,"axis":"x","origin":[8.246,1.09053,8.4233]},"faces":{"north":{"uv":[2.33333,15.33333,2,16],"texture":"#1"},"east":{"uv":[14.66667,2,14,2.66667],"texture":"#1"},"south":{"uv":[15.66667,1.33333,15.33333,2],"texture":"#1"},"west":{"uv":[3.33333,14,2.66667,14.66667],"texture":"#1"},"up":{"uv":[15.66667,2,15.33333,2.66667],"texture":"#1"},"down":{"uv":[3,16,2.66667,15.33333],"texture":"#1"}}},{"from":[7.5244,0.02784,9.4104],"to":[8.4756,1.93024,10.3616],"rotation":{"angle":-22.5,"axis":"x","origin":[8,0.15904,10.46]},"faces":{"north":{"uv":[12.66667,11.33333,12,12.66667],"texture":"#1"},"east":{"uv":[12.66667,10,12,11.33333],"texture":"#1"},"south":{"uv":[12,2.66667,11.33333,4],"texture":"#1"},"west":{"uv":[0.66667,12.66667,0,14],"texture":"#1"},"up":{"uv":[13.33333,8.66667,12.66667,9.33333],"texture":"#1"},"down":{"uv":[11.33333,14,10.66667,13.33333],"texture":"#1"}}},{"from":[7.6,1,7.6],"to":[8.4,2,8.4],"rotation":{"angle":0,"axis":"y","origin":[7.5,7.5,7.5]},"faces":{"north":{"uv":[2.66667,14.66667,3.16667,15.33333],"texture":"#1"},"east":{"uv":[14.66667,2.66667,15.16667,3.33333],"texture":"#1"},"south":{"uv":[3.33333,14.66667,3.83333,15.33333],"texture":"#1"},"west":{"uv":[14.66667,3.33333,15.16667,4],"texture":"#1"},"up":{"uv":[13.83333,15.16667,13.33333,14.66667],"texture":"#1"},"down":{"uv":[15.16667,13.33333,14.66667,13.83333],"texture":"#1"}}},{"from":[7.4,4,7.4],"to":[8.6,5,8.6],"rotation":{"angle":0,"axis":"y","origin":[7.5,7.5,7.5]},"faces":{"north":{"uv":[0,14,0.83333,14.66667],"texture":"#1"},"east":{"uv":[14,0,14.83333,0.66667],"texture":"#1"},"south":{"uv":[14,0.66667,14.83333,1.33333],"texture":"#1"},"west":{"uv":[14,1.33333,14.83333,2],"texture":"#1"},"up":{"uv":[8.16667,14.16667,7.33333,13.33333],"texture":"#1"},"down":{"uv":[14.16667,8,13.33333,8.83333],"texture":"#1"}}},{"from":[7.6,7,7.6],"to":[8.4,8,8.4],"rotation":{"angle":0,"axis":"y","origin":[7.5,7.5,7.5]},"faces":{"north":{"uv":[4,14.66667,4.5,15.33333],"texture":"#1"},"east":{"uv":[14.66667,4,15.16667,4.66667],"texture":"#1"},"south":{"uv":[4.66667,14.66667,5.16667,15.33333],"texture":"#1"},"west":{"uv":[14.66667,4.66667,15.16667,5.33333],"texture":"#1"},"up":{"uv":[14.5,15.16667,14,14.66667],"texture":"#1"},"down":{"uv":[15.16667,14,14.66667,14.5],"texture":"#1"}}},{"from":[7.5,2,7.5],"to":[8.5,4,8.5],"rotation":{"angle":0,"axis":"y","origin":[7.5,7.5,7.5]},"faces":{"north":{"uv":[12.66667,0,13.33333,1.33333],"texture":"#1"},"east":{"uv":[0.66667,12.66667,1.33333,14],"texture":"#1"},"south":{"uv":[12.66667,1.33333,13.33333,2.66667],"texture":"#1"},"west":{"uv":[12.66667,2.66667,13.33333,4],"texture":"#1"},"up":{"uv":[14.66667,3.33333,14,2.66667],"texture":"#1"},"down":{"uv":[14.66667,3.33333,14,4],"texture":"#1"}}},{"from":[7.5,5,7.5],"to":[8.5,7,8.5],"rotation":{"angle":0,"axis":"y","origin":[7.5,7.5,7.5]},"faces":{"north":{"uv":[12.66667,4.66667,13.33333,6],"texture":"#1"},"east":{"uv":[12.66667,7.33333,13.33333,8.66667],"texture":"#1"},"south":{"uv":[12.66667,10,13.33333,11.33333],"texture":"#1"},"west":{"uv":[11.33333,12.66667,12,14],"texture":"#1"},"up":{"uv":[9.33333,14.66667,8.66667,14],"texture":"#1"},"down":{"uv":[10,14,9.33333,14.66667],"texture":"#1"}}},{"from":[7.5,7.9,7],"to":[8.5,10.2,9.3],"rotation":{"angle":-45,"axis":"x","origin":[8,8.9,8]},"faces":{"north":{"uv":[11.33333,10.66667,12,12.16667],"texture":"#1"},"east":{"uv":[2.66667,10,4.16667,11.5],"texture":"#1"},"south":{"uv":[12,0,12.66667,1.5],"texture":"#1"},"west":{"uv":[4.66667,10,6.16667,11.5],"texture":"#1"},"up":{"uv":[12.66667,3.5,12,2],"texture":"#1"},"down":{"uv":[3.33333,12,2.66667,13.5],"texture":"#1"}}},{"from":[7.6,10.1,7.6],"to":[8.4,11.1,8.4],"rotation":{"angle":0,"axis":"y","origin":[7.5,10.1,7.5]},"faces":{"north":{"uv":[5.33333,14.66667,5.83333,15.33333],"texture":"#1"},"east":{"uv":[14.66667,5.33333,15.16667,6],"texture":"#1"},"south":{"uv":[6,14.66667,6.5,15.33333],"texture":"#1"},"west":{"uv":[14.66667,6,15.16667,6.66667],"texture":"#1"},"up":{"uv":[15.16667,15.16667,14.66667,14.66667],"texture":"#1"},"down":{"uv":[0.5,15.33333,0,15.83333],"texture":"#1"}}},{"from":[7.6,16.1,7.6],"to":[8.4,17.1,8.4],"rotation":{"angle":0,"axis":"y","origin":[7.5,16.1,7.5]},"faces":{"north":{"uv":[8,14.66667,8.5,15.33333],"texture":"#1"},"east":{"uv":[14.66667,8,15.16667,8.66667],"texture":"#1"},"south":{"uv":[8.66667,14.66667,9.16667,15.33333],"texture":"#1"},"west":{"uv":[14.66667,8.66667,15.16667,9.33333],"texture":"#1"},"up":{"uv":[15.83333,1.16667,15.33333,0.66667],"texture":"#1"},"down":{"uv":[1.83333,15.33333,1.33333,15.83333],"texture":"#1"}}},{"from":[7.6,22.1,7.6],"to":[8.4,23.1,8.4],"rotation":{"angle":0,"axis":"y","origin":[7.5,25.1,7.5]},"faces":{"north":{"uv":[6.66667,14.66667,7.16667,15.33333],"texture":"#1"},"east":{"uv":[14.66667,6.66667,15.16667,7.33333],"texture":"#1"},"south":{"uv":[7.33333,14.66667,7.83333,15.33333],"texture":"#1"},"west":{"uv":[14.66667,7.33333,15.16667,8],"texture":"#1"},"up":{"uv":[15.83333,0.5,15.33333,0],"texture":"#1"},"down":{"uv":[1.16667,15.33333,0.66667,15.83333],"texture":"#1"}}},{"from":[7.4,11.1,7.4],"to":[8.6,16.1,8.6],"rotation":{"angle":0,"axis":"y","origin":[7.5,11.1,7.5]},"faces":{"north":{"uv":[1.33333,6.66667,2.16667,10],"texture":"#1"},"east":{"uv":[2.66667,6.66667,3.5,10],"texture":"#1"},"south":{"uv":[4,6.66667,4.83333,10],"texture":"#1"},"west":{"uv":[5.33333,6.66667,6.16667,10],"texture":"#1"},"up":{"uv":[14.16667,10.16667,13.33333,9.33333],"texture":"#1"},"down":{"uv":[14.16667,10.66667,13.33333,11.5],"texture":"#1"}}},{"from":[7.4,17.1,7.4],"to":[8.6,22.1,8.6],"rotation":{"angle":0,"axis":"y","origin":[7.5,17.1,7.5]},"faces":{"north":{"uv":[6.66667,6.66667,7.5,10],"texture":"#1"},"east":{"uv":[8,6.66667,8.83333,10],"texture":"#1"},"south":{"uv":[9.33333,6.66667,10.16667,10],"texture":"#1"},"west":{"uv":[1.33333,10,2.16667,13.33333],"texture":"#1"},"up":{"uv":[14.16667,12.83333,13.33333,12],"texture":"#1"},"down":{"uv":[14.16667,13.33333,13.33333,14.16667],"texture":"#1"}}},{"from":[7.5244,23.84576,2.60851],"to":[8.4756,25.74816,3.55971],"rotation":{"angle":45,"axis":"x","origin":[8,24.79696,3.08411]},"faces":{"north":{"uv":[12.66667,11.33333,13.33333,12.66667],"texture":"#1"},"east":{"uv":[12,12.66667,12.66667,14],"texture":"#1"},"south":{"uv":[12.66667,12.66667,13.33333,14],"texture":"#1"},"west":{"uv":[13.33333,0,14,1.33333],"texture":"#1"},"up":{"uv":[10.66667,14.66667,10,14],"texture":"#1"},"down":{"uv":[11.33333,14,10.66667,14.66667],"texture":"#1"}}},{"from":[7.4,23.1,6.5],"to":[8.6,25.1,8.5],"rotation":{"angle":-45,"axis":"x","origin":[7.9,24.6,8]},"faces":{"north":{"uv":[10.66667,6.66667,11.5,8],"texture":"#1"},"east":{"uv":[6.66667,4.66667,8,6],"texture":"#1"},"south":{"uv":[8,10.66667,8.83333,12],"texture":"#1"},"west":{"uv":[8,4.66667,9.33333,6],"texture":"#1"},"up":{"uv":[11.5,9.33333,10.66667,8],"texture":"#1"},"down":{"uv":[10.16667,10.66667,9.33333,12],"texture":"#1"}}},{"from":[7.2,23.3,6.7],"to":[8.8,24.9,8.3],"rotation":{"angle":-45,"axis":"x","origin":[7.9,24.6,8]},"faces":{"north":{"uv":[11.33333,4.66667,12.33333,5.66667],"texture":"#1"},"east":{"uv":[3.33333,12,4.33333,13],"texture":"#1"},"south":{"uv":[4.66667,12,5.66667,13],"texture":"#1"},"west":{"uv":[6,12,7,13],"texture":"#1"},"up":{"uv":[13,7,12,6],"texture":"#1"},"down":{"uv":[8.33333,12,7.33333,13],"texture":"#1"}}},{"from":[7.5,22.18579,6.37868],"to":[8.5,24.18579,7.37868],"rotation":{"angle":-45,"axis":"x","origin":[7.5,23.18579,5.87868]},"faces":{"north":{"uv":[1.33333,13.33333,2,14.66667],"texture":"#1"},"east":{"uv":[13.33333,1.33333,14,2.66667],"texture":"#1"},"south":{"uv":[2,13.33333,2.66667,14.66667],"texture":"#1"},"west":{"uv":[13.33333,2.66667,14,4],"texture":"#1"},"up":{"uv":[12,14.66667,11.33333,14],"texture":"#1"},"down":{"uv":[12.66667,14,12,14.66667],"texture":"#1"}}},{"from":[7.6,23.69289,4.07157],"to":[8.4,24.69289,7.07157],"rotation":{"angle":22.5,"axis":"x","origin":[8,23.89289,5.17157]},"faces":{"north":{"uv":[9.33333,14.66667,9.83333,15.33333],"texture":"#1"},"east":{"uv":[9.33333,4.66667,11.33333,5.33333],"texture":"#1"},"south":{"uv":[14.66667,9.33333,15.16667,10],"texture":"#1"},"west":{"uv":[9.33333,5.33333,11.33333,6],"texture":"#1"},"up":{"uv":[12.5,9.33333,12,7.33333],"texture":"#1"},"down":{"uv":[9.16667,12,8.66667,14],"texture":"#1"}}},{"from":[7.6,20.93459,3.7428],"to":[8.4,23.93459,4.7428],"rotation":{"angle":-45,"axis":"x","origin":[8,22.93459,3.0428]},"faces":{"north":{"uv":[9.33333,12,9.83333,14],"texture":"#1"},"east":{"uv":[6.66667,10,7.33333,12],"texture":"#1"},"south":{"uv":[10,12,10.5,14],"texture":"#1"},"west":{"uv":[7.33333,10,8,12],"texture":"#1"},"up":{"uv":[10.5,15.33333,10,14.66667],"texture":"#1"},"down":{"uv":[15.16667,10,14.66667,10.66667],"texture":"#1"}}},{"from":[7.8,23.32957,5.1591],"to":[8.2,24.32957,6.1591],"rotation":{"angle":-45,"axis":"x","origin":[7.8,23.42957,5.6591]},"faces":{"north":{"uv":[15.33333,2.66667,15.66667,3.33333],"texture":"#1"},"east":{"uv":[12.66667,14,13.33333,14.66667],"texture":"#1"},"south":{"uv":[3.33333,15.33333,3.66667,16],"texture":"#1"},"west":{"uv":[0,14.66667,0.66667,15.33333],"texture":"#1"},"up":{"uv":[15.66667,4,15.33333,3.33333],"texture":"#1"},"down":{"uv":[4.33333,15.33333,4,16],"texture":"#1"}}},{"from":[7.5,23.21789,2.07157],"to":[8.5,24.21789,5.07157],"rotation":{"angle":22.5,"axis":"x","origin":[8,23.89289,5.17157]},"faces":{"north":{"uv":[0.66667,14.66667,1.33333,15.33333],"texture":"#1"},"east":{"uv":[8,10,10,10.66667],"texture":"#1"},"south":{"uv":[1.33333,14.66667,2,15.33333],"texture":"#1"},"west":{"uv":[10,10,12,10.66667],"texture":"#1"},"up":{"uv":[11.33333,2,10.66667,0],"texture":"#1"},"down":{"uv":[11.33333,2,10.66667,4],"texture":"#1"}}},{"from":[7.66,19.28892,-4.86923],"to":[8.34,20.28892,-3.86923],"rotation":{"angle":22.5,"axis":"x","origin":[8,21.45314,-2.85146]},"faces":{"north":{"uv":[10.66667,14.66667,11.16667,15.33333],"texture":"#1"},"east":{"uv":[2,14.66667,2.66667,15.33333],"texture":"#1"},"south":{"uv":[14.66667,10.66667,15.16667,11.33333],"texture":"#1"},"west":{"uv":[14.66667,2,15.33333,2.66667],"texture":"#1"},"up":{"uv":[11.83333,15.33333,11.33333,14.66667],"texture":"#1"},"down":{"uv":[15.16667,11.33333,14.66667,12],"texture":"#1"}}},{"from":[7.655,21.05669,-5.10146],"to":[8.345,22.05669,3.89854],"rotation":{"angle":-22.5,"axis":"x","origin":[8,21.45314,-2.85146]},"faces":{"north":{"uv":[12,14.66667,12.5,15.33333],"texture":"#1"},"east":{"uv":[0,6,6,6.66667],"texture":"#1"},"south":{"uv":[14.66667,12,15.16667,12.66667],"texture":"#1"},"west":{"uv":[6,6,12,6.66667],"texture":"#1"},"up":{"uv":[0.5,12.66667,0,6.66667],"texture":"#1"},"down":{"uv":[1.16667,6.66667,0.66667,12.66667],"texture":"#1"}}},{"from":[8,24.5,0],"to":[8,26.5,5],"rotation":{"angle":-22.5,"axis":"x","origin":[8,25.5,3]},"faces":{"north":{"uv":[0,0,0,1.33333],"texture":"#1"},"east":{"uv":[0,4.66667,3.33333,6],"texture":"#1"},"south":{"uv":[0,0,0,1.33333],"texture":"#1"},"west":{"uv":[3.33333,4.66667,6.66667,6],"texture":"#1"},"up":{"uv":[0,3.33333,0,0],"texture":"#1"},"down":{"uv":[0,0,0,3.33333],"texture":"#1"}}},{"from":[7.5244,23.84576,12.44029],"to":[8.4756,25.74816,13.39149],"rotation":{"angle":-45,"axis":"x","origin":[8,24.79696,12.91589]},"faces":{"north":{"uv":[13.33333,12.66667,12.66667,14],"texture":"#1"},"east":{"uv":[12.66667,12.66667,12,14],"texture":"#1"},"south":{"uv":[13.33333,11.33333,12.66667,12.66667],"texture":"#1"},"west":{"uv":[14,0,13.33333,1.33333],"texture":"#1"},"up":{"uv":[10.66667,14,10,14.66667],"texture":"#1"},"down":{"uv":[11.33333,14.66667,10.66667,14],"texture":"#1"}}},{"from":[7.5,22.18579,8.62132],"to":[8.5,24.18579,9.62132],"rotation":{"angle":45,"axis":"x","origin":[7.5,23.18579,10.12132]},"faces":{"north":{"uv":[2.66667,13.33333,2,14.66667],"texture":"#1"},"east":{"uv":[14,1.33333,13.33333,2.66667],"texture":"#1"},"south":{"uv":[2,13.33333,1.33333,14.66667],"texture":"#1"},"west":{"uv":[14,2.66667,13.33333,4],"texture":"#1"},"up":{"uv":[12,14,11.33333,14.66667],"texture":"#1"},"down":{"uv":[12.66667,14.66667,12,14],"texture":"#1"}}},{"from":[7.6,23.69289,8.92843],"to":[8.4,24.69289,11.92843],"rotation":{"angle":-22.5,"axis":"x","origin":[8,23.89289,10.82843]},"faces":{"north":{"uv":[15.16667,9.33333,14.66667,10],"texture":"#1"},"east":{"uv":[11.33333,4.66667,9.33333,5.33333],"texture":"#1"},"south":{"uv":[9.83333,14.66667,9.33333,15.33333],"texture":"#1"},"west":{"uv":[11.33333,5.33333,9.33333,6],"texture":"#1"},"up":{"uv":[12.5,7.33333,12,9.33333],"texture":"#1"},"down":{"uv":[9.16667,14,8.66667,12],"texture":"#1"}}},{"from":[7.6,20.93459,11.2572],"to":[8.4,23.93459,12.2572],"rotation":{"angle":45,"axis":"x","origin":[8,22.93459,12.9572]},"faces":{"north":{"uv":[10.5,12,10,14],"texture":"#1"},"east":{"uv":[7.33333,10,6.66667,12],"texture":"#1"},"south":{"uv":[9.83333,12,9.33333,14],"texture":"#1"},"west":{"uv":[8,10,7.33333,12],"texture":"#1"},"up":{"uv":[10.5,14.66667,10,15.33333],"texture":"#1"},"down":{"uv":[15.16667,10.66667,14.66667,10],"texture":"#1"}}},{"from":[7.8,23.32957,9.8409],"to":[8.2,24.32957,10.8409],"rotation":{"angle":45,"axis":"x","origin":[7.8,23.42957,10.3409]},"faces":{"north":{"uv":[3.66667,15.33333,3.33333,16],"texture":"#1"},"east":{"uv":[13.33333,14,12.66667,14.66667],"texture":"#1"},"south":{"uv":[15.66667,2.66667,15.33333,3.33333],"texture":"#1"},"west":{"uv":[0.66667,14.66667,0,15.33333],"texture":"#1"},"up":{"uv":[15.66667,3.33333,15.33333,4],"texture":"#1"},"down":{"uv":[4.33333,16,4,15.33333],"texture":"#1"}}},{"from":[7.5,23.21789,10.92843],"to":[8.5,24.21789,13.92843],"rotation":{"angle":-22.5,"axis":"x","origin":[8,23.89289,10.82843]},"faces":{"north":{"uv":[2,14.66667,1.33333,15.33333],"texture":"#1"},"east":{"uv":[10,10,8,10.66667],"texture":"#1"},"south":{"uv":[1.33333,14.66667,0.66667,15.33333],"texture":"#1"},"west":{"uv":[12,10,10,10.66667],"texture":"#1"},"up":{"uv":[11.33333,0,10.66667,2],"texture":"#1"},"down":{"uv":[11.33333,4,10.66667,2],"texture":"#1"}}},{"from":[8,20.73702,11.41389],"to":[8,25.73702,13.41389],"rotation":{"angle":22.5,"axis":"x","origin":[8,22.53702,12.31389]},"faces":{"north":{"uv":[0,3.33333,0,0],"rotation":180,"texture":"#1"},"east":{"uv":[3.33333,4.66667,0,6],"rotation":270,"texture":"#1"},"south":{"uv":[0,0,0,3.33333],"texture":"#1"},"west":{"uv":[6.66667,4.66667,3.33333,6],"rotation":90,"texture":"#1"},"up":{"uv":[0,0,0,1.33333],"rotation":180,"texture":"#1"},"down":{"uv":[0,0,0,1.33333],"texture":"#1"}}},{"from":[8,16,-6],"to":[8,23,10],"rotation":{"angle":-22.5,"axis":"x","origin":[8,15,0]},"faces":{"north":{"uv":[0,0,0,4.66667],"texture":"#1"},"east":{"uv":[10.66667,0,0,4.66667],"texture":"#1"},"south":{"uv":[0,0,0,4.66667],"texture":"#1"},"west":{"uv":[0,0,10.66667,4.66667],"texture":"#1"},"up":{"uv":[0,10.66667,0,0],"texture":"#1"},"down":{"uv":[0,0,0,10.66667],"texture":"#1"}}},{"from":[7.8,17.74564,-4.43503],"to":[7.8,22.74564,7.56497],"rotation":{"angle":-22.5,"axis":"x","origin":[7.8,16.34564,0.26497]},"faces":{"north":{"uv":[0,3.33334,0,0],"rotation":180,"texture":"#3"},"east":{"uv":[6,0,0,16],"rotation":90,"texture":"#3"},"south":{"uv":[0,0,0,3.33334],"texture":"#3"},"west":{"uv":[0,0,6,16],"rotation":270,"texture":"#3"},"up":{"uv":[0,0,0,8],"texture":"#3"},"down":{"uv":[0,0,0,8],"rotation":180,"texture":"#3"}}},{"from":[7,19.4,3.5],"to":[7,28.4,12.5],"faces":{"north":{"uv":[0,0,0,6],"texture":"#2"},"east":{"uv":[11.96667,0,0,11.96667],"texture":"#2"},"south":{"uv":[0,0,0,6],"texture":"#2"},"west":{"uv":[0,0,11.96667,11.96667],"texture":"#2"},"up":{"uv":[0,6,0,0],"texture":"#2"},"down":{"uv":[0,0,0,6],"texture":"#2"}}},{"from":[8.2,17.74564,-4.43503],"to":[8.2,22.74564,7.56497],"rotation":{"angle":-22.5,"axis":"x","origin":[8.2,16.34564,0.26497]},"faces":{"north":{"uv":[0,3.33334,0,0],"rotation":180,"texture":"#3"},"east":{"uv":[0,16,6,0],"rotation":270,"texture":"#3"},"south":{"uv":[0,0,0,3.33334],"texture":"#3"},"west":{"uv":[6,16,0,0],"rotation":90,"texture":"#3"},"up":{"uv":[0,0,0,8],"texture":"#3"},"down":{"uv":[0,0,0,8],"rotation":180,"texture":"#3"}}},{"from":[9,19.4,3.5],"to":[9,28.4,12.5],"rotation":{"angle":0,"axis":"y","origin":[16,0,0]},"faces":{"north":{"uv":[0,0,0,6],"texture":"#2"},"east":{"uv":[11.96667,0,0,11.96667],"texture":"#2"},"south":{"uv":[0,0,0,6],"texture":"#2"},"west":{"uv":[0,0,11.96667,11.96667],"texture":"#2"},"up":{"uv":[0,6,0,0],"texture":"#2"},"down":{"uv":[0,0,0,6],"texture":"#2"}}}],"gui_light":"front","display":{"thirdperson_righthand":{"translation":[0,1.25,0.75]},"thirdperson_lefthand":{"translation":[0,1.25,0.75]},"firstperson_righthand":{"rotation":[-15,0,0],"translation":[5.75,0,-2.5]},"firstperson_lefthand":{"rotation":[-15,0,0],"translation":[5.75,0,-2.5]},"ground":{"rotation":[0,0,-77],"translation":[-4.75,0.25,0],"scale":[1.07813,1.07813,1.07813]},"gui":{"rotation":[90,-135,90],"translation":[-3.5,-2.75,0],"scale":[0.61445,0.61445,0.61445]},"head":{"scale":[0,0,0]},"fixed":{"rotation":[-90,90,90],"translation":[0,-7.5,-2.25],"scale":[2.05195,2.05195,2.05195]}}}