{"textures":{"0":"modelengine:entity/smolderingshadow"},"elements":[{"from":[26.42009,6.706564,13.622141],"to":[27.325747,7.6122217,21.320225],"faces":{"east":{"uv":[2.8125,13.65625,2.6875,12.5625],"tintindex":0,"rotation":90,"texture":"#0"},"south":{"uv":[6.15625,14.15625,6.28125,14.28125],"tintindex":0,"rotation":0,"texture":"#0"},"north":{"uv":[6.15625,14.15625,6.28125,14.28125],"tintindex":0,"rotation":0,"texture":"#0"},"west":{"uv":[2.8125,13.65625,2.6875,12.5625],"tintindex":0,"rotation":90,"texture":"#0"},"up":{"uv":[2.8125,13.65625,2.6875,12.5625],"tintindex":0,"rotation":0,"texture":"#0"},"down":{"uv":[2.8125,13.65625,2.6875,12.5625],"tintindex":0,"rotation":0,"texture":"#0"}},"rotation":{"origin":[7.806756,14.434772,-3.429781],"angle":-22.5,"axis":"y"}},{"from":[18.60896,6.787513,8.452661],"to":[19.514616,7.6931705,19.773375],"faces":{"east":{"uv":[1.4375,13.6875,1.3125,12.09375],"tintindex":0,"rotation":90,"texture":"#0"},"south":{"uv":[6.15625,14.15625,6.28125,14.28125],"tintindex":0,"rotation":0,"texture":"#0"},"north":{"uv":[6.15625,14.15625,6.28125,14.28125],"tintindex":0,"rotation":0,"texture":"#0"},"west":{"uv":[1.4375,13.6875,1.3125,12.09375],"tintindex":0,"rotation":90,"texture":"#0"},"up":{"uv":[1.4375,13.6875,1.3125,12.09375],"tintindex":0,"rotation":0,"texture":"#0"},"down":{"uv":[1.4375,13.6875,1.3125,12.09375],"tintindex":0,"rotation":0,"texture":"#0"}}},{"from":[15.485204,6.787513,13.91355],"to":[16.843689,7.6931705,15.724865],"faces":{"east":{"uv":[9.78125,13.90625,9.59375,13.65625],"tintindex":0,"rotation":90,"texture":"#0"},"south":{"uv":[6.15625,14.15625,6.28125,14.28125],"tintindex":0,"rotation":0,"texture":"#0"},"north":{"uv":[6.15625,14.15625,6.28125,14.28125],"tintindex":0,"rotation":0,"texture":"#0"},"west":{"uv":[9.78125,13.90625,9.59375,13.65625],"tintindex":0,"rotation":90,"texture":"#0"},"up":{"uv":[9.78125,13.90625,9.59375,13.65625],"tintindex":0,"rotation":0,"texture":"#0"},"down":{"uv":[9.78125,13.90625,9.59375,13.65625],"tintindex":0,"rotation":0,"texture":"#0"}},"rotation":{"origin":[7.806756,14.434772,1.3202186],"angle":-22.5,"axis":"y"}},{"from":[9.746658,6.3019543,6.6351852],"to":[12.010805,8.113269,16.144585],"faces":{"east":{"uv":[10.625,6.53125,11.96875,6.78125],"tintindex":0,"rotation":0,"texture":"#0"},"south":{"uv":[6.03125,13.25,6.34375,13.5],"tintindex":0,"rotation":0,"texture":"#0"},"north":{"uv":[3.15625,13.25,3.46875,13.5],"tintindex":0,"rotation":0,"texture":"#0"},"west":{"uv":[10.65625,10.09375,12.0,10.34375],"tintindex":0,"rotation":0,"texture":"#0"},"up":{"uv":[5.34375,11.53125,5.03125,10.1875],"tintindex":0,"rotation":0,"texture":"#0"},"down":{"uv":[10.625,10.3125,10.3125,11.65625],"tintindex":0,"rotation":0,"texture":"#0"}},"rotation":{"origin":[10.801914,8.113207,15.41979],"angle":22.5,"axis":"y"}},{"from":[7.8358874,6.706564,17.181252],"to":[8.741545,7.6122217,23.068024],"faces":{"east":{"uv":[1.9375,13.59375,1.8125,12.75],"tintindex":0,"rotation":90,"texture":"#0"},"south":{"uv":[6.15625,14.15625,6.28125,14.28125],"tintindex":0,"rotation":0,"texture":"#0"},"north":{"uv":[6.15625,14.15625,6.28125,14.28125],"tintindex":0,"rotation":0,"texture":"#0"},"west":{"uv":[1.9375,13.59375,1.8125,12.75],"tintindex":0,"rotation":90,"texture":"#0"},"up":{"uv":[1.9375,13.59375,1.8125,12.75],"tintindex":0,"rotation":0,"texture":"#0"},"down":{"uv":[1.9375,13.59375,1.8125,12.75],"tintindex":0,"rotation":0,"texture":"#0"}},"rotation":{"origin":[10.445543,6.787509,24.67333],"angle":-45.0,"axis":"y"}},{"from":[14.06278,6.756564,6.865835],"to":[15.497354,7.2434435,7.3527184],"faces":{"east":{"uv":[6.375,9.03125,6.4375,9.09375],"tintindex":0,"rotation":0,"texture":"#0"},"south":{"uv":[0.625,13.0,0.84375,13.0625],"tintindex":0,"rotation":0,"texture":"#0"},"north":{"uv":[0.625,13.0,0.84375,13.0625],"tintindex":0,"rotation":0,"texture":"#0"},"west":{"uv":[10.1875,10.09375,10.25,10.15625],"tintindex":0,"rotation":0,"texture":"#0"},"up":{"uv":[0.625,13.0625,0.84375,13.0],"tintindex":0,"rotation":0,"texture":"#0"},"down":{"uv":[0.625,13.0,0.84375,13.0625],"tintindex":0,"rotation":0,"texture":"#0"}},"rotation":{"origin":[18.5,8.0,6.25],"angle":-22.5,"axis":"y"}},{"from":[6.230212,7.240341,8.311729],"to":[19.382545,7.2434216,25.254293],"faces":{"south":{"uv":[13.0,0.53125,15.1875,0.5625],"tintindex":0,"rotation":0,"texture":"#0"},"north":{"uv":[12.8125,5.9375,15.0,5.96875],"tintindex":0,"rotation":0,"texture":"#0"},"up":{"uv":[2.1875,6.84375,0.0,4.4375],"tintindex":0,"rotation":0,"texture":"#0"},"down":{"uv":[2.1875,4.4375,0.0,6.84375],"tintindex":0,"rotation":0,"texture":"#0"}}},{"from":[20.60898,6.787513,5.82616],"to":[21.514637,7.6931705,13.977074],"faces":{"east":{"uv":[11.34375,13.65625,11.21875,12.5],"tintindex":0,"rotation":90,"texture":"#0"},"south":{"uv":[6.15625,14.15625,6.28125,14.28125],"tintindex":0,"rotation":0,"texture":"#0"},"north":{"uv":[6.15625,14.15625,6.28125,14.28125],"tintindex":0,"rotation":0,"texture":"#0"},"west":{"uv":[11.34375,13.65625,11.21875,12.5],"tintindex":0,"rotation":90,"texture":"#0"},"up":{"uv":[11.34375,13.65625,11.21875,12.5],"tintindex":0,"rotation":0,"texture":"#0"},"down":{"uv":[11.34375,13.65625,11.21875,12.5],"tintindex":0,"rotation":0,"texture":"#0"}},"rotation":{"origin":[7.306756,14.434772,-1.679781],"angle":-22.5,"axis":"y"}},{"from":[17.008476,6.3346844,7.8053775],"to":[18.81979,8.145999,17.314777],"faces":{"east":{"uv":[10.59375,7.625,11.9375,7.875],"tintindex":0,"rotation":0,"texture":"#0"},"south":{"uv":[7.1875,13.375,7.4375,13.625],"tintindex":0,"rotation":0,"texture":"#0"},"north":{"uv":[3.75,13.375,4.0,13.625],"tintindex":0,"rotation":0,"texture":"#0"},"west":{"uv":[10.625,6.25,11.96875,6.5],"tintindex":0,"rotation":0,"texture":"#0"},"up":{"uv":[7.25,11.5625,7.0,10.21875],"tintindex":0,"rotation":0,"texture":"#0"},"down":{"uv":[11.0,2.03125,10.75,3.375],"tintindex":0,"rotation":0,"texture":"#0"}},"rotation":{"origin":[17.959686,8.145991,8.423396],"angle":-45.0,"axis":"y"}},{"from":[17.03004,6.674306,6.3125067],"to":[18.116829,7.761094,7.9426856],"faces":{"east":{"uv":[5.0625,12.15625,5.28125,12.3125],"tintindex":0,"rotation":0,"texture":"#0"},"south":{"uv":[13.90625,7.0,14.0625,7.15625],"tintindex":0,"rotation":0,"texture":"#0"},"north":{"uv":[10.65625,13.46875,10.8125,13.625],"tintindex":0,"rotation":0,"texture":"#0"},"west":{"uv":[5.28125,12.15625,5.0625,12.3125],"tintindex":0,"rotation":0,"texture":"#0"},"up":{"uv":[5.0625,12.15625,5.28125,12.3125],"tintindex":0,"rotation":270,"texture":"#0"},"down":{"uv":[5.0625,12.15625,5.28125,12.3125],"tintindex":0,"rotation":90,"texture":"#0"}},"rotation":{"origin":[17.254723,8.0,8.400936],"angle":45.0,"axis":"y"}},{"from":[8.165602,6.7315645,18.475636],"to":[9.071262,7.6372213,20.739777],"faces":{"east":{"uv":[10.0625,4.625,9.9375,4.3125],"tintindex":0,"rotation":90,"texture":"#0"},"south":{"uv":[6.15625,14.15625,6.28125,14.28125],"tintindex":0,"rotation":0,"texture":"#0"},"north":{"uv":[6.15625,14.15625,6.28125,14.28125],"tintindex":0,"rotation":0,"texture":"#0"},"west":{"uv":[10.0625,4.625,9.9375,4.3125],"tintindex":0,"rotation":270,"texture":"#0"},"up":{"uv":[10.0625,4.625,9.9375,4.3125],"tintindex":0,"rotation":0,"texture":"#0"},"down":{"uv":[10.0625,4.625,9.9375,4.3125],"tintindex":0,"rotation":0,"texture":"#0"}},"rotation":{"origin":[10.186122,6.787509,19.928074],"angle":-45.0,"axis":"y"}},{"from":[17.293804,6.810231,5.1742744],"to":[17.989334,7.5057735,6.3697414],"faces":{"east":{"uv":[6.46875,9.03125,6.625,9.125],"tintindex":0,"rotation":0,"texture":"#0"},"south":{"uv":[13.4375,14.21875,13.53125,14.3125],"tintindex":0,"rotation":0,"texture":"#0"},"north":{"uv":[12.71875,14.21875,12.8125,14.3125],"tintindex":0,"rotation":0,"texture":"#0"},"west":{"uv":[6.625,9.03125,6.46875,9.125],"tintindex":0,"rotation":0,"texture":"#0"},"up":{"uv":[6.46875,9.03125,6.625,9.125],"tintindex":0,"rotation":270,"texture":"#0"},"down":{"uv":[6.46875,9.03125,6.625,9.125],"tintindex":0,"rotation":90,"texture":"#0"}},"rotation":{"origin":[17.254723,8.0,8.400936],"angle":45.0,"axis":"y"}}],"display":{"gui":{"rotation":[30,225,0]}}}