{"textures":{"0":"modelengine:entity/oar_fish"},"elements":[{"from":[5.5,4.0,8.0],"to":[10.5,11.0,17.0],"faces":{"east":{"uv":[6.5,1.75,8.75,3.5],"tintindex":0,"rotation":0,"texture":"#0"},"south":{"uv":[9.75,0.0,11.0,1.75],"tintindex":0,"rotation":0,"texture":"#0"},"north":{"uv":[2.25,9.5,3.5,11.25],"tintindex":0,"rotation":0,"texture":"#0"},"west":{"uv":[6.5,1.75,8.75,3.5],"tintindex":0,"rotation":0,"texture":"#0"},"up":{"uv":[3.5,9.5,2.25,7.25],"tintindex":0,"rotation":0,"texture":"#0"},"down":{"uv":[9.5,3.5,8.25,5.75],"tintindex":0,"rotation":0,"texture":"#0"}}},{"from":[8.0,11.0,8.0],"to":[8.0,15.0,17.0],"faces":{"east":{"uv":[14.25,7.0,12.0,8.0],"tintindex":0,"rotation":0,"texture":"#0"},"west":{"uv":[12.0,7.0,14.25,8.0],"tintindex":0,"rotation":0,"texture":"#0"}}}],"display":{"gui":{"rotation":[30,225,0]}}}