{"textures":{"0":"modelengine:entity/lavagolem"},"elements":[{"from":[5.5,5.5930634,7.624691],"to":[10.5,10.593063,13.624691],"faces":{"east":{"uv":[9.5,4.875,9.6875,5.03125],"tintindex":0,"rotation":0,"texture":"#0"},"south":{"uv":[5.1875,9.65625,5.34375,9.8125],"tintindex":0,"rotation":0,"texture":"#0"},"north":{"uv":[4.875,9.65625,5.03125,9.8125],"tintindex":0,"rotation":0,"texture":"#0"},"west":{"uv":[4.90625,9.5,5.09375,9.65625],"tintindex":0,"rotation":0,"texture":"#0"},"up":{"uv":[3.59375,9.6875,3.4375,9.5],"tintindex":0,"rotation":0,"texture":"#0"},"down":{"uv":[9.65625,5.40625,9.5,5.59375],"tintindex":0,"rotation":0,"texture":"#0"}},"rotation":{"origin":[7.5,1.5930634,10.624691],"angle":-22.5,"axis":"x"}},{"from":[6.0,0.59306335,6.324691],"to":[10.0,8.593063,10.324691],"faces":{"east":{"uv":[0.46875,9.46875,0.59375,9.71875],"tintindex":0,"rotation":0,"texture":"#0"},"south":{"uv":[0.59375,9.46875,0.71875,9.71875],"tintindex":0,"rotation":0,"texture":"#0"},"north":{"uv":[0.34375,9.46875,0.46875,9.71875],"tintindex":0,"rotation":0,"texture":"#0"},"west":{"uv":[0.71875,9.46875,0.84375,9.71875],"tintindex":0,"rotation":0,"texture":"#0"},"up":{"uv":[9.96875,9.90625,9.84375,9.78125],"tintindex":0,"rotation":0,"texture":"#0"},"down":{"uv":[0.125,9.875,0.0,10.0],"tintindex":0,"rotation":0,"texture":"#0"}}}],"display":{"gui":{"rotation":[30,225,0]}}}