{"textures":{"0":"modelengine:entity/chest_orc"},"elements":[{"from":[-12.715731,-11.33,24.440384],"to":[-10.573154,-2.759696,27.011475],"faces":{"east":{"uv":[1.1875,8.875,1.0,9.5],"tintindex":0,"rotation":0,"texture":"#0"},"south":{"uv":[9.0625,0.625,8.875,1.25],"tintindex":0,"rotation":0,"texture":"#0"},"north":{"uv":[1.4375,8.875,1.25,9.5],"tintindex":0,"rotation":0,"texture":"#0"},"west":{"uv":[1.6875,8.875,1.5,9.5],"tintindex":0,"rotation":0,"texture":"#0"},"up":{"uv":[9.5625,3.875,9.375,4.0625],"tintindex":0,"rotation":0,"texture":"#0"},"down":{"uv":[9.5625,4.3125,9.375,4.125],"tintindex":0,"rotation":0,"texture":"#0"}},"rotation":{"origin":[-11.6444435,-7.0448475,25.72593],"angle":45.0,"axis":"x"}},{"from":[13.391395,-7.8588104,2.7895994],"to":[15.105455,-4.430689,28.500511],"faces":{"east":{"uv":[5.625,1.5,7.5,1.75],"tintindex":0,"rotation":0,"texture":"#0"},"south":{"uv":[1.0,8.625,1.125,8.875],"tintindex":0,"rotation":0,"texture":"#0"},"north":{"uv":[3.375,6.625,3.5,6.875],"tintindex":0,"rotation":0,"texture":"#0"},"west":{"uv":[6.875,5.375,8.75,5.625],"tintindex":0,"rotation":0,"texture":"#0"},"up":{"uv":[5.125,9.125,5.0,7.25],"tintindex":0,"rotation":0,"texture":"#0"},"down":{"uv":[5.25,7.25,5.125,9.125],"tintindex":0,"rotation":0,"texture":"#0"}}},{"from":[-11.746355,-11.293787,1.8629577],"to":[-5.7334294,2.860926,7.875883],"faces":{"east":{"uv":[6.875,5.625,7.3125,6.6875],"tintindex":0,"rotation":0,"texture":"#0"},"south":{"uv":[6.125,6.875,6.5625,7.9375],"tintindex":0,"rotation":0,"texture":"#0"},"north":{"uv":[2.875,6.625,3.3125,7.6875],"tintindex":0,"rotation":0,"texture":"#0"},"west":{"uv":[6.625,6.875,7.0625,7.9375],"tintindex":0,"rotation":0,"texture":"#0"},"up":{"uv":[7.3125,8.6875,6.875,8.25],"tintindex":0,"rotation":0,"texture":"#0"},"down":{"uv":[7.8125,8.25,7.375,8.6875],"tintindex":0,"rotation":0,"texture":"#0"}}},{"from":[15.073154,-11.33,4.278635],"to":[17.21573,-2.759696,6.8497267],"faces":{"east":{"uv":[1.6875,8.875,1.5,9.5],"tintindex":0,"rotation":0,"texture":"#0"},"south":{"uv":[1.4375,8.875,1.25,9.5],"tintindex":0,"rotation":0,"texture":"#0"},"north":{"uv":[9.0625,0.625,8.875,1.25],"tintindex":0,"rotation":0,"texture":"#0"},"west":{"uv":[1.1875,8.875,1.0,9.5],"tintindex":0,"rotation":0,"texture":"#0"},"up":{"uv":[9.375,4.0625,9.5625,3.875],"tintindex":0,"rotation":0,"texture":"#0"},"down":{"uv":[9.375,4.125,9.5625,4.3125],"tintindex":0,"rotation":0,"texture":"#0"}},"rotation":{"origin":[16.144444,-7.0448475,5.5641804],"angle":-45.0,"axis":"x"}},{"from":[10.206405,0.70806587,24.274683],"to":[16.212473,5.0000734,28.566694],"faces":{"east":{"uv":[0.5,9.0,0.8125,9.3125],"tintindex":0,"rotation":0,"texture":"#0"},"south":{"uv":[8.375,8.25,8.8125,8.5625],"tintindex":0,"rotation":0,"texture":"#0"},"north":{"uv":[1.125,8.5,1.5625,8.8125],"tintindex":0,"rotation":0,"texture":"#0"},"west":{"uv":[8.875,8.625,9.1875,8.9375],"tintindex":0,"rotation":0,"texture":"#0"},"up":{"uv":[1.625,8.5,2.0625,8.8125],"tintindex":0,"rotation":0,"texture":"#0"},"down":{"uv":[2.125,8.8125,2.5625,8.5],"tintindex":0,"rotation":0,"texture":"#0"}},"rotation":{"origin":[13.209438,2.8540697,26.420689],"angle":-45.0,"axis":"x"}},{"from":[-8.891396,-7.8588104,26.78645],"to":[13.391395,-4.430689,28.500511],"faces":{"east":{"uv":[8.75,7.5,8.875,7.75],"tintindex":0,"rotation":0,"texture":"#0"},"south":{"uv":[7.25,0.0,8.875,0.25],"tintindex":0,"rotation":0,"texture":"#0"},"north":{"uv":[0.0,7.125,1.625,7.375],"tintindex":0,"rotation":0,"texture":"#0"},"west":{"uv":[8.5,8.875,8.625,9.125],"tintindex":0,"rotation":0,"texture":"#0"},"up":{"uv":[4.5,8.125,2.875,8.0],"tintindex":0,"rotation":0,"texture":"#0"},"down":{"uv":[4.5,8.125,2.875,8.25],"tintindex":0,"rotation":0,"texture":"#0"}}},{"from":[10.23343,-11.293787,23.414227],"to":[16.246355,2.860926,29.427153],"faces":{"east":{"uv":[6.625,6.875,7.0625,7.9375],"tintindex":0,"rotation":0,"texture":"#0"},"south":{"uv":[2.875,6.625,3.3125,7.6875],"tintindex":0,"rotation":0,"texture":"#0"},"north":{"uv":[6.125,6.875,6.5625,7.9375],"tintindex":0,"rotation":0,"texture":"#0"},"west":{"uv":[6.875,5.625,7.3125,6.6875],"tintindex":0,"rotation":0,"texture":"#0"},"up":{"uv":[6.875,8.25,7.3125,8.6875],"tintindex":0,"rotation":0,"texture":"#0"},"down":{"uv":[7.375,8.6875,7.8125,8.25],"tintindex":0,"rotation":0,"texture":"#0"}}},{"from":[-12.715731,-11.33,4.278635],"to":[-10.573154,-2.759696,6.8497267],"faces":{"east":{"uv":[1.0,8.875,1.1875,9.5],"tintindex":0,"rotation":0,"texture":"#0"},"south":{"uv":[1.25,8.875,1.4375,9.5],"tintindex":0,"rotation":0,"texture":"#0"},"north":{"uv":[8.875,0.625,9.0625,1.25],"tintindex":0,"rotation":0,"texture":"#0"},"west":{"uv":[1.5,8.875,1.6875,9.5],"tintindex":0,"rotation":0,"texture":"#0"},"up":{"uv":[9.5625,4.0625,9.375,3.875],"tintindex":0,"rotation":0,"texture":"#0"},"down":{"uv":[9.5625,4.125,9.375,4.3125],"tintindex":0,"rotation":0,"texture":"#0"}},"rotation":{"origin":[-11.6444435,-7.0448475,5.5641804],"angle":-45.0,"axis":"x"}},{"from":[11.479565,-11.781464,1.0434542],"to":[13.87925,-2.6112385,3.1860294],"faces":{"east":{"uv":[8.0625,8.625,7.875,9.3125],"tintindex":0,"rotation":0,"texture":"#0"},"south":{"uv":[6.6875,8.625,6.5,9.3125],"tintindex":0,"rotation":0,"texture":"#0"},"north":{"uv":[6.1875,8.625,6.0,9.3125],"tintindex":0,"rotation":0,"texture":"#0"},"west":{"uv":[6.4375,8.625,6.25,9.3125],"tintindex":0,"rotation":0,"texture":"#0"},"up":{"uv":[9.375,3.5625,9.5625,3.375],"tintindex":0,"rotation":0,"texture":"#0"},"down":{"uv":[9.375,3.625,9.5625,3.8125],"tintindex":0,"rotation":0,"texture":"#0"}},"rotation":{"origin":[12.679407,-7.19635,2.1147413],"angle":-45.0,"axis":"z"}},{"from":[-11.746355,-11.293787,23.414227],"to":[-5.7334294,2.860926,29.427153],"faces":{"east":{"uv":[7.3125,5.625,6.875,6.6875],"tintindex":0,"rotation":0,"texture":"#0"},"south":{"uv":[3.3125,6.625,2.875,7.6875],"tintindex":0,"rotation":0,"texture":"#0"},"north":{"uv":[6.5625,6.875,6.125,7.9375],"tintindex":0,"rotation":0,"texture":"#0"},"west":{"uv":[7.0625,6.875,6.625,7.9375],"tintindex":0,"rotation":0,"texture":"#0"},"up":{"uv":[7.3125,8.25,6.875,8.6875],"tintindex":0,"rotation":0,"texture":"#0"},"down":{"uv":[7.8125,8.6875,7.375,8.25],"tintindex":0,"rotation":0,"texture":"#0"}}},{"from":[-9.37925,-11.781464,1.0434542],"to":[-6.9795647,-2.6112385,3.1860294],"faces":{"east":{"uv":[6.25,8.625,6.4375,9.3125],"tintindex":0,"rotation":0,"texture":"#0"},"south":{"uv":[6.5,8.625,6.6875,9.3125],"tintindex":0,"rotation":0,"texture":"#0"},"north":{"uv":[6.0,8.625,6.1875,9.3125],"tintindex":0,"rotation":0,"texture":"#0"},"west":{"uv":[7.875,8.625,8.0625,9.3125],"tintindex":0,"rotation":0,"texture":"#0"},"up":{"uv":[9.5625,3.5625,9.375,3.375],"tintindex":0,"rotation":0,"texture":"#0"},"down":{"uv":[9.5625,3.625,9.375,3.8125],"tintindex":0,"rotation":0,"texture":"#0"}},"rotation":{"origin":[-8.179407,-7.19635,2.1147413],"angle":45.0,"axis":"z"}},{"from":[-8.891396,-7.8588104,2.7895994],"to":[-2.0351524,-4.430689,4.50366],"faces":{"east":{"uv":[4.75,9.125,4.625,9.375],"tintindex":0,"rotation":0,"texture":"#0"},"south":{"uv":[8.625,8.625,8.125,8.875],"tintindex":0,"rotation":0,"texture":"#0"},"north":{"uv":[9.0,4.0,8.5,4.25],"tintindex":0,"rotation":0,"texture":"#0"},"west":{"uv":[1.0,9.0,0.875,9.25],"tintindex":0,"rotation":0,"texture":"#0"},"up":{"uv":[3.75,3.75,4.25,3.625],"tintindex":0,"rotation":0,"texture":"#0"},"down":{"uv":[4.25,3.625,4.75,3.75],"tintindex":0,"rotation":0,"texture":"#0"}}},{"from":[15.073154,-11.33,24.440384],"to":[17.21573,-2.759696,27.011475],"faces":{"east":{"uv":[1.5,8.875,1.6875,9.5],"tintindex":0,"rotation":0,"texture":"#0"},"south":{"uv":[8.875,0.625,9.0625,1.25],"tintindex":0,"rotation":0,"texture":"#0"},"north":{"uv":[1.25,8.875,1.4375,9.5],"tintindex":0,"rotation":0,"texture":"#0"},"west":{"uv":[1.0,8.875,1.1875,9.5],"tintindex":0,"rotation":0,"texture":"#0"},"up":{"uv":[9.375,3.875,9.5625,4.0625],"tintindex":0,"rotation":0,"texture":"#0"},"down":{"uv":[9.375,4.3125,9.5625,4.125],"tintindex":0,"rotation":0,"texture":"#0"}},"rotation":{"origin":[16.144444,-7.0448475,25.72593],"angle":45.0,"axis":"x"}},{"from":[2.6663206,-8.043366,2.7861707],"to":[6.1012983,1.4765273,4.5070877],"faces":{"east":{"uv":[3.5,5.5,3.625,6.1875],"tintindex":0,"rotation":0,"texture":"#0"},"south":{"uv":[4.75,8.25,5.0,8.9375],"tintindex":0,"rotation":0,"texture":"#0"},"north":{"uv":[1.625,5.625,1.875,6.3125],"tintindex":0,"rotation":0,"texture":"#0"},"west":{"uv":[3.5,6.25,3.625,6.9375],"tintindex":0,"rotation":0,"texture":"#0"},"up":{"uv":[5.0,3.75,4.75,3.625],"tintindex":0,"rotation":0,"texture":"#0"},"down":{"uv":[5.25,3.625,5.0,3.75],"tintindex":0,"rotation":0,"texture":"#0"}},"rotation":{"origin":[4.383809,-3.2834196,3.6466293],"angle":45.0,"axis":"z"}},{"from":[-2.8133223,-7.5413294,2.7861707],"to":[0.6216556,-1.4495572,4.5070877],"faces":{"east":{"uv":[1.5,7.875,1.625,8.3125],"tintindex":0,"rotation":0,"texture":"#0"},"south":{"uv":[8.875,7.5,9.125,7.9375],"tintindex":0,"rotation":0,"texture":"#0"},"north":{"uv":[8.875,6.75,9.125,7.1875],"tintindex":0,"rotation":0,"texture":"#0"},"west":{"uv":[7.75,8.75,7.875,9.1875],"tintindex":0,"rotation":0,"texture":"#0"},"up":{"uv":[5.875,1.875,5.625,1.75],"tintindex":0,"rotation":0,"texture":"#0"},"down":{"uv":[6.125,1.75,5.875,1.875],"tintindex":0,"rotation":0,"texture":"#0"}},"rotation":{"origin":[-1.0958328,-4.4954433,3.6466293],"angle":-45.0,"axis":"z"}},{"from":[-10.605455,-7.8588104,2.7895994],"to":[-8.891396,-4.430689,28.500511],"faces":{"east":{"uv":[8.75,5.375,6.875,5.625],"tintindex":0,"rotation":0,"texture":"#0"},"south":{"uv":[1.125,8.625,1.0,8.875],"tintindex":0,"rotation":0,"texture":"#0"},"north":{"uv":[3.5,6.625,3.375,6.875],"tintindex":0,"rotation":0,"texture":"#0"},"west":{"uv":[7.5,1.5,5.625,1.75],"tintindex":0,"rotation":0,"texture":"#0"},"up":{"uv":[5.0,9.125,5.125,7.25],"tintindex":0,"rotation":0,"texture":"#0"},"down":{"uv":[5.125,7.25,5.25,9.125],"tintindex":0,"rotation":0,"texture":"#0"}}},{"from":[15.062871,-5.2586303,1.0331693],"to":[17.226017,-3.0954852,3.453423],"faces":{"east":{"uv":[9.5625,5.375,9.375,5.5625],"tintindex":0,"rotation":0,"texture":"#0"},"south":{"uv":[9.5625,4.875,9.375,5.0625],"tintindex":0,"rotation":0,"texture":"#0"},"north":{"uv":[9.5625,4.375,9.375,4.5625],"tintindex":0,"rotation":0,"texture":"#0"},"west":{"uv":[9.5625,4.625,9.375,4.8125],"tintindex":0,"rotation":0,"texture":"#0"},"up":{"uv":[9.375,5.8125,9.5625,5.625],"tintindex":0,"rotation":0,"texture":"#0"},"down":{"uv":[5.875,9.375,6.0625,9.5625],"tintindex":0,"rotation":0,"texture":"#0"}}},{"from":[-11.712472,0.70806587,2.723416],"to":[-5.7064047,5.0000734,7.0154247],"faces":{"east":{"uv":[8.875,8.625,9.1875,8.9375],"tintindex":0,"rotation":0,"texture":"#0"},"south":{"uv":[1.125,8.5,1.5625,8.8125],"tintindex":0,"rotation":0,"texture":"#0"},"north":{"uv":[8.375,8.25,8.8125,8.5625],"tintindex":0,"rotation":0,"texture":"#0"},"west":{"uv":[0.5,9.0,0.8125,9.3125],"tintindex":0,"rotation":0,"texture":"#0"},"up":{"uv":[2.0625,8.8125,1.625,8.5],"tintindex":0,"rotation":0,"texture":"#0"},"down":{"uv":[2.5625,8.5,2.125,8.8125],"tintindex":0,"rotation":0,"texture":"#0"}},"rotation":{"origin":[-8.709438,2.8540697,4.86942],"angle":45.0,"axis":"x"}},{"from":[-8.891396,-6.1447487,4.50366],"to":[13.391395,4.139615,26.78645],"faces":{"east":{"uv":[5.625,0.0,7.25,0.75],"tintindex":0,"rotation":0,"texture":"#0"},"south":{"uv":[5.625,0.75,7.25,1.5],"tintindex":0,"rotation":0,"texture":"#0"},"north":{"uv":[0.0,5.625,1.625,6.375],"tintindex":0,"rotation":0,"texture":"#0"},"west":{"uv":[0.0,6.375,1.625,7.125],"tintindex":0,"rotation":0,"texture":"#0"},"up":{"uv":[5.25,5.375,3.625,3.75],"tintindex":0,"rotation":0,"texture":"#0"},"down":{"uv":[6.875,3.625,5.25,5.25],"tintindex":0,"rotation":0,"texture":"#0"}}},{"from":[-9.748425,-9.57287,3.6466293],"to":[14.2484255,-6.1447487,27.64348],"faces":{"east":{"uv":[7.125,3.25,8.875,3.5],"tintindex":0,"rotation":0,"texture":"#0"},"south":{"uv":[7.125,6.75,8.875,7.0],"tintindex":0,"rotation":0,"texture":"#0"},"north":{"uv":[7.125,3.0,8.875,3.25],"tintindex":0,"rotation":0,"texture":"#0"},"west":{"uv":[7.125,7.0,8.875,7.25],"tintindex":0,"rotation":0,"texture":"#0"},"up":{"uv":[3.625,5.5,1.875,3.75],"tintindex":0,"rotation":0,"texture":"#0"},"down":{"uv":[5.5,1.875,3.75,3.625],"tintindex":0,"rotation":0,"texture":"#0"}}},{"from":[6.535152,-7.8588104,2.7895994],"to":[13.391395,-4.430689,4.50366],"faces":{"east":{"uv":[0.875,9.0,1.0,9.25],"tintindex":0,"rotation":0,"texture":"#0"},"south":{"uv":[8.125,8.625,8.625,8.875],"tintindex":0,"rotation":0,"texture":"#0"},"north":{"uv":[8.5,4.0,9.0,4.25],"tintindex":0,"rotation":0,"texture":"#0"},"west":{"uv":[4.625,9.125,4.75,9.375],"tintindex":0,"rotation":0,"texture":"#0"},"up":{"uv":[4.25,3.75,3.75,3.625],"tintindex":0,"rotation":0,"texture":"#0"},"down":{"uv":[4.75,3.625,4.25,3.75],"tintindex":0,"rotation":0,"texture":"#0"}}},{"from":[-12.726016,-5.2586303,27.836685],"to":[-10.562871,-3.0954852,30.25694],"faces":{"east":{"uv":[9.5625,4.625,9.375,4.8125],"tintindex":0,"rotation":0,"texture":"#0"},"south":{"uv":[9.5625,4.375,9.375,4.5625],"tintindex":0,"rotation":0,"texture":"#0"},"north":{"uv":[9.5625,4.875,9.375,5.0625],"tintindex":0,"rotation":0,"texture":"#0"},"west":{"uv":[9.5625,5.375,9.375,5.5625],"tintindex":0,"rotation":0,"texture":"#0"},"up":{"uv":[9.5625,5.625,9.375,5.8125],"tintindex":0,"rotation":0,"texture":"#0"},"down":{"uv":[6.0625,9.5625,5.875,9.375],"tintindex":0,"rotation":0,"texture":"#0"}}},{"from":[-9.37925,-11.781464,28.10408],"to":[-6.9795647,-2.6112385,30.246655],"faces":{"east":{"uv":[6.4375,8.625,6.25,9.3125],"tintindex":0,"rotation":0,"texture":"#0"},"south":{"uv":[6.1875,8.625,6.0,9.3125],"tintindex":0,"rotation":0,"texture":"#0"},"north":{"uv":[6.6875,8.625,6.5,9.3125],"tintindex":0,"rotation":0,"texture":"#0"},"west":{"uv":[8.0625,8.625,7.875,9.3125],"tintindex":0,"rotation":0,"texture":"#0"},"up":{"uv":[9.5625,3.375,9.375,3.5625],"tintindex":0,"rotation":0,"texture":"#0"},"down":{"uv":[9.5625,3.8125,9.375,3.625],"tintindex":0,"rotation":0,"texture":"#0"}},"rotation":{"origin":[-8.179407,-7.19635,29.17537],"angle":45.0,"axis":"z"}},{"from":[-10.605455,4.139615,2.7895994],"to":[15.105455,5.853676,28.500511],"faces":{"east":{"uv":[7.375,6.625,9.25,6.75],"tintindex":0,"rotation":0,"texture":"#0"},"south":{"uv":[7.75,5.25,9.625,5.375],"tintindex":0,"rotation":0,"texture":"#0"},"north":{"uv":[7.125,3.5,9.0,3.625],"tintindex":0,"rotation":0,"texture":"#0"},"west":{"uv":[5.25,8.0,7.125,8.125],"tintindex":0,"rotation":0,"texture":"#0"},"up":{"uv":[1.875,1.875,0.0,0.0],"tintindex":0,"rotation":0,"texture":"#0"},"down":{"uv":[1.875,1.875,0.0,3.75],"tintindex":0,"rotation":0,"texture":"#0"}}},{"from":[10.206405,0.70806587,2.723416],"to":[16.212473,5.0000734,7.0154247],"faces":{"east":{"uv":[0.8125,9.0,0.5,9.3125],"tintindex":0,"rotation":0,"texture":"#0"},"south":{"uv":[1.5625,8.5,1.125,8.8125],"tintindex":0,"rotation":0,"texture":"#0"},"north":{"uv":[8.8125,8.25,8.375,8.5625],"tintindex":0,"rotation":0,"texture":"#0"},"west":{"uv":[9.1875,8.625,8.875,8.9375],"tintindex":0,"rotation":0,"texture":"#0"},"up":{"uv":[1.625,8.8125,2.0625,8.5],"tintindex":0,"rotation":0,"texture":"#0"},"down":{"uv":[2.125,8.5,2.5625,8.8125],"tintindex":0,"rotation":0,"texture":"#0"}},"rotation":{"origin":[13.209438,2.8540697,4.86942],"angle":45.0,"axis":"x"}},{"from":[-11.712472,0.70806587,24.274683],"to":[-5.7064047,5.0000734,28.566694],"faces":{"east":{"uv":[9.1875,8.625,8.875,8.9375],"tintindex":0,"rotation":0,"texture":"#0"},"south":{"uv":[8.8125,8.25,8.375,8.5625],"tintindex":0,"rotation":0,"texture":"#0"},"north":{"uv":[1.5625,8.5,1.125,8.8125],"tintindex":0,"rotation":0,"texture":"#0"},"west":{"uv":[0.8125,9.0,0.5,9.3125],"tintindex":0,"rotation":0,"texture":"#0"},"up":{"uv":[2.0625,8.5,1.625,8.8125],"tintindex":0,"rotation":0,"texture":"#0"},"down":{"uv":[2.5625,8.8125,2.125,8.5],"tintindex":0,"rotation":0,"texture":"#0"}},"rotation":{"origin":[-8.709438,2.8540697,26.420689],"angle":-45.0,"axis":"x"}},{"from":[15.062871,-5.2586303,27.836685],"to":[17.226017,-3.0954852,30.25694],"faces":{"east":{"uv":[9.375,5.375,9.5625,5.5625],"tintindex":0,"rotation":0,"texture":"#0"},"south":{"uv":[9.375,4.375,9.5625,4.5625],"tintindex":0,"rotation":0,"texture":"#0"},"north":{"uv":[9.375,4.875,9.5625,5.0625],"tintindex":0,"rotation":0,"texture":"#0"},"west":{"uv":[9.375,4.625,9.5625,4.8125],"tintindex":0,"rotation":0,"texture":"#0"},"up":{"uv":[9.375,5.625,9.5625,5.8125],"tintindex":0,"rotation":0,"texture":"#0"},"down":{"uv":[5.875,9.5625,6.0625,9.375],"tintindex":0,"rotation":0,"texture":"#0"}}},{"from":[0.10742378,-8.486357,3.218114],"to":[4.392576,-4.2012043,3.6466293],"faces":{"east":{"uv":[5.5,9.25,5.5625,9.5625],"tintindex":0,"rotation":0,"texture":"#0"},"south":{"uv":[8.875,8.25,9.1875,8.5625],"tintindex":0,"rotation":0,"texture":"#0"},"north":{"uv":[8.125,8.875,8.4375,9.1875],"tintindex":0,"rotation":0,"texture":"#0"},"west":{"uv":[7.75,9.25,7.8125,9.5625],"tintindex":0,"rotation":0,"texture":"#0"},"up":{"uv":[6.4375,1.8125,6.125,1.75],"tintindex":0,"rotation":0,"texture":"#0"},"down":{"uv":[6.8125,1.75,6.5,1.8125],"tintindex":0,"rotation":0,"texture":"#0"}},"rotation":{"origin":[2.25,-6.3437805,3.432372],"angle":-45.0,"axis":"z"}},{"from":[-10.605455,5.853676,2.7895994],"to":[15.105455,7.5677376,28.500511],"faces":{"east":{"uv":[5.25,8.125,7.125,8.25],"tintindex":0,"rotation":0,"texture":"#0"},"south":{"uv":[7.125,8.125,9.0,8.25],"tintindex":0,"rotation":0,"texture":"#0"},"north":{"uv":[7.125,8.0,9.0,8.125],"tintindex":0,"rotation":0,"texture":"#0"},"west":{"uv":[2.875,8.25,4.75,8.375],"tintindex":0,"rotation":0,"texture":"#0"},"up":{"uv":[3.75,1.875,1.875,0.0],"tintindex":0,"rotation":0,"texture":"#0"},"down":{"uv":[3.75,1.875,1.875,3.75],"tintindex":0,"rotation":0,"texture":"#0"}}},{"from":[-12.726016,-5.2586303,1.0331693],"to":[-10.562871,-3.0954852,3.453423],"faces":{"east":{"uv":[9.375,4.625,9.5625,4.8125],"tintindex":0,"rotation":0,"texture":"#0"},"south":{"uv":[9.375,4.875,9.5625,5.0625],"tintindex":0,"rotation":0,"texture":"#0"},"north":{"uv":[9.375,4.375,9.5625,4.5625],"tintindex":0,"rotation":0,"texture":"#0"},"west":{"uv":[9.375,5.375,9.5625,5.5625],"tintindex":0,"rotation":0,"texture":"#0"},"up":{"uv":[9.5625,5.8125,9.375,5.625],"tintindex":0,"rotation":0,"texture":"#0"},"down":{"uv":[6.0625,9.375,5.875,9.5625],"tintindex":0,"rotation":0,"texture":"#0"}}},{"from":[10.23343,-11.293787,1.8629577],"to":[16.246355,2.860926,7.875883],"faces":{"east":{"uv":[7.0625,6.875,6.625,7.9375],"tintindex":0,"rotation":0,"texture":"#0"},"south":{"uv":[6.5625,6.875,6.125,7.9375],"tintindex":0,"rotation":0,"texture":"#0"},"north":{"uv":[3.3125,6.625,2.875,7.6875],"tintindex":0,"rotation":0,"texture":"#0"},"west":{"uv":[7.3125,5.625,6.875,6.6875],"tintindex":0,"rotation":0,"texture":"#0"},"up":{"uv":[6.875,8.6875,7.3125,8.25],"tintindex":0,"rotation":0,"texture":"#0"},"down":{"uv":[7.375,8.25,7.8125,8.6875],"tintindex":0,"rotation":0,"texture":"#0"}}},{"from":[11.479565,-11.781464,28.10408],"to":[13.87925,-2.6112385,30.246655],"faces":{"east":{"uv":[7.875,8.625,8.0625,9.3125],"tintindex":0,"rotation":0,"texture":"#0"},"south":{"uv":[6.0,8.625,6.1875,9.3125],"tintindex":0,"rotation":0,"texture":"#0"},"north":{"uv":[6.5,8.625,6.6875,9.3125],"tintindex":0,"rotation":0,"texture":"#0"},"west":{"uv":[6.25,8.625,6.4375,9.3125],"tintindex":0,"rotation":0,"texture":"#0"},"up":{"uv":[9.375,3.375,9.5625,3.5625],"tintindex":0,"rotation":0,"texture":"#0"},"down":{"uv":[9.375,3.8125,9.5625,3.625],"tintindex":0,"rotation":0,"texture":"#0"}},"rotation":{"origin":[12.679407,-7.19635,29.17537],"angle":-45.0,"axis":"z"}}],"display":{"gui":{"rotation":[30,225,0]}}}