{"textures":{"0":"modelengine:entity/knight"},"elements":[{"from":[6.0,4.45,4.3999996],"to":[9.4,8.85,11.2],"faces":{"east":{"uv":[6.1875,0.6875,6.625,0.9375],"tintindex":0,"rotation":0,"texture":"#0"},"south":{"uv":[7.75,2.75,7.9375,3.0],"tintindex":0,"rotation":0,"texture":"#0"},"north":{"uv":[7.75,2.5,7.9375,2.75],"tintindex":0,"rotation":0,"texture":"#0"},"west":{"uv":[6.3125,1.9375,6.75,2.1875],"tintindex":0,"rotation":0,"texture":"#0"},"up":{"uv":[6.25,7.375,6.0625,6.9375],"tintindex":0,"rotation":0,"texture":"#0"},"down":{"uv":[6.4375,6.9375,6.25,7.375],"tintindex":0,"rotation":0,"texture":"#0"}}},{"from":[5.3999996,4.75,8.2],"to":[9.0,8.35,12.4],"faces":{"east":{"uv":[3.5,7.375,3.75,7.625],"tintindex":0,"rotation":0,"texture":"#0"},"south":{"uv":[7.375,3.6875,7.625,3.9375],"tintindex":0,"rotation":0,"texture":"#0"},"north":{"uv":[7.375,3.4375,7.625,3.6875],"tintindex":0,"rotation":0,"texture":"#0"},"west":{"uv":[7.375,4.4375,7.625,4.6875],"tintindex":0,"rotation":0,"texture":"#0"},"up":{"uv":[7.625,4.9375,7.375,4.6875],"tintindex":0,"rotation":0,"texture":"#0"},"down":{"uv":[7.625,6.0,7.375,6.25],"tintindex":0,"rotation":0,"texture":"#0"}},"rotation":{"origin":[3.1999998,6.1499996,11.8],"angle":-22.5,"axis":"x"}},{"from":[5.7999997,5.05,-1.8000002],"to":[8.799999,6.85,1.8000002],"faces":{"east":{"uv":[8.25,7.4375,8.5,7.5625],"tintindex":0,"rotation":0,"texture":"#0"},"south":{"uv":[8.5625,3.5625,8.75,3.6875],"tintindex":0,"rotation":0,"texture":"#0"},"north":{"uv":[8.5625,3.4375,8.75,3.5625],"tintindex":0,"rotation":0,"texture":"#0"},"west":{"uv":[8.25,7.5625,8.5,7.6875],"tintindex":0,"rotation":0,"texture":"#0"},"up":{"uv":[7.9375,6.5,7.75,6.25],"tintindex":0,"rotation":0,"texture":"#0"},"down":{"uv":[0.3125,7.8125,0.125,8.0625],"tintindex":0,"rotation":0,"texture":"#0"}},"rotation":{"origin":[7.2,5.6499996,-0.8000002],"angle":22.5,"axis":"x"}},{"from":[9.4,4.45,8.4],"to":[11.0,9.45,10.2],"faces":{"east":{"uv":[1.0625,8.0625,1.1875,8.375],"tintindex":0,"rotation":0,"texture":"#0"},"south":{"uv":[1.1875,8.0625,1.3125,8.375],"tintindex":0,"rotation":0,"texture":"#0"},"north":{"uv":[8.0625,0.6875,8.1875,1.0],"tintindex":0,"rotation":0,"texture":"#0"},"west":{"uv":[8.0625,1.25,8.1875,1.5625],"tintindex":0,"rotation":0,"texture":"#0"},"up":{"uv":[8.8125,6.9375,8.6875,6.8125],"tintindex":0,"rotation":0,"texture":"#0"},"down":{"uv":[7.0625,8.6875,6.9375,8.8125],"tintindex":0,"rotation":0,"texture":"#0"}}},{"from":[9.4,4.45,5.8],"to":[10.6,10.25,7.6],"faces":{"east":{"uv":[7.75,3.0,7.875,3.375],"tintindex":0,"rotation":0,"texture":"#0"},"south":{"uv":[0.75,8.4375,0.8125,8.8125],"tintindex":0,"rotation":0,"texture":"#0"},"north":{"uv":[4.3125,8.375,4.375,8.75],"tintindex":0,"rotation":0,"texture":"#0"},"west":{"uv":[7.75,3.9375,7.875,4.3125],"tintindex":0,"rotation":0,"texture":"#0"},"up":{"uv":[8.875,5.9375,8.8125,5.8125],"tintindex":0,"rotation":0,"texture":"#0"},"down":{"uv":[5.9375,8.8125,5.875,8.9375],"tintindex":0,"rotation":0,"texture":"#0"}},"rotation":{"origin":[8.0,6.6499996,7.8],"angle":22.5,"axis":"x"}},{"from":[5.2,4.6499996,0.20000029],"to":[10.0,6.85,6.4],"faces":{"east":{"uv":[7.6875,7.0625,8.0625,7.1875],"tintindex":0,"rotation":0,"texture":"#0"},"south":{"uv":[8.0,7.6875,8.3125,7.8125],"tintindex":0,"rotation":0,"texture":"#0"},"north":{"uv":[8.0,7.3125,8.3125,7.4375],"tintindex":0,"rotation":0,"texture":"#0"},"west":{"uv":[7.75,4.5625,8.125,4.6875],"tintindex":0,"rotation":0,"texture":"#0"},"up":{"uv":[4.1875,6.1875,3.875,5.8125],"tintindex":0,"rotation":0,"texture":"#0"},"down":{"uv":[6.125,3.9375,5.8125,4.3125],"tintindex":0,"rotation":0,"texture":"#0"}}},{"from":[5.0,4.45,5.8],"to":[6.2,8.85,7.6],"faces":{"east":{"uv":[6.875,8.25,7.0,8.5],"tintindex":0,"rotation":0,"texture":"#0"},"south":{"uv":[2.375,8.6875,2.4375,8.9375],"tintindex":0,"rotation":0,"texture":"#0"},"north":{"uv":[4.125,8.625,4.1875,8.875],"tintindex":0,"rotation":0,"texture":"#0"},"west":{"uv":[7.0,8.25,7.125,8.5],"tintindex":0,"rotation":0,"texture":"#0"},"up":{"uv":[8.875,6.0625,8.8125,5.9375],"tintindex":0,"rotation":0,"texture":"#0"},"down":{"uv":[8.875,6.0625,8.8125,6.1875],"tintindex":0,"rotation":0,"texture":"#0"}},"rotation":{"origin":[8.0,6.6499996,7.8],"angle":22.5,"axis":"x"}},{"from":[7.6,6.25,1.4000001],"to":[9.6,7.6499996,4.3999996],"faces":{"east":{"uv":[8.375,4.375,8.5625,4.4375],"tintindex":0,"rotation":0,"texture":"#0"},"south":{"uv":[8.8125,6.25,8.9375,6.3125],"tintindex":0,"rotation":0,"texture":"#0"},"north":{"uv":[8.8125,6.1875,8.9375,6.25],"tintindex":0,"rotation":0,"texture":"#0"},"west":{"uv":[8.75,0.125,8.9375,0.1875],"tintindex":0,"rotation":0,"texture":"#0"},"up":{"uv":[1.9375,8.75,1.8125,8.5625],"tintindex":0,"rotation":0,"texture":"#0"},"down":{"uv":[3.1875,8.5625,3.0625,8.75],"tintindex":0,"rotation":0,"texture":"#0"}},"rotation":{"origin":[8.0,6.6499996,8.8],"angle":-22.5,"axis":"z"}},{"from":[5.7999997,6.85,0.6000004],"to":[8.4,8.45,4.3999996],"faces":{"east":{"uv":[8.25,6.4375,8.5,6.5625],"tintindex":0,"rotation":0,"texture":"#0"},"south":{"uv":[8.5625,3.3125,8.75,3.4375],"tintindex":0,"rotation":0,"texture":"#0"},"north":{"uv":[8.5625,2.6875,8.75,2.8125],"tintindex":0,"rotation":0,"texture":"#0"},"west":{"uv":[8.25,6.9375,8.5,7.0625],"tintindex":0,"rotation":0,"texture":"#0"},"up":{"uv":[7.9375,3.625,7.75,3.375],"tintindex":0,"rotation":0,"texture":"#0"},"down":{"uv":[7.9375,4.3125,7.75,4.5625],"tintindex":0,"rotation":0,"texture":"#0"}},"rotation":{"origin":[8.0,6.6499996,8.8],"angle":22.5,"axis":"z"}}],"display":{"gui":{"rotation":[30,225,0]}}}