{"textures":{"0":"modelengine:entity/owl"},"elements":[{"from":[7.0,2.0,6.5],"to":[8.0,8.0,11.5],"faces":{"east":{"uv":[3.75,6.75,5.0,8.25],"tintindex":0,"rotation":0,"texture":"#0"},"south":{"uv":[2.0,8.5,2.25,10.0],"tintindex":0,"rotation":0,"texture":"#0"},"north":{"uv":[7.25,8.25,7.5,9.75],"tintindex":0,"rotation":0,"texture":"#0"},"west":{"uv":[5.0,6.75,6.25,8.25],"tintindex":0,"rotation":0,"texture":"#0"},"up":{"uv":[7.75,9.75,7.5,8.5],"tintindex":0,"rotation":0,"texture":"#0"},"down":{"uv":[8.0,8.5,7.75,9.75],"tintindex":0,"rotation":0,"texture":"#0"}}}],"display":{"gui":{"rotation":[30,225,0]}}}