{"textures":{"0":"modelengine:entity/hydra"},"elements":[{"from":[7.999748,9.022968,-4.7499924],"to":[7.999748,18.022968,10.25],"faces":{"east":{"uv":[4.125,6.9375,4.4375,7.125],"tintindex":0,"rotation":0,"texture":"#0"},"west":{"uv":[4.4375,6.9375,4.75,7.125],"tintindex":0,"rotation":0,"texture":"#0"}}},{"from":[2.0002518,-3.522972,-4.7499924],"to":[14.000252,8.477028,7.25],"faces":{"east":{"uv":[6.875,1.25,7.125,1.5],"tintindex":0,"rotation":0,"texture":"#0"},"south":{"uv":[6.875,2.5,7.125,2.75],"tintindex":0,"rotation":0,"texture":"#0"},"north":{"uv":[6.875,1.0,7.125,1.25],"tintindex":0,"rotation":0,"texture":"#0"},"west":{"uv":[6.875,2.75,7.125,3.0],"tintindex":0,"rotation":0,"texture":"#0"},"up":{"uv":[7.125,2.75,6.875,3.0],"tintindex":0,"rotation":0,"texture":"#0"},"down":{"uv":[3.625,6.875,3.375,7.125],"tintindex":0,"rotation":0,"texture":"#0"}},"rotation":{"origin":[8.000252,2.477028,1.2500076],"angle":-45.0,"axis":"z"}}],"display":{"gui":{"rotation":[30,225,0]}}}