{"textures":{"0":"modelengine:entity/hydra"},"elements":[{"from":[7.912547,-6.8328247,-12.428452],"to":[22.162546,7.4171753,8.571552],"faces":{"east":{"uv":[2.125,5.3125,2.5625,5.609375],"tintindex":0,"rotation":0,"texture":"#0"},"south":{"uv":[4.8125,6.3125,5.109375,6.609375],"tintindex":0,"rotation":0,"texture":"#0"},"north":{"uv":[4.5,6.3125,4.796875,6.609375],"tintindex":0,"rotation":0,"texture":"#0"},"west":{"uv":[2.5625,5.3125,3.0,5.609375],"tintindex":0,"rotation":0,"texture":"#0"},"up":{"uv":[2.5625,5.609375,3.0,5.3125],"tintindex":0,"rotation":90,"texture":"#0"},"down":{"uv":[3.625,5.75,3.921875,5.3125],"tintindex":0,"rotation":0,"texture":"#0"}},"rotation":{"origin":[15.037547,0.2921753,-1.9284515],"angle":-45.0,"axis":"z"}},{"from":[15.037044,10.368446,-12.428452],"to":[15.037044,19.368446,8.571552],"faces":{"east":{"uv":[3.5,6.375,3.9375,6.5625],"tintindex":0,"rotation":0,"texture":"#0"},"west":{"uv":[6.375,3.75,6.8125,3.9375],"tintindex":0,"rotation":0,"texture":"#0"}}}],"display":{"gui":{"rotation":[30,225,0]}}}