{"textures":{"0":"modelengine:entity/hydra"},"elements":[{"from":[11.999748,9.022968,-3.75],"to":[11.999748,18.022968,11.25],"faces":{"east":{"uv":[4.125,6.9375,4.4375,7.125],"tintindex":0,"rotation":0,"texture":"#0"},"west":{"uv":[4.4375,6.9375,4.75,7.125],"tintindex":0,"rotation":0,"texture":"#0"}}},{"from":[6.000252,-3.522972,-3.75],"to":[18.000252,8.477028,8.25],"faces":{"east":{"uv":[6.875,1.25,7.125,1.5],"tintindex":0,"rotation":0,"texture":"#0"},"south":{"uv":[6.875,2.5,7.125,2.75],"tintindex":0,"rotation":0,"texture":"#0"},"north":{"uv":[6.875,1.0,7.125,1.25],"tintindex":0,"rotation":0,"texture":"#0"},"west":{"uv":[6.875,2.75,7.125,3.0],"tintindex":0,"rotation":0,"texture":"#0"},"up":{"uv":[7.125,2.75,6.875,3.0],"tintindex":0,"rotation":0,"texture":"#0"},"down":{"uv":[3.625,6.875,3.375,7.125],"tintindex":0,"rotation":0,"texture":"#0"}},"rotation":{"origin":[12.000252,2.477028,2.25],"angle":-45.0,"axis":"z"}}],"display":{"gui":{"rotation":[30,225,0]}}}