{"textures":{"0":"modelengine:entity/hydra"},"elements":[{"from":[2.231227,5.3460884,-5.214224],"to":[9.731226,12.846088,8.285776],"faces":{"east":{"uv":[4.125,4.375,3.5625,4.6875],"tintindex":0,"rotation":0,"texture":"#0"},"south":{"uv":[4.8125,6.0,4.5,6.3125],"tintindex":0,"rotation":0,"texture":"#0"},"north":{"uv":[6.3125,4.375,6.0,4.6875],"tintindex":0,"rotation":0,"texture":"#0"},"west":{"uv":[3.5625,4.375,3.0,4.6875],"tintindex":0,"rotation":0,"texture":"#0"},"up":{"uv":[3.5625,4.375,4.125,4.6875],"tintindex":0,"rotation":90,"texture":"#0"},"down":{"uv":[2.8125,5.0625,2.5,4.5],"tintindex":0,"rotation":0,"texture":"#0"}},"rotation":{"origin":[5.9812264,9.096088,1.5357761],"angle":45.0,"axis":"z"}},{"from":[5.981478,14.399389,-5.214224],"to":[5.981478,18.89939,8.285776],"faces":{"east":{"uv":[6.5625,1.625,6.0,1.8125],"tintindex":0,"rotation":0,"texture":"#0"},"west":{"uv":[4.75,0.3125,4.1875,0.5],"tintindex":0,"rotation":0,"texture":"#0"}}}],"display":{"gui":{"rotation":[30,225,0]}}}