{"credit":"Made with Blockbench","textures":{"1":"tavern:items/sets/easter2024/animations/animations_1","3":"tavern:items/sets/easter2024/bow"},"elements":[{"from":[7.5,8,7.5],"to":[8.5,10.25,8.5],"rotation":{"angle":0,"axis":"y","origin":[8,8,8]},"faces":{"north":{"uv":[14.5,13,15,14.25],"texture":"#3"},"east":{"uv":[8.5,10.5,9,11.75],"texture":"#3"},"south":{"uv":[9,10.5,9.5,11.75],"texture":"#3"},"west":{"uv":[9.5,10.5,10,11.75],"texture":"#3"},"down":{"uv":[10.5,13,10,13.5],"texture":"#3"}}},{"from":[7.6,5.75,7.6],"to":[8.4,8,8.4],"rotation":{"angle":0,"axis":"y","origin":[8,8,8]},"faces":{"north":{"uv":[11,6.5,11.5,7.75],"texture":"#3"},"east":{"uv":[10,10.5,10.5,11.75],"texture":"#3"},"south":{"uv":[11,8,11.5,9.25],"texture":"#3"},"west":{"uv":[11,9.5,11.5,10.75],"texture":"#3"}}},{"from":[7.35,10.25,7.35],"to":[8.65,10.75,8.65],"rotation":{"angle":0,"axis":"y","origin":[8,8,8]},"faces":{"north":{"uv":[2.5,13.5,3.25,13.75],"texture":"#3"},"east":{"uv":[13.5,2.5,14.25,2.75],"texture":"#3"},"south":{"uv":[13.5,3,14.25,3.25],"texture":"#3"},"west":{"uv":[3.5,13.5,4.25,13.75],"texture":"#3"},"up":{"uv":[11.25,11.75,10.5,11],"texture":"#3"},"down":{"uv":[12.25,0,11.5,0.75],"texture":"#3"}}},{"from":[7.35,5.25,7.35],"to":[8.65,5.75,8.65],"rotation":{"angle":0,"axis":"y","origin":[8,5.5,8]},"faces":{"north":{"uv":[13.5,3.5,14.25,3.75],"texture":"#3"},"east":{"uv":[13.5,4,14.25,4.25],"texture":"#3"},"south":{"uv":[4.5,13.5,5.25,13.75],"texture":"#3"},"west":{"uv":[13.5,4.5,14.25,4.75],"texture":"#3"},"up":{"uv":[12.25,1.75,11.5,1],"texture":"#3"},"down":{"uv":[2.25,11.5,1.5,12.25],"texture":"#3"}}},{"from":[7.25,10.3,8],"to":[8.75,12.3,10],"rotation":{"angle":-45,"axis":"x","origin":[7.5,10.3,8]},"faces":{"north":{"uv":[4.25,14.5,5,15.5],"texture":"#3"},"east":{"uv":[0,14.5,1,15.5],"texture":"#3"},"south":{"uv":[5.25,14.5,6,15.5],"texture":"#3"},"west":{"uv":[1,14.5,2,15.5],"texture":"#3"},"up":{"uv":[7,15.5,6.25,14.5],"texture":"#3"},"down":{"uv":[8,14.5,7.25,15.5],"texture":"#3"}}},{"from":[7,10.55,8.25],"to":[9,12.05,9.75],"rotation":{"angle":-45,"axis":"x","origin":[7.5,10.3,8]},"faces":{"north":{"uv":[8.25,14.5,9.25,15.25],"texture":"#3"},"east":{"uv":[11.5,2,12.25,2.75],"texture":"#3"},"south":{"uv":[15,6.75,16,7.5],"texture":"#3"},"west":{"uv":[2.5,11.5,3.25,12.25],"texture":"#3"},"up":{"uv":[16,8.5,15,7.75],"texture":"#3"},"down":{"uv":[2.5,10.5,1.5,11.25],"texture":"#3"}}},{"from":[7.25,3.7,8],"to":[8.75,5.7,10],"rotation":{"angle":45,"axis":"x","origin":[7.5,5.7,8]},"faces":{"north":{"uv":[15.25,13,16,14],"texture":"#3"},"east":{"uv":[2,14.5,3,15.5],"texture":"#3"},"south":{"uv":[6.5,10.5,7.25,11.5],"texture":"#3"},"west":{"uv":[3,14.5,4,15.5],"texture":"#3"},"up":{"uv":[16,15,15.25,14],"texture":"#3"},"down":{"uv":[8.25,10.5,7.5,11.5],"texture":"#3"}}},{"from":[7,3.95,8.25],"to":[9,5.45,9.75],"rotation":{"angle":45,"axis":"x","origin":[7.5,5.7,8]},"faces":{"north":{"uv":[15,11,16,11.75],"texture":"#3"},"east":{"uv":[10.5,12,11.25,12.75],"texture":"#3"},"south":{"uv":[4.5,10.5,5.5,11.25],"texture":"#3"},"west":{"uv":[11.5,12,12.25,12.75],"texture":"#3"},"up":{"uv":[16,12.75,15,12],"texture":"#3"},"down":{"uv":[6.5,10.5,5.5,11.25],"texture":"#3"}}},{"from":[7.5,2.97839,6.00591],"to":[8.5,3.97839,7.50591],"rotation":{"angle":-22.5,"axis":"x","origin":[8,4.1503,4.82155]},"faces":{"north":{"uv":[10.5,13,11,13.5],"texture":"#3"},"east":{"uv":[12.5,11,13.25,11.5],"texture":"#3"},"south":{"uv":[13,10.5,13.5,11],"texture":"#3"},"west":{"uv":[12.5,11.5,13.25,12],"texture":"#3"},"up":{"uv":[13,12.75,12.5,12],"texture":"#3"},"down":{"uv":[13.5,7,13,7.75],"texture":"#3"}}},{"from":[7.585,3.55583,5.11672],"to":[8.415,4.38583,6.36172],"rotation":{"angle":0,"axis":"y","origin":[8,4.1503,4.82155]},"faces":{"north":{"uv":[11,13,11.5,13.5],"texture":"#3"},"east":{"uv":[11.5,13,12,13.5],"texture":"#3"},"west":{"uv":[12,13,12.5,13.5],"texture":"#3"},"up":{"uv":[13.5,12.5,13,12],"texture":"#3"},"down":{"uv":[13,13,12.5,13.5],"texture":"#3"}}},{"from":[7.67215,3.77619,4.33247],"to":[8.32785,4.43189,5.31602],"rotation":{"angle":22.5,"axis":"x","origin":[8,4.1503,4.82155]},"faces":{"north":{"uv":[14,1,14.25,1.25],"texture":"#3"},"east":{"uv":[13.5,5,14,5.25],"texture":"#3"},"west":{"uv":[5.5,13.5,6,13.75],"texture":"#3"},"up":{"uv":[13.75,6,13.5,5.5],"texture":"#3"},"down":{"uv":[6.25,13.5,6,14],"texture":"#3"}}},{"from":[7.72133,4.01527,3.64144],"to":[8.27867,4.57262,4.47746],"rotation":{"angle":0,"axis":"y","origin":[8,4.1503,4.82155]},"faces":{"north":{"uv":[1.5,14,1.75,14.25],"texture":"#3"},"east":{"uv":[13.5,6,14,6.25],"texture":"#3"},"west":{"uv":[6.5,13.5,7,13.75],"texture":"#3"},"up":{"uv":[13.75,7,13.5,6.5],"texture":"#3"},"down":{"uv":[7.25,13.5,7,14],"texture":"#3"}}},{"from":[7.77985,4.51825,3.24466],"to":[8.22015,4.95855,3.90511],"rotation":{"angle":-22.5,"axis":"x","origin":[8,4.1503,4.82155]},"faces":{"north":{"uv":[14,1.5,14.25,1.75],"texture":"#3"},"east":{"uv":[2,14,2.25,14.25],"texture":"#3"},"west":{"uv":[14,2,14.25,2.25],"texture":"#3"},"up":{"uv":[2.75,14.25,2.5,14],"texture":"#3"},"down":{"uv":[3.25,14,3,14.25],"texture":"#3"}}},{"from":[7.5,14.6,6.15],"to":[8.5,15.1,7.15],"rotation":{"angle":-22.5,"axis":"x","origin":[8,16.4,6]},"faces":{"north":{"uv":[13.5,7,14,7.25],"texture":"#3"},"east":{"uv":[7.5,13.5,8,13.75],"texture":"#3"},"south":{"uv":[13.5,7.5,14,7.75],"texture":"#3"},"west":{"uv":[8,13.5,8.5,13.75],"texture":"#3"},"down":{"uv":[13.5,12.5,13,13],"texture":"#3"}}},{"from":[7.5,17.1,6.15],"to":[8.5,17.6,7.15],"rotation":{"angle":-22.5,"axis":"x","origin":[8,16.4,6]},"faces":{"north":{"uv":[8.5,13.5,9,13.75],"texture":"#3"},"east":{"uv":[9,13.5,9.5,13.75],"texture":"#3"},"south":{"uv":[13.5,9.5,14,9.75],"texture":"#3"},"west":{"uv":[10,13.5,10.5,13.75],"texture":"#3"},"up":{"uv":[13.5,13.5,13,13],"texture":"#3"}}},{"from":[7.25,15.1,5.9],"to":[8.75,17.1,7.4],"rotation":{"angle":-22.5,"axis":"x","origin":[8,16.4,6]},"faces":{"north":{"uv":[15.25,8.75,16,9.75],"texture":"#3"},"east":{"uv":[2.5,10.5,3.25,11.5],"texture":"#3"},"south":{"uv":[15.25,9.75,16,10.75],"texture":"#3"},"west":{"uv":[3.5,10.5,4.25,11.5],"texture":"#3"},"up":{"uv":[12.25,3.75,11.5,3],"texture":"#3"},"down":{"uv":[4.25,11.5,3.5,12.25],"texture":"#3"}}},{"from":[7.57,18.47402,7.5593],"to":[8.43,18.90402,8.4193],"rotation":{"angle":0,"axis":"y","origin":[8,18.03902,7.7643]},"faces":{"north":{"uv":[13.5,10,14,10.25],"texture":"#3"},"east":{"uv":[10.5,13.5,11,13.75],"texture":"#3"},"south":{"uv":[13.5,10.5,14,10.75],"texture":"#3"},"west":{"uv":[11,13.5,11.5,13.75],"texture":"#3"},"up":{"uv":[14,0.5,13.5,0],"texture":"#3"}}},{"from":[7.355,17.00402,7.3443],"to":[8.645,18.47402,8.6343],"rotation":{"angle":0,"axis":"y","origin":[8,18.03902,7.7643]},"faces":{"north":{"uv":[11.5,4,12.25,4.75],"texture":"#3"},"east":{"uv":[4.5,11.5,5.25,12.25],"texture":"#3"},"south":{"uv":[11.5,5,12.25,5.75],"texture":"#3"},"west":{"uv":[5.5,11.5,6.25,12.25],"texture":"#3"},"up":{"uv":[12.25,6.75,11.5,6],"texture":"#3"},"down":{"uv":[7.25,11.5,6.5,12.25],"texture":"#3"}}},{"from":[7.57,16.57402,7.5593],"to":[8.43,17.00402,8.4193],"rotation":{"angle":0,"axis":"y","origin":[8,18.03902,7.7643]},"faces":{"north":{"uv":[13.5,11,14,11.25],"texture":"#3"},"east":{"uv":[11.5,13.5,12,13.75],"texture":"#3"},"south":{"uv":[13.5,11.5,14,11.75],"texture":"#3"},"west":{"uv":[12,13.5,12.5,13.75],"texture":"#3"},"down":{"uv":[14,0.5,13.5,1],"texture":"#3"}}},{"from":[7.57,24.685,6.22],"to":[8.43,25.115,7.08],"rotation":{"angle":22.5,"axis":"x","origin":[8,13.975,-4.4]},"faces":{"north":{"uv":[13.5,12,14,12.25],"texture":"#3"},"east":{"uv":[12.5,13.5,13,13.75],"texture":"#3"},"south":{"uv":[13.5,12.5,14,12.75],"texture":"#3"},"west":{"uv":[13,13.5,13.5,13.75],"texture":"#3"},"up":{"uv":[14,1.5,13.5,1],"texture":"#3"}}},{"from":[7.355,23.215,6.005],"to":[8.645,24.685,7.295],"rotation":{"angle":22.5,"axis":"x","origin":[8,13.975,-4.4]},"faces":{"north":{"uv":[11.5,7,12.25,7.75],"texture":"#3"},"east":{"uv":[7.5,11.5,8.25,12.25],"texture":"#3"},"south":{"uv":[11.5,8,12.25,8.75],"texture":"#3"},"west":{"uv":[11.5,9,12.25,9.75],"texture":"#3"},"up":{"uv":[12.25,10.75,11.5,10],"texture":"#3"},"down":{"uv":[12.25,11,11.5,11.75],"texture":"#3"}}},{"from":[7.57,22.785,6.22],"to":[8.43,23.215,7.08],"rotation":{"angle":22.5,"axis":"x","origin":[8,13.975,-4.4]},"faces":{"north":{"uv":[13.5,13,14,13.25],"texture":"#3"},"east":{"uv":[13.5,13.5,14,13.75],"texture":"#3"},"south":{"uv":[14,0,14.5,0.25],"texture":"#3"},"west":{"uv":[14,0.5,14.5,0.75],"texture":"#3"},"down":{"uv":[2,13.5,1.5,14],"texture":"#3"}}},{"from":[7.985,3.86396,2.22864],"to":[8.005,4.86396,3.72864],"rotation":{"angle":22.5,"axis":"x","origin":[8,4.1503,4.82155]},"faces":{"east":{"uv":[13,8,13.75,8.5],"texture":"#3"},"west":{"uv":[8.5,13,9.25,13.5],"texture":"#3"}}},{"from":[7.985,2.71577,3.55363],"to":[8.005,3.71577,5.05363],"rotation":{"angle":-22.5,"axis":"x","origin":[8,4.1503,4.82155]},"faces":{"east":{"uv":[13,8.5,13.75,9],"texture":"#3"},"west":{"uv":[13,9,13.75,9.5],"texture":"#3"}}},{"from":[7.15,11.2,2],"to":[8.85,17.8,5.5],"rotation":{"angle":0,"axis":"y","origin":[7.52,12.25,3.25]},"faces":{"east":{"uv":[7,0,0,13],"texture":"#1"},"west":{"uv":[0,0,7,13],"texture":"#1"}}},{"from":[6.9,19.01982,9.15569],"to":[9.1,25.61982,12.65569],"rotation":{"angle":45,"axis":"x","origin":[8,22.31982,6.65569]},"faces":{"east":{"uv":[7,0,0,13],"texture":"#1"},"west":{"uv":[0,0,7,13],"texture":"#1"}}},{"from":[7.15,-1.8,2],"to":[8.85,4.8,5.5],"rotation":{"angle":0,"axis":"y","origin":[7.52,3.75,3.25]},"faces":{"east":{"uv":[7,13,0,0],"texture":"#1"},"west":{"uv":[0,13,7,0],"texture":"#1"}}},{"from":[6.9,-9.61982,9.15569],"to":[9.1,-3.01982,12.65569],"rotation":{"angle":-45,"axis":"x","origin":[8,-6.31982,6.65569]},"faces":{"east":{"uv":[7,13,0,0],"texture":"#1"},"west":{"uv":[0,13,7,0],"texture":"#1"}}},{"from":[7.4,3.58109,4.84633],"to":[7.4,5.08109,6.34633],"rotation":{"angle":22.5,"axis":"x","origin":[8,4.1503,4.82155]},"faces":{"west":{"uv":[8.5,12,9.25,12.75],"texture":"#3"}}},{"from":[7.5,4.03876,3.43738],"to":[7.5,5.03876,4.43738],"rotation":{"angle":-22.5,"axis":"x","origin":[8,4.1503,4.82155]},"faces":{"west":{"uv":[13.5,1.5,14,2],"texture":"#3"}}},{"from":[8.5,4.03876,3.43738],"to":[8.5,5.03876,4.43738],"rotation":{"angle":-22.5,"axis":"x","origin":[8,4.1503,4.82155]},"faces":{"east":{"uv":[2,13.5,2.5,14],"texture":"#3"}}},{"from":[8.6,3.58109,4.84633],"to":[8.6,5.08109,6.34633],"rotation":{"angle":22.5,"axis":"x","origin":[8,4.1503,4.82155]},"faces":{"east":{"uv":[9.5,12,10.25,12.75],"texture":"#3"}}},{"from":[7.5,12.02161,6.00591],"to":[8.5,13.02161,7.50591],"rotation":{"angle":22.5,"axis":"x","origin":[8,11.8497,4.82155]},"faces":{"north":{"uv":[10.5,13.5,11,13],"texture":"#3"},"east":{"uv":[12.5,11.5,13.25,11],"texture":"#3"},"south":{"uv":[13,11,13.5,10.5],"texture":"#3"},"west":{"uv":[12.5,12,13.25,11.5],"texture":"#3"},"up":{"uv":[13.5,7.75,13,7],"texture":"#3"},"down":{"uv":[13,12,12.5,12.75],"texture":"#3"}}},{"from":[7.585,11.61417,5.11672],"to":[8.415,12.44417,6.36172],"rotation":{"angle":0,"axis":"y","origin":[8,11.8497,4.82155]},"faces":{"north":{"uv":[11,13.5,11.5,13],"texture":"#3"},"east":{"uv":[11.5,13.5,12,13],"texture":"#3"},"west":{"uv":[12,13.5,12.5,13],"texture":"#3"},"up":{"uv":[13,13.5,12.5,13],"texture":"#3"},"down":{"uv":[13.5,12,13,12.5],"texture":"#3"}}},{"from":[7.67215,11.56811,4.33247],"to":[8.32785,12.22381,5.31602],"rotation":{"angle":-22.5,"axis":"x","origin":[8,11.8497,4.82155]},"faces":{"north":{"uv":[14,1.25,14.25,1],"texture":"#3"},"east":{"uv":[13.5,5.25,14,5],"texture":"#3"},"west":{"uv":[5.5,13.75,6,13.5],"texture":"#3"},"up":{"uv":[6.25,14,6,13.5],"texture":"#3"},"down":{"uv":[13.75,5.5,13.5,6],"texture":"#3"}}},{"from":[7.72133,11.42738,3.64144],"to":[8.27867,11.98473,4.47746],"rotation":{"angle":0,"axis":"y","origin":[8,11.8497,4.82155]},"faces":{"north":{"uv":[1.5,14.25,1.75,14],"texture":"#3"},"east":{"uv":[13.5,6.25,14,6],"texture":"#3"},"west":{"uv":[6.5,13.75,7,13.5],"texture":"#3"},"up":{"uv":[7.25,14,7,13.5],"texture":"#3"},"down":{"uv":[13.75,6.5,13.5,7],"texture":"#3"}}},{"from":[7.77985,11.04145,3.24466],"to":[8.22015,11.48175,3.90511],"rotation":{"angle":22.5,"axis":"x","origin":[8,11.8497,4.82155]},"faces":{"north":{"uv":[14,1.75,14.25,1.5],"texture":"#3"},"east":{"uv":[2,14.25,2.25,14],"texture":"#3"},"west":{"uv":[14,2.25,14.25,2],"texture":"#3"},"up":{"uv":[3.25,14.25,3,14],"texture":"#3"},"down":{"uv":[2.75,14,2.5,14.25],"texture":"#3"}}},{"from":[7.985,11.13604,2.22864],"to":[8.005,12.13604,3.72864],"rotation":{"angle":-22.5,"axis":"x","origin":[8,11.8497,4.82155]},"faces":{"east":{"uv":[13,8.5,13.75,8],"texture":"#3"},"west":{"uv":[8.5,13.5,9.25,13],"texture":"#3"}}},{"from":[7.985,12.28423,3.55363],"to":[8.005,13.28423,5.05363],"rotation":{"angle":22.5,"axis":"x","origin":[8,11.8497,4.82155]},"faces":{"east":{"uv":[13,9,13.75,8.5],"texture":"#3"},"west":{"uv":[13,9.5,13.75,9],"texture":"#3"}}},{"from":[7.985,10.85664,5.33251],"to":[8.005,12.35664,6.33251],"rotation":{"angle":45,"axis":"x","origin":[8,11.8497,4.82155]},"faces":{"east":{"uv":[13.5,10.25,13,9.5],"texture":"#3"},"west":{"uv":[13,10.25,13.5,9.5],"texture":"#3"}}},{"from":[7.985,3.64336,5.33251],"to":[8.005,5.14336,6.33251],"rotation":{"angle":-45,"axis":"x","origin":[8,4.1503,4.82155]},"faces":{"east":{"uv":[13.5,9.5,13,10.25],"texture":"#3"},"west":{"uv":[13,9.5,13.5,10.25],"texture":"#3"}}},{"from":[7.4,10.91891,4.84633],"to":[7.4,12.41891,6.34633],"rotation":{"angle":-22.5,"axis":"x","origin":[8,11.8497,4.82155]},"faces":{"west":{"uv":[8.5,12.75,9.25,12],"texture":"#3"}}},{"from":[7.5,10.96124,3.43738],"to":[7.5,11.96124,4.43738],"rotation":{"angle":22.5,"axis":"x","origin":[8,11.8497,4.82155]},"faces":{"west":{"uv":[13.5,2,14,1.5],"texture":"#3"}}},{"from":[8.5,10.96124,3.43738],"to":[8.5,11.96124,4.43738],"rotation":{"angle":22.5,"axis":"x","origin":[8,11.8497,4.82155]},"faces":{"east":{"uv":[2,14,2.5,13.5],"texture":"#3"}}},{"from":[8.6,10.91891,4.84633],"to":[8.6,12.41891,6.34633],"rotation":{"angle":-22.5,"axis":"x","origin":[8,11.8497,4.82155]},"faces":{"east":{"uv":[9.5,12.75,10.25,12],"texture":"#3"}}},{"from":[7.3,14.9688,9.08289],"to":[8.7,16.3688,10.48289],"rotation":{"angle":22.5,"axis":"x","origin":[8,16.0438,15.25789]},"faces":{"north":{"uv":[3.5,12.5,4.25,13.25],"texture":"#3"},"east":{"uv":[12.5,4,13.25,4.75],"texture":"#3"},"south":{"uv":[4.5,12.5,5.25,13.25],"texture":"#3"},"west":{"uv":[12.5,5,13.25,5.75],"texture":"#3"},"up":{"uv":[6.25,13.25,5.5,12.5],"texture":"#3"},"down":{"uv":[13.25,6,12.5,6.75],"texture":"#3"}}},{"from":[7.4,14.91324,7.35339],"to":[8.6,16.91324,8.55339],"rotation":{"angle":22.5,"axis":"x","origin":[7.5,15.03824,7.45339]},"faces":{"north":{"uv":[8,12.5,8.5,13.5],"texture":"#3"},"east":{"uv":[12.5,8,13,9],"texture":"#3"},"south":{"uv":[12.5,9,13,10],"texture":"#3"},"west":{"uv":[12.5,10,13,11],"texture":"#3"},"up":{"uv":[14,2.5,13.5,2],"texture":"#3"}}},{"from":[7.3,14.00711,7.3],"to":[8.7,15.40711,8.7],"rotation":{"angle":-45,"axis":"x","origin":[8,14.70711,8]},"faces":{"north":{"uv":[12.5,0,13.25,0.75],"texture":"#3"},"east":{"uv":[12.5,1,13.25,1.75],"texture":"#3"},"south":{"uv":[1.5,12.5,2.25,13.25],"texture":"#3"},"west":{"uv":[12.5,2,13.25,2.75],"texture":"#3"},"up":{"uv":[3.25,13.25,2.5,12.5],"texture":"#3"},"down":{"uv":[13.25,3,12.5,3.75],"texture":"#3"}}},{"from":[7.49,16.71307,8.03889],"to":[8.51,18.67307,9.05889],"rotation":{"angle":45,"axis":"x","origin":[7.59,16.68807,8.11389]},"faces":{"north":{"uv":[6.5,12.5,7,13.5],"texture":"#3"},"east":{"uv":[7,12.5,7.5,13.5],"texture":"#3"},"south":{"uv":[12.5,7,13,8],"texture":"#3"},"west":{"uv":[7.5,12.5,8,13.5],"texture":"#3"}}},{"from":[7.5,0.9,6.15],"to":[8.5,1.4,7.15],"rotation":{"angle":22.5,"axis":"x","origin":[8,-0.4,6]},"faces":{"north":{"uv":[13.5,7.25,14,7],"texture":"#3"},"east":{"uv":[7.5,13.75,8,13.5],"texture":"#3"},"south":{"uv":[13.5,7.75,14,7.5],"texture":"#3"},"west":{"uv":[8,13.75,8.5,13.5],"texture":"#3"},"up":{"uv":[13.5,13,13,12.5],"texture":"#3"}}},{"from":[7.5,-1.6,6.15],"to":[8.5,-1.1,7.15],"rotation":{"angle":22.5,"axis":"x","origin":[8,-0.4,6]},"faces":{"north":{"uv":[8.5,13.75,9,13.5],"texture":"#3"},"east":{"uv":[9,13.75,9.5,13.5],"texture":"#3"},"south":{"uv":[13.5,9.75,14,9.5],"texture":"#3"},"west":{"uv":[10,13.75,10.5,13.5],"texture":"#3"},"down":{"uv":[13.5,13,13,13.5],"texture":"#3"}}},{"from":[7.25,-1.1,5.9],"to":[8.75,0.9,7.4],"rotation":{"angle":22.5,"axis":"x","origin":[8,-0.4,6]},"faces":{"north":{"uv":[15.25,9.75,16,8.75],"texture":"#3"},"east":{"uv":[2.5,11.5,3.25,10.5],"texture":"#3"},"south":{"uv":[15.25,10.75,16,9.75],"texture":"#3"},"west":{"uv":[3.5,11.5,4.25,10.5],"texture":"#3"},"up":{"uv":[4.25,12.25,3.5,11.5],"texture":"#3"},"down":{"uv":[12.25,3,11.5,3.75],"texture":"#3"}}},{"from":[7.57,-2.90402,7.5593],"to":[8.43,-2.47402,8.4193],"rotation":{"angle":0,"axis":"y","origin":[8,-2.03902,7.7643]},"faces":{"north":{"uv":[13.5,10.25,14,10],"texture":"#3"},"east":{"uv":[10.5,13.75,11,13.5],"texture":"#3"},"south":{"uv":[13.5,10.75,14,10.5],"texture":"#3"},"west":{"uv":[11,13.75,11.5,13.5],"texture":"#3"},"down":{"uv":[14,0,13.5,0.5],"texture":"#3"}}},{"from":[7.355,-2.47402,7.3443],"to":[8.645,-1.00402,8.6343],"rotation":{"angle":0,"axis":"y","origin":[8,-2.03902,7.7643]},"faces":{"north":{"uv":[11.5,4.75,12.25,4],"texture":"#3"},"east":{"uv":[4.5,12.25,5.25,11.5],"texture":"#3"},"south":{"uv":[11.5,5.75,12.25,5],"texture":"#3"},"west":{"uv":[5.5,12.25,6.25,11.5],"texture":"#3"},"up":{"uv":[7.25,12.25,6.5,11.5],"texture":"#3"},"down":{"uv":[12.25,6,11.5,6.75],"texture":"#3"}}},{"from":[7.57,-1.00402,7.5593],"to":[8.43,-0.57402,8.4193],"rotation":{"angle":0,"axis":"y","origin":[8,-2.03902,7.7643]},"faces":{"north":{"uv":[13.5,11.25,14,11],"texture":"#3"},"east":{"uv":[11.5,13.75,12,13.5],"texture":"#3"},"south":{"uv":[13.5,11.75,14,11.5],"texture":"#3"},"west":{"uv":[12,13.75,12.5,13.5],"texture":"#3"},"up":{"uv":[14,1,13.5,0.5],"texture":"#3"}}},{"from":[7.57,-9.115,6.22],"to":[8.43,-8.685,7.08],"rotation":{"angle":-22.5,"axis":"x","origin":[8,2.025,-4.4]},"faces":{"north":{"uv":[13.5,12.25,14,12],"texture":"#3"},"east":{"uv":[12.5,13.75,13,13.5],"texture":"#3"},"south":{"uv":[13.5,12.75,14,12.5],"texture":"#3"},"west":{"uv":[13,13.75,13.5,13.5],"texture":"#3"},"down":{"uv":[14,1,13.5,1.5],"texture":"#3"}}},{"from":[7.355,-8.685,6.005],"to":[8.645,-7.215,7.295],"rotation":{"angle":-22.5,"axis":"x","origin":[8,2.025,-4.4]},"faces":{"north":{"uv":[11.5,7.75,12.25,7],"texture":"#3"},"east":{"uv":[7.5,12.25,8.25,11.5],"texture":"#3"},"south":{"uv":[11.5,8.75,12.25,8],"texture":"#3"},"west":{"uv":[11.5,9.75,12.25,9],"texture":"#3"},"up":{"uv":[12.25,11.75,11.5,11],"texture":"#3"},"down":{"uv":[12.25,10,11.5,10.75],"texture":"#3"}}},{"from":[7.57,-7.215,6.22],"to":[8.43,-6.785,7.08],"rotation":{"angle":-22.5,"axis":"x","origin":[8,2.025,-4.4]},"faces":{"north":{"uv":[13.5,13.25,14,13],"texture":"#3"},"east":{"uv":[13.5,13.75,14,13.5],"texture":"#3"},"south":{"uv":[14,0.25,14.5,0],"texture":"#3"},"west":{"uv":[14,0.75,14.5,0.5],"texture":"#3"},"up":{"uv":[2,14,1.5,13.5],"texture":"#3"}}},{"from":[7.49,-2.67307,8.03889],"to":[8.51,-0.71307,9.05889],"rotation":{"angle":-45,"axis":"x","origin":[7.59,-0.68807,8.11389]},"faces":{"north":{"uv":[6.5,13.5,7,12.5],"texture":"#3"},"east":{"uv":[7,13.5,7.5,12.5],"texture":"#3"},"south":{"uv":[12.5,8,13,7],"texture":"#3"},"west":{"uv":[7.5,13.5,8,12.5],"texture":"#3"}}},{"from":[7.3,0.59289,7.3],"to":[8.7,1.99289,8.7],"rotation":{"angle":45,"axis":"x","origin":[8,1.29289,8]},"faces":{"north":{"uv":[12.5,0.75,13.25,0],"texture":"#3"},"east":{"uv":[12.5,1.75,13.25,1],"texture":"#3"},"south":{"uv":[1.5,13.25,2.25,12.5],"texture":"#3"},"west":{"uv":[12.5,2.75,13.25,2],"texture":"#3"},"up":{"uv":[13.25,3.75,12.5,3],"texture":"#3"},"down":{"uv":[3.25,12.5,2.5,13.25],"texture":"#3"}}},{"from":[7.4,-0.91324,7.35339],"to":[8.6,1.08676,8.55339],"rotation":{"angle":-22.5,"axis":"x","origin":[7.5,0.96176,7.45339]},"faces":{"north":{"uv":[8,13.5,8.5,12.5],"texture":"#3"},"east":{"uv":[12.5,9,13,8],"texture":"#3"},"south":{"uv":[12.5,10,13,9],"texture":"#3"},"west":{"uv":[12.5,11,13,10],"texture":"#3"},"down":{"uv":[14,2,13.5,2.5],"texture":"#3"}}},{"from":[7.3,-0.3688,9.08289],"to":[8.7,1.0312,10.48289],"rotation":{"angle":-22.5,"axis":"x","origin":[8,-0.0438,15.25789]},"faces":{"north":{"uv":[3.5,13.25,4.25,12.5],"texture":"#3"},"east":{"uv":[12.5,4.75,13.25,4],"texture":"#3"},"south":{"uv":[4.5,13.25,5.25,12.5],"texture":"#3"},"west":{"uv":[12.5,5.75,13.25,5],"texture":"#3"},"up":{"uv":[13.25,6.75,12.5,6],"texture":"#3"},"down":{"uv":[6.25,12.5,5.5,13.25],"texture":"#3"}}},{"from":[7.985,-1.5,10],"to":[8.015,17.5,17],"rotation":{"angle":0,"axis":"y","origin":[4.985,0,6]},"faces":{"east":{"uv":[7,0,3.5,9.5],"texture":"#3"},"west":{"uv":[3.5,0,7,9.5],"texture":"#3"}}},{"from":[6.75,7.985,0.25],"to":[9.25,8.015,13.25],"rotation":{"angle":45,"axis":"z","origin":[8,8,6.75]},"faces":{"up":{"uv":[16,6.5,14.75,0],"texture":"#3"},"down":{"uv":[16,0,14.75,6.5],"texture":"#3"}}},{"from":[6.75,7.985,0.25],"to":[9.25,8.015,13.25],"rotation":{"angle":-45,"axis":"z","origin":[8,8,6.75]},"faces":{"up":{"uv":[16,6.5,14.75,0],"texture":"#3"},"down":{"uv":[16,0,14.75,6.5],"texture":"#3"}}}],"gui_light":"front","display":{"thirdperson_righthand":{"translation":[0,-2,1]},"thirdperson_lefthand":{"translation":[0,-2,1]},"firstperson_righthand":{"rotation":[21.23,11.5,0.73],"translation":[5,3.25,-6.75]},"firstperson_lefthand":{"rotation":[18.82,-30.09,-3.29],"translation":[8.5,1.5,-1.75]},"ground":{"rotation":[45,0,0],"translation":[0,5,0],"scale":[0.7,0.7,0.7]},"gui":{"rotation":[90,45,90],"translation":[-0.75,0.75,0],"scale":[0.7,0.7,0.7]},"head":{"rotation":[0,-90,0]},"fixed":{"rotation":[0,-90,0],"translation":[0,0,-2.75],"scale":[2,2,2]}}}