{"credit":"Made with Blockbench","textures":{"1":"tavern:items/sets/easter2024/animations/animations_1","3":"tavern:items/sets/easter2024/shield"},"elements":[{"from":[7.3,0.42201,10.18179],"to":[8.7,1.82201,11.58179],"rotation":{"angle":-45,"axis":"z","origin":[8,1.12201,10.88179]},"faces":{"north":{"uv":[10,5,10.75,5.75],"texture":"#3"},"east":{"uv":[9.5,2,10.25,2.75],"texture":"#3"},"south":{"uv":[9.5,9.5,10.25,10.25],"texture":"#3"},"west":{"uv":[10,0,10.75,0.75],"texture":"#3"},"up":{"uv":[6.25,10.75,5.5,10],"rotation":90,"texture":"#3"},"down":{"uv":[10.75,6,10,6.75],"rotation":270,"texture":"#3"}}},{"from":[7.5,1.37201,10.38179],"to":[8.5,2.37201,11.38179],"rotation":{"angle":0,"axis":"y","origin":[8.5,1.37201,10.38179]},"faces":{"north":{"uv":[12,6,12.5,6.5],"texture":"#3"},"east":{"uv":[10,9,10.5,9.5],"texture":"#3"},"south":{"uv":[5.5,12,6,12.5],"texture":"#3"},"west":{"uv":[6,12,6.5,12.5],"texture":"#3"}}},{"from":[7.5,7.85779,10.38179],"to":[8.5,8.85779,11.38179],"rotation":{"angle":0,"axis":"y","origin":[8.5,8.85779,10.38179]},"faces":{"north":{"uv":[12.5,4.5,13,5],"texture":"#3"},"east":{"uv":[3,12.5,3.5,13],"texture":"#3"},"south":{"uv":[12.5,3,13,3.5],"texture":"#3"},"west":{"uv":[3.5,12.5,4,13],"texture":"#3"}}},{"from":[7.3,8.40779,10.18179],"to":[8.7,9.80779,11.58179],"rotation":{"angle":45,"axis":"z","origin":[8,9.10779,10.88179]},"faces":{"north":{"uv":[1,11.5,1.75,12.25],"texture":"#3"},"east":{"uv":[8.5,11,9.25,11.75],"texture":"#3"},"south":{"uv":[10.5,11,11.25,11.75],"texture":"#3"},"west":{"uv":[0,11.5,0.75,12.25],"texture":"#3"},"up":{"uv":[12.25,1.75,11.5,1],"rotation":90,"texture":"#3"},"down":{"uv":[12.25,2,11.5,2.75],"rotation":270,"texture":"#3"}}},{"from":[7.5,5.12201,10.38179],"to":[8.5,7.37201,11.38179],"rotation":{"angle":0,"axis":"y","origin":[8,5.12201,10.88179]},"faces":{"north":{"uv":[3.5,9.5,4,10.75],"texture":"#3"},"east":{"uv":[2,9.5,2.5,10.75],"texture":"#3"},"south":{"uv":[2.5,9.5,3,10.75],"texture":"#3"},"west":{"uv":[3,9.5,3.5,10.75],"texture":"#3"},"down":{"uv":[7,12,6.5,12.5],"rotation":270,"texture":"#3"}}},{"from":[7.6,2.87201,10.48179],"to":[8.4,5.12201,11.28179],"rotation":{"angle":0,"axis":"y","origin":[8,5.12201,10.88179]},"faces":{"north":{"uv":[9.5,8,10,9.25],"texture":"#3"},"east":{"uv":[4,9.5,4.5,10.75],"texture":"#3"},"south":{"uv":[9.5,5,10,6.25],"texture":"#3"},"west":{"uv":[9.5,6.5,10,7.75],"texture":"#3"}}},{"from":[7.35,7.37201,10.23179],"to":[8.65,7.87201,11.53179],"rotation":{"angle":0,"axis":"y","origin":[8,5.12201,10.88179]},"faces":{"north":{"uv":[12.5,6,13.25,6.25],"texture":"#3"},"east":{"uv":[12.5,5,13.25,5.25],"texture":"#3"},"south":{"uv":[5.5,12.5,6.25,12.75],"texture":"#3"},"west":{"uv":[12.5,5.5,13.25,5.75],"texture":"#3"},"up":{"uv":[7.25,10.75,6.5,10],"rotation":90,"texture":"#3"},"down":{"uv":[10.75,7,10,7.75],"rotation":270,"texture":"#3"}}},{"from":[7.35,2.37201,10.23179],"to":[8.65,2.87201,11.53179],"rotation":{"angle":0,"axis":"y","origin":[8,2.62201,10.88179]},"faces":{"north":{"uv":[7.5,12.5,8.25,12.75],"texture":"#3"},"east":{"uv":[6.5,12.5,7.25,12.75],"texture":"#3"},"south":{"uv":[12.5,6.5,13.25,6.75],"texture":"#3"},"west":{"uv":[12.5,7,13.25,7.25],"texture":"#3"},"up":{"uv":[8.25,10.75,7.5,10],"rotation":90,"texture":"#3"},"down":{"uv":[10.75,8,10,8.75],"rotation":270,"texture":"#3"}}},{"from":[6,10.11122,6.13179],"to":[8,12.11122,7.63179],"rotation":{"angle":-45,"axis":"z","origin":[8,10.11122,6.38179]},"faces":{"north":{"uv":[1.5,8.5,2.5,9.5],"texture":"#3"},"east":{"uv":[3.5,8.5,4.25,9.5],"texture":"#3"},"south":{"uv":[8.5,1,9.5,2],"texture":"#3"},"west":{"uv":[8.5,5,9.25,6],"texture":"#3"},"up":{"uv":[9.25,7,8.5,6],"rotation":90,"texture":"#3"},"down":{"uv":[9.25,7,8.5,8],"rotation":270,"texture":"#3"}}},{"from":[6.25,10.36122,5.88179],"to":[7.75,11.86122,7.88179],"rotation":{"angle":-45,"axis":"z","origin":[8,10.11122,6.38179]},"faces":{"north":{"uv":[0,10.5,0.75,11.25],"texture":"#3"},"east":{"uv":[8.5,8,9.5,8.75],"texture":"#3"},"south":{"uv":[8.5,10,9.25,10.75],"texture":"#3"},"west":{"uv":[5.5,9,6.5,9.75],"texture":"#3"},"up":{"uv":[7.5,9.75,6.5,9],"rotation":90,"texture":"#3"},"down":{"uv":[8.5,9,7.5,9.75],"rotation":270,"texture":"#3"}}},{"from":[8.25,11.01122,6.38179],"to":[9.75,12.01122,7.38179],"rotation":{"angle":-22.5,"axis":"z","origin":[9.75,11.01122,6.38179]},"faces":{"north":{"uv":[11.5,3,12.25,3.5],"texture":"#3"},"east":{"uv":[12,6.5,12.5,7],"texture":"#3"},"south":{"uv":[5.5,7.5,6.25,8],"texture":"#3"},"up":{"uv":[4.5,11.75,4,11],"rotation":90,"texture":"#3"},"down":{"uv":[12,3.5,11.5,4.25],"rotation":270,"texture":"#3"}}},{"from":[9.7525,11.04622,6.46679],"to":[10.9975,11.87622,7.29679],"rotation":{"angle":0,"axis":"y","origin":[11.4125,11.04622,6.46679]},"faces":{"north":{"uv":[7.5,12,8,12.5],"texture":"#3"},"east":{"uv":[7,12,7.5,12.5],"texture":"#3"},"south":{"uv":[12,7,12.5,7.5],"texture":"#3"},"up":{"uv":[12.5,8,12,7.5],"rotation":90,"texture":"#3"},"down":{"uv":[8.5,12,8,12.5],"rotation":270,"texture":"#3"}}},{"from":[10.8601,11.65361,6.55394],"to":[11.84365,12.30931,7.20964],"rotation":{"angle":22.5,"axis":"z","origin":[12.2965,11.67861,6.55394]},"faces":{"north":{"uv":[12.5,9,13,9.25],"texture":"#3"},"east":{"uv":[13,8.5,13.25,8.75],"texture":"#3"},"south":{"uv":[12.5,8.5,13,8.75],"texture":"#3"},"up":{"uv":[12.75,10,12.5,9.5],"rotation":90,"texture":"#3"},"down":{"uv":[10.25,12.5,10,13],"rotation":270,"texture":"#3"}}},{"from":[11.63676,11.50566,6.60312],"to":[12.47278,12.06301,7.16046],"rotation":{"angle":0,"axis":"y","origin":[11.7952,11.55191,6.60312]},"faces":{"north":{"uv":[10.5,12.5,11,12.75],"texture":"#3"},"east":{"uv":[9,13,9.25,13.25],"texture":"#3"},"south":{"uv":[12.5,10,13,10.25],"texture":"#3"},"up":{"uv":[12.75,11,12.5,10.5],"rotation":90,"texture":"#3"},"down":{"uv":[11.25,12.5,11,13],"rotation":270,"texture":"#3"}}},{"from":[12.3221,11.45043,6.66164],"to":[12.98255,11.89073,7.10194],"rotation":{"angle":-22.5,"axis":"z","origin":[12.75233,11.64558,6.88179]},"faces":{"north":{"uv":[13,9.5,13.25,9.75],"texture":"#3"},"east":{"uv":[13,9,13.25,9.25],"texture":"#3"},"south":{"uv":[9.5,13,9.75,13.25],"texture":"#3"},"up":{"uv":[10.25,13.25,10,13],"rotation":90,"texture":"#3"},"down":{"uv":[13.25,10,13,10.25],"rotation":270,"texture":"#3"}}},{"from":[6,9.18279,6.63179],"to":[8,11.18279,7.13179],"rotation":{"angle":45,"axis":"z","origin":[8,11.18279,6.63179]},"faces":{"north":{"uv":[2.5,8.5,3.5,9.5],"texture":"#3"},"east":{"uv":[12,8,12.25,9],"texture":"#3"},"south":{"uv":[8.5,2,9.5,3],"texture":"#3"},"west":{"uv":[8.5,12,8.75,13],"texture":"#3"},"up":{"uv":[9.25,13,9,12],"rotation":90,"texture":"#3"},"down":{"uv":[9.75,12,9.5,13],"rotation":270,"texture":"#3"}}},{"from":[6.94,-1.54189,6.63179],"to":[8,-0.48189,7.13179],"rotation":{"angle":45,"axis":"z","origin":[8,-0.48189,6.63179]},"faces":{"north":{"uv":[10.5,12,11,12.5],"texture":"#3"},"east":{"uv":[12.5,11,12.75,11.5],"texture":"#3"},"south":{"uv":[10,12,10.5,12.5],"texture":"#3"},"west":{"uv":[11.5,12.5,11.75,13],"texture":"#3"},"up":{"uv":[12.75,12,12.5,11.5],"rotation":90,"texture":"#3"},"down":{"uv":[12.25,12.5,12,13],"rotation":270,"texture":"#3"}}},{"from":[7.25,-1.23142,6.63529],"to":[8.75,9.76858,7.12829],"rotation":{"angle":0,"axis":"y","origin":[7.75,12.76858,6.88529]},"faces":{"north":{"uv":[14.75,0,15.5,5.5],"texture":"#3"},"east":{"uv":[15.25,8,15.5,13.5],"texture":"#3"},"south":{"uv":[13.75,0,14.5,5.5],"texture":"#3"},"west":{"uv":[15.75,8,16,13.5],"texture":"#3"},"down":{"uv":[12.75,7.5,12.5,8.25],"rotation":270,"texture":"#3"}}},{"from":[4.5,-5.23142,6.87179],"to":[11.5,11.26858,6.89179],"rotation":{"angle":0,"axis":"y","origin":[9.75,14.01858,6.87179]},"faces":{"north":{"uv":[1,0,4.5,8.25],"texture":"#3"},"south":{"uv":[4.5,0,1,8.25],"texture":"#3"}}},{"from":[11.05359,-5.23142,7.92952],"to":[13.05359,11.26858,7.94952],"rotation":{"angle":-45,"axis":"y","origin":[12.55359,3.01858,7.93952]},"faces":{"north":{"uv":[0,0,1,8.25],"texture":"#3"},"south":{"uv":[1,0,0,8.25],"texture":"#3"}}},{"from":[2.94641,-5.23142,7.92952],"to":[4.94641,11.26858,7.94952],"rotation":{"angle":45,"axis":"y","origin":[3.44641,3.01858,7.93952]},"faces":{"north":{"uv":[1,0,0,8.25],"texture":"#3"},"south":{"uv":[0,0,1,8.25],"texture":"#3"}}},{"from":[7.5,14.71122,6.38179],"to":[8.5,15.21122,7.38179],"rotation":{"angle":0,"axis":"y","origin":[8.5,14.71122,6.38179]},"faces":{"north":{"uv":[13,0,13.5,0.25],"texture":"#3"},"east":{"uv":[12.5,12,13,12.25],"texture":"#3"},"south":{"uv":[12.5,12.5,13,12.75],"texture":"#3"},"west":{"uv":[0,13,0.5,13.25],"texture":"#3"}}},{"from":[7.5,17.21122,6.38179],"to":[8.5,17.71122,7.38179],"rotation":{"angle":0,"axis":"y","origin":[8.5,17.21122,6.38179]},"faces":{"north":{"uv":[13,1,13.5,1.25],"texture":"#3"},"east":{"uv":[0.5,13,1,13.25],"texture":"#3"},"south":{"uv":[13,0.5,13.5,0.75],"texture":"#3"},"west":{"uv":[1,13,1.5,13.25],"texture":"#3"},"up":{"uv":[11.5,12.5,11,12],"rotation":90,"texture":"#3"}}},{"from":[7.25,15.21122,6.13179],"to":[8.75,17.21122,7.63179],"rotation":{"angle":0,"axis":"y","origin":[8.5,15.71122,6.38179]},"faces":{"north":{"uv":[9.5,1,10.25,2],"texture":"#3"},"east":{"uv":[8.5,9,9.25,10],"texture":"#3"},"south":{"uv":[0,9.5,0.75,10.5],"texture":"#3"},"west":{"uv":[1,9.5,1.75,10.5],"texture":"#3"},"up":{"uv":[1.75,11.25,1,10.5],"rotation":90,"texture":"#3"},"down":{"uv":[11.25,1,10.5,1.75],"rotation":270,"texture":"#3"}}},{"from":[9.17,16.39622,6.45179],"to":[10.03,16.82622,7.31179],"rotation":{"angle":-22.5,"axis":"z","origin":[9.6,15.78622,6.88179]},"faces":{"north":{"uv":[13,3,13.5,3.25],"texture":"#3"},"east":{"uv":[2.5,13,3,13.25],"texture":"#3"},"south":{"uv":[13,2.5,13.5,2.75],"texture":"#3"},"west":{"uv":[3,13,3.5,13.25],"texture":"#3"},"up":{"uv":[12,12.5,11.5,12],"rotation":90,"texture":"#3"}}},{"from":[8.955,14.92622,6.23679],"to":[10.245,16.39622,7.52679],"rotation":{"angle":-22.5,"axis":"z","origin":[9.6,15.78622,6.88179]},"faces":{"north":{"uv":[10.5,9,11.25,9.75],"texture":"#3"},"east":{"uv":[10.5,2,11.25,2.75],"texture":"#3"},"south":{"uv":[10.5,3,11.25,3.75],"texture":"#3"},"west":{"uv":[10.5,4,11.25,4.75],"texture":"#3"},"up":{"uv":[10.25,11.25,9.5,10.5],"rotation":90,"texture":"#3"},"down":{"uv":[11.25,10,10.5,10.75],"rotation":270,"texture":"#3"}}},{"from":[9.17,14.49622,6.45179],"to":[10.03,14.92622,7.31179],"rotation":{"angle":-22.5,"axis":"z","origin":[9.6,15.78622,6.88179]},"faces":{"north":{"uv":[13,2,13.5,2.25],"texture":"#3"},"east":{"uv":[1.5,13,2,13.25],"texture":"#3"},"south":{"uv":[13,1.5,13.5,1.75],"texture":"#3"},"west":{"uv":[2,13,2.5,13.25],"texture":"#3"}}},{"from":[5.97,16.39622,6.45179],"to":[6.83,16.82622,7.31179],"rotation":{"angle":22.5,"axis":"z","origin":[6.4,15.78622,6.88179]},"faces":{"north":{"uv":[5.5,13,6,13.25],"texture":"#3"},"east":{"uv":[4.5,13,5,13.25],"texture":"#3"},"south":{"uv":[13,4.5,13.5,4.75],"texture":"#3"},"west":{"uv":[5,13,5.5,13.25],"texture":"#3"},"up":{"uv":[12.5,12.5,12,12],"rotation":90,"texture":"#3"}}},{"from":[5.755,14.92622,6.23679],"to":[7.045,16.39622,7.52679],"rotation":{"angle":22.5,"axis":"z","origin":[6.4,15.78622,6.88179]},"faces":{"north":{"uv":[11,5,11.75,5.75],"texture":"#3"},"east":{"uv":[11,0,11.75,0.75],"texture":"#3"},"south":{"uv":[2,11,2.75,11.75],"texture":"#3"},"west":{"uv":[3,11,3.75,11.75],"texture":"#3"},"up":{"uv":[6.25,11.75,5.5,11],"rotation":90,"texture":"#3"},"down":{"uv":[11.75,6,11,6.75],"rotation":270,"texture":"#3"}}},{"from":[5.97,14.49622,6.45179],"to":[6.83,14.92622,7.31179],"rotation":{"angle":22.5,"axis":"z","origin":[6.4,15.78622,6.88179]},"faces":{"north":{"uv":[13,4,13.5,4.25],"texture":"#3"},"east":{"uv":[3.5,13,4,13.25],"texture":"#3"},"south":{"uv":[13,3.5,13.5,3.75],"texture":"#3"},"west":{"uv":[4,13,4.5,13.25],"texture":"#3"}}},{"from":[12.29779,12.36841,6.86679],"to":[13.79779,13.36841,6.88679],"rotation":{"angle":22.5,"axis":"z","origin":[13.79779,12.36841,6.86679]},"faces":{"north":{"uv":[11.5,9,12.25,9.5],"texture":"#3"},"south":{"uv":[11.5,4.5,12.25,5],"texture":"#3"}}},{"from":[10.79779,9.75402,6.66679],"to":[12.29779,10.75402,6.68679],"rotation":{"angle":-22.5,"axis":"z","origin":[12.29779,10.75402,6.86679]},"faces":{"north":{"uv":[11.5,10.5,12.25,11],"texture":"#3"},"south":{"uv":[11.5,10,12.25,10.5],"texture":"#3"}}},{"from":[9.54779,14.11841,6.86679],"to":[11.04779,15.11841,6.88679],"rotation":{"angle":45,"axis":"z","origin":[13.04779,14.11841,6.86679]},"faces":{"north":{"uv":[11.5,9.5,12.25,10],"texture":"#3"},"south":{"uv":[9.5,11.5,10.25,12],"texture":"#3"}}},{"from":[6.25,11.01122,6.38179],"to":[7.75,12.01122,7.38179],"rotation":{"angle":22.5,"axis":"z","origin":[6.25,11.01122,6.38179]},"faces":{"north":{"uv":[12,4,12.75,4.5],"texture":"#3"},"south":{"uv":[12,3.5,12.75,4],"texture":"#3"},"west":{"uv":[12.5,1.5,13,2],"texture":"#3"},"up":{"uv":[4.5,12.75,4,12],"rotation":90,"texture":"#3"},"down":{"uv":[12.5,5,12,5.75],"rotation":270,"texture":"#3"}}},{"from":[5.0025,11.04622,6.46679],"to":[6.2475,11.87622,7.29679],"rotation":{"angle":0,"axis":"y","origin":[4.5875,11.04622,6.46679]},"faces":{"north":{"uv":[1,12.5,1.5,13],"texture":"#3"},"south":{"uv":[0,12.5,0.5,13],"texture":"#3"},"west":{"uv":[0.5,12.5,1,13],"texture":"#3"},"up":{"uv":[13,1.5,12.5,1],"rotation":90,"texture":"#3"},"down":{"uv":[2,12.5,1.5,13],"rotation":270,"texture":"#3"}}},{"from":[4.15635,11.65361,6.55394],"to":[5.1399,12.30931,7.20964],"rotation":{"angle":-22.5,"axis":"z","origin":[3.7035,11.67861,6.55394]},"faces":{"north":{"uv":[8,13,8.5,13.25],"texture":"#3"},"south":{"uv":[13,7.5,13.5,7.75],"texture":"#3"},"west":{"uv":[12,13,12.25,13.25],"texture":"#3"},"up":{"uv":[13.25,8.5,13,8],"rotation":90,"texture":"#3"},"down":{"uv":[8.75,13,8.5,13.5],"rotation":270,"texture":"#3"}}},{"from":[3.52722,11.50566,6.60312],"to":[4.36324,12.06301,7.16046],"rotation":{"angle":0,"axis":"y","origin":[4.2048,11.55191,6.60312]},"faces":{"north":{"uv":[6.5,13,7,13.25],"texture":"#3"},"south":{"uv":[6,13,6.5,13.25],"texture":"#3"},"west":{"uv":[13,11.5,13.25,11.75],"texture":"#3"},"up":{"uv":[7.25,13.5,7,13],"rotation":90,"texture":"#3"},"down":{"uv":[7.75,13,7.5,13.5],"rotation":270,"texture":"#3"}}},{"from":[3.01745,11.45043,6.66164],"to":[3.6779,11.89073,7.10194],"rotation":{"angle":22.5,"axis":"z","origin":[3.24767,11.64558,6.88179]},"faces":{"north":{"uv":[11,13,11.25,13.25],"texture":"#3"},"south":{"uv":[10.5,13,10.75,13.25],"texture":"#3"},"west":{"uv":[13,10.5,13.25,10.75],"texture":"#3"},"up":{"uv":[13.25,11.25,13,11],"rotation":90,"texture":"#3"},"down":{"uv":[11.75,13,11.5,13.25],"rotation":270,"texture":"#3"}}},{"from":[2.20221,12.36841,6.86679],"to":[3.70221,13.36841,6.88679],"rotation":{"angle":-22.5,"axis":"z","origin":[2.20221,12.36841,6.86679]},"faces":{"north":{"uv":[3,12,3.75,12.5],"texture":"#3"},"south":{"uv":[2,12,2.75,12.5],"texture":"#3"}}},{"from":[4.95221,14.11841,6.86679],"to":[6.45221,15.11841,6.88679],"rotation":{"angle":-45,"axis":"z","origin":[2.95221,14.11841,6.86679]},"faces":{"north":{"uv":[12,0.5,12.75,1],"texture":"#3"},"south":{"uv":[12,0,12.75,0.5],"texture":"#3"}}},{"from":[3.70221,9.75402,6.66679],"to":[5.20221,10.75402,6.68679],"rotation":{"angle":22.5,"axis":"z","origin":[3.70221,10.75402,6.86679]},"faces":{"north":{"uv":[11.5,11.5,12.25,12],"texture":"#3"},"south":{"uv":[11.5,11,12.25,11.5],"texture":"#3"}}},{"from":[9.75,8.0649,6.01179],"to":[13.25,14.6649,6.05179],"rotation":{"angle":-22.5,"axis":"z","origin":[12.75,9.3649,6.88179]},"faces":{"north":{"uv":[0,0,7,13],"texture":"#1"},"south":{"uv":[7,0,0,13],"texture":"#1"}}},{"from":[2.75,8.0649,6.01179],"to":[6.25,14.6649,6.05179],"rotation":{"angle":22.5,"axis":"z","origin":[3.25,9.3649,6.88179]},"faces":{"north":{"uv":[7,0,0,13],"texture":"#1"},"south":{"uv":[0,0,7,13],"texture":"#1"}}},{"from":[9.75,-4.4351,6.01179],"to":[13.25,2.1649,6.05179],"rotation":{"angle":22.5,"axis":"z","origin":[12.75,0.8649,6.88179]},"faces":{"north":{"uv":[0,13,7,0],"texture":"#1"},"south":{"uv":[7,13,0,0],"texture":"#1"}}},{"from":[2.75,-4.4351,6.01179],"to":[6.25,2.1649,6.05179],"rotation":{"angle":-22.5,"axis":"z","origin":[3.25,0.8649,6.88179]},"faces":{"north":{"uv":[7,13,0,0],"texture":"#1"},"south":{"uv":[0,13,7,0],"texture":"#1"}}},{"from":[6.25,12.26122,5.13179],"to":[9.75,13.26122,8.63179],"rotation":{"angle":0,"axis":"y","origin":[9.5,12.26122,5.38179]},"faces":{"north":{"uv":[8.5,4.5,10.25,5],"texture":"#3"},"east":{"uv":[8.5,3,10.25,3.5],"texture":"#3"},"south":{"uv":[8.5,3.5,10.25,4],"texture":"#3"},"west":{"uv":[8.5,4,10.25,4.5],"texture":"#3"},"down":{"uv":[8.25,2,6.5,3.75],"rotation":270,"texture":"#3"}}},{"from":[6,13.26122,4.88179],"to":[10,14.76122,8.88179],"rotation":{"angle":0,"axis":"y","origin":[9.5,13.26122,5.38179]},"faces":{"north":{"uv":[6.5,7,8.5,7.75],"texture":"#3"},"east":{"uv":[6.5,4,8.5,4.75],"texture":"#3"},"south":{"uv":[6.5,5,8.5,5.75],"texture":"#3"},"west":{"uv":[6.5,6,8.5,6.75],"texture":"#3"},"up":{"uv":[16,7.75,14,5.75],"rotation":90,"texture":"#3"},"down":{"uv":[8.5,0,6.5,2],"rotation":270,"texture":"#3"}}},{"from":[6.5,14.68487,5.09364],"to":[9.5,16.18487,5.12364],"rotation":{"angle":-22.5,"axis":"x","origin":[8,15.45987,5.10864]},"faces":{"north":{"uv":[7,8,8.5,8.75],"texture":"#3"},"south":{"uv":[5.5,8,7,8.75],"texture":"#3"}}},{"from":[6.5,14.68487,8.63995],"to":[9.5,16.18487,8.66995],"rotation":{"angle":22.5,"axis":"x","origin":[8,15.45987,8.65495]},"faces":{"north":{"uv":[8.5,0,10,0.75],"texture":"#3"},"south":{"uv":[0,8.5,1.5,9.25],"texture":"#3"}}},{"from":[9.75768,10.76122,6.28179],"to":[11.25768,12.26122,6.28179],"rotation":{"angle":22.5,"axis":"z","origin":[10.50768,11.51122,6.28179]},"faces":{"north":{"uv":[6.5,11,7.25,11.75],"texture":"#3"}}},{"from":[4.74232,10.76122,6.28179],"to":[6.24232,12.26122,6.28179],"rotation":{"angle":-22.5,"axis":"z","origin":[5.49232,11.51122,6.28179]},"faces":{"north":{"uv":[11,7,11.75,7.75],"texture":"#3"}}},{"from":[11.5288,11.00794,6.38179],"to":[12.5288,12.00794,6.38179],"rotation":{"angle":-22.5,"axis":"z","origin":[12.5288,11.00794,6.38179]},"faces":{"north":{"uv":[2,12.5,2.5,13],"texture":"#3"}}},{"from":[3.4691,11.39062,6.38179],"to":[4.4691,12.39062,6.38179],"rotation":{"angle":22.5,"axis":"z","origin":[4.4691,11.39062,6.38179]},"faces":{"north":{"uv":[12.5,2,13,2.5],"texture":"#3"}}},{"from":[3.4691,11.39062,7.38179],"to":[4.4691,12.39062,7.38179],"rotation":{"angle":22.5,"axis":"z","origin":[4.4691,11.39062,7.38179]},"faces":{"south":{"uv":[12.5,2.5,13,3],"texture":"#3"}}},{"from":[11.5288,11.00794,7.38179],"to":[12.5288,12.00794,7.38179],"rotation":{"angle":-22.5,"axis":"z","origin":[12.5288,11.00794,7.38179]},"faces":{"south":{"uv":[2.5,12.5,3,13],"texture":"#3"}}},{"from":[9.75768,10.76122,7.48179],"to":[11.25768,12.26122,7.48179],"rotation":{"angle":22.5,"axis":"z","origin":[10.50768,11.51122,7.48179]},"faces":{"south":{"uv":[11,8,11.75,8.75],"texture":"#3"}}},{"from":[4.74232,10.76122,7.48179],"to":[6.24232,12.26122,7.48179],"rotation":{"angle":-22.5,"axis":"z","origin":[5.49232,11.51122,7.48179]},"faces":{"south":{"uv":[7.5,11,8.25,11.75],"texture":"#3"}}}],"gui_light":"front","display":{"thirdperson_righthand":{"rotation":[35,-35,0],"translation":[1.75,2.5,0]},"thirdperson_lefthand":{"rotation":[35,-35,0],"translation":[1.75,2.5,0]},"firstperson_righthand":{"rotation":[0,0,-9],"translation":[-9.5,2,0.5]},"firstperson_lefthand":{"rotation":[0,0,-9],"translation":[-9.5,2,0.5]},"ground":{"rotation":[45,0,0],"translation":[0,5,0],"scale":[0.7,0.7,0.7]},"gui":{"rotation":[0,180,45],"translation":[1.25,1.25,0],"scale":[0.7,0.7,0.7]},"fixed":{"translation":[0,3.5,-2.75],"scale":[2,2,2]}}}