{"textures":{"0":"modelengine:entity/phobos2"},"elements":[{"from":[7.05,7.3852816,10.274748],"to":[8.4,8.735282,11.624748],"faces":{"east":{"uv":[6.5,1.0625,6.375,1.1875],"tintindex":0,"rotation":0,"texture":"#0"},"south":{"uv":[6.375,5.6875,6.25,5.8125],"tintindex":0,"rotation":0,"texture":"#0"},"north":{"uv":[5.625,3.875,5.5,4.0],"tintindex":0,"rotation":0,"texture":"#0"},"west":{"uv":[6.25,2.9375,6.125,3.0625],"tintindex":0,"rotation":0,"texture":"#0"},"up":{"uv":[6.9375,1.9375,7.0625,1.8125],"tintindex":0,"rotation":0,"texture":"#0"},"down":{"uv":[6.9375,5.5625,7.0625,5.6875],"tintindex":0,"rotation":0,"texture":"#0"}}},{"from":[7.225,6.0602818,4.4497476],"to":[8.225,10.060282,5.4497476],"faces":{"east":{"uv":[5.0,9.3125,4.875,9.8125],"tintindex":0,"rotation":0,"texture":"#0"},"south":{"uv":[3.9375,9.3125,3.8125,9.8125],"tintindex":0,"rotation":0,"texture":"#0"},"north":{"uv":[1.125,4.625,1.0,5.125],"tintindex":0,"rotation":0,"texture":"#0"},"west":{"uv":[1.0,6.5625,0.875,7.0625],"tintindex":0,"rotation":0,"texture":"#0"},"up":{"uv":[1.75,7.1875,1.875,7.0625],"tintindex":0,"rotation":0,"texture":"#0"},"down":{"uv":[7.0625,1.8125,7.1875,1.9375],"tintindex":0,"rotation":0,"texture":"#0"}}},{"from":[7.2000003,9.760282,4.4604077],"to":[8.25,10.760282,5.4604077],"faces":{"east":{"uv":[8.875,1.75,8.75,1.875],"tintindex":0,"rotation":0,"texture":"#0"},"south":{"uv":[8.8125,2.1875,8.6875,2.3125],"tintindex":0,"rotation":0,"texture":"#0"},"north":{"uv":[8.6875,2.1875,8.5625,2.3125],"tintindex":0,"rotation":0,"texture":"#0"},"west":{"uv":[8.75,1.75,8.625,1.875],"tintindex":0,"rotation":0,"texture":"#0"},"up":{"uv":[8.8125,2.3125,8.9375,2.1875],"tintindex":0,"rotation":0,"texture":"#0"},"down":{"uv":[8.875,1.75,9.0,1.875],"tintindex":0,"rotation":0,"texture":"#0"}},"rotation":{"origin":[7.725,10.260282,4.9604077],"angle":45.0,"axis":"x"}},{"from":[7.225,7.5602818,4.9497476],"to":[8.225,8.560282,10.449747],"faces":{"east":{"uv":[9.875,4.3125,9.1875,4.4375],"tintindex":0,"rotation":0,"texture":"#0"},"south":{"uv":[2.0,5.125,1.875,5.25],"tintindex":0,"rotation":0,"texture":"#0"},"north":{"uv":[4.0625,0.6875,3.9375,0.8125],"tintindex":0,"rotation":0,"texture":"#0"},"west":{"uv":[9.875,4.1875,9.1875,4.3125],"tintindex":0,"rotation":0,"texture":"#0"},"up":{"uv":[1.125,9.6875,1.25,9.0],"tintindex":0,"rotation":0,"texture":"#0"},"down":{"uv":[1.8125,9.1875,1.9375,9.875],"tintindex":0,"rotation":0,"texture":"#0"}}},{"from":[7.15,7.3102818,4.213961],"to":[8.3,8.810282,5.713961],"faces":{"east":{"uv":[2.5625,5.25,2.375,5.4375],"tintindex":0,"rotation":0,"texture":"#0"},"south":{"uv":[9.34375,9.5625,9.1875,9.75],"tintindex":0,"rotation":0,"texture":"#0"},"north":{"uv":[9.71875,8.6875,9.5625,8.875],"tintindex":0,"rotation":0,"texture":"#0"},"west":{"uv":[2.8125,3.875,2.625,4.0625],"tintindex":0,"rotation":0,"texture":"#0"},"up":{"uv":[9.5625,9.4375,9.71875,9.25],"tintindex":0,"rotation":0,"texture":"#0"},"down":{"uv":[9.375,9.5625,9.53125,9.75],"tintindex":0,"rotation":0,"texture":"#0"}},"rotation":{"origin":[7.725,8.060282,4.963961],"angle":45.0,"axis":"x"}},{"from":[7.475,6.735282,-7.050253],"to":[7.975,9.385282,4.4497476],"faces":{"east":{"uv":[5.5,1.625,4.0625,1.96875],"tintindex":0,"rotation":0,"texture":"#0"},"south":{"uv":[6.5,0.0,6.4375,0.34375],"tintindex":0,"rotation":0,"texture":"#0"},"north":{"uv":[0.5,6.0,0.4375,6.34375],"tintindex":0,"rotation":0,"texture":"#0"},"west":{"uv":[5.5,1.25,4.0625,1.59375],"tintindex":0,"rotation":0,"texture":"#0"},"up":{"uv":[1.75,9.6875,1.8125,8.25],"tintindex":0,"rotation":0,"texture":"#0"},"down":{"uv":[5.0,8.625,5.0625,10.0625],"tintindex":0,"rotation":0,"texture":"#0"}}},{"from":[7.4500003,7.1233654,-7.9871693],"to":[8.0,8.997198,-6.1133366],"faces":{"east":{"uv":[0.34375,9.5625,0.125,9.78125],"tintindex":0,"rotation":0,"texture":"#0"},"south":{"uv":[6.75,2.9375,6.6875,3.15625],"tintindex":0,"rotation":0,"texture":"#0"},"north":{"uv":[0.5625,5.3125,0.5,5.53125],"tintindex":0,"rotation":0,"texture":"#0"},"west":{"uv":[9.71875,9.0,9.5,9.21875],"tintindex":0,"rotation":0,"texture":"#0"},"up":{"uv":[6.6875,3.40625,6.75,3.1875],"tintindex":0,"rotation":0,"texture":"#0"},"down":{"uv":[6.875,1.25,6.9375,1.46875],"tintindex":0,"rotation":0,"texture":"#0"}},"rotation":{"origin":[7.725,8.060282,-7.050253],"angle":-45.0,"axis":"x"}},{"from":[7.2000003,5.360282,4.4604077],"to":[8.25,6.360282,5.4604077],"faces":{"east":{"uv":[7.5625,6.0625,7.4375,6.1875],"tintindex":0,"rotation":0,"texture":"#0"},"south":{"uv":[2.3125,7.25,2.1875,7.375],"tintindex":0,"rotation":0,"texture":"#0"},"north":{"uv":[7.1875,5.5625,7.0625,5.6875],"tintindex":0,"rotation":0,"texture":"#0"},"west":{"uv":[7.3125,1.8125,7.1875,1.9375],"tintindex":0,"rotation":0,"texture":"#0"},"up":{"uv":[8.0625,2.3125,8.1875,2.1875],"tintindex":0,"rotation":0,"texture":"#0"},"down":{"uv":[8.3125,0.75,8.4375,0.875],"tintindex":0,"rotation":0,"texture":"#0"}},"rotation":{"origin":[7.725,5.860282,4.9604077],"angle":-45.0,"axis":"x"}}],"display":{"gui":{"rotation":[30,225,0]}}}