{"textures":{"0":"modelengine:entity/phobos2"},"elements":[{"from":[5.0059996,-2.804162,5.595837],"to":[11.794,2.0041656,10.404163],"faces":{"east":{"uv":[9.1875,7.75,9.5,8.0625],"tintindex":0,"rotation":0,"texture":"#0"},"south":{"uv":[8.5,5.25,8.9375,5.5625],"tintindex":0,"rotation":0,"texture":"#0"},"north":{"uv":[8.5,3.9375,8.9375,4.25],"tintindex":0,"rotation":0,"texture":"#0"},"west":{"uv":[9.1875,9.0,9.5,9.3125],"tintindex":0,"rotation":0,"texture":"#0"},"up":{"uv":[8.9375,6.3125,8.5,6.0],"tintindex":0,"rotation":0,"texture":"#0"},"down":{"uv":[8.9375,6.3125,8.5,6.625],"tintindex":0,"rotation":0,"texture":"#0"}},"rotation":{"origin":[8.4,-0.39999866,8.0],"angle":45.0,"axis":"x"}},{"from":[4.6999993,-0.69999963,4.2999997],"to":[12.099999,9.300002,11.7],"faces":{"east":{"uv":[5.625,6.4375,6.0625,7.03125],"tintindex":0,"rotation":0,"texture":"#0"},"south":{"uv":[6.5,0.0,6.9375,0.59375],"tintindex":0,"rotation":0,"texture":"#0"},"north":{"uv":[5.1875,6.4375,5.625,7.03125],"tintindex":0,"rotation":0,"texture":"#0"},"west":{"uv":[6.5,0.625,6.9375,1.21875],"tintindex":0,"rotation":0,"texture":"#0"},"up":{"uv":[3.1875,7.8125,2.75,7.375],"tintindex":0,"rotation":0,"texture":"#0"},"down":{"uv":[8.0,6.0625,7.5625,6.5],"tintindex":0,"rotation":0,"texture":"#0"}}},{"from":[4.9999995,-0.39999962,4.6],"to":[11.799999,9.000002,11.4],"faces":{"east":{"uv":[6.5625,2.3125,7.0,2.90625],"tintindex":0,"rotation":0,"texture":"#0"},"south":{"uv":[1.875,6.625,2.3125,7.21875],"tintindex":0,"rotation":0,"texture":"#0"},"north":{"uv":[0.4375,6.5625,0.875,7.15625],"tintindex":0,"rotation":0,"texture":"#0"},"west":{"uv":[0.0,6.6875,0.4375,7.28125],"tintindex":0,"rotation":0,"texture":"#0"},"up":{"uv":[8.0,6.9375,7.5625,6.5],"tintindex":0,"rotation":0,"texture":"#0"},"down":{"uv":[7.75,7.625,7.3125,8.0625],"tintindex":0,"rotation":0,"texture":"#0"}}}],"display":{"gui":{"rotation":[30,225,0]}}}