{"textures":{"0":"modelengine:entity/spiritsharkwater"},"elements":[{"from":[6.6,7.3390856,-0.9632559],"to":[9.4,9.932007,8.2528305],"faces":{"east":{"uv":[9.375,2.875,11.6875,3.5],"tintindex":0,"rotation":0,"texture":"#0"},"south":{"uv":[11.875,13.5,12.5625,14.125],"tintindex":0,"rotation":0,"texture":"#0"},"north":{"uv":[13.5,11.625,14.1875,12.25],"tintindex":0,"rotation":0,"texture":"#0"},"west":{"uv":[9.75,6.25,12.0625,6.875],"tintindex":0,"rotation":0,"texture":"#0"},"up":{"uv":[10.0625,10.0625,9.375,7.75],"tintindex":0,"rotation":0,"texture":"#0"},"down":{"uv":[4.3125,9.5,3.625,11.8125],"tintindex":0,"rotation":0,"texture":"#0"}},"rotation":{"origin":[10.25,7.41051,1.6930847],"angle":-22.5,"axis":"x"}},{"from":[6.625,6.327985,-0.7337208],"to":[9.375,9.081297,0.25921822],"faces":{"east":{"uv":[13.75,0.0,14.0,0.6875],"tintindex":0,"rotation":0,"texture":"#0"},"south":{"uv":[13.375,4.75,14.0625,5.4375],"tintindex":0,"rotation":0,"texture":"#0"},"north":{"uv":[13.375,4.0,14.0625,4.6875],"tintindex":0,"rotation":0,"texture":"#0"},"west":{"uv":[10.375,13.75,10.625,14.4375],"tintindex":0,"rotation":0,"texture":"#0"},"up":{"uv":[14.3125,13.0,13.625,12.75],"tintindex":0,"rotation":0,"texture":"#0"},"down":{"uv":[13.8125,13.75,13.125,14.0],"tintindex":0,"rotation":0,"texture":"#0"}}},{"from":[4.575,3.6931505,6.864684],"to":[11.425,11.267692,10.014685],"faces":{"east":{"uv":[4.375,9.5,5.1875,11.375],"tintindex":0,"rotation":0,"texture":"#0"},"south":{"uv":[5.125,4.5,6.8125,6.375],"tintindex":0,"rotation":0,"texture":"#0"},"north":{"uv":[3.375,4.5,5.0625,6.375],"tintindex":0,"rotation":0,"texture":"#0"},"west":{"uv":[6.5,10.125,7.3125,12.0],"tintindex":0,"rotation":0,"texture":"#0"},"up":{"uv":[11.9375,0.8125,10.25,0.0],"tintindex":0,"rotation":0,"texture":"#0"},"down":{"uv":[11.9375,0.875,10.25,1.6875],"tintindex":0,"rotation":0,"texture":"#0"}}},{"from":[6.625,17.37777,-5.3698606],"to":[9.375,19.773315,-4.377593],"faces":{"east":{"uv":[7.375,14.0,7.625,14.625],"tintindex":0,"rotation":0,"texture":"#0"},"south":{"uv":[3.75,13.625,4.4375,14.25],"tintindex":0,"rotation":0,"texture":"#0"},"north":{"uv":[13.625,1.375,14.3125,2.0],"tintindex":0,"rotation":0,"texture":"#0"},"west":{"uv":[7.625,14.0,7.875,14.625],"tintindex":0,"rotation":0,"texture":"#0"},"up":{"uv":[14.3125,8.75,13.625,8.5],"tintindex":0,"rotation":0,"texture":"#0"},"down":{"uv":[14.3125,12.5,13.625,12.75],"tintindex":0,"rotation":0,"texture":"#0"}},"rotation":{"origin":[10.275,17.449196,10.286479],"angle":-45.0,"axis":"x"}}],"display":{"gui":{"rotation":[30,225,0]}}}