{"textures":{"0":"modelengine:entity/spiritsharkwater"},"elements":[{"from":[1.3649998,2.5207748,-3.9255705],"to":[14.635,5.3437805,7.9268847],"faces":{"east":{"uv":[0.0,8.5,1.5,8.875],"tintindex":0,"rotation":0,"texture":"#0"},"south":{"uv":[13.0,2.375,14.6875,2.75],"tintindex":0,"rotation":0,"texture":"#0"},"north":{"uv":[12.875,9.25,14.5625,9.625],"tintindex":0,"rotation":0,"texture":"#0"},"west":{"uv":[9.375,3.5,10.875,3.875],"tintindex":0,"rotation":0,"texture":"#0"},"up":{"uv":[5.8125,7.875,4.125,6.375],"tintindex":0,"rotation":0,"texture":"#0"},"down":{"uv":[7.5625,6.375,5.875,7.875],"tintindex":0,"rotation":0,"texture":"#0"}}},{"from":[1.1999998,-4.828471,1.4939642],"to":[14.8,-0.8284712,5.453965],"faces":{"east":{"uv":[1.875,8.875,2.375,9.375],"tintindex":0,"rotation":0,"texture":"#0"},"south":{"uv":[0.0,12.625,1.6875,13.125],"tintindex":0,"rotation":0,"texture":"#0"},"north":{"uv":[11.875,12.5,13.5625,13.0],"tintindex":0,"rotation":0,"texture":"#0"},"west":{"uv":[13.625,8.0,14.125,8.5],"tintindex":0,"rotation":0,"texture":"#0"},"up":{"uv":[7.3125,13.125,5.625,12.625],"tintindex":0,"rotation":0,"texture":"#0"},"down":{"uv":[14.3125,7.5,12.625,8.0],"tintindex":0,"rotation":0,"texture":"#0"}},"rotation":{"origin":[7.4700003,6.611374,-4.160901],"angle":-45.0,"axis":"x"}},{"from":[1.8299999,4.9570675,-3.4240465],"to":[14.17,8.257067,7.715953],"faces":{"east":{"uv":[13.0,2.75,14.375,3.1875],"tintindex":0,"rotation":0,"texture":"#0"},"south":{"uv":[12.875,8.75,14.4375,9.1875],"tintindex":0,"rotation":0,"texture":"#0"},"north":{"uv":[7.375,12.875,8.9375,13.3125],"tintindex":0,"rotation":0,"texture":"#0"},"west":{"uv":[11.875,13.0,13.25,13.4375],"tintindex":0,"rotation":0,"texture":"#0"},"up":{"uv":[9.1875,8.25,7.625,6.875],"tintindex":0,"rotation":0,"texture":"#0"},"down":{"uv":[9.3125,2.5,7.75,3.875],"tintindex":0,"rotation":0,"texture":"#0"}}},{"from":[1.4000001,16.226303,-5.8401575],"to":[14.6,18.83442,-4.759839],"faces":{"east":{"uv":[6.0,0.0,6.125,0.3125],"tintindex":0,"rotation":0,"texture":"#0"},"south":{"uv":[5.625,13.125,7.25,13.4375],"tintindex":0,"rotation":0,"texture":"#0"},"north":{"uv":[0.0,13.125,1.625,13.4375],"tintindex":0,"rotation":0,"texture":"#0"},"west":{"uv":[6.0,0.375,6.125,0.6875],"tintindex":0,"rotation":0,"texture":"#0"},"up":{"uv":[14.75,6.25,13.125,6.125],"tintindex":0,"rotation":0,"texture":"#0"},"down":{"uv":[15.0,5.5,13.375,5.625],"tintindex":0,"rotation":0,"texture":"#0"}},"rotation":{"origin":[7.7,14.1861725,29.568306],"angle":-22.5,"axis":"x"}}],"display":{"gui":{"rotation":[30,225,0]}}}