{"textures":{"0":"modelengine:entity/bigvampireclaws"},"elements":[{"from":[4.4253197,3.7259192,-0.37236214],"to":[6.76468,6.5110593,3.1843786],"faces":{"east":{"uv":[7.875,7.3125,8.09375,7.5],"tintindex":0,"rotation":0,"texture":"#0"},"south":{"uv":[0.625,8.125,0.78125,8.3125],"tintindex":0,"rotation":0,"texture":"#0"},"north":{"uv":[0.4375,8.125,0.59375,8.3125],"tintindex":0,"rotation":0,"texture":"#0"},"west":{"uv":[7.875,7.5,8.09375,7.6875],"tintindex":0,"rotation":0,"texture":"#0"},"up":{"uv":[7.84375,8.15625,7.6875,7.9375],"tintindex":0,"rotation":0,"texture":"#0"},"down":{"uv":[4.21875,8.0625,4.0625,8.28125],"tintindex":0,"rotation":0,"texture":"#0"}},"rotation":{"origin":[5.5950003,5.1184893,1.4060078],"angle":-45.0,"axis":"x"}},{"from":[5.3353205,3.970529,1.6338282],"to":[10.6646805,7.2756796,5.190569],"faces":{"east":{"uv":[4.25,7.875,4.46875,8.09375],"tintindex":0,"rotation":0,"texture":"#0"},"south":{"uv":[7.5625,0.875,7.90625,1.09375],"tintindex":0,"rotation":0,"texture":"#0"},"north":{"uv":[7.5625,0.625,7.90625,0.84375],"tintindex":0,"rotation":0,"texture":"#0"},"west":{"uv":[4.5,7.875,4.71875,8.09375],"tintindex":0,"rotation":0,"texture":"#0"},"up":{"uv":[7.90625,1.34375,7.5625,1.125],"tintindex":0,"rotation":0,"texture":"#0"},"down":{"uv":[7.90625,1.375,7.5625,1.59375],"tintindex":0,"rotation":0,"texture":"#0"}},"rotation":{"origin":[7.935,5.818099,3.8021984],"angle":-22.5,"axis":"x"}},{"from":[6.6285,5.752579,10.089768],"to":[9.3715,7.661459,14.600398],"faces":{"east":{"uv":[8.0,3.875,8.28125,4.0],"tintindex":0,"rotation":0,"texture":"#0"},"south":{"uv":[8.125,4.375,8.28125,4.5],"tintindex":0,"rotation":0,"texture":"#0"},"north":{"uv":[4.3125,8.125,4.46875,8.25],"tintindex":0,"rotation":0,"texture":"#0"},"west":{"uv":[8.0,4.0,8.28125,4.125],"tintindex":0,"rotation":0,"texture":"#0"},"up":{"uv":[8.03125,6.34375,7.875,6.0625],"tintindex":0,"rotation":0,"texture":"#0"},"down":{"uv":[8.03125,6.375,7.875,6.65625],"tintindex":0,"rotation":0,"texture":"#0"}},"rotation":{"origin":[8.26,6.4470196,11.890079],"angle":45.0,"axis":"x"}},{"from":[9.23532,3.7259192,-0.37236214],"to":[11.57468,6.5110593,3.1843786],"faces":{"east":{"uv":[7.875,7.6875,8.09375,7.875],"tintindex":0,"rotation":0,"texture":"#0"},"south":{"uv":[1.0,8.125,1.15625,8.3125],"tintindex":0,"rotation":0,"texture":"#0"},"north":{"uv":[0.8125,8.125,0.96875,8.3125],"tintindex":0,"rotation":0,"texture":"#0"},"west":{"uv":[7.875,7.875,8.09375,8.0625],"tintindex":0,"rotation":0,"texture":"#0"},"up":{"uv":[5.40625,8.28125,5.25,8.0625],"tintindex":0,"rotation":0,"texture":"#0"},"down":{"uv":[8.21875,5.25,8.0625,5.46875],"tintindex":0,"rotation":0,"texture":"#0"}},"rotation":{"origin":[10.405,5.1184893,1.4060078],"angle":-45.0,"axis":"x"}},{"from":[5.2700005,4.1877193,4.8250084],"to":[10.73,7.7528696,10.201748],"faces":{"east":{"uv":[4.0625,7.5,4.40625,7.71875],"tintindex":0,"rotation":0,"texture":"#0"},"south":{"uv":[5.5,7.5,5.84375,7.71875],"tintindex":0,"rotation":0,"texture":"#0"},"north":{"uv":[7.5,3.625,7.84375,3.84375],"tintindex":0,"rotation":0,"texture":"#0"},"west":{"uv":[7.5,5.625,7.84375,5.84375],"tintindex":0,"rotation":0,"texture":"#0"},"up":{"uv":[5.09375,7.34375,4.75,7.0],"tintindex":0,"rotation":0,"texture":"#0"},"down":{"uv":[7.40625,5.3125,7.0625,5.65625],"tintindex":0,"rotation":0,"texture":"#0"}},"rotation":{"origin":[8.00065,7.5068893,8.611599],"angle":22.5,"axis":"x"}},{"from":[6.8885,4.7418494,7.9005084],"to":[9.1115,7.170739,11.761139],"faces":{"east":{"uv":[7.9375,1.1875,8.1875,1.34375],"tintindex":0,"rotation":0,"texture":"#0"},"south":{"uv":[4.4375,3.125,4.5625,3.28125],"tintindex":0,"rotation":0,"texture":"#0"},"north":{"uv":[1.5625,4.125,1.6875,4.28125],"tintindex":0,"rotation":0,"texture":"#0"},"west":{"uv":[7.9375,1.375,8.1875,1.53125],"tintindex":0,"rotation":0,"texture":"#0"},"up":{"uv":[6.3125,6.8125,6.1875,6.5625],"tintindex":0,"rotation":0,"texture":"#0"},"down":{"uv":[7.1875,1.3125,7.0625,1.5625],"tintindex":0,"rotation":0,"texture":"#0"}},"rotation":{"origin":[8.0,6.1512995,10.285829],"angle":-22.5,"axis":"x"}},{"from":[5.2706003,3.831849,3.8430586],"to":[10.7294,5.8894396,8.810509],"faces":{"east":{"uv":[6.75,4.125,7.0625,4.25],"tintindex":0,"rotation":0,"texture":"#0"},"south":{"uv":[7.8125,3.25,8.15625,3.375],"tintindex":0,"rotation":0,"texture":"#0"},"north":{"uv":[6.625,5.3125,6.96875,5.4375],"tintindex":0,"rotation":0,"texture":"#0"},"west":{"uv":[7.5,2.9375,7.8125,3.0625],"tintindex":0,"rotation":0,"texture":"#0"},"up":{"uv":[5.46875,7.5625,5.125,7.25],"tintindex":0,"rotation":0,"texture":"#0"},"down":{"uv":[0.59375,7.3125,0.25,7.625],"tintindex":0,"rotation":0,"texture":"#0"}}}],"display":{"gui":{"rotation":[30,225,0]}}}