{"textures":{"0":"modelengine:entity/bigvampireclaws"},"elements":[{"from":[6.05,-5.199609,8.584945],"to":[9.95,8.308741,12.564854],"faces":{"east":{"uv":[3.25,6.3125,3.5,7.15625],"tintindex":0,"rotation":0,"texture":"#0"},"south":{"uv":[3.5,6.3125,3.75,7.15625],"tintindex":0,"rotation":0,"texture":"#0"},"north":{"uv":[3.0,6.3125,3.25,7.15625],"tintindex":0,"rotation":0,"texture":"#0"},"west":{"uv":[6.3125,5.4375,6.5625,6.28125],"tintindex":0,"rotation":0,"texture":"#0"},"up":{"uv":[6.6875,8.0625,6.4375,7.8125],"tintindex":0,"rotation":0,"texture":"#0"},"down":{"uv":[6.9375,7.8125,6.6875,8.0625],"tintindex":0,"rotation":0,"texture":"#0"}},"rotation":{"origin":[8.65,10.004571,11.874894],"angle":22.5,"axis":"x"}}],"display":{"gui":{"rotation":[30,225,0]}}}