{"credit":"Made by PolygonMC","texture_size":[20,20],"textures":{"2":"tavern:items/sets/mysticcyan/greatsword","3":"tavern:items/sets/mysticcyan/animations/animations_greatsword","4":"tavern:items/sets/mysticcyan/animations/animations_1","particle":"tavern:items/sets/mysticcyan/greatsword"},"elements":[{"from":[7.25,0,7.25],"to":[8.75,0.5,8.75],"rotation":{"angle":0,"axis":"y","origin":[7.5,0,8.5]},"faces":{"north":{"uv":[0,12.57143,0.85714,12.85714],"texture":"#2"},"east":{"uv":[12.57143,0,13.42857,0.28571],"texture":"#2"},"south":{"uv":[12.57143,0.57143,13.42857,0.85714],"texture":"#2"},"west":{"uv":[1.14286,12.57143,2,12.85714],"texture":"#2"},"up":{"uv":[11.14286,4.28571,10.28571,3.42857],"texture":"#2"},"down":{"uv":[11.14286,4.57143,10.28571,5.42857],"texture":"#2"}}},{"from":[7.25,4.25,7.25],"to":[8.75,4.75,8.75],"rotation":{"angle":0,"axis":"y","origin":[7.5,4.25,8.5]},"faces":{"north":{"uv":[12.57143,1.14286,13.42857,1.42857],"texture":"#2"},"east":{"uv":[12.57143,1.71429,13.42857,2],"texture":"#2"},"south":{"uv":[12.57143,2.28571,13.42857,2.57143],"texture":"#2"},"west":{"uv":[12.57143,2.85714,13.42857,3.14286],"texture":"#2"},"up":{"uv":[11.14286,6.57143,10.28571,5.71429],"texture":"#2"},"down":{"uv":[11.14286,6.85714,10.28571,7.71429],"texture":"#2"}}},{"from":[7.25,5.5,7.25],"to":[8.75,6,8.75],"rotation":{"angle":0,"axis":"y","origin":[7.5,5.5,8.5]},"faces":{"north":{"uv":[3.42857,12.57143,4.28571,12.85714],"texture":"#2"},"east":{"uv":[12.57143,3.42857,13.42857,3.71429],"texture":"#2"},"south":{"uv":[12.57143,4,13.42857,4.28571],"texture":"#2"},"west":{"uv":[4.57143,12.57143,5.42857,12.85714],"texture":"#2"},"up":{"uv":[11.14286,8.85714,10.28571,8],"texture":"#2"},"down":{"uv":[11.14286,9.14286,10.28571,10],"texture":"#2"}}},{"from":[7.35,0.65,7.25],"to":[8.65,1.15,8.75],"rotation":{"angle":22.5,"axis":"x","origin":[8,0.9,8]},"faces":{"north":{"uv":[11.42857,12.57143,12.14286,12.85714],"texture":"#2"},"east":{"uv":[12.57143,6.28571,13.42857,6.57143],"texture":"#2"},"south":{"uv":[12.57143,11.42857,13.28571,11.71429],"texture":"#2"},"west":{"uv":[12.57143,6.85714,13.42857,7.14286],"texture":"#2"},"up":{"uv":[12.14286,0.85714,11.42857,0],"texture":"#2"},"down":{"uv":[12.14286,1.14286,11.42857,2],"texture":"#2"}}},{"from":[7.35,3.25,7.25],"to":[8.65,3.75,8.75],"rotation":{"angle":22.5,"axis":"x","origin":[8,3.5,8]},"faces":{"north":{"uv":[12.57143,12.57143,13.28571,12.85714],"texture":"#2"},"east":{"uv":[7.42857,12.57143,8.28571,12.85714],"texture":"#2"},"south":{"uv":[0,13.14286,0.71429,13.42857],"texture":"#2"},"west":{"uv":[12.57143,7.42857,13.42857,7.71429],"texture":"#2"},"up":{"uv":[12.14286,3.14286,11.42857,2.28571],"texture":"#2"},"down":{"uv":[4.14286,11.42857,3.42857,12.28571],"texture":"#2"}}},{"from":[7.5,0.5,7.5],"to":[8.5,3.5,8.5],"rotation":{"angle":0,"axis":"y","origin":[7.5,0.5,8.5]},"faces":{"north":{"uv":[8,4.57143,8.57143,6.28571],"texture":"#2"},"east":{"uv":[8.57143,4.57143,9.14286,6.28571],"texture":"#2"},"south":{"uv":[8.57143,8.57143,9.14286,10.28571],"texture":"#2"},"west":{"uv":[9.14286,0,9.71429,1.71429],"texture":"#2"}}},{"from":[7.4,3.5,7.4],"to":[8.6,5.5,8.6],"rotation":{"angle":0,"axis":"y","origin":[7.5,3.5,8.5]},"faces":{"north":{"uv":[9.71429,0,10.42857,1.14286],"texture":"#2"},"east":{"uv":[9.14286,9.71429,9.85714,10.85714],"texture":"#2"},"south":{"uv":[10.28571,1.14286,11,2.28571],"texture":"#2"},"west":{"uv":[10.28571,2.28571,11,3.42857],"texture":"#2"}}},{"from":[7.4,-1,7.4],"to":[8.6,0,8.6],"rotation":{"angle":0,"axis":"y","origin":[7.25,-1,7.75]},"faces":{"north":{"uv":[11.42857,9.71429,12.14286,10.28571],"texture":"#2"},"east":{"uv":[11.42857,10.85714,12.14286,11.42857],"texture":"#2"},"south":{"uv":[11.42857,11.42857,12.14286,12],"texture":"#2"},"west":{"uv":[12,4.57143,12.71429,5.14286],"texture":"#2"}}},{"from":[7.3975,-1.37322,7.45],"to":[8.6025,-0.52322,8.3],"rotation":{"angle":-45,"axis":"x","origin":[7.9975,-0.82322,8]},"faces":{"north":{"uv":[12,8,12.71429,8.42857],"texture":"#2"},"east":{"uv":[13.14286,8.57143,13.57143,9],"texture":"#2"},"south":{"uv":[12,8.57143,12.71429,9],"texture":"#2"},"west":{"uv":[9.14286,13.14286,9.57143,13.57143],"texture":"#2"},"up":{"uv":[12.71429,9.57143,12,9.14286],"texture":"#2"},"down":{"uv":[12.71429,10.28571,12,10.71429],"texture":"#2"}}},{"from":[7.25,8.46421,7],"to":[8.75,10.46421,9],"rotation":{"angle":45,"axis":"x","origin":[8,9.46421,8]},"faces":{"north":{"uv":[9.14286,1.71429,10,2.85714],"texture":"#2"},"east":{"uv":[8,0,9.14286,1.14286],"texture":"#2"},"south":{"uv":[9.14286,2.85714,10,4],"texture":"#2"},"west":{"uv":[8,1.14286,9.14286,2.28571],"texture":"#2"},"up":{"uv":[10,5.14286,9.14286,4],"texture":"#2"},"down":{"uv":[10,5.14286,9.14286,6.28571],"texture":"#2"}}},{"from":[7.75,9,8],"to":[8.25,12,11],"rotation":{"angle":-45,"axis":"x","origin":[7.75,9,8]},"faces":{"north":{"uv":[11.42857,4.57143,11.71429,6.28571],"texture":"#2"},"east":{"uv":[6.28571,2.85714,8,4.57143],"texture":"#2"},"south":{"uv":[11.42857,6.28571,11.71429,8],"texture":"#2"},"west":{"uv":[6.28571,4.57143,8,6.28571],"texture":"#2"},"up":{"uv":[11.71429,9.71429,11.42857,8],"texture":"#2"},"down":{"uv":[8.85714,11.42857,8.57143,13.14286],"texture":"#2"}}},{"from":[7.75,24.74246,8],"to":[8.25,26.69246,10.95],"rotation":{"angle":-45,"axis":"x","origin":[7.75,24.74246,8]},"faces":{"north":{"uv":[5.71429,12,6,13.14286],"texture":"#2"},"east":{"uv":[7.42857,6.28571,9.14286,7.42857],"texture":"#2"},"south":{"uv":[12,6.28571,12.28571,7.42857],"texture":"#2"},"west":{"uv":[7.42857,7.42857,9.14286,8.57143],"texture":"#2"},"up":{"uv":[9.42857,13.14286,9.14286,11.42857],"texture":"#2"},"down":{"uv":[10,11.42857,9.71429,13.14286],"texture":"#2"}}},{"from":[7.752,11.12132,6.625],"to":[8.248,26.12132,9.375],"rotation":{"angle":0,"axis":"y","origin":[8.002,12.62132,8.125]},"faces":{"north":{"uv":[6.28571,6.28571,6.57143,14.85714],"texture":"#2"},"east":{"uv":[2.85714,0,4.42857,8.57143],"texture":"#2"},"south":{"uv":[6.85714,6.28571,7.14286,14.85714],"texture":"#2"},"west":{"uv":[4.57143,0,6.14286,8.57143],"texture":"#2"}}},{"from":[7.985,10.12132,5.625],"to":[8.015,31.625,10.375],"rotation":{"angle":0,"axis":"y","origin":[7.739,12.62132,8.875]},"faces":{"east":{"uv":[2.71429,0,0,12.28571],"texture":"#2"},"west":{"uv":[0,0,2.71429,12.28571],"texture":"#2"}}},{"from":[7.5,5.25,6],"to":[8.5,9.25,7],"rotation":{"angle":45,"axis":"x","origin":[8,7.25,8]},"faces":{"north":{"uv":[2.85714,8.57143,3.42857,10.85714],"texture":"#2"},"east":{"uv":[3.42857,8.57143,4,10.85714],"texture":"#2"},"south":{"uv":[4,8.57143,4.57143,10.85714],"texture":"#2"},"west":{"uv":[4.57143,8.57143,5.14286,10.85714],"texture":"#2"},"up":{"uv":[10.28571,1.71429,9.71429,1.14286],"texture":"#2"},"down":{"uv":[8,12,7.42857,12.57143],"texture":"#2"}}},{"from":[7.5,5.25,9],"to":[8.5,9.25,10],"rotation":{"angle":45,"axis":"x","origin":[8,7.25,8]},"faces":{"north":{"uv":[5.14286,8.57143,5.71429,10.85714],"texture":"#2"},"east":{"uv":[5.71429,8.57143,6.28571,10.85714],"texture":"#2"},"south":{"uv":[7.42857,8.57143,8,10.85714],"texture":"#2"},"west":{"uv":[8,8.57143,8.57143,10.85714],"texture":"#2"},"up":{"uv":[12.57143,8,12,7.42857],"texture":"#2"},"down":{"uv":[8.57143,12,8,12.57143],"texture":"#2"}}},{"from":[7.5,5.25,7],"to":[8.5,6.25,9],"rotation":{"angle":45,"axis":"x","origin":[8,7.25,8]},"faces":{"east":{"uv":[3.42857,10.85714,4.57143,11.42857],"texture":"#2"},"west":{"uv":[4.57143,10.85714,5.71429,11.42857],"texture":"#2"},"up":{"uv":[6.28571,12,5.71429,10.85714],"texture":"#2"},"down":{"uv":[8,10.85714,7.42857,12],"texture":"#2"}}},{"from":[7.5,8.25,7],"to":[8.5,9.25,9],"rotation":{"angle":45,"axis":"x","origin":[8,7.25,8]},"faces":{"east":{"uv":[9.14286,10.85714,10.28571,11.42857],"texture":"#2"},"west":{"uv":[10.85714,10.28571,12,10.85714],"texture":"#2"},"up":{"uv":[8.57143,12,8,10.85714],"texture":"#2"},"down":{"uv":[11.42857,10.85714,10.85714,12],"texture":"#2"}}},{"from":[7.375,6.99461,4.9098],"to":[8.625,7.49461,7.1598],"rotation":{"angle":-22.5,"axis":"x","origin":[8,7.24461,8]},"faces":{"north":{"uv":[1.85714,13.42857,1.14286,13.14286],"rotation":180,"texture":"#2"},"east":{"uv":[10.28571,11.42857,10.57143,12.71429],"rotation":90,"texture":"#2"},"south":{"uv":[4.14286,13.14286,3.42857,13.42857],"texture":"#2"},"west":{"uv":[2.85714,12,3.14286,13.28571],"rotation":270,"texture":"#2"},"up":{"uv":[9.14286,8,9.85714,9.28571],"texture":"#2"},"down":{"uv":[9.14286,6.28571,9.85714,7.57143],"rotation":180,"texture":"#2"}}},{"from":[7.376,6.29301,5.04936],"to":[8.624,7.14301,5.97436],"rotation":{"angle":0,"axis":"x","origin":[8,7.24461,8]},"faces":{"north":{"uv":[11.57143,12.42857,10.85714,12],"rotation":180,"texture":"#2"},"east":{"uv":[2.28571,12.57143,2.71429,13.14286],"rotation":90,"texture":"#2"},"west":{"uv":[12.57143,9.71429,13,10.28571],"rotation":270,"texture":"#2"},"up":{"uv":[12,5.14286,12.71429,5.71429],"texture":"#2"}}},{"from":[7.376,4.29397,7.04841],"to":[8.624,5.21897,7.89841],"rotation":{"angle":45,"axis":"x","origin":[8,7.24461,8]},"faces":{"east":{"uv":[10.85714,12.57143,11.28571,13.14286],"rotation":180,"texture":"#2"},"south":{"uv":[12,5.71429,12.71429,6.28571],"rotation":180,"texture":"#2"},"west":{"uv":[12.57143,10.85714,13,11.42857],"rotation":180,"texture":"#2"},"down":{"uv":[12.71429,12.42857,12,12],"texture":"#2"}}},{"from":[7.5,4.15553,4.91092],"to":[8.5,6.15553,6.91092],"rotation":{"angle":22.5,"axis":"x","origin":[8,7.24461,8]},"faces":{"north":{"uv":[11.42857,1.14286,10.85714,0],"rotation":180,"texture":"#2"},"east":{"uv":[8,2.28571,9.14286,3.42857],"rotation":90,"texture":"#2"},"south":{"uv":[3.42857,10.85714,2.85714,12],"texture":"#2"},"west":{"uv":[8,3.42857,9.14286,4.57143],"rotation":270,"texture":"#2"},"up":{"uv":[10.28571,10.28571,10.85714,11.42857],"texture":"#2"},"down":{"uv":[8.57143,10.28571,9.14286,11.42857],"rotation":180,"texture":"#2"}}},{"from":[7.375,7.49461,5.9098],"to":[8.625,7.99461,7.1598],"rotation":{"angle":-22.5,"axis":"x","origin":[8,7.24461,8]},"faces":{"north":{"uv":[13.85714,4.85714,13.14286,4.57143],"rotation":180,"texture":"#2"},"east":{"uv":[2.28571,13.14286,2.57143,13.85714],"rotation":90,"texture":"#2"},"south":{"uv":[5.85714,13.14286,5.14286,13.42857],"texture":"#2"},"west":{"uv":[4.57143,13.14286,4.85714,13.85714],"rotation":270,"texture":"#2"},"up":{"uv":[11.42857,3.42857,12.14286,4.14286],"texture":"#2"}}},{"from":[7.375,6.49461,5.9098],"to":[8.625,6.99461,7.1598],"rotation":{"angle":-22.5,"axis":"x","origin":[8,7.24461,8]},"faces":{"north":{"uv":[8.71429,13.42857,8,13.14286],"rotation":180,"texture":"#2"},"east":{"uv":[13.14286,5.14286,13.42857,5.85714],"rotation":90,"texture":"#2"},"south":{"uv":[13.85714,8,13.14286,8.28571],"texture":"#2"},"west":{"uv":[7.42857,13.14286,7.71429,13.85714],"rotation":270,"texture":"#2"},"down":{"uv":[4.57143,11.42857,5.28571,12.14286],"rotation":180,"texture":"#2"}}},{"from":[7.985,5.74461,0.7152],"to":[8.015,8.74461,5.7152],"rotation":{"angle":-22.5,"axis":"x","origin":[8,7.24461,8]},"faces":{"east":{"uv":[8,0,6.28571,2.85714],"rotation":90,"texture":"#2"},"west":{"uv":[6.28571,0,8,2.85714],"rotation":270,"texture":"#2"}}},{"from":[7.375,6.99461,8.8402],"to":[8.625,7.49461,11.0902],"rotation":{"angle":-22.5,"axis":"x","origin":[8,7.24461,8]},"faces":{"north":{"uv":[3.42857,13.14286,4.14286,13.42857],"texture":"#2"},"east":{"uv":[10.28571,12.71429,10.57143,11.42857],"rotation":90,"texture":"#2"},"south":{"uv":[1.14286,13.42857,1.85714,13.14286],"rotation":180,"texture":"#2"},"west":{"uv":[2.85714,13.28571,3.14286,12],"rotation":270,"texture":"#2"},"up":{"uv":[9.14286,9.28571,9.85714,8],"texture":"#2"},"down":{"uv":[9.14286,7.57143,9.85714,6.28571],"rotation":180,"texture":"#2"}}},{"from":[7.376,7.3462,10.02564],"to":[8.624,8.1962,10.95064],"rotation":{"angle":0,"axis":"x","origin":[8,7.24461,8]},"faces":{"east":{"uv":[10.85714,13.14286,11.28571,12.57143],"rotation":90,"texture":"#2"},"south":{"uv":[12,12.42857,12.71429,12],"rotation":180,"texture":"#2"},"west":{"uv":[12.57143,11.42857,13,10.85714],"rotation":270,"texture":"#2"},"down":{"uv":[12,6.28571,12.71429,5.71429],"rotation":180,"texture":"#2"}}},{"from":[7.5,8.33369,9.08908],"to":[8.5,10.33369,11.08908],"rotation":{"angle":22.5,"axis":"x","origin":[8,7.24461,8]},"faces":{"north":{"uv":[10.85714,10.28571,10.28571,11.42857],"texture":"#2"},"east":{"uv":[9.14286,2.28571,8,3.42857],"texture":"#2"},"south":{"uv":[9.14286,10.28571,8.57143,11.42857],"texture":"#2"},"west":{"uv":[9.14286,3.42857,8,4.57143],"texture":"#2"},"up":{"uv":[11.42857,0,10.85714,1.14286],"texture":"#2"},"down":{"uv":[3.42857,12,2.85714,10.85714],"texture":"#2"}}},{"from":[7.375,6.49461,8.8402],"to":[8.625,6.99461,10.0902],"rotation":{"angle":-22.5,"axis":"x","origin":[8,7.24461,8]},"faces":{"north":{"uv":[13.14286,8,13.85714,8.28571],"texture":"#2"},"east":{"uv":[13.14286,5.85714,13.42857,5.14286],"rotation":90,"texture":"#2"},"south":{"uv":[8,13.42857,8.71429,13.14286],"rotation":180,"texture":"#2"},"west":{"uv":[7.42857,13.85714,7.71429,13.14286],"rotation":270,"texture":"#2"},"down":{"uv":[4.57143,12.14286,5.28571,11.42857],"rotation":180,"texture":"#2"}}},{"from":[7.985,5.74461,10.2848],"to":[8.015,8.74461,15.2848],"rotation":{"angle":-22.5,"axis":"x","origin":[8,7.24461,8]},"faces":{"east":{"uv":[8,2.85714,6.28571,0],"rotation":90,"texture":"#2"},"west":{"uv":[6.28571,2.85714,8,0],"rotation":270,"texture":"#2"}}},{"from":[7.376,9.27025,8.1016],"to":[8.624,10.19525,8.9516],"rotation":{"angle":45,"axis":"x","origin":[8,7.24461,8]},"faces":{"north":{"uv":[12,5.71429,12.71429,5.14286],"rotation":180,"texture":"#2"},"east":{"uv":[2.28571,13.14286,2.71429,12.57143],"rotation":180,"texture":"#2"},"west":{"uv":[12.57143,10.28571,13,9.71429],"rotation":180,"texture":"#2"},"up":{"uv":[10.85714,12.42857,11.57143,12],"rotation":180,"texture":"#2"}}},{"from":[7.375,7.49461,8.8402],"to":[8.625,7.99461,10.0902],"rotation":{"angle":-22.5,"axis":"x","origin":[8,7.24461,8]},"faces":{"north":{"uv":[5.14286,13.14286,5.85714,13.42857],"texture":"#2"},"east":{"uv":[2.28571,13.85714,2.57143,13.14286],"rotation":90,"texture":"#2"},"south":{"uv":[13.14286,4.85714,13.85714,4.57143],"rotation":180,"texture":"#2"},"west":{"uv":[4.57143,13.85714,4.85714,13.14286],"rotation":270,"texture":"#2"},"up":{"uv":[11.42857,4.14286,12.14286,3.42857],"texture":"#2"}}},{"from":[7,6.23921,7],"to":[9,8.23921,9],"rotation":{"angle":45,"axis":"x","origin":[8,7.23921,8]},"faces":{"north":{"uv":[6.5,0,10.5,4],"texture":"#4"},"east":{"uv":[6.5,0,10.5,4],"texture":"#4"},"south":{"uv":[6.5,0,10.5,4],"texture":"#4"},"west":{"uv":[6.5,0,10.5,4],"texture":"#4"},"up":{"uv":[6.5,0,10.5,4],"texture":"#4"},"down":{"uv":[6.5,0,10.5,4],"texture":"#4"}}},{"from":[5.65,6,4.7],"to":[5.68,11,7.7],"rotation":{"angle":22.5,"axis":"y","origin":[5.65,6,3.7]},"faces":{"east":{"uv":[6,0,0,10],"texture":"#4"},"west":{"uv":[0,0,6,10],"texture":"#4"}}},{"from":[5.65,6,8.3],"to":[5.68,11,11.3],"rotation":{"angle":-22.5,"axis":"y","origin":[5.65,6,12.3]},"faces":{"east":{"uv":[0,0,6,10],"texture":"#4"},"west":{"uv":[6,0,0,10],"texture":"#4"}}},{"from":[10.32,6,8.3],"to":[10.35,11,11.3],"rotation":{"angle":22.5,"axis":"y","origin":[10.35,6,12.3]},"faces":{"east":{"uv":[0,0,6,10],"texture":"#4"},"west":{"uv":[6,0,0,10],"texture":"#4"}}},{"from":[10.32,6,4.7],"to":[10.35,11,7.7],"rotation":{"angle":-22.5,"axis":"y","origin":[10.35,6,3.7]},"faces":{"east":{"uv":[6,0,0,10],"texture":"#4"},"west":{"uv":[0,0,6,10],"texture":"#4"}}},{"from":[7.5,12,5.7],"to":[7.5,32,10.2],"rotation":{"angle":0,"axis":"y","origin":[7.5,12,5.7]},"faces":{"west":{"uv":[0,0,3.6,16],"texture":"#3"}}},{"from":[8.5,12,5.7],"to":[8.5,32,10.2],"rotation":{"angle":0,"axis":"y","origin":[8.5,12,5.7]},"faces":{"east":{"uv":[3.6,0,0,16],"texture":"#3"}}}],"gui_light":"front","display":{"thirdperson_righthand":{"translation":[0,3,0.75]},"thirdperson_lefthand":{"translation":[0,3,0.75]},"firstperson_righthand":{"rotation":[-10,0,0],"translation":[0,2.25,0]},"firstperson_lefthand":{"rotation":[-10,0,0],"translation":[0,2.25,0]},"ground":{"rotation":[-45,0,0],"translation":[0,8,0]},"gui":{"rotation":[-90,-45,-90],"translation":[-3.25,-3.75,0],"scale":[0.74805,0.74805,0.74805]},"head":{"rotation":[0,-90,0]},"fixed":{"rotation":[0,-90,0],"translation":[0,-17.75,-1.75],"scale":[2.5,2.5,2.5]}}}