{"credit":"Polygony Creation Co.,Ltd.","texture_size":[32,32],"textures":{"3":"tavern:items/sets/goku/symbol","5":"tavern:items/sets/goku/animations/power_animation_7","8":"tavern:items/sets/goku/crossbow","particle":"tavern:items/sets/goku/animations/power_animation_8"},"elements":[{"from":[7,6.9125,11.75],"to":[9,9.4125,14.25],"rotation":{"angle":-45,"axis":"x","origin":[7.5,7.1625,12]},"faces":{"north":{"uv":[10,8.5,11,9.75],"texture":"#8"},"east":{"uv":[10,4.5,11.25,5.75],"texture":"#8"},"south":{"uv":[10,10,11,11.25],"texture":"#8"},"west":{"uv":[10,6,11.25,7.25],"texture":"#8"},"up":{"uv":[1,11.75,0,10.5],"texture":"#8"},"down":{"uv":[2,10.5,1,11.75],"texture":"#8"}}},{"from":[6.75,7.1625,12],"to":[9.25,9.1625,14],"rotation":{"angle":-45,"axis":"x","origin":[7.5,7.1625,12]},"faces":{"north":{"uv":[2,10.5,3.25,11.5],"texture":"#8"},"east":{"uv":[11.5,4,12.5,5],"texture":"#8"},"south":{"uv":[3.5,10.5,4.75,11.5],"texture":"#8"},"west":{"uv":[5,11.5,6,12.5],"texture":"#8"},"up":{"uv":[6.25,11.5,5,10.5],"texture":"#8"},"down":{"uv":[12.25,2,11,3],"texture":"#8"}}},{"from":[6.65,7.61125,11.02375],"to":[6.65,9.56375,12.97625],"rotation":{"angle":0,"axis":"y","origin":[6.65,7.61125,11.02375]},"faces":{"west":{"uv":[0,0,11,11],"texture":"#3"}}},{"from":[9.35,7.61125,11.02375],"to":[9.35,9.56375,12.97625],"rotation":{"angle":0,"axis":"y","origin":[9.35,7.61125,11.02375]},"faces":{"east":{"uv":[11,0,0,11],"texture":"#3"}}},{"from":[10.53119,8.54309,0.62669],"to":[13.53119,10.04309,2.12669],"rotation":{"angle":45,"axis":"y","origin":[13,9.29309,3.5801]},"faces":{"north":{"uv":[6.5,10.5,7.25,12],"rotation":270,"texture":"#8"},"east":{"uv":[13.25,2.75,12.5,2],"rotation":90,"texture":"#8"},"south":{"uv":[11,9.5,11.75,11],"rotation":90,"texture":"#8"},"west":{"uv":[5.75,12.5,5,13.25],"rotation":90,"texture":"#8"},"up":{"uv":[11,11,11.75,12.5],"rotation":90,"texture":"#8"},"down":{"uv":[8.5,11,9.25,12.5],"rotation":90,"texture":"#8"}}},{"from":[10.49382,8.69309,2.00532],"to":[12.99382,9.89309,3.20532],"rotation":{"angle":-22.5,"axis":"y","origin":[13,9.29309,3.5801]},"faces":{"north":{"uv":[0,12,0.625,13.25],"rotation":270,"texture":"#8"},"east":{"uv":[12.125,13.125,11.5,12.5],"rotation":90,"texture":"#8"},"south":{"uv":[12,9.5,12.625,10.75],"rotation":90,"texture":"#8"},"up":{"uv":[12,11,12.625,12.25],"rotation":90,"texture":"#8"},"down":{"uv":[1,12,1.625,13.25],"rotation":90,"texture":"#8"}}},{"from":[12.34113,8.79309,2.18058],"to":[14.84113,9.79309,3.18058],"rotation":{"angle":-45,"axis":"y","origin":[13,9.29309,3.5801]},"faces":{"north":{"uv":[3.5,12.5,4,13.75],"rotation":270,"texture":"#8"},"east":{"uv":[9,10,8.5,9.5],"rotation":90,"texture":"#8"},"south":{"uv":[12.5,4,13,5.25],"rotation":90,"texture":"#8"},"up":{"uv":[4.5,12.5,5,13.75],"rotation":90,"texture":"#8"},"down":{"uv":[4,12.5,4.5,13.75],"rotation":90,"texture":"#8"}}},{"from":[14.14375,8.89309,4.71464],"to":[14.94375,9.69309,6.71464],"rotation":{"angle":22.5,"axis":"y","origin":[13,9.29309,3.5801]},"faces":{"east":{"uv":[13.375,1.5,13,0.5],"rotation":90,"texture":"#8"},"south":{"uv":[5,13.5,5.375,13.875],"rotation":90,"texture":"#8"},"west":{"uv":[13.375,3,13,4],"rotation":90,"texture":"#8"},"up":{"uv":[13,0,14,0.375],"rotation":90,"texture":"#8"},"down":{"uv":[12.5,12.5,13.5,12.875],"rotation":90,"texture":"#8"}}},{"from":[0.41,9.4625,5.25],"to":[15.485,9.4925,11.5],"rotation":{"angle":0,"axis":"y","origin":[7.985,7.9625,12.625]},"faces":{"up":{"uv":[7.5,3.125,0,0],"texture":"#8"},"down":{"uv":[7.5,0,0,3.125],"texture":"#8"}}},{"from":[8.75931,9.27809,-0.34002],"to":[19.75931,9.30809,4.65998],"rotation":{"angle":-22.5,"axis":"y","origin":[13,9.29309,3.5801]},"faces":{"up":{"uv":[0,0,6.66667,14.66667],"rotation":90,"texture":"#5"},"down":{"uv":[6.66667,0,0,14.66667],"rotation":90,"texture":"#5"}}},{"from":[2.46881,8.54309,0.62669],"to":[5.46881,10.04309,2.12669],"rotation":{"angle":-45,"axis":"y","origin":[3,9.29309,3.5801]},"faces":{"north":{"uv":[6.5,12,7.25,10.5],"rotation":270,"texture":"#8"},"east":{"uv":[5.75,13.25,5,12.5],"rotation":90,"texture":"#8"},"south":{"uv":[11,11,11.75,9.5],"rotation":90,"texture":"#8"},"west":{"uv":[13.25,2,12.5,2.75],"rotation":90,"texture":"#8"},"up":{"uv":[11,12.5,11.75,11],"rotation":90,"texture":"#8"},"down":{"uv":[8.5,12.5,9.25,11],"rotation":90,"texture":"#8"}}},{"from":[3.00618,8.69309,2.00532],"to":[5.50618,9.89309,3.20532],"rotation":{"angle":22.5,"axis":"y","origin":[3,9.29309,3.5801]},"faces":{"north":{"uv":[0,13.25,0.625,12],"rotation":270,"texture":"#8"},"south":{"uv":[12,10.75,12.625,9.5],"rotation":90,"texture":"#8"},"west":{"uv":[12.125,12.5,11.5,13.125],"rotation":90,"texture":"#8"},"up":{"uv":[12,12.25,12.625,11],"rotation":90,"texture":"#8"},"down":{"uv":[1,13.25,1.625,12],"rotation":90,"texture":"#8"}}},{"from":[1.15887,8.79309,2.18058],"to":[3.65887,9.79309,3.18058],"rotation":{"angle":45,"axis":"y","origin":[3,9.29309,3.5801]},"faces":{"north":{"uv":[3.5,13.75,4,12.5],"rotation":270,"texture":"#8"},"south":{"uv":[12.5,5.25,13,4],"rotation":90,"texture":"#8"},"west":{"uv":[9,9.5,8.5,10],"rotation":90,"texture":"#8"},"up":{"uv":[4.5,13.75,5,12.5],"rotation":90,"texture":"#8"},"down":{"uv":[4,13.75,4.5,12.5],"rotation":90,"texture":"#8"}}},{"from":[1.05625,8.89309,4.71464],"to":[1.85625,9.69309,6.71464],"rotation":{"angle":-22.5,"axis":"y","origin":[3,9.29309,3.5801]},"faces":{"east":{"uv":[13.375,4,13,3],"rotation":90,"texture":"#8"},"south":{"uv":[5,13.875,5.375,13.5],"rotation":90,"texture":"#8"},"west":{"uv":[13.375,0.5,13,1.5],"rotation":90,"texture":"#8"},"up":{"uv":[13,0.375,14,0],"rotation":90,"texture":"#8"},"down":{"uv":[12.5,12.875,13.5,12.5],"rotation":90,"texture":"#8"}}},{"from":[-3.75931,9.27809,-0.34002],"to":[7.24069,9.30809,4.65998],"rotation":{"angle":22.5,"axis":"y","origin":[3,9.29309,3.5801]},"faces":{"up":{"uv":[0,14.66667,6.66667,0],"rotation":90,"texture":"#5"},"down":{"uv":[6.66667,14.66667,0,0],"rotation":90,"texture":"#5"}}},{"from":[7.25,7.75,3.25],"to":[8.75,9.25,11.25],"rotation":{"angle":0,"axis":"y","origin":[7.25,0,-3]},"faces":{"north":{"uv":[12.5,5.5,13.25,6.25],"texture":"#8"},"east":{"uv":[9,0,13,0.75],"texture":"#8"},"south":{"uv":[6,12.5,6.75,13.25],"texture":"#8"},"west":{"uv":[9,1,13,1.75],"texture":"#8"},"up":{"uv":[9.75,6,9,2],"texture":"#8"},"down":{"uv":[9.75,6,9,10],"texture":"#8"}}},{"from":[7.502,7.75,12.25],"to":[8.498,9.25,15.25],"rotation":{"angle":0,"axis":"y","origin":[7.252,0,0]},"faces":{"north":{"uv":[10.5,13,11,13.75],"texture":"#8"},"east":{"uv":[2,11.5,3.5,12.25],"texture":"#8"},"south":{"uv":[13,10.5,13.5,11.25],"texture":"#8"},"west":{"uv":[3.5,11.5,5,12.25],"texture":"#8"},"up":{"uv":[11,13,10.5,11.5],"texture":"#8"},"down":{"uv":[2.5,12.5,2,14],"texture":"#8"}}},{"from":[7.5,6.93307,14.09881],"to":[8.5,8.73307,17.09881],"rotation":{"angle":22.5,"axis":"x","origin":[8,7.98307,16.34881]},"faces":{"north":{"uv":[9,12.5,9.5,13.375],"texture":"#8"},"east":{"uv":[10,7.5,11.5,8.375],"texture":"#8"},"south":{"uv":[11,12.5,11.5,13.375],"texture":"#8"},"west":{"uv":[8.5,10,10,10.875],"texture":"#8"},"up":{"uv":[3,14,2.5,12.5],"texture":"#8"},"down":{"uv":[3.5,12.5,3,14],"texture":"#8"}}},{"from":[7.25,6.48307,17.09881],"to":[8.75,8.98307,17.59881],"rotation":{"angle":22.5,"axis":"x","origin":[8,7.98307,16.34881]},"faces":{"north":{"uv":[11.5,5,12.25,6.25],"texture":"#8"},"east":{"uv":[1,13.5,1.25,14.75],"texture":"#8"},"south":{"uv":[11.5,6.5,12.25,7.75],"texture":"#8"},"west":{"uv":[1.5,13.5,1.75,14.75],"texture":"#8"},"up":{"uv":[14.25,4.25,13.5,4],"texture":"#8"},"down":{"uv":[14.25,4.5,13.5,4.75],"texture":"#8"}}},{"from":[7,7.5,3.5],"to":[9,8.25,8.25],"rotation":{"angle":0,"axis":"y","origin":[7.25,0,-3]},"faces":{"north":{"uv":[13,1.5,14,1.875],"texture":"#8"},"east":{"uv":[11.5,8,13.875,8.375],"texture":"#8"},"south":{"uv":[13,5,14,5.375],"texture":"#8"},"west":{"uv":[6,12,8.375,12.375],"texture":"#8"},"up":{"uv":[8.5,11.875,7.5,9.5],"texture":"#8"},"down":{"uv":[11,2,10,4.375],"texture":"#8"}}},{"from":[7,8,2.75],"to":[9,9,3.75],"rotation":{"angle":0,"axis":"y","origin":[7,8,2.75]},"faces":{"north":{"uv":[12.5,6.5,13.5,7],"texture":"#8"},"east":{"uv":[11,4,11.5,4.5],"texture":"#8"},"south":{"uv":[7,12.5,8,13],"texture":"#8"},"west":{"uv":[6,11.5,6.5,12],"texture":"#8"},"up":{"uv":[13.5,7.5,12.5,7],"texture":"#8"},"down":{"uv":[13.5,7.5,12.5,8],"texture":"#8"}}},{"from":[4.91421,6.58579,2.7535],"to":[6.41421,7.53579,3.7465],"rotation":{"angle":-45,"axis":"z","origin":[8.41421,6.58579,2.7535]},"faces":{"north":{"uv":[13,11.5,13.75,12],"texture":"#8"},"south":{"uv":[13,12,13.75,12.5],"texture":"#8"},"west":{"uv":[13.5,1,14,1.5],"texture":"#8"},"up":{"uv":[13.25,13.5,12.5,13],"texture":"#8"},"down":{"uv":[0.75,13.5,0,14],"texture":"#8"}}},{"from":[5.93934,8.81066,2.7585],"to":[6.83934,10.31066,3.7415],"rotation":{"angle":0,"axis":"z","origin":[6.43934,9.81066,3.2585]},"faces":{"north":{"uv":[13,4,13.5,4.75],"texture":"#8"},"east":{"uv":[7,13,7.5,13.75],"texture":"#8"},"south":{"uv":[7.5,13,8,13.75],"texture":"#8"},"west":{"uv":[13,8.5,13.5,9.25],"texture":"#8"},"up":{"uv":[14,1,13.5,0.5],"texture":"#8"}}},{"from":[9.16066,8.81066,2.7585],"to":[10.06066,10.31066,3.7415],"rotation":{"angle":0,"axis":"z","origin":[9.56066,9.81066,3.2585]},"faces":{"north":{"uv":[13.5,4,13,4.75],"texture":"#8"},"east":{"uv":[13.5,8.5,13,9.25],"texture":"#8"},"south":{"uv":[8,13,7.5,13.75],"texture":"#8"},"west":{"uv":[7.5,13,7,13.75],"texture":"#8"},"up":{"uv":[13.5,1,14,0.5],"texture":"#8"}}},{"from":[9.58579,6.58579,2.7535],"to":[11.08579,7.53579,3.7465],"rotation":{"angle":45,"axis":"z","origin":[7.58579,6.58579,2.7535]},"faces":{"north":{"uv":[13.75,11.5,13,12],"texture":"#8"},"east":{"uv":[14,1,13.5,1.5],"texture":"#8"},"south":{"uv":[13.75,12,13,12.5],"texture":"#8"},"up":{"uv":[12.5,13.5,13.25,13],"texture":"#8"},"down":{"uv":[0,13.5,0.75,14],"texture":"#8"}}},{"from":[7.5,7.35,9],"to":[8.5,8.85,12.25],"rotation":{"angle":22.5,"axis":"x","origin":[7.5,7.5,9.25]},"faces":{"north":{"uv":[9.5,13,10,13.75],"texture":"#8"},"east":{"uv":[11,3,12.625,3.75],"texture":"#8"},"south":{"uv":[13,9.5,13.5,10.25],"texture":"#8"},"west":{"uv":[11,8.5,12.625,9.25],"texture":"#8"},"up":{"uv":[10,12.625,9.5,11],"texture":"#8"},"down":{"uv":[10.5,11.5,10,13.125],"texture":"#8"}}},{"from":[7.5,7.1,12.25],"to":[8.5,8.85,12.75],"rotation":{"angle":22.5,"axis":"x","origin":[7.5,7.5,9.25]},"faces":{"north":{"uv":[8,12.5,8.5,13.375],"texture":"#8"},"east":{"uv":[13.5,2,13.75,2.875],"texture":"#8"},"south":{"uv":[8.5,12.5,9,13.375],"texture":"#8"},"west":{"uv":[13.5,3,13.75,3.875],"texture":"#8"},"up":{"uv":[6,13.75,5.5,13.5],"texture":"#8"},"down":{"uv":[14,5.5,13.5,5.75],"texture":"#8"}}}],"gui_light":"front","display":{"thirdperson_righthand":{"translation":[0,0.25,-1]},"thirdperson_lefthand":{"translation":[0,0.25,-1]},"firstperson_righthand":{"translation":[5,0.5,-4.25]},"firstperson_lefthand":{"translation":[5,0.5,-4.25]},"ground":{"rotation":[35,0,0],"translation":[0,5,0],"scale":[0.7,0.7,0.7]},"gui":{"rotation":[90,-45,0],"translation":[-0.5,-0.5,0],"scale":[0.8,0.8,0.8]},"head":{"rotation":[-20,180,0]},"fixed":{"rotation":[-90,0,0],"translation":[0,0,-1.75],"scale":[2,2,2]}}}