{"textures":{"0":"modelengine:entity/toro_type02"},"elements":[{"from":[2.2975998,3.663025,7.1967525],"to":[13.7024,15.067825,20.027153],"faces":{"east":{"uv":[0.9375,6.375,1.25,6.65625],"tintindex":0,"rotation":0,"texture":"#0"},"south":{"uv":[6.59375,1.59375,6.875,1.875],"tintindex":0,"rotation":0,"texture":"#0"},"north":{"uv":[1.25,6.59375,1.53125,6.875],"tintindex":0,"rotation":0,"texture":"#0"},"west":{"uv":[4.09375,6.375,4.40625,6.65625],"tintindex":0,"rotation":0,"texture":"#0"},"up":{"uv":[4.6875,6.6875,4.40625,6.375],"tintindex":0,"rotation":0,"texture":"#0"},"down":{"uv":[6.6875,0.6875,6.40625,1.0],"tintindex":0,"rotation":0,"texture":"#0"}}},{"from":[3.7231998,5.088623,20.027153],"to":[12.2768,13.642227,21.452753],"faces":{"east":{"uv":[1.46875,2.09375,1.5,2.3125],"tintindex":0,"rotation":0,"texture":"#0"},"south":{"uv":[7.15625,4.96875,7.375,5.1875],"tintindex":0,"rotation":0,"texture":"#0"},"north":{"uv":[3.59375,4.90625,3.8125,5.125],"tintindex":0,"rotation":0,"texture":"#0"},"west":{"uv":[4.375,2.1875,4.40625,2.40625],"tintindex":0,"rotation":0,"texture":"#0"},"up":{"uv":[5.59375,6.34375,5.375,6.3125],"tintindex":0,"rotation":0,"texture":"#0"},"down":{"uv":[7.84375,6.46875,7.625,6.5],"tintindex":0,"rotation":0,"texture":"#0"}}}],"display":{"gui":{"rotation":[30,225,0]}}}