{"textures":{"0":"modelengine:entity/toro_type02"},"elements":[{"from":[4.9379997,-2.8513336,5.9386663],"to":[10.23,6.868666,11.122667],"faces":{"east":{"uv":[3.28125,2.625,2.90625,3.34375],"tintindex":0,"rotation":0,"texture":"#0"},"south":{"uv":[1.125,2.71875,0.75,3.4375],"tintindex":0,"rotation":0,"texture":"#0"},"north":{"uv":[0.375,2.65625,0.0,3.375],"tintindex":0,"rotation":0,"texture":"#0"},"west":{"uv":[0.75,2.71875,0.375,3.4375],"tintindex":0,"rotation":0,"texture":"#0"},"up":{"uv":[5.34375,2.75,5.71875,2.375],"tintindex":0,"rotation":0,"texture":"#0"},"down":{"uv":[2.0625,5.375,2.4375,5.75],"tintindex":0,"rotation":0,"texture":"#0"}}},{"from":[3.2099996,1.1446657,6.694667],"to":[5.046,8.272666,10.582666],"faces":{"east":{"uv":[5.46875,3.15625,5.1875,3.6875],"tintindex":0,"rotation":0,"texture":"#0"},"south":{"uv":[1.25,6.65625,1.125,7.1875],"tintindex":0,"rotation":0,"texture":"#0"},"north":{"uv":[0.875,5.53125,0.75,6.0625],"tintindex":0,"rotation":0,"texture":"#0"},"west":{"uv":[1.15625,4.9375,0.875,5.46875],"tintindex":0,"rotation":0,"texture":"#0"},"up":{"uv":[2.9375,7.59375,3.0625,7.3125],"tintindex":0,"rotation":0,"texture":"#0"},"down":{"uv":[7.375,4.09375,7.5,4.375],"tintindex":0,"rotation":0,"texture":"#0"}}},{"from":[6.1259995,-9.439335,9.529667],"to":[8.717999,-4.687335,12.121667],"faces":{"east":{"uv":[7.0,5.6875,6.8125,6.03125],"tintindex":0,"rotation":0,"texture":"#0"},"south":{"uv":[0.4375,6.8125,0.25,7.15625],"tintindex":0,"rotation":0,"texture":"#0"},"north":{"uv":[6.96875,5.0,6.78125,5.34375],"tintindex":0,"rotation":0,"texture":"#0"},"west":{"uv":[6.96875,5.34375,6.78125,5.6875],"tintindex":0,"rotation":0,"texture":"#0"},"up":{"uv":[7.34375,4.84375,7.53125,4.65625],"tintindex":0,"rotation":0,"texture":"#0"},"down":{"uv":[7.34375,7.03125,7.53125,7.21875],"tintindex":0,"rotation":0,"texture":"#0"}},"rotation":{"origin":[8.933999,-7.6033344,8.530666],"angle":-45.0,"axis":"z"}},{"from":[4.6139994,-5.227333,5.3986664],"to":[10.445999,-0.47533417,11.446667],"faces":{"east":{"uv":[4.03125,5.125,3.59375,5.46875],"tintindex":0,"rotation":0,"texture":"#0"},"south":{"uv":[3.15625,5.125,2.71875,5.46875],"tintindex":0,"rotation":0,"texture":"#0"},"north":{"uv":[5.53125,4.375,5.09375,4.71875],"tintindex":0,"rotation":0,"texture":"#0"},"west":{"uv":[0.4375,5.125,0.0,5.46875],"tintindex":0,"rotation":0,"texture":"#0"},"up":{"uv":[3.0,4.59375,3.4375,4.15625],"tintindex":0,"rotation":0,"texture":"#0"},"down":{"uv":[4.1875,4.21875,4.625,4.65625],"tintindex":0,"rotation":0,"texture":"#0"}}},{"from":[3.4259996,-6.199333,4.5346665],"to":[5.801999,-3.715335,8.422667],"faces":{"east":{"uv":[7.3125,1.09375,7.03125,1.28125],"tintindex":0,"rotation":0,"texture":"#0"},"south":{"uv":[4.21875,7.34375,4.03125,7.53125],"tintindex":0,"rotation":0,"texture":"#0"},"north":{"uv":[1.125,7.34375,0.9375,7.53125],"tintindex":0,"rotation":0,"texture":"#0"},"west":{"uv":[5.09375,4.03125,4.8125,4.21875],"tintindex":0,"rotation":0,"texture":"#0"},"up":{"uv":[4.875,7.3125,5.0625,7.03125],"tintindex":0,"rotation":0,"texture":"#0"},"down":{"uv":[6.875,7.03125,7.0625,7.3125],"tintindex":0,"rotation":0,"texture":"#0"}},"rotation":{"origin":[5.2619996,-4.147334,7.3426666],"angle":-22.5,"axis":"y"}},{"from":[3.8009996,-9.814335,9.229667],"to":[8.193,-7.4623337,11.821667],"faces":{"east":{"uv":[7.0,5.6875,6.8125,6.03125],"tintindex":0,"rotation":0,"texture":"#0"},"south":{"uv":[0.4375,6.8125,0.25,7.15625],"tintindex":0,"rotation":0,"texture":"#0"},"north":{"uv":[6.96875,5.0,6.78125,5.34375],"tintindex":0,"rotation":0,"texture":"#0"},"west":{"uv":[6.96875,5.34375,6.78125,5.6875],"tintindex":0,"rotation":0,"texture":"#0"},"up":{"uv":[7.34375,4.84375,7.53125,4.65625],"tintindex":0,"rotation":0,"texture":"#0"},"down":{"uv":[7.34375,7.03125,7.53125,7.21875],"tintindex":0,"rotation":0,"texture":"#0"}},"rotation":{"origin":[8.933999,-7.6033344,8.530666],"angle":-45.0,"axis":"z"}},{"from":[10.23,-1.7713346,6.3706665],"to":[11.526,9.892667,10.690666],"faces":{"east":{"uv":[2.875,3.25,2.5625,4.09375],"tintindex":0,"rotation":0,"texture":"#0"},"south":{"uv":[3.34375,6.25,3.25,7.09375],"tintindex":0,"rotation":0,"texture":"#0"},"north":{"uv":[0.6875,6.25,0.59375,7.09375],"tintindex":0,"rotation":0,"texture":"#0"},"west":{"uv":[2.5625,3.25,2.25,4.09375],"tintindex":0,"rotation":0,"texture":"#0"},"up":{"uv":[2.625,5.84375,2.71875,5.53125],"tintindex":0,"rotation":0,"texture":"#0"},"down":{"uv":[3.34375,5.75,3.4375,6.0625],"tintindex":0,"rotation":0,"texture":"#0"}}},{"from":[6.4499993,-3.0673351,10.690666],"to":[9.257999,5.572666,12.202667],"faces":{"east":{"uv":[5.375,6.5625,5.25,7.1875],"tintindex":0,"rotation":0,"texture":"#0"},"south":{"uv":[3.875,5.46875,3.65625,6.09375],"tintindex":0,"rotation":0,"texture":"#0"},"north":{"uv":[3.65625,5.46875,3.4375,6.09375],"tintindex":0,"rotation":0,"texture":"#0"},"west":{"uv":[5.25,6.5625,5.125,7.1875],"tintindex":0,"rotation":0,"texture":"#0"},"up":{"uv":[7.0,7.625,7.21875,7.5],"tintindex":0,"rotation":0,"texture":"#0"},"down":{"uv":[7.21875,7.5,7.4375,7.625],"tintindex":0,"rotation":0,"texture":"#0"}}},{"from":[6.4499993,-3.0673351,4.966666],"to":[9.257999,5.572666,6.4786663],"faces":{"east":{"uv":[6.09375,6.5,5.96875,7.125],"tintindex":0,"rotation":0,"texture":"#0"},"south":{"uv":[5.6875,2.75,5.46875,3.375],"tintindex":0,"rotation":0,"texture":"#0"},"north":{"uv":[1.09375,5.46875,0.875,6.09375],"tintindex":0,"rotation":0,"texture":"#0"},"west":{"uv":[3.28125,3.34375,3.15625,3.96875],"tintindex":0,"rotation":0,"texture":"#0"},"up":{"uv":[7.4375,6.03125,7.65625,5.90625],"tintindex":0,"rotation":0,"texture":"#0"},"down":{"uv":[7.5,6.21875,7.71875,6.34375],"tintindex":0,"rotation":0,"texture":"#0"}}},{"from":[5.801999,6.6526666,6.3706665],"to":[10.014,9.0286665,10.258667],"faces":{"east":{"uv":[7.34375,7.03125,7.0625,7.21875],"tintindex":0,"rotation":0,"texture":"#0"},"south":{"uv":[6.28125,2.1875,5.96875,2.375],"tintindex":0,"rotation":0,"texture":"#0"},"north":{"uv":[4.34375,1.84375,4.03125,2.03125],"tintindex":0,"rotation":0,"texture":"#0"},"west":{"uv":[7.34375,4.65625,7.0625,4.84375],"tintindex":0,"rotation":0,"texture":"#0"},"up":{"uv":[6.46875,3.21875,6.78125,2.9375],"tintindex":0,"rotation":0,"texture":"#0"},"down":{"uv":[6.46875,4.21875,6.78125,4.5],"tintindex":0,"rotation":0,"texture":"#0"}}},{"from":[12.3444,10.022265,6.4138665],"to":[13.6404,11.750267,10.647467],"faces":{"east":{"uv":[7.5625,2.78125,7.25,2.90625],"tintindex":0,"rotation":0,"texture":"#0"},"south":{"uv":[6.96875,4.875,6.875,5.0],"tintindex":0,"rotation":0,"texture":"#0"},"north":{"uv":[6.90625,6.03125,6.8125,6.15625],"tintindex":0,"rotation":0,"texture":"#0"},"west":{"uv":[5.5,3.875,5.1875,4.0],"tintindex":0,"rotation":0,"texture":"#0"},"up":{"uv":[7.4375,5.90625,7.53125,5.59375],"tintindex":0,"rotation":0,"texture":"#0"},"down":{"uv":[6.65625,7.4375,6.75,7.75],"tintindex":0,"rotation":0,"texture":"#0"}},"rotation":{"origin":[10.878,12.484665,8.530666],"angle":-45.0,"axis":"z"}},{"from":[6.1259995,-9.439335,6.154667],"to":[8.717999,-4.687335,8.746667],"faces":{"east":{"uv":[7.0,5.6875,6.8125,6.03125],"tintindex":0,"rotation":0,"texture":"#0"},"south":{"uv":[0.4375,6.8125,0.25,7.15625],"tintindex":0,"rotation":0,"texture":"#0"},"north":{"uv":[6.96875,5.0,6.78125,5.34375],"tintindex":0,"rotation":0,"texture":"#0"},"west":{"uv":[6.96875,5.34375,6.78125,5.6875],"tintindex":0,"rotation":0,"texture":"#0"},"up":{"uv":[7.34375,4.84375,7.53125,4.65625],"tintindex":0,"rotation":0,"texture":"#0"},"down":{"uv":[7.34375,7.03125,7.53125,7.21875],"tintindex":0,"rotation":0,"texture":"#0"}},"rotation":{"origin":[8.933999,-7.6033344,8.530666],"angle":-45.0,"axis":"z"}},{"from":[3.8009996,-9.814335,6.5296664],"to":[8.193,-7.4623337,9.121667],"faces":{"east":{"uv":[7.0,5.6875,6.8125,6.03125],"tintindex":0,"rotation":0,"texture":"#0"},"south":{"uv":[0.4375,6.8125,0.25,7.15625],"tintindex":0,"rotation":0,"texture":"#0"},"north":{"uv":[6.96875,5.0,6.78125,5.34375],"tintindex":0,"rotation":0,"texture":"#0"},"west":{"uv":[6.96875,5.34375,6.78125,5.6875],"tintindex":0,"rotation":0,"texture":"#0"},"up":{"uv":[7.34375,4.84375,7.53125,4.65625],"tintindex":0,"rotation":0,"texture":"#0"},"down":{"uv":[7.34375,7.03125,7.53125,7.21875],"tintindex":0,"rotation":0,"texture":"#0"}},"rotation":{"origin":[8.933999,-7.6033344,8.530666],"angle":-45.0,"axis":"z"}}],"display":{"gui":{"rotation":[30,225,0]}}}