{"credit":"Made by PolygonMC","textures":{"0":"tavern:items/sets/lunar/tail","particle":"tavern:items/sets/lunar/tail"},"elements":[{"from":[6.5,-12.5,3],"to":[9.5,-9.5,7],"rotation":{"angle":22.5,"axis":"x","origin":[8,-11,2.5]},"faces":{"north":{"uv":[8,7,11,10],"texture":"#0","tintindex":0},"east":{"uv":[4,3,8,6],"texture":"#0","tintindex":0},"south":{"uv":[3,9,6,12],"texture":"#0","tintindex":0},"west":{"uv":[4,6,8,9],"texture":"#0","tintindex":0},"up":{"uv":[3,11,0,7],"texture":"#0","tintindex":0},"down":{"uv":[11,3,8,7],"texture":"#0","tintindex":0}}},{"from":[6.83,-14.80613,5.57504],"to":[9.17,-12.46613,8.69504],"rotation":{"angle":45,"axis":"x","origin":[8,-13.81113,7.58504]},"faces":{"east":{"uv":[10,0,13,2.25],"texture":"#0","tintindex":0},"south":{"uv":[11,3,13.25,5.25],"texture":"#0","tintindex":0},"west":{"uv":[13,0,10,2.25],"texture":"#0","tintindex":0},"up":{"uv":[11.25,13,9,10],"texture":"#0","tintindex":0},"down":{"uv":[2.25,11,0,14],"texture":"#0","tintindex":0}}},{"from":[7.064,-15.82664,7.98235],"to":[8.936,-13.95464,10.47835],"rotation":{"angle":22.5,"axis":"x","origin":[8,-14.81564,9.55535]},"faces":{"east":{"uv":[11,6,13.5,7.75],"texture":"#0","tintindex":0},"south":{"uv":[13,0,14.75,1.75],"texture":"#0","tintindex":0},"west":{"uv":[13.5,6,11,7.75],"texture":"#0","tintindex":0},"up":{"uv":[4.75,14.5,3,12],"texture":"#0","tintindex":0},"down":{"uv":[13.75,10,12,12.5],"texture":"#0","tintindex":0}}},{"from":[7.2512,-15.9907,10.02079],"to":[8.7488,-14.4931,12.01759],"rotation":{"angle":0,"axis":"x","origin":[8,-15.1669,11.26919]},"faces":{"east":{"uv":[5,13,7,14.5],"texture":"#0","tintindex":0},"south":{"uv":[13,13,14.5,14.5],"texture":"#0","tintindex":0},"west":{"uv":[7,13,5,14.5],"texture":"#0","tintindex":0},"up":{"uv":[10.5,15,9,13],"texture":"#0","tintindex":0},"down":{"uv":[12.5,13,11,15],"texture":"#0","tintindex":0}}},{"from":[7.40096,-15.56586,11.65472],"to":[8.59904,-14.36778,13.25216],"rotation":{"angle":-22.5,"axis":"x","origin":[8,-14.91682,12.65344]},"faces":{"east":{"uv":[0,14,1.5,15.25],"texture":"#0","tintindex":0},"south":{"uv":[14,8,15.25,9.25],"texture":"#0","tintindex":0},"west":{"uv":[1.5,14,0,15.25],"texture":"#0","tintindex":0},"up":{"uv":[15.25,5.5,14,4],"texture":"#0","tintindex":0},"down":{"uv":[15.25,6,14,7.5],"texture":"#0","tintindex":0}}},{"from":[7.53275,-14.81622,12.79816],"to":[8.46725,-13.88172,14.04416],"rotation":{"angle":-45,"axis":"x","origin":[8,-14.29897,13.59616]},"faces":{"east":{"uv":[6,9,7.25,10],"texture":"#0","tintindex":0},"south":{"uv":[5,12,6,13],"texture":"#0","tintindex":0},"west":{"uv":[14,10,15.25,11],"texture":"#0","tintindex":0},"up":{"uv":[4,8.25,3,7],"texture":"#0","tintindex":0},"down":{"uv":[3,14,2,15.25],"texture":"#0","tintindex":0}}},{"from":[7.975,-11,-0.25],"to":[8.025,-8,9.5],"rotation":{"angle":22.5,"axis":"x","origin":[7.975,-19,0]},"faces":{"east":{"uv":[0,0,9.75,3],"texture":"#0","tintindex":0},"west":{"uv":[9.75,0,0,3],"texture":"#0","tintindex":0}}},{"from":[7.975,-11,9.5],"to":[8.025,-7,12.75],"rotation":{"angle":22.5,"axis":"x","origin":[7.975,-19,0]},"faces":{"east":{"uv":[0,3,3.25,7],"texture":"#0","tintindex":0},"west":{"uv":[3.25,3,0,7],"texture":"#0","tintindex":0}}}],"gui_light":"front","display":{"thirdperson_righthand":{"rotation":[-132.75,0,-180],"translation":[0,2,0],"scale":[0.62109,0.62109,0.62109]},"thirdperson_lefthand":{"rotation":[79.5,0,0],"translation":[-5.5,-11.25,4],"scale":[1.10156,1.10156,1.10156]},"firstperson_righthand":{"rotation":[80,180,0],"translation":[1.5,3.25,0],"scale":[1.38672,1.38672,1.38672]},"firstperson_lefthand":{"scale":[0,0,0]},"ground":{"translation":[0,6.75,0],"scale":[1.32227,1.32227,1.32227]},"gui":{"rotation":[0,55,0],"translation":[-1,25.25,0],"scale":[1.3,1.3,1.3]},"head":{"translation":[0,-79,12.25],"scale":[2.11133,2.11133,2.11133]},"fixed":{"rotation":[0,180,0],"translation":[0,2.25,-14],"scale":[3.4375,3.4375,3.4375]}}}