{"textures":{"0":"modelengine:entity/stomp_shockwave"},"elements":[{"from":[14.125,-6.75,16.75],"to":[16.375,-6.25,18.625],"faces":{"east":{"uv":[10.125,7.25,10.625,7.375],"tintindex":0,"rotation":0,"texture":"#0"},"south":{"uv":[10.0,8.125,10.625,8.25],"tintindex":0,"rotation":0,"texture":"#0"},"north":{"uv":[10.0,8.0,10.625,8.125],"tintindex":0,"rotation":0,"texture":"#0"},"west":{"uv":[8.875,10.125,9.375,10.25],"tintindex":0,"rotation":0,"texture":"#0"},"up":{"uv":[9.0,5.5,8.375,5.0],"tintindex":0,"rotation":0,"texture":"#0"},"down":{"uv":[9.0,5.5,8.375,6.0],"tintindex":0,"rotation":0,"texture":"#0"}}},{"from":[13.875,-9.5,17.375],"to":[16.375,-8.75,18.25],"faces":{"east":{"uv":[8.375,10.125,8.625,10.375],"tintindex":0,"rotation":0,"texture":"#0"},"south":{"uv":[10.0,0.25,10.625,0.5],"tintindex":0,"rotation":0,"texture":"#0"},"north":{"uv":[10.0,0.0,10.625,0.25],"tintindex":0,"rotation":0,"texture":"#0"},"west":{"uv":[8.625,10.125,8.875,10.375],"tintindex":0,"rotation":0,"texture":"#0"},"up":{"uv":[2.125,10.25,1.5,10.0],"tintindex":0,"rotation":0,"texture":"#0"},"down":{"uv":[10.625,2.5,10.0,2.75],"tintindex":0,"rotation":0,"texture":"#0"}},"rotation":{"origin":[8.0,-9.0,8.0],"angle":22.5,"axis":"z"}}],"display":{"gui":{"rotation":[30,225,0]}}}