{"credit":"MadewithBlockbench","texture_size":[24,24],"textures":{"1":"tavern:items/sets/darkworldpack/normal/dagger","2":"tavern:items/sets/darkworldpack/normal/animation_2","particle":"tavern:items/sets/darkworldpack/normal/animation_2"},"elements":[{"from":[7.5,7,7],"to":[8.5,9,9],"rotation":{"angle":-45,"axis":"x","origin":[8,8,8]},"faces":{"north":{"uv":[10.66667,0,11.33333,1.33333],"texture":"#1"},"east":{"uv":[8,7.33333,9.33333,8.66667],"texture":"#1"},"south":{"uv":[10.66667,1.33333,11.33333,2.66667],"texture":"#1"},"west":{"uv":[8.66667,4,10,5.33333],"texture":"#1"},"up":{"uv":[11.33333,4,10.66667,2.66667],"texture":"#1"},"down":{"uv":[10,10.66667,9.33333,12],"texture":"#1"}}},{"from":[7.75,7.79289,7],"to":[8.25,10.09289,9.3],"rotation":{"angle":-45,"axis":"x","origin":[7.95,8.79289,8]},"faces":{"north":{"uv":[4.66667,12.66667,5,14.16667],"texture":"#1"},"east":{"uv":[8,0,9.5,1.5],"texture":"#1"},"south":{"uv":[5.33333,12.66667,5.66667,14.16667],"texture":"#1"},"west":{"uv":[8,2,9.5,3.5],"texture":"#1"},"up":{"uv":[13,6.83333,12.66667,5.33333],"texture":"#1"},"down":{"uv":[6.33333,12.66667,6,14.16667],"texture":"#1"}}},{"from":[7.3,7.2,7.2],"to":[8.7,8.8,8.8],"rotation":{"angle":-45,"axis":"x","origin":[9,8,8]},"faces":{"north":{"uv":[10,4,11,5],"texture":"#1"},"east":{"uv":[10,5.33333,11,6.33333],"texture":"#1"},"south":{"uv":[10,6.66667,11,7.66667],"texture":"#1"},"west":{"uv":[8,10,9,11],"texture":"#1"},"up":{"uv":[11,9,10,8],"texture":"#1"},"down":{"uv":[11,9.33333,10,10.33333],"texture":"#1"}}},{"from":[7.525,7.775,5.41079],"to":[8.475,8.725,7.41079],"rotation":{"angle":45,"axis":"x","origin":[8,8,6.38579]},"faces":{"north":{"uv":[8.66667,6.66667,9.33333,7.33333],"texture":"#1"},"east":{"uv":[10,10.66667,11.33333,11.33333],"texture":"#1"},"south":{"uv":[12.66667,0,13.33333,0.66667],"texture":"#1"},"west":{"uv":[11.33333,0,12.66667,0.66667],"texture":"#1"},"up":{"uv":[12,2,11.33333,0.66667],"texture":"#1"},"down":{"uv":[12,2,11.33333,3.33333],"texture":"#1"}}},{"from":[7.586,7.63504,5.34499],"to":[8.414,8.46304,6.17299],"rotation":{"angle":22.5,"axis":"x","origin":[8,7.93404,5.60149]},"faces":{"north":{"uv":[14,5.33333,14.5,5.83333],"texture":"#1"},"east":{"uv":[14,6,14.5,6.5],"texture":"#1"},"south":{"uv":[14,6.66667,14.5,7.16667],"texture":"#1"},"west":{"uv":[14,7.33333,14.5,7.83333],"texture":"#1"},"down":{"uv":[8.5,14,8,14.5],"texture":"#1"}}},{"from":[7.6688,7.09993,5.30213],"to":[8.3312,7.76233,5.96453],"rotation":{"angle":0,"axis":"x","origin":[8,7.05613,5.40833]},"faces":{"north":{"uv":[14,2.66667,14.5,3.16667],"texture":"#1"},"east":{"uv":[14,3.33333,14.5,3.83333],"texture":"#1"},"south":{"uv":[4,14,4.5,14.5],"texture":"#1"},"west":{"uv":[14,4,14.5,4.5],"texture":"#1"},"down":{"uv":[14.5,4.66667,14,5.16667],"texture":"#1"}}},{"from":[7.73504,6.66617,5.51837],"to":[8.26496,7.19609,6.04829],"rotation":{"angle":-22.5,"axis":"x","origin":[8,6.73113,5.63333]},"faces":{"north":{"uv":[14,11.33333,14.33333,11.66667],"texture":"#1"},"east":{"uv":[12,14,12.33333,14.33333],"texture":"#1"},"south":{"uv":[14,12,14.33333,12.33333],"texture":"#1"},"west":{"uv":[12.66667,14,13,14.33333],"texture":"#1"},"down":{"uv":[14.33333,12.66667,14,13],"texture":"#1"}}},{"from":[7.586,8.66745,9.99296],"to":[8.414,9.49545,10.82096],"rotation":{"angle":22.5,"axis":"x","origin":[8,9.57666,10.28717]},"faces":{"north":{"uv":[14,6.66667,14.5,7.16667],"rotation":180,"texture":"#1"},"east":{"uv":[14,6,14.5,6.5],"rotation":180,"texture":"#1"},"south":{"uv":[14,5.33333,14.5,5.83333],"rotation":180,"texture":"#1"},"west":{"uv":[14,7.33333,14.5,7.83333],"rotation":180,"texture":"#1"},"up":{"uv":[8.5,14,8,14.5],"texture":"#1"}}},{"from":[7.6688,9.29099,10.03481],"to":[8.3312,9.95339,10.69721],"rotation":{"angle":0,"axis":"x","origin":[8,9.57666,10.28717]},"faces":{"north":{"uv":[4,14,4.5,14.5],"rotation":180,"texture":"#1"},"east":{"uv":[14,3.33333,14.5,3.83333],"rotation":180,"texture":"#1"},"south":{"uv":[14,2.66667,14.5,3.16667],"rotation":180,"texture":"#1"},"west":{"uv":[14,4,14.5,4.5],"rotation":180,"texture":"#1"},"up":{"uv":[14.5,4.66667,14,5.16667],"texture":"#1"}}},{"from":[7.73504,9.77031,10.23035],"to":[8.26496,10.30023,10.76027],"rotation":{"angle":-22.5,"axis":"x","origin":[8,9.57666,10.28717]},"faces":{"north":{"uv":[14,12,14.33333,12.33333],"rotation":180,"texture":"#1"},"east":{"uv":[12,14,12.33333,14.33333],"rotation":180,"texture":"#1"},"south":{"uv":[14,11.33333,14.33333,11.66667],"rotation":180,"texture":"#1"},"west":{"uv":[12.66667,14,13,14.33333],"rotation":180,"texture":"#1"},"up":{"uv":[14.33333,12.66667,14,13],"texture":"#1"}}},{"from":[7.525,7.775,8.58921],"to":[8.475,8.725,10.58921],"rotation":{"angle":-45,"axis":"x","origin":[8,8,9.61421]},"faces":{"north":{"uv":[8.66667,12.66667,9.33333,13.33333],"texture":"#1"},"east":{"uv":[2.66667,11.33333,4,12],"texture":"#1"},"south":{"uv":[12.66667,9.33333,13.33333,10],"texture":"#1"},"west":{"uv":[11.33333,3.33333,12.66667,4],"texture":"#1"},"up":{"uv":[4.66667,12.66667,4,11.33333],"texture":"#1"},"down":{"uv":[12,4,11.33333,5.33333],"texture":"#1"}}},{"from":[7.33,-0.17,7.33],"to":[8.67,1.17,8.67],"rotation":{"angle":0,"axis":"y","origin":[7.33,-0.17,7.33]},"faces":{"north":{"uv":[4.66667,11.33333,5.5,12.16667],"texture":"#1"},"east":{"uv":[11.33333,5.33333,12.16667,6.16667],"texture":"#1"},"south":{"uv":[6,11.33333,6.83333,12.16667],"texture":"#1"},"west":{"uv":[11.33333,6.66667,12.16667,7.5],"texture":"#1"},"up":{"uv":[8.83333,12.16667,8,11.33333],"texture":"#1"},"down":{"uv":[12.16667,8,11.33333,8.83333],"texture":"#1"}}},{"from":[7.33,5.83,7.33],"to":[8.67,7.17,8.67],"rotation":{"angle":0,"axis":"y","origin":[7.33,-0.17,7.33]},"faces":{"north":{"uv":[11.33333,9.33333,12.16667,10.16667],"texture":"#1"},"east":{"uv":[10,11.33333,10.83333,12.16667],"texture":"#1"},"south":{"uv":[11.33333,10.66667,12.16667,11.5],"texture":"#1"},"west":{"uv":[0,12,0.83333,12.83333],"texture":"#1"},"up":{"uv":[12.83333,1.5,12,0.66667],"texture":"#1"},"down":{"uv":[2.16667,12,1.33333,12.83333],"texture":"#1"}}},{"from":[7.5,1.17,7.5],"to":[8.5,5.87,8.5],"rotation":{"angle":0,"axis":"y","origin":[6.83,-5.66,6.83]},"faces":{"north":{"uv":[8,4,8.66667,7.16667],"texture":"#1"},"east":{"uv":[5.33333,8,6,11.16667],"texture":"#1"},"south":{"uv":[6,8,6.66667,11.16667],"texture":"#1"},"west":{"uv":[6.66667,8,7.33333,11.16667],"texture":"#1"},"up":{"uv":[10.66667,13.33333,10,12.66667],"texture":"#1"},"down":{"uv":[13.33333,10,12.66667,10.66667],"texture":"#1"}}},{"from":[7.5,-0.9,7.5],"to":[8.5,0.1,8.5],"rotation":{"angle":45,"axis":"x","origin":[8,-0.4,8]},"faces":{"north":{"uv":[10.66667,12.66667,11.33333,13.33333],"texture":"#1"},"east":{"uv":[12.66667,10.66667,13.33333,11.33333],"texture":"#1"},"south":{"uv":[12.66667,11.33333,13.33333,12],"texture":"#1"},"west":{"uv":[12.66667,12,13.33333,12.66667],"texture":"#1"},"up":{"uv":[13.33333,13.33333,12.66667,12.66667],"texture":"#1"},"down":{"uv":[0.66667,13.33333,0,14],"texture":"#1"}}},{"from":[7.75,11.575,7.2],"to":[8.25,13.375,9],"rotation":{"angle":-45,"axis":"x","origin":[8,12.575,8.2]},"faces":{"north":{"uv":[13.33333,0,13.66667,1.16667],"texture":"#1"},"east":{"uv":[8.66667,5.33333,9.83333,6.5],"texture":"#1"},"south":{"uv":[0.66667,13.33333,1,14.5],"texture":"#1"},"west":{"uv":[8,8.66667,9.16667,9.83333],"texture":"#1"},"up":{"uv":[1.66667,14.5,1.33333,13.33333],"texture":"#1"},"down":{"uv":[13.66667,1.33333,13.33333,2.5],"texture":"#1"}}},{"from":[7.75,19.45104,7.51317],"to":[8.25,20.60104,8.66317],"rotation":{"angle":-45,"axis":"x","origin":[8,20.45104,8.51317]},"faces":{"north":{"uv":[13.33333,2.66667,13.66667,3.5],"texture":"#1"},"east":{"uv":[12,2,12.83333,2.83333],"texture":"#1"},"south":{"uv":[3.33333,13.33333,3.66667,14.16667],"texture":"#1"},"west":{"uv":[2.66667,12,3.5,12.83333],"texture":"#1"},"up":{"uv":[13.66667,4.83333,13.33333,4],"texture":"#1"},"down":{"uv":[13.66667,5.33333,13.33333,6.16667],"texture":"#1"}}},{"from":[7.755,9.3,7.1],"to":[8.245,12.275,9.3],"rotation":{"angle":0,"axis":"y","origin":[7.055,10.75,3.78579]},"faces":{"north":{"uv":[9.33333,12,9.66667,14],"texture":"#1"},"east":{"uv":[5.33333,4,6.83333,6],"texture":"#1"},"south":{"uv":[11.33333,12,11.66667,14],"texture":"#1"},"west":{"uv":[5.33333,6,6.83333,8],"texture":"#1"},"up":{"uv":[7,14.16667,6.66667,12.66667],"texture":"#1"},"down":{"uv":[13,7.33333,12.66667,8.83333],"texture":"#1"}}},{"from":[7.755,12.275,7.7],"to":[8.245,19.85,9.3],"rotation":{"angle":0,"axis":"y","origin":[7.055,13.325,4.08579]},"faces":{"north":{"uv":[7.33333,2.5,7.66667,7],"texture":"#1"},"east":{"uv":[2.66667,6.5,3.66667,11],"texture":"#1"},"south":{"uv":[7.33333,9.83333,7.66667,14.33333],"texture":"#1"},"west":{"uv":[4,6.5,5,11],"texture":"#1"},"up":{"uv":[2.33333,14.33333,2,13.33333],"texture":"#1"},"down":{"uv":[3,13.33333,2.66667,14.33333],"texture":"#1"}}},{"from":[8,8.3,5.7],"to":[8,23.3,9.7],"rotation":{"angle":0,"axis":"y","origin":[7,-0.7,5.7]},"faces":{"north":{"uv":[0,0,0,12],"texture":"#1"},"east":{"uv":[2.66667,2,0,12],"texture":"#1"},"south":{"uv":[0,0,0,12],"texture":"#1"},"west":{"uv":[0,2,2.66667,12],"texture":"#1"},"up":{"uv":[0,2.66667,0,0],"texture":"#1"},"down":{"uv":[0,0,0,2.66667],"texture":"#1"}}},{"from":[7.725,7.6,5.6],"to":[7.725,24.6,9.6],"rotation":{"angle":0,"axis":"y","origin":[0.6,2,6.5]},"faces":{"north":{"uv":[0,0,0,11.33333],"texture":"#2"},"east":{"uv":[3.065,0,0,12.535],"texture":"#2"},"south":{"uv":[0,0,0,11.33333],"texture":"#2"},"west":{"uv":[0,0,3.06667,12.53333],"texture":"#2"},"up":{"uv":[0,2.66667,0,0],"texture":"#2"},"down":{"uv":[0,0,0,2.66667],"texture":"#2"}}},{"from":[8.275,7.6,6.4],"to":[8.275,24.6,10.4],"rotation":{"angle":0,"axis":"y","origin":[15.4,2,9.5]},"faces":{"north":{"uv":[0,0,0,11.33333],"texture":"#2"},"east":{"uv":[0,0,3.06667,12.53333],"texture":"#2"},"south":{"uv":[0,0,0,11.33333],"texture":"#2"},"west":{"uv":[3.065,0,0,12.535],"texture":"#2"},"up":{"uv":[0,0,0,2.66667],"texture":"#2"},"down":{"uv":[0,2.66667,0,0],"texture":"#2"}}}],"gui_light":"front","display":{"thirdperson_righthand":{"rotation":[0,-9,-80],"translation":[3.25,-1.5,1.25],"scale":[0.73242,0.73242,0.73242]},"thirdperson_lefthand":{"rotation":[0,-9,-80],"translation":[3.25,-1.5,1.25],"scale":[0.73242,0.73242,0.73242]},"firstperson_righthand":{"rotation":[0.64,10.96,-66.09],"translation":[-6,1,0]},"firstperson_lefthand":{"rotation":[0.64,10.96,-66.09],"translation":[-6,1,0]},"ground":{"rotation":[0,0,78],"translation":[2.75,-1,0],"scale":[0.7832,0.7832,0.7832]},"gui":{"rotation":[90,-135,90],"translation":[-1.5,-2.25,-0.75],"scale":[0.83359,0.83359,0.83359]},"head":{"scale":[0,0,0]},"fixed":{"rotation":[0,90,0],"translation":[0,-4,-1.75],"scale":[1.55586,1.55586,1.55586]}}}