{"credit":"MadewithBlockbench","texture_size":[24,24],"textures":{"1":"tavern:items/sets/darkworldpack/normal/halberd","2":"tavern:items/sets/darkworldpack/normal/animation_5","particle":"tavern:items/sets/darkworldpack/normal/animation_5"},"elements":[{"from":[7.5,14.2875,7],"to":[8.5,16.2875,9],"rotation":{"angle":-45,"axis":"x","origin":[8,15.2875,8]},"faces":{"north":{"uv":[4,9.33333,4.66667,10.66667],"texture":"#1"},"east":{"uv":[8,0,9.33333,1.33333],"texture":"#1"},"south":{"uv":[4.66667,9.33333,5.33333,10.66667],"texture":"#1"},"west":{"uv":[8,1.33333,9.33333,2.66667],"texture":"#1"},"up":{"uv":[6,10.66667,5.33333,9.33333],"texture":"#1"},"down":{"uv":[6.66667,9.33333,6,10.66667],"texture":"#1"}}},{"from":[7.75,13.51765,7.83381],"to":[8.25,15.81765,10.13381],"rotation":{"angle":-45,"axis":"x","origin":[8,13.68384,8]},"faces":{"north":{"uv":[2,12,2.33333,13.5],"texture":"#1"},"east":{"uv":[4.66667,2,6.16667,3.5],"texture":"#1"},"south":{"uv":[2.66667,12,3,13.5],"texture":"#1"},"west":{"uv":[4.66667,4,6.16667,5.5],"texture":"#1"},"up":{"uv":[3.66667,13.5,3.33333,12],"texture":"#1"},"down":{"uv":[4.33333,12,4,13.5],"texture":"#1"}}},{"from":[7.3,14.4875,7.2],"to":[8.7,16.0875,8.8],"rotation":{"angle":-45,"axis":"x","origin":[9,15.2875,8]},"faces":{"north":{"uv":[8.66667,5.33333,9.66667,6.33333],"texture":"#1"},"east":{"uv":[8.66667,6.66667,9.66667,7.66667],"texture":"#1"},"south":{"uv":[9.33333,0,10.33333,1],"texture":"#1"},"west":{"uv":[0.66667,9.33333,1.66667,10.33333],"texture":"#1"},"up":{"uv":[10.33333,2.33333,9.33333,1.33333],"texture":"#1"},"down":{"uv":[3.66667,9.33333,2.66667,10.33333],"texture":"#1"}}},{"from":[7.37,13.09525,9.64917],"to":[8.63,16.87525,10.90917],"rotation":{"angle":22.5,"axis":"x","origin":[8,14.96416,10.29967]},"faces":{"north":{"uv":[6.66667,0,7.5,2.5],"texture":"#1"},"east":{"uv":[0.66667,6.66667,1.5,9.16667],"texture":"#1"},"south":{"uv":[6.66667,2.66667,7.5,5.16667],"texture":"#1"},"west":{"uv":[6.66667,5.33333,7.5,7.83333],"texture":"#1"},"up":{"uv":[0.83333,12.83333,0,12],"texture":"#1"},"down":{"uv":[12.83333,0,12,0.83333],"texture":"#1"}}},{"from":[7.47836,12.41558,9.07151],"to":[8.52164,13.45886,10.11479],"rotation":{"angle":0,"axis":"x","origin":[8,14.96416,10.29967]},"faces":{"north":{"uv":[12.66667,3.33333,13.33333,4],"texture":"#1"},"east":{"uv":[12.66667,4,13.33333,4.66667],"texture":"#1"},"south":{"uv":[12.66667,4.66667,13.33333,5.33333],"texture":"#1"},"west":{"uv":[12.66667,5.33333,13.33333,6],"texture":"#1"},"down":{"uv":[6.66667,12.66667,6,13.33333],"texture":"#1"}}},{"from":[7.58269,12.25298,8.25527],"to":[8.41731,13.0876,9.08989],"rotation":{"angle":-22.5,"axis":"x","origin":[8,14.96416,10.29967]},"faces":{"north":{"uv":[13.33333,1.33333,13.83333,1.83333],"texture":"#1"},"east":{"uv":[13.33333,2,13.83333,2.5],"texture":"#1"},"south":{"uv":[13.33333,2.66667,13.83333,3.16667],"texture":"#1"},"west":{"uv":[13.33333,3.33333,13.83333,3.83333],"texture":"#1"},"down":{"uv":[13.83333,4,13.33333,4.5],"texture":"#1"}}},{"from":[7.66615,12.57085,7.43623],"to":[8.33385,13.23855,8.10393],"rotation":{"angle":-45,"axis":"x","origin":[8,14.96416,10.29967]},"faces":{"north":{"uv":[0,13.33333,0.5,13.83333],"texture":"#1"},"east":{"uv":[13.33333,0,13.83333,0.5],"texture":"#1"},"south":{"uv":[0.66667,13.33333,1.16667,13.83333],"texture":"#1"},"west":{"uv":[13.33333,0.66667,13.83333,1.16667],"texture":"#1"},"down":{"uv":[1.83333,13.33333,1.33333,13.83333],"texture":"#1"}}},{"from":[7.47836,16.49758,10.4956],"to":[8.52164,17.54086,11.53888],"rotation":{"angle":0,"axis":"x","origin":[8,17.62822,10.8302]},"faces":{"north":{"uv":[12.66667,4.66667,13.33333,5.33333],"rotation":180,"texture":"#1"},"east":{"uv":[12.66667,4,13.33333,4.66667],"rotation":180,"texture":"#1"},"south":{"uv":[12.66667,3.33333,13.33333,4],"rotation":180,"texture":"#1"},"west":{"uv":[12.66667,5.33333,13.33333,6],"rotation":180,"texture":"#1"},"up":{"uv":[6.66667,12.66667,6,13.33333],"texture":"#1"}}},{"from":[7.58269,17.26828,10.55131],"to":[8.41731,18.1029,11.38594],"rotation":{"angle":-22.5,"axis":"x","origin":[8,17.62822,10.8302]},"faces":{"north":{"uv":[13.33333,2.66667,13.83333,3.16667],"rotation":180,"texture":"#1"},"east":{"uv":[13.33333,2,13.83333,2.5],"rotation":180,"texture":"#1"},"south":{"uv":[13.33333,1.33333,13.83333,1.83333],"rotation":180,"texture":"#1"},"west":{"uv":[13.33333,3.33333,13.83333,3.83333],"rotation":180,"texture":"#1"},"up":{"uv":[13.83333,4,13.33333,4.5],"texture":"#1"}}},{"from":[7.66615,17.59274,9.93346],"to":[8.33385,18.26044,10.60116],"rotation":{"angle":45,"axis":"x","origin":[8,17.62822,10.8302]},"faces":{"north":{"uv":[1.83333,13.33333,1.33333,13.83333],"rotation":180,"texture":"#1"},"east":{"uv":[13.33333,0,13.83333,0.5],"rotation":270,"texture":"#1"},"west":{"uv":[13.33333,0.66667,13.83333,1.16667],"rotation":90,"texture":"#1"},"up":{"uv":[0,13.33333,0.5,13.83333],"rotation":180,"texture":"#1"},"down":{"uv":[0.66667,13.33333,1.16667,13.83333],"texture":"#1"}}},{"from":[7.586,14.24148,5.94994],"to":[8.414,15.06948,6.77794],"rotation":{"angle":22.5,"axis":"x","origin":[8,16.26416,6.92467]},"faces":{"north":{"uv":[13.33333,6.66667,13.83333,7.16667],"texture":"#1"},"east":{"uv":[7.33333,13.33333,7.83333,13.83333],"texture":"#1"},"south":{"uv":[13.33333,7.33333,13.83333,7.83333],"texture":"#1"},"west":{"uv":[13.33333,8,13.83333,8.5],"texture":"#1"},"down":{"uv":[13.83333,8.66667,13.33333,9.16667],"texture":"#1"}}},{"from":[7.6688,14.11243,5.30213],"to":[8.3312,14.77483,5.96453],"rotation":{"angle":0,"axis":"x","origin":[8,16.26416,6.92467]},"faces":{"north":{"uv":[13.33333,4.66667,13.83333,5.16667],"texture":"#1"},"east":{"uv":[13.33333,5.33333,13.83333,5.83333],"texture":"#1"},"south":{"uv":[6,13.33333,6.5,13.83333],"texture":"#1"},"west":{"uv":[13.33333,6,13.83333,6.5],"texture":"#1"},"down":{"uv":[7.16667,13.33333,6.66667,13.83333],"texture":"#1"}}},{"from":[7.73504,14.36471,4.6521],"to":[8.26496,14.89463,5.18202],"rotation":{"angle":-22.5,"axis":"x","origin":[8,16.26416,6.92467]},"faces":{"north":{"uv":[9.33333,13.33333,9.66667,13.66667],"texture":"#1"},"east":{"uv":[13.33333,9.33333,13.66667,9.66667],"texture":"#1"},"south":{"uv":[10,13.33333,10.33333,13.66667],"texture":"#1"},"west":{"uv":[13.33333,10,13.66667,10.33333],"texture":"#1"},"down":{"uv":[11,13.33333,10.66667,13.66667],"texture":"#1"}}},{"from":[7.525,15.79473,6.42195],"to":[8.475,16.74473,8.42195],"rotation":{"angle":45,"axis":"x","origin":[8,13.68384,8]},"faces":{"north":{"uv":[12,10.66667,12.66667,11.33333],"texture":"#1"},"east":{"uv":[8,9.33333,9.33333,10],"texture":"#1"},"south":{"uv":[12,11.33333,12.66667,12],"texture":"#1"},"west":{"uv":[9.33333,8,10.66667,8.66667],"texture":"#1"},"up":{"uv":[10,10,9.33333,8.66667],"texture":"#1"},"down":{"uv":[10.66667,2.66667,10,4],"texture":"#1"}}},{"from":[7.525,15.79473,7.57805],"to":[8.475,16.74473,9.57805],"rotation":{"angle":-45,"axis":"x","origin":[8,13.68384,8]},"faces":{"north":{"uv":[12.66667,6,13.33333,6.66667],"texture":"#1"},"east":{"uv":[10,4,11.33333,4.66667],"texture":"#1"},"south":{"uv":[12.66667,6.66667,13.33333,7.33333],"texture":"#1"},"west":{"uv":[10,4.66667,11.33333,5.33333],"texture":"#1"},"up":{"uv":[10.66667,6.66667,10,5.33333],"texture":"#1"},"down":{"uv":[10.66667,6.66667,10,8],"texture":"#1"}}},{"from":[7.33,-6.8825,7.33],"to":[8.67,-5.5425,8.67],"rotation":{"angle":0,"axis":"y","origin":[7.33,-6.8825,7.33]},"faces":{"north":{"uv":[8,10,8.83333,10.83333],"texture":"#1"},"east":{"uv":[10,8.66667,10.83333,9.5],"texture":"#1"},"south":{"uv":[9.33333,10,10.16667,10.83333],"texture":"#1"},"west":{"uv":[0,10.66667,0.83333,11.5],"texture":"#1"},"up":{"uv":[11.5,0.83333,10.66667,0],"texture":"#1"},"down":{"uv":[11.5,1.33333,10.66667,2.16667],"texture":"#1"}}},{"from":[7.33,-0.8825,7.33],"to":[8.67,0.4575,8.67],"rotation":{"angle":0,"axis":"y","origin":[7.33,-6.8825,7.33]},"faces":{"north":{"uv":[2.66667,10.66667,3.5,11.5],"texture":"#1"},"east":{"uv":[10.66667,2.66667,11.5,3.5],"texture":"#1"},"south":{"uv":[4,10.66667,4.83333,11.5],"texture":"#1"},"west":{"uv":[5.33333,10.66667,6.16667,11.5],"texture":"#1"},"up":{"uv":[11.5,6.16667,10.66667,5.33333],"texture":"#1"},"down":{"uv":[11.5,6.66667,10.66667,7.5],"texture":"#1"}}},{"from":[7.33,9.4425,7.33],"to":[8.67,10.7825,8.67],"rotation":{"angle":0,"axis":"y","origin":[7.33,-2.8825,7.33]},"faces":{"north":{"uv":[10.66667,10,11.5,10.83333],"texture":"#1"},"east":{"uv":[11.33333,4,12.16667,4.83333],"texture":"#1"},"south":{"uv":[8,11.33333,8.83333,12.16667],"texture":"#1"},"west":{"uv":[11.33333,8,12.16667,8.83333],"texture":"#1"},"up":{"uv":[10.16667,12.16667,9.33333,11.33333],"texture":"#1"},"down":{"uv":[11.5,11.33333,10.66667,12.16667],"texture":"#1"}}},{"from":[7.5,-5.5425,7.5],"to":[8.5,-0.8425,8.5],"rotation":{"angle":0,"axis":"y","origin":[6.83,-12.3725,6.83]},"faces":{"north":{"uv":[4,6,4.66667,9.16667],"texture":"#1"},"east":{"uv":[4.66667,6,5.33333,9.16667],"texture":"#1"},"south":{"uv":[5.33333,6,6,9.16667],"texture":"#1"},"west":{"uv":[6,6,6.66667,9.16667],"texture":"#1"},"up":{"uv":[11.33333,8.66667,10.66667,8],"texture":"#1"},"down":{"uv":[12,9.33333,11.33333,10],"texture":"#1"}}},{"from":[7.5,-7.6125,7.5],"to":[8.5,-6.6125,8.5],"rotation":{"angle":45,"axis":"x","origin":[8,-7.1125,8]},"faces":{"north":{"uv":[12,3.33333,12.66667,4],"texture":"#1"},"east":{"uv":[12,5.33333,12.66667,6],"texture":"#1"},"south":{"uv":[6,12,6.66667,12.66667],"texture":"#1"},"west":{"uv":[12,6,12.66667,6.66667],"texture":"#1"},"up":{"uv":[12.66667,7.33333,12,6.66667],"texture":"#1"},"down":{"uv":[12.66667,7.33333,12,8],"texture":"#1"}}},{"from":[7.75,10.5466,7.1],"to":[8.25,12.3466,8.9],"rotation":{"angle":-45,"axis":"x","origin":[8,11.4466,8]},"faces":{"north":{"uv":[12.66667,7.33333,13,8.5],"texture":"#1"},"east":{"uv":[8.66667,2.66667,9.83333,3.83333],"texture":"#1"},"south":{"uv":[8,12.66667,8.33333,13.83333],"texture":"#1"},"west":{"uv":[8.66667,4,9.83333,5.16667],"texture":"#1"},"up":{"uv":[9,13.83333,8.66667,12.66667],"texture":"#1"},"down":{"uv":[13,8.66667,12.66667,9.83333],"texture":"#1"}}},{"from":[7.755,11.60518,6.9],"to":[8.245,14.58018,9.1],"rotation":{"angle":0,"axis":"x","origin":[8,13.09268,8]},"faces":{"north":{"uv":[1.33333,10.66667,1.66667,12.66667],"texture":"#1"},"east":{"uv":[4.66667,0,6.16667,2],"texture":"#1"},"south":{"uv":[12,1.33333,12.33333,3.33333],"texture":"#1"},"west":{"uv":[0.66667,4.66667,2.16667,6.66667],"texture":"#1"},"up":{"uv":[5,13.5,4.66667,12],"texture":"#1"},"down":{"uv":[5.66667,12,5.33333,13.5],"texture":"#1"}}},{"from":[7.5,0.4575,7.5],"to":[8.5,9.4575,8.5],"rotation":{"angle":0,"axis":"y","origin":[6.83,-0.3725,6.83]},"faces":{"north":{"uv":[2.66667,3.33333,3.33333,9.33333],"texture":"#1"},"east":{"uv":[3.33333,3.33333,4,9.33333],"texture":"#1"},"south":{"uv":[4,0,4.66667,6],"texture":"#1"},"west":{"uv":[0,4.66667,0.66667,10.66667],"texture":"#1"},"up":{"uv":[12.66667,10,12,9.33333],"texture":"#1"},"down":{"uv":[12.66667,10,12,10.66667],"texture":"#1"}}},{"from":[7.77071,14.1575,7.72929],"to":[8.37071,22.1575,8.32929],"rotation":{"angle":-45,"axis":"y","origin":[8.07071,18.3575,7.92929]},"faces":{"north":{"uv":[2,6.66667,2.33333,12],"texture":"#1"},"east":{"uv":[8,2.66667,8.33333,8],"texture":"#1"},"south":{"uv":[6.66667,8,7,13.33333],"texture":"#1"},"west":{"uv":[7.33333,8,7.66667,13.33333],"texture":"#1"},"up":{"uv":[13.66667,11,13.33333,10.66667],"texture":"#1"},"down":{"uv":[11.66667,13.33333,11.33333,13.66667],"texture":"#1"}}},{"from":[8,16.5875,3.625],"to":[8,23.5875,7.625],"rotation":{"angle":0,"axis":"y","origin":[7,15.6875,6]},"faces":{"north":{"uv":[0,4.66667,0,0],"texture":"#1"},"east":{"uv":[2.66667,4.66667,0,0],"texture":"#1"},"south":{"uv":[0,4.66667,0,0],"texture":"#1"},"west":{"uv":[0,4.66667,2.66667,0],"texture":"#1"},"up":{"uv":[0,2.66667,0,0],"texture":"#1"},"down":{"uv":[0,0,0,2.66667],"texture":"#1"}}},{"from":[8,17.3375,8.4],"to":[8,22.3375,10.4],"rotation":{"angle":0,"axis":"x","origin":[7,-15.3125,6]},"faces":{"north":{"uv":[0,0,0,3.33333],"texture":"#1"},"east":{"uv":[4,0,2.66667,3.33333],"texture":"#1"},"south":{"uv":[0,0,0,3.33333],"texture":"#1"},"west":{"uv":[2.66667,0,4,3.33333],"texture":"#1"},"up":{"uv":[0,1.33333,0,0],"texture":"#1"},"down":{"uv":[0,0,0,1.33333],"texture":"#1"}}},{"from":[8,22.1125,7],"to":[8,24.1125,9],"rotation":{"angle":45,"axis":"y","origin":[8,23.1125,8]},"faces":{"north":{"uv":[0,0,0,1.33333],"texture":"#1"},"east":{"uv":[9.33333,8,8,9.33333],"texture":"#1"},"south":{"uv":[0,0,0,1.33333],"texture":"#1"},"west":{"uv":[8,8,9.33333,9.33333],"texture":"#1"},"up":{"uv":[0,1.33333,0,0],"texture":"#1"},"down":{"uv":[0,0,0,1.33333],"texture":"#1"}}},{"from":[8,22.1125,7],"to":[8,24.1125,9],"rotation":{"angle":-45,"axis":"y","origin":[8,23.1125,8]},"faces":{"north":{"uv":[0,0,0,1.33333],"texture":"#1"},"east":{"uv":[9.33333,8,8,9.33333],"texture":"#1"},"south":{"uv":[0,0,0,1.33333],"texture":"#1"},"west":{"uv":[8,8,9.33333,9.33333],"texture":"#1"},"up":{"uv":[0,1.33333,0,0],"texture":"#1"},"down":{"uv":[0,0,0,1.33333],"texture":"#1"}}},{"from":[7.55,16.3,7],"to":[7.55,22.3,9],"rotation":{"angle":0,"axis":"y","origin":[9.6,8.3,10.2]},"faces":{"north":{"uv":[0,0,0,4],"texture":"#2"},"east":{"uv":[8,0,5.11111,8.11111],"texture":"#2"},"south":{"uv":[0,0,0,4],"texture":"#2"},"west":{"uv":[5.11111,0,8,8.11111],"texture":"#2"},"up":{"uv":[0,0,1.33333,0],"rotation":90,"texture":"#2"},"down":{"uv":[0,0,1.33333,0],"rotation":270,"texture":"#2"}}},{"from":[8.45,16.3,7],"to":[8.45,22.3,9],"rotation":{"angle":0,"axis":"y","origin":[6.4,8.3,5.8]},"faces":{"north":{"uv":[0,0,0,4],"texture":"#2"},"east":{"uv":[5.11111,0,8,8.11111],"texture":"#2"},"south":{"uv":[0,0,0,4],"texture":"#2"},"west":{"uv":[8,0,5.11111,8.11111],"texture":"#2"},"up":{"uv":[1.33333,0,0,0],"rotation":90,"texture":"#2"},"down":{"uv":[1.33333,0,0,0],"rotation":270,"texture":"#2"}}}],"gui_light":"front","display":{"thirdperson_righthand":{"translation":[0,2.5,1],"scale":[1.11523,1.11523,1.11523]},"thirdperson_lefthand":{"translation":[0,2.5,1],"scale":[1.11523,1.11523,1.11523]},"firstperson_righthand":{"rotation":[-7.75,0,0],"translation":[2,1.25,0]},"firstperson_lefthand":{"rotation":[-7.75,0,0],"translation":[2,1.25,0]},"ground":{"rotation":[0,0,78],"translation":[-0.25,-1,0],"scale":[0.7832,0.7832,0.7832]},"gui":{"rotation":[90,-135,90],"translation":[-0.5,-0.25,-0.75],"scale":[0.71055,0.71055,0.71055]},"head":{"scale":[0,0,0]},"fixed":{"rotation":[0,90,0],"translation":[0,1.25,-1.75],"scale":[1.96992,1.96992,1.96992]}}}