{"credit":"MadewithBlockbench","texture_size":[12,12],"textures":{"0":"tavern:items/sets/darkworldpack/normal/key","1":"tavern:items/sets/darkworldpack/normal/animation_5","particle":"tavern:items/sets/darkworldpack/normal/key"},"elements":[{"from":[7.3,7.45516,9.925],"to":[8.7,8.85516,11.325],"rotation":{"angle":0,"axis":"y","origin":[7.3,7.45516,9.925]},"faces":{"north":{"uv":[4,0,6,2],"texture":"#0"},"east":{"uv":[0,5.33333,2,7.33333],"texture":"#0"},"south":{"uv":[2.66667,5.33333,4.66667,7.33333],"texture":"#0"},"west":{"uv":[5.33333,2.66667,7.33333,4.66667],"texture":"#0"},"up":{"uv":[7.33333,7.33333,5.33333,5.33333],"texture":"#0"},"down":{"uv":[8.66667,0,6.66667,2],"texture":"#0"}}},{"from":[7.75,7.65516,6.925],"to":[8.25,8.65516,9.925],"rotation":{"angle":0,"axis":"y","origin":[7.75,8.15516,9.425]},"faces":{"north":{"uv":[9.33333,8,10,9.33333],"texture":"#0"},"east":{"uv":[0,0,4,1.33333],"texture":"#0"},"south":{"uv":[9.33333,9.33333,10,10.66667],"texture":"#0"},"west":{"uv":[0,1.33333,4,2.66667],"texture":"#0"},"up":{"uv":[0.66667,12,0,8],"texture":"#0"},"down":{"uv":[2,8,1.33333,12],"texture":"#0"}}},{"from":[7.75,6.75516,5.025],"to":[8.15,7.55516,5.725],"rotation":{"angle":0,"axis":"y","origin":[7.75,9.05516,7.425]},"faces":{"north":{"uv":[10.66667,0,11.33333,1],"texture":"#0"},"east":{"uv":[9.33333,6.66667,10.33333,7.66667],"texture":"#0"},"south":{"uv":[10.66667,1.33333,11.33333,2.33333],"texture":"#0"},"west":{"uv":[8,9.33333,9,10.33333],"texture":"#0"},"up":{"uv":[3.33333,11.66667,2.66667,10.66667],"texture":"#0"},"down":{"uv":[11.33333,2.66667,10.66667,3.66667],"texture":"#0"}}},{"from":[7.75,6.75516,6.1],"to":[8.15,7.55516,6.8],"rotation":{"angle":0,"axis":"y","origin":[7.75,9.05516,7.425]},"faces":{"north":{"uv":[10.66667,0,11.33333,1],"texture":"#0"},"east":{"uv":[9.33333,6.66667,10.33333,7.66667],"texture":"#0"},"south":{"uv":[10.66667,1.33333,11.33333,2.33333],"texture":"#0"},"west":{"uv":[8,9.33333,9,10.33333],"texture":"#0"},"up":{"uv":[3.33333,11.66667,2.66667,10.66667],"texture":"#0"},"down":{"uv":[11.33333,2.66667,10.66667,3.66667],"texture":"#0"}}},{"from":[7.65,7.55516,4.925],"to":[8.35,8.75516,6.925],"rotation":{"angle":0,"axis":"y","origin":[7.75,8.15516,9.425]},"faces":{"north":{"uv":[4,8,5,9.66667],"texture":"#0"},"east":{"uv":[0,2.66667,2.66667,4.33333],"texture":"#0"},"south":{"uv":[5.33333,8,6.33333,9.66667],"texture":"#0"},"west":{"uv":[2.66667,2.66667,5.33333,4.33333],"texture":"#0"},"up":{"uv":[3.66667,10.66667,2.66667,8],"texture":"#0"},"down":{"uv":[9,2.66667,8,5.33333],"texture":"#0"}}},{"from":[8.00296,7.967,5.511],"to":[8.83096,8.795,6.339],"rotation":{"angle":22.5,"axis":"z","origin":[8.91217,8.50079,5.925]},"faces":{"north":{"uv":[8,5.33333,9,6.33333],"texture":"#0"},"east":{"uv":[6.66667,8,7.66667,9],"texture":"#0"},"south":{"uv":[8,6.66667,9,7.66667],"texture":"#0"},"up":{"uv":[9,9,8,8],"texture":"#0"},"down":{"uv":[10.33333,0,9.33333,1],"texture":"#0"}}},{"from":[8.65981,8.21512,5.5938],"to":[9.32221,8.87752,6.2562],"rotation":{"angle":-45,"axis":"z","origin":[8.91217,8.50079,5.925]},"faces":{"north":{"uv":[9.33333,1.33333,10.33333,2.33333],"texture":"#0"},"east":{"uv":[9.33333,2.66667,10.33333,3.66667],"texture":"#0"},"south":{"uv":[9.33333,4,10.33333,5],"texture":"#0"},"west":{"uv":[9.33333,5.33333,10.33333,6.33333],"texture":"#0"},"up":{"uv":[7.66667,10.33333,6.66667,9.33333],"texture":"#0"}}},{"from":[8.85535,8.69444,5.66004],"to":[9.38527,9.22436,6.18996],"rotation":{"angle":-22.5,"axis":"z","origin":[8.91217,8.50079,5.925]},"faces":{"north":{"uv":[4,10.66667,4.66667,11.33333],"texture":"#0"},"east":{"uv":[10.66667,4,11.33333,4.66667],"texture":"#0"},"south":{"uv":[5.33333,10.66667,6,11.33333],"texture":"#0"},"west":{"uv":[10.66667,5.33333,11.33333,6],"texture":"#0"},"up":{"uv":[7.33333,11.33333,6.66667,10.66667],"texture":"#0"}}},{"from":[6.61473,8.69444,5.66004],"to":[7.14465,9.22436,6.18996],"rotation":{"angle":22.5,"axis":"z","origin":[7.08783,8.50079,5.925]},"faces":{"north":{"uv":[4.66667,10.66667,4,11.33333],"texture":"#0"},"east":{"uv":[11.33333,5.33333,10.66667,6],"texture":"#0"},"south":{"uv":[6,10.66667,5.33333,11.33333],"texture":"#0"},"west":{"uv":[11.33333,4,10.66667,4.66667],"texture":"#0"},"up":{"uv":[6.66667,11.33333,7.33333,10.66667],"texture":"#0"}}},{"from":[6.67779,8.21512,5.5938],"to":[7.34019,8.87752,6.2562],"rotation":{"angle":45,"axis":"z","origin":[7.08783,8.50079,5.925]},"faces":{"north":{"uv":[10.33333,1.33333,9.33333,2.33333],"texture":"#0"},"east":{"uv":[10.33333,5.33333,9.33333,6.33333],"texture":"#0"},"south":{"uv":[10.33333,4,9.33333,5],"texture":"#0"},"west":{"uv":[10.33333,2.66667,9.33333,3.66667],"texture":"#0"},"up":{"uv":[6.66667,10.33333,7.66667,9.33333],"texture":"#0"}}},{"from":[7.16904,7.967,5.511],"to":[7.99704,8.795,6.339],"rotation":{"angle":-22.5,"axis":"z","origin":[7.08783,8.50079,5.925]},"faces":{"north":{"uv":[9,5.33333,8,6.33333],"texture":"#0"},"south":{"uv":[9,6.66667,8,7.66667],"texture":"#0"},"west":{"uv":[7.66667,8,6.66667,9],"texture":"#0"},"up":{"uv":[8,9,9,8],"texture":"#0"},"down":{"uv":[9.33333,0,10.33333,1],"texture":"#0"}}},{"from":[8.41517,7.13483,5.1],"to":[8.41517,9.13483,11.1],"rotation":{"angle":0,"axis":"z","origin":[9.01517,11.63483,8]},"faces":{"north":{"uv":[11.33333,2.33333,12.33334,3],"rotation":270,"texture":"#1"},"east":{"uv":[5.11111,0,8,8.33333],"rotation":270,"texture":"#1"},"south":{"uv":[11.33333,2.33333,12.33334,3],"rotation":270,"texture":"#1"},"west":{"uv":[8,0,5.11111,8.33333],"rotation":90,"texture":"#1"},"up":{"uv":[11.33333,2.33333,12.33334,3],"rotation":270,"texture":"#1"},"down":{"uv":[11.33333,2.33333,12.33334,3],"rotation":270,"texture":"#1"}}},{"from":[7.58483,7.13483,5.1],"to":[7.58483,9.13483,11.1],"rotation":{"angle":0,"axis":"z","origin":[6.98483,11.63483,8]},"faces":{"north":{"uv":[11.33333,2.33333,12.33334,3],"rotation":270,"texture":"#1"},"east":{"uv":[8,8.33333,5.11111,0],"rotation":90,"texture":"#1"},"south":{"uv":[11.33333,2.33333,12.33334,3],"rotation":270,"texture":"#1"},"west":{"uv":[5.11111,8.33333,8,0],"rotation":270,"texture":"#1"},"up":{"uv":[11.33333,2.33333,12.33334,3],"rotation":270,"texture":"#1"},"down":{"uv":[11.33333,2.33333,12.33334,3],"rotation":270,"texture":"#1"}}}],"gui_light":"front","display":{"thirdperson_righthand":{"translation":[0,0,-1.5]},"thirdperson_lefthand":{"translation":[0,0,-1.5]},"firstperson_righthand":{"rotation":[35,0,0],"translation":[-3.75,6.5,4.5],"scale":[0.92188,0.92188,0.92188]},"firstperson_lefthand":{"rotation":[35,0,0],"translation":[-3.75,6.5,4.5],"scale":[0.92188,0.92188,0.92188]},"ground":{"rotation":[40,0,0],"translation":[0,1,0],"scale":[1.59766,1.59766,1.59766]},"gui":{"rotation":[90,-45,90],"scale":[1.99727,1.99727,1.99727]},"head":{"scale":[0,0,0]},"fixed":{"rotation":[-90,0,0],"translation":[0,-0.5,-2.5],"scale":[3.18945,3.18945,3.18945]}}}