{"credit":"MadewithBlockbench","texture_size":[36,36],"textures":{"0":"tavern:items/sets/darkworldpack/normal/wings","1":"tavern:items/sets/darkworldpack/normal/animation_2","particle":"tavern:items/sets/darkworldpack/normal/wings"},"elements":[{"from":[9.05,6.5,7.5],"to":[12.05,9.5,8.5],"rotation":{"angle":45,"axis":"z","origin":[10.55,8,8]},"faces":{"north":{"uv":[7.11111,7.55556,8.44444,8.88889],"texture":"#0"},"east":{"uv":[8.44444,8.44444,8.88889,9.77778],"texture":"#0"},"south":{"uv":[8,0,9.33333,1.33333],"texture":"#0"},"west":{"uv":[8.88889,4,9.33333,5.33333],"texture":"#0"},"up":{"uv":[10.22222,5.77778,8.88889,5.33333],"texture":"#0"},"down":{"uv":[10.22222,5.77778,8.88889,6.22222],"texture":"#0"}}},{"from":[9.35,6.8,7.3],"to":[11.75,9.2,8.7],"rotation":{"angle":45,"axis":"z","origin":[10.55,8,8]},"faces":{"north":{"uv":[8,1.33333,9.11111,2.44444],"texture":"#0"},"east":{"uv":[8,4,8.66667,5.11111],"texture":"#0"},"south":{"uv":[8,2.66667,9.11111,3.77778],"texture":"#0"},"west":{"uv":[8,5.33333,8.66667,6.44444],"texture":"#0"},"up":{"uv":[9.11111,7.33333,8,6.66667],"texture":"#0"},"down":{"uv":[9.55556,7.55556,8.44444,8.22222],"texture":"#0"}}},{"from":[11.05,1.5,8],"to":[29.05,18.5,8],"rotation":{"angle":0,"axis":"y","origin":[11.05,7.5,7]},"faces":{"north":{"uv":[0,0,8,7.55556],"texture":"#0"},"east":{"uv":[0,0,0,7.55556],"texture":"#0"},"south":{"uv":[8,0,0,7.55556],"texture":"#0"},"west":{"uv":[0,0,0,7.55556],"texture":"#0"},"up":{"uv":[8,0,0,0],"texture":"#0"},"down":{"uv":[8,0,0,0],"texture":"#0"}}},{"from":[14.83198,-6.5,7.08298],"to":[14.83198,10.5,16.08298],"rotation":{"angle":45,"axis":"y","origin":[14.83198,2,11.58298]},"faces":{"north":{"uv":[0,0,0,7.55556],"texture":"#0"},"east":{"uv":[0,7.55556,4,15.11111],"texture":"#0"},"south":{"uv":[0,0,0,7.55556],"texture":"#0"},"west":{"uv":[4,7.55556,0,15.11111],"texture":"#0"},"up":{"uv":[0,4,0,0],"texture":"#0"},"down":{"uv":[0,0,0,4],"texture":"#0"}}},{"from":[3.95,6.5,7.5],"to":[6.95,9.5,8.5],"rotation":{"angle":-45,"axis":"z","origin":[5.45,8,8]},"faces":{"north":{"uv":[8.44444,7.55556,7.11111,8.88889],"texture":"#0"},"east":{"uv":[9.33333,4,8.88889,5.33333],"texture":"#0"},"south":{"uv":[9.33333,0,8,1.33333],"texture":"#0"},"west":{"uv":[8.88889,8.44444,8.44444,9.77778],"texture":"#0"},"up":{"uv":[8.88889,5.77778,10.22222,5.33333],"texture":"#0"},"down":{"uv":[8.88889,5.77778,10.22222,6.22222],"texture":"#0"}}},{"from":[4.25,6.8,7.3],"to":[6.65,9.2,8.7],"rotation":{"angle":-45,"axis":"z","origin":[5.45,8,8]},"faces":{"north":{"uv":[9.11111,1.33333,8,2.44444],"texture":"#0"},"east":{"uv":[8.66667,5.33333,8,6.44444],"texture":"#0"},"south":{"uv":[9.11111,2.66667,8,3.77778],"texture":"#0"},"west":{"uv":[8.66667,4,8,5.11111],"texture":"#0"},"up":{"uv":[8,7.33333,9.11111,6.66667],"texture":"#0"},"down":{"uv":[8.44444,7.55556,9.55556,8.22222],"texture":"#0"}}},{"from":[-13.05,1.5,8],"to":[4.95,18.5,8],"rotation":{"angle":0,"axis":"y","origin":[4.95,7.5,7]},"faces":{"north":{"uv":[8,0,0,7.55556],"texture":"#0"},"east":{"uv":[0,0,0,7.55556],"texture":"#0"},"south":{"uv":[0,0,8,7.55556],"texture":"#0"},"west":{"uv":[0,0,0,7.55556],"texture":"#0"},"up":{"uv":[0,0,8,0],"texture":"#0"},"down":{"uv":[0,0,8,0],"texture":"#0"}}},{"from":[1.16802,-6.5,7.08298],"to":[1.16802,10.5,16.08298],"rotation":{"angle":-45,"axis":"y","origin":[1.16802,2,11.58298]},"faces":{"north":{"uv":[0,0,0,7.55556],"texture":"#0"},"east":{"uv":[0,7.55556,4,15.11111],"texture":"#0"},"south":{"uv":[0,0,0,7.55556],"texture":"#0"},"west":{"uv":[4,7.55556,0,15.11111],"texture":"#0"},"up":{"uv":[0,4,0,0],"texture":"#0"},"down":{"uv":[0,0,0,4],"texture":"#0"}}},{"from":[14.525,5.4,7.7],"to":[18.525,22.4,7.7],"rotation":{"angle":-45,"axis":"z","origin":[16.525,13.9,7.7]},"faces":{"north":{"uv":[3.24444,0,0,11.95556],"texture":"#1"},"east":{"uv":[13.4,3,14.2,3.75556],"texture":"#1"},"south":{"uv":[0,0,3.24444,11.95556],"texture":"#1"},"west":{"uv":[13.4,3,14.2,3.75556],"texture":"#1"},"up":{"uv":[13.4,3,14.2,3.75556],"texture":"#1"},"down":{"uv":[13.4,3,14.2,3.75556],"texture":"#1"}}},{"from":[-2.525,5.4,7.7],"to":[1.475,22.4,7.7],"rotation":{"angle":45,"axis":"z","origin":[-0.525,13.9,7.7]},"faces":{"north":{"uv":[0,0,3.24444,11.95556],"texture":"#1"},"east":{"uv":[13.4,3,14.2,3.75556],"texture":"#1"},"south":{"uv":[3.24444,0,0,11.95556],"texture":"#1"},"west":{"uv":[13.4,3,14.2,3.75556],"texture":"#1"},"up":{"uv":[13.4,3,14.2,3.75556],"texture":"#1"},"down":{"uv":[13.4,3,14.2,3.75556],"texture":"#1"}}}],"gui_light":"front","display":{"thirdperson_righthand":{"rotation":[0,-180,0],"translation":[0,0.25,0],"scale":[0.5,0.5,0.5]},"thirdperson_lefthand":{"rotation":[67.5,0,0],"translation":[-6,-5.25,9],"scale":[1.2,1.2,1.2]},"firstperson_righthand":{"rotation":[0,-180,0],"translation":[0,0.25,0],"scale":[0.5,0.5,0.5]},"firstperson_lefthand":{"scale":[0,0,0]},"ground":{"rotation":[-40,0,0],"translation":[0,0.5,0],"scale":[0.5,0.5,0.5]},"gui":{"rotation":[0,-180,0],"scale":[0.43,0.43,0.43]},"head":{"translation":[0,-48.5,4.25],"scale":[1.63867,1.63867,1.63867]},"fixed":{"translation":[0,2.25,-5.5],"scale":[1.57813,1.57813,1.57813]}}}