{"credit":"Made with Blockbench","texture_size":[64,64],"textures":{"1":"tavern:tavern_furniture/tavern_bench"},"elements":[{"from":[26,0.075,3],"to":[28,8.075,5],"rotation":{"angle":0,"axis":"y","origin":[26,12.075,16]},"faces":{"north":{"uv":[5.5,6.5,6,8.5],"texture":"#1"},"east":{"uv":[6,6.5,6.5,8.5],"texture":"#1"},"south":{"uv":[6.5,6.5,7,8.5],"texture":"#1"},"west":{"uv":[0,7,0.5,9],"texture":"#1"},"up":{"uv":[9.5,8,9,7.5],"texture":"#1"},"down":{"uv":[9.5,8,9,8.5],"texture":"#1"}}},{"from":[-12,0.075,3],"to":[-10,8.075,5],"rotation":{"angle":0,"axis":"y","origin":[-12,12.075,16]},"faces":{"north":{"uv":[0.5,7,1,9],"texture":"#1"},"east":{"uv":[1,7,1.5,9],"texture":"#1"},"south":{"uv":[1.5,7,2,9],"texture":"#1"},"west":{"uv":[2,7,2.5,9],"texture":"#1"},"up":{"uv":[0.75,10,0.25,9.5],"texture":"#1"},"down":{"uv":[1.25,9.5,0.75,10],"texture":"#1"}}},{"from":[-12,0.075,10.5],"to":[-10,8.075,12.5],"rotation":{"angle":0,"axis":"y","origin":[-10,12.075,-0.5]},"faces":{"north":{"uv":[7,6.5,7.5,8.5],"texture":"#1"},"east":{"uv":[7.5,6.5,8,8.5],"texture":"#1"},"south":{"uv":[4.5,7,5,9],"texture":"#1"},"west":{"uv":[5,7,5.5,9],"texture":"#1"},"up":{"uv":[2.25,9.5,2.75,10],"texture":"#1"},"down":{"uv":[2.75,10,3.25,9.5],"texture":"#1"}}},{"from":[7,0.075,10.5],"to":[9,8.075,12.5],"rotation":{"angle":0,"axis":"y","origin":[9,12.075,-0.5]},"faces":{"north":{"uv":[7.5,8.5,8,10.5],"texture":"#1"},"east":{"uv":[8,8.5,8.5,10.5],"texture":"#1"},"south":{"uv":[8.5,6.5,9,8.5],"texture":"#1"},"west":{"uv":[7,8.5,7.5,10.5],"texture":"#1"},"up":{"uv":[4.25,9.5,4.75,10],"texture":"#1"},"down":{"uv":[4.75,10,5.25,9.5],"texture":"#1"}}},{"from":[7,0.075,3],"to":[9,8.075,5],"rotation":{"angle":0,"axis":"y","origin":[7,12.075,16]},"faces":{"north":{"uv":[8,6.5,8.5,8.5],"texture":"#1"},"east":{"uv":[5.5,8.5,6,10.5],"texture":"#1"},"south":{"uv":[6,8.5,6.5,10.5],"texture":"#1"},"west":{"uv":[6.5,8.5,7,10.5],"texture":"#1"},"up":{"uv":[3.75,10,3.25,9.5],"texture":"#1"},"down":{"uv":[4.25,9.5,3.75,10],"texture":"#1"}}},{"from":[7.5,2.325,4.25],"to":[8.5,4.325,11.25],"rotation":{"angle":0,"axis":"y","origin":[7.5,11.325,17.25]},"faces":{"north":{"uv":[9.75,7.5,10,8],"texture":"#1"},"east":{"uv":[1.75,9,3.5,9.5],"texture":"#1"},"south":{"uv":[9.75,8,10,8.5],"texture":"#1"},"west":{"uv":[1.75,9,3.5,9.5],"texture":"#1"},"up":{"uv":[9.5,10.75,9.25,9],"texture":"#1"},"down":{"uv":[0.25,9.5,0,11.25],"texture":"#1"}}},{"from":[-11.5,2.325,4.25],"to":[-10.5,4.325,11.25],"rotation":{"angle":0,"axis":"y","origin":[-11.5,11.325,17.25]},"faces":{"north":{"uv":[9.5,9,9.75,9.5],"texture":"#1"},"east":{"uv":[1.75,9,3.5,9.5],"texture":"#1"},"south":{"uv":[9.5,9.5,9.75,10],"texture":"#1"},"west":{"uv":[1.75,9,3.5,9.5],"texture":"#1"},"up":{"uv":[9,10.75,8.75,9],"texture":"#1"},"down":{"uv":[9.25,9,9,10.75],"texture":"#1"}}},{"from":[26.5,2.325,4.25],"to":[27.5,4.325,11.25],"rotation":{"angle":0,"axis":"y","origin":[26.5,11.325,17.25]},"faces":{"north":{"uv":[9.5,7.5,9.75,8],"texture":"#1"},"east":{"uv":[1.75,9,3.5,9.5],"texture":"#1"},"south":{"uv":[9.5,8,9.75,8.5],"texture":"#1"},"west":{"uv":[1.75,9,3.5,9.5],"texture":"#1"},"up":{"uv":[5.5,10.75,5.25,9],"texture":"#1"},"down":{"uv":[8.75,9,8.5,10.75],"texture":"#1"}}},{"from":[26,0.075,10.5],"to":[28,8.075,12.5],"rotation":{"angle":0,"axis":"y","origin":[28,12.075,-0.5]},"faces":{"north":{"uv":[3.5,7,4,9],"texture":"#1"},"east":{"uv":[4,7,4.5,9],"texture":"#1"},"south":{"uv":[2.5,7,3,9],"texture":"#1"},"west":{"uv":[3,7,3.5,9],"texture":"#1"},"up":{"uv":[1.25,9.5,1.75,10],"texture":"#1"},"down":{"uv":[1.75,10,2.25,9.5],"texture":"#1"}}},{"from":[-13,6.075,2.25],"to":[29,8.1,13.25],"rotation":{"angle":0,"axis":"y","origin":[1.5,12.075,15.25]},"faces":{"north":{"uv":[0,5.5,10.5,6],"texture":"#1"},"east":{"uv":[0,6.5,2.75,7],"texture":"#1"},"south":{"uv":[0,6,10.5,6.5],"texture":"#1"},"west":{"uv":[2.75,6.5,5.5,7],"texture":"#1"},"up":{"uv":[10.5,2.75,0,0],"texture":"#1"},"down":{"uv":[10.5,2.75,0,5.5],"texture":"#1"}}}],"gui_light":"front","display":{"thirdperson_righthand":{"rotation":[0,-1,0],"scale":[0.29,0.29,0.29]},"thirdperson_lefthand":{"rotation":[0,-1,0],"scale":[0.29,0.29,0.29]},"firstperson_righthand":{"translation":[4,1.5,0],"scale":[0.29,0.29,0.29]},"firstperson_lefthand":{"translation":[4,1.5,0],"scale":[0.29,0.29,0.29]},"ground":{"scale":[0.4,0.4,0.4]},"gui":{"rotation":[16.21,45.96,3.36],"translation":[0,0.75,0],"scale":[0.46,0.46,0.46]},"head":{"translation":[0,-27.25,0],"scale":[2,2,2]}}}